id,sensor_id,sample_index,point_index,source_patch_id,source_scan_line,source_detector_column,mapping_input_row,vertex_distance,supporting_rgb_pairs,mapping_error_rgb_px,status
fx10_upper_002099,fx10,2099,105619,1,1790,957,0,2.8080297148547022e-05,3,,exploratory_partial_surface_not_physically_validated
fx10_upper_002295,fx10,2295,18378,1,1818,918,1,4.139428728623044e-05,3,,exploratory_partial_surface_not_physically_validated
fx10_upper_001792,fx10,1792,105867,1,1776,911,2,9.831731826184793e-05,3,,exploratory_partial_surface_not_physically_validated
fx10_upper_002190,fx10,2190,106665,1,1797,907,3,0.00010116483788202278,3,,exploratory_partial_surface_not_physically_validated
fx10_upper_002282,fx10,2282,114356,1,1807,952,4,0.00010572518962376181,3,,exploratory_partial_surface_not_physically_validated
fx10_upper_001237,fx10,1237,73069,2,1685,894,5,0.00010660111762262894,3,,exploratory_partial_surface_not_physically_validated
fx10_upper_001204,fx10,1204,73009,2,1681,914,6,0.00010900640603264962,3,,exploratory_partial_surface_not_physically_validated
fx10_upper_000667,fx10,667,72326,2,1649,904,7,0.00011487841094414119,3,,exploratory_partial_surface_not_physically_validated
fx10_upper_001178,fx10,1178,72965,2,1679,908,8,0.00011913264238566559,3,,exploratory_partial_surface_not_physically_validated
fx10_upper_001189,fx10,1189,72990,2,1680,908,9,0.00012221998496237467,3,,exploratory_partial_surface_not_physically_validated
fx10_upper_002173,fx10,2173,114020,1,1795,953,10,0.000128118009396297,3,,exploratory_partial_surface_not_physically_validated
fx10_upper_002175,fx10,2175,106631,1,1796,907,11,0.00013014487653240106,3,,exploratory_partial_surface_not_physically_validated
fx10_upper_001647,fx10,1647,97529,1,1769,923,12,0.00014264279598439418,3,,exploratory_partial_surface_not_physically_validated
fx10_upper_001416,fx10,1416,97283,1,1758,920,13,0.00014279182058400013,3,,exploratory_partial_surface_not_physically_validated
fx10_upper_001864,fx10,1864,105931,1,1779,914,14,0.0001443468638224606,3,,exploratory_partial_surface_not_physically_validated
fx10_upper_000991,fx10,991,33969,2,1665,935,15,0.00014791985979595355,3,,exploratory_partial_surface_not_physically_validated
fx10_upper_000501,fx10,501,72165,2,1643,926,16,0.00015022920318837833,3,,exploratory_partial_surface_not_physically_validated
fx10_upper_001314,fx10,1314,386,1,1752,938,17,0.00015395529570471223,3,,exploratory_partial_surface_not_physically_validated
fx10_upper_001562,fx10,1562,558,1,1765,952,18,0.0001550793746852849,3,,exploratory_partial_surface_not_physically_validated
fx10_upper_000613,fx10,613,72255,2,1647,901,19,0.00015614792885941328,3,,exploratory_partial_surface_not_physically_validated
fx10_upper_000789,fx10,789,72460,2,1655,891,20,0.00015813773474284028,3,,exploratory_partial_surface_not_physically_validated
fx10_upper_002302,fx10,2302,18413,1,1819,921,21,0.00015924985884466214,3,,exploratory_partial_surface_not_physically_validated
fx10_upper_002306,fx10,2306,18416,1,1820,916,22,0.0001599999928796947,3,,exploratory_partial_surface_not_physically_validated
fx10_upper_001793,fx10,1793,105865,1,1776,914,23,0.0001626756484440014,3,,exploratory_partial_surface_not_physically_validated
fx10_upper_000334,fx10,334,56697,2,1636,951,24,0.00016348941253425419,3,,exploratory_partial_surface_not_physically_validated
fx10_upper_001725,fx10,1725,105780,1,1773,914,25,0.00016759134854675697,3,,exploratory_partial_surface_not_physically_validated
fx10_upper_000476,fx10,476,27375,2,1642,901,26,0.0001729149542484389,3,,exploratory_partial_surface_not_physically_validated
fx10_upper_000498,fx10,498,27416,2,1643,892,27,0.0001737743369524035,3,,exploratory_partial_surface_not_physically_validated
fx10_upper_000477,fx10,477,27408,2,1642,903,28,0.00017427113167798577,3,,exploratory_partial_surface_not_physically_validated
fx10_upper_000668,fx10,668,72307,2,1649,923,29,0.00017575945968506407,3,,exploratory_partial_surface_not_physically_validated
fx10_upper_000614,fx10,614,72254,2,1647,902,30,0.0001782679960543312,3,,exploratory_partial_surface_not_physically_validated
fx10_upper_000763,fx10,763,15909,2,1653,944,31,0.00017903346139865045,3,,exploratory_partial_surface_not_physically_validated
fx10_upper_000762,fx10,762,71931,2,1653,940,32,0.0001792746490652508,3,,exploratory_partial_surface_not_physically_validated
fx10_upper_000361,fx10,361,56730,2,1637,948,33,0.00017946254209313364,3,,exploratory_partial_surface_not_physically_validated
fx10_upper_002224,fx10,2224,106690,1,1799,916,34,0.000181526633318664,3,,exploratory_partial_surface_not_physically_validated
fx10_upper_000808,fx10,808,72457,2,1656,895,35,0.0001817761241453047,3,,exploratory_partial_surface_not_physically_validated
fx10_upper_000917,fx10,917,73310,2,1662,863,36,0.000183179264453113,3,,exploratory_partial_surface_not_physically_validated
fx10_upper_000612,fx10,612,72256,2,1647,898,37,0.000183923078673079,3,,exploratory_partial_surface_not_physically_validated
fx10_upper_000587,fx10,587,71885,2,1646,931,38,0.00018431057914616004,3,,exploratory_partial_surface_not_physically_validated
fx10_upper_000570,fx10,570,15698,2,1645,973,39,0.00018728363613432645,3,,exploratory_partial_surface_not_physically_validated
fx10_upper_001084,fx10,1084,72803,2,1671,909,40,0.00018824245383697124,3,,exploratory_partial_surface_not_physically_validated
fx10_upper_002225,fx10,2225,106653,1,1799,918,41,0.00018882707344987316,3,,exploratory_partial_surface_not_physically_validated
fx10_upper_001393,fx10,1393,97258,1,1757,903,42,0.00018942089391111262,3,,exploratory_partial_surface_not_physically_validated
fx10_upper_001493,fx10,1493,97387,1,1762,913,43,0.0001916131165001704,3,,exploratory_partial_surface_not_physically_validated
fx10_upper_000031,fx10,31,37047,2,1613,922,44,0.00019170846133273803,3,,exploratory_partial_surface_not_physically_validated
fx10_upper_000000,fx10,0,61388,2,1600,923,45,0.00019692189469199073,3,,exploratory_partial_surface_not_physically_validated
fx10_upper_002301,fx10,2301,18415,1,1819,919,46,0.0001995526293811813,3,,exploratory_partial_surface_not_physically_validated
fx10_upper_001071,fx10,1071,72777,2,1670,904,47,0.00020076114556887663,3,,exploratory_partial_surface_not_physically_validated
fx10_upper_002191,fx10,2191,106627,1,1797,911,48,0.00020278866382808676,3,,exploratory_partial_surface_not_physically_validated
fx10_upper_001396,fx10,1396,97288,1,1757,916,49,0.00020296200075238792,3,,exploratory_partial_surface_not_physically_validated
fx10_upper_001087,fx10,1087,72817,2,1672,882,50,0.00020388844870427797,3,,exploratory_partial_surface_not_physically_validated
fx10_upper_002210,fx10,2210,106655,1,1798,916,51,0.00020769147945740347,3,,exploratory_partial_surface_not_physically_validated
fx10_upper_001174,fx10,1174,72954,2,1679,881,52,0.00020889669584265452,3,,exploratory_partial_surface_not_physically_validated
fx10_upper_000846,fx10,846,73256,2,1658,876,53,0.00020939186648028692,3,,exploratory_partial_surface_not_physically_validated
fx10_upper_001894,fx10,1894,105453,1,1780,949,54,0.00021041176362339884,3,,exploratory_partial_surface_not_physically_validated
fx10_upper_000126,fx10,126,56292,2,1625,953,55,0.0002111277515151787,3,,exploratory_partial_surface_not_physically_validated
fx10_upper_002270,fx10,2270,114221,1,1804,950,56,0.0002151998787633184,3,,exploratory_partial_surface_not_physically_validated
fx10_upper_001229,fx10,1229,73043,2,1684,894,57,0.00021757939420876844,3,,exploratory_partial_surface_not_physically_validated
fx10_upper_001977,fx10,1977,7935,1,1785,872,58,0.00021882725123985276,3,,exploratory_partial_surface_not_physically_validated
fx10_upper_000882,fx10,882,73269,2,1660,878,59,0.00021936679836928886,3,,exploratory_partial_surface_not_physically_validated
fx10_upper_001922,fx10,1922,106036,1,1782,893,60,0.00022040420315079087,3,,exploratory_partial_surface_not_physically_validated
fx10_upper_001921,fx10,1921,106010,1,1782,891,61,0.0002246695116187949,3,,exploratory_partial_surface_not_physically_validated
fx10_upper_001056,fx10,1056,72757,2,1669,889,62,0.0002274874196143757,3,,exploratory_partial_surface_not_physically_validated
fx10_upper_001088,fx10,1088,72815,2,1672,887,63,0.00023014130893611736,3,,exploratory_partial_surface_not_physically_validated
fx10_upper_001553,fx10,1553,97472,1,1765,918,64,0.00023016049198068574,3,,exploratory_partial_surface_not_physically_validated
fx10_upper_001182,fx10,1182,73951,2,1680,871,65,0.00023061311750190858,3,,exploratory_partial_surface_not_physically_validated
fx10_upper_000330,fx10,330,65730,2,1636,939,66,0.0002310624653595408,3,,exploratory_partial_surface_not_physically_validated
fx10_upper_002290,fx10,2290,18341,1,1817,921,67,0.00023202571027825406,3,,exploratory_partial_surface_not_physically_validated
fx10_upper_001512,fx10,1512,97417,1,1763,911,68,0.0002349397050234755,3,,exploratory_partial_surface_not_physically_validated
fx10_upper_001099,fx10,1099,72843,2,1673,885,69,0.00023569287500793952,3,,exploratory_partial_surface_not_physically_validated
fx10_upper_001820,fx10,1820,105897,1,1777,911,70,0.00023593199960010783,3,,exploratory_partial_surface_not_physically_validated
fx10_upper_001357,fx10,1357,97176,1,1755,913,71,0.00023661064965907957,3,,exploratory_partial_surface_not_physically_validated
fx10_upper_001960,fx10,1960,7917,1,1784,879,72,0.0002406973899253558,3,,exploratory_partial_surface_not_physically_validated
fx10_upper_000919,fx10,919,73303,2,1662,873,73,0.00024089269655054926,3,,exploratory_partial_surface_not_physically_validated
fx10_upper_001996,fx10,1996,106071,1,1785,931,74,0.00024153767974410776,3,,exploratory_partial_surface_not_physically_validated
fx10_upper_002297,fx10,2297,18421,1,1819,910,75,0.0002420154969796403,3,,exploratory_partial_surface_not_physically_validated
fx10_upper_001734,fx10,1734,105686,1,1773,945,76,0.00024385790822500057,3,,exploratory_partial_surface_not_physically_validated
fx10_upper_001285,fx10,1285,85886,2,1709,997,77,0.0002445775625654411,3,,exploratory_partial_surface_not_physically_validated
fx10_upper_001119,fx10,1119,73908,2,1675,863,78,0.0002448572244093888,3,,exploratory_partial_surface_not_physically_validated
fx10_upper_000874,fx10,874,71995,2,1659,947,79,0.00024636932853562327,3,,exploratory_partial_surface_not_physically_validated
fx10_upper_001539,fx10,1539,97438,1,1764,926,80,0.00024653590857364865,3,,exploratory_partial_surface_not_physically_validated
fx10_upper_001903,fx10,1903,105979,1,1781,890,81,0.000247317511019996,3,,exploratory_partial_surface_not_physically_validated
fx10_upper_002229,fx10,2229,114125,1,1799,950,82,0.0002476816202784154,3,,exploratory_partial_surface_not_physically_validated
fx10_upper_001203,fx10,1203,73011,2,1681,913,83,0.00024856793876349277,3,,exploratory_partial_surface_not_physically_validated
fx10_upper_000380,fx10,380,56772,2,1638,944,84,0.0002511606727516139,3,,exploratory_partial_surface_not_physically_validated
fx10_upper_001809,fx10,1809,7834,1,1777,881,85,0.00025160082093954566,3,,exploratory_partial_surface_not_physically_validated
fx10_upper_000290,fx10,290,65723,2,1634,935,86,0.0002530819029430208,3,,exploratory_partial_surface_not_physically_validated
fx10_upper_000745,fx10,745,73198,2,1653,878,87,0.0002563041512005397,3,,exploratory_partial_surface_not_physically_validated
fx10_upper_000751,fx10,751,72419,2,1653,895,88,0.0002568039163170941,3,,exploratory_partial_surface_not_physically_validated
fx10_upper_000873,fx10,873,71998,2,1659,944,89,0.0002568966875142047,3,,exploratory_partial_surface_not_physically_validated
fx10_upper_000608,fx10,608,72261,2,1647,890,90,0.0002570689663242639,3,,exploratory_partial_surface_not_physically_validated
fx10_upper_001442,fx10,1442,513,1,1759,935,91,0.00025718131520985566,3,,exploratory_partial_surface_not_physically_validated
fx10_upper_000434,fx10,434,56797,2,1640,955,92,0.0002588070119238088,3,,exploratory_partial_surface_not_physically_validated
fx10_upper_000280,fx10,280,27215,2,1634,891,93,0.0002602471475011266,3,,exploratory_partial_surface_not_physically_validated
fx10_upper_001095,fx10,1095,72829,2,1672,909,94,0.00026165562454208836,3,,exploratory_partial_surface_not_physically_validated
fx10_upper_001571,fx10,1571,97474,1,1766,913,95,0.00026256604912413927,3,,exploratory_partial_surface_not_physically_validated
fx10_upper_000714,fx10,714,72306,2,1651,922,96,0.00026260731849699233,3,,exploratory_partial_surface_not_physically_validated
fx10_upper_001212,fx10,1212,73015,2,1682,905,97,0.00026367898209934867,3,,exploratory_partial_surface_not_physically_validated
fx10_upper_000321,fx10,321,27282,2,1636,900,98,0.0002650682720314127,3,,exploratory_partial_surface_not_physically_validated
fx10_upper_000376,fx10,376,27299,2,1638,919,99,0.00026539219727671675,3,,exploratory_partial_surface_not_physically_validated
fx10_upper_002065,fx10,2065,7996,1,1789,874,100,0.0002664038002808106,3,,exploratory_partial_surface_not_physically_validated
fx10_upper_000479,fx10,479,27395,2,1642,914,101,0.00026676216810391504,3,,exploratory_partial_surface_not_physically_validated
fx10_upper_001111,fx10,1111,72869,2,1674,885,102,0.00026768049226908965,3,,exploratory_partial_surface_not_physically_validated
fx10_upper_000161,fx10,161,56317,2,1627,957,103,0.00026815158224810086,3,,exploratory_partial_surface_not_physically_validated
fx10_upper_001584,fx10,1584,107012,1,1767,880,104,0.000268431049049666,2,,exploratory_partial_surface_not_physically_validated
fx10_upper_000651,fx10,651,15767,2,1648,971,105,0.00027044094386967143,3,,exploratory_partial_surface_not_physically_validated
fx10_upper_001575,fx10,1575,97464,1,1766,930,106,0.0002719651420826047,3,,exploratory_partial_surface_not_physically_validated
fx10_upper_001844,fx10,1844,105926,1,1778,920,107,0.0002724624673676474,3,,exploratory_partial_surface_not_physically_validated
fx10_upper_001775,fx10,1775,105827,1,1775,932,108,0.00027247492024683314,3,,exploratory_partial_surface_not_physically_validated
fx10_upper_000230,fx10,230,56460,2,1631,954,109,0.000272784548322453,3,,exploratory_partial_surface_not_physically_validated
fx10_upper_002243,fx10,2243,114157,1,1800,950,110,0.00027361496322335664,3,,exploratory_partial_surface_not_physically_validated
fx10_upper_000638,fx10,638,72293,2,1648,898,111,0.0002751437018613788,3,,exploratory_partial_surface_not_physically_validated
fx10_upper_000750,fx10,750,72420,2,1653,894,112,0.000275677367412485,3,,exploratory_partial_surface_not_physically_validated
fx10_upper_001210,fx10,1210,73018,2,1682,901,113,0.0002777486123575548,3,,exploratory_partial_surface_not_physically_validated
fx10_upper_000897,fx10,897,73287,2,1661,873,114,0.00027792752180321367,3,,exploratory_partial_surface_not_physically_validated
fx10_upper_000158,fx10,158,56325,2,1627,943,115,0.00027876355342348587,3,,exploratory_partial_surface_not_physically_validated
fx10_upper_001581,fx10,1581,569,1,1766,950,116,0.0002793729924994114,3,,exploratory_partial_surface_not_physically_validated
fx10_upper_002194,fx10,2194,106619,1,1797,919,117,0.00028017863190952125,3,,exploratory_partial_surface_not_physically_validated
fx10_upper_000091,fx10,91,65464,2,1622,934,118,0.00028064161776905844,3,,exploratory_partial_surface_not_physically_validated
fx10_upper_001799,fx10,1799,105857,1,1776,928,119,0.0002807357316640748,3,,exploratory_partial_surface_not_physically_validated
fx10_upper_000362,fx10,362,56696,2,1637,951,120,0.00028097939624769676,3,,exploratory_partial_surface_not_physically_validated
fx10_upper_000327,fx10,327,27262,2,1636,926,121,0.0002817911891201461,3,,exploratory_partial_surface_not_physically_validated
fx10_upper_000847,fx10,847,73255,2,1658,877,122,0.0002818128469072884,3,,exploratory_partial_surface_not_physically_validated
fx10_upper_001344,fx10,1344,97169,1,1754,926,123,0.0002841919959898524,3,,exploratory_partial_surface_not_physically_validated
fx10_upper_001507,fx10,1507,97425,1,1763,897,124,0.0002857165052882678,3,,exploratory_partial_surface_not_physically_validated
fx10_upper_001601,fx10,1601,97495,1,1767,929,125,0.0002869680665435458,3,,exploratory_partial_surface_not_physically_validated
fx10_upper_000344,fx10,344,27287,2,1637,893,126,0.0002889683330032708,3,,exploratory_partial_surface_not_physically_validated
fx10_upper_002166,fx10,2166,106517,1,1795,928,127,0.00028966826508243634,3,,exploratory_partial_surface_not_physically_validated
fx10_upper_000035,fx10,35,37062,2,1614,922,128,0.00029404216797689525,3,,exploratory_partial_surface_not_physically_validated
fx10_upper_000633,fx10,633,73161,2,1648,877,129,0.0002947386931749834,3,,exploratory_partial_surface_not_physically_validated
fx10_upper_001213,fx10,1213,73013,2,1682,910,130,0.0002951363294462063,3,,exploratory_partial_surface_not_physically_validated
fx10_upper_001263,fx10,1263,79997,2,1688,909,131,0.00029552673518638,3,,exploratory_partial_surface_not_physically_validated
fx10_upper_001134,fx10,1134,72897,2,1676,884,132,0.00029705570292137975,3,,exploratory_partial_surface_not_physically_validated
fx10_upper_001391,fx10,1391,97262,1,1757,897,133,0.00029721714975456764,3,,exploratory_partial_surface_not_physically_validated
fx10_upper_000722,fx10,722,15882,2,1651,951,134,0.0002980816823452142,3,,exploratory_partial_surface_not_physically_validated
fx10_upper_000435,fx10,435,56795,2,1640,957,135,0.0002982784748817396,3,,exploratory_partial_surface_not_physically_validated
fx10_upper_001021,fx10,1021,72726,2,1667,886,136,0.00029862333485859596,3,,exploratory_partial_surface_not_physically_validated
fx10_upper_001704,fx10,1704,105744,1,1772,923,137,0.000299284961808496,3,,exploratory_partial_surface_not_physically_validated
fx10_upper_000868,fx10,868,72545,2,1659,897,138,0.0002997936273359943,3,,exploratory_partial_surface_not_physically_validated
fx10_upper_001168,fx10,1168,72940,2,1678,908,139,0.0002999378421799884,3,,exploratory_partial_surface_not_physically_validated
fx10_upper_000962,fx10,962,72668,2,1664,887,140,0.00030128482019620465,3,,exploratory_partial_surface_not_physically_validated
fx10_upper_000725,fx10,725,71434,2,1651,993,141,0.0003042475481554849,3,,exploratory_partial_surface_not_physically_validated
fx10_upper_001251,fx10,1251,73107,2,1687,899,142,0.0003048820670412583,3,,exploratory_partial_surface_not_physically_validated
fx10_upper_000197,fx10,197,56400,2,1629,956,143,0.00030509507440928154,3,,exploratory_partial_surface_not_physically_validated
fx10_upper_002157,fx10,2157,113986,1,1794,954,144,0.00030518297862709026,3,,exploratory_partial_surface_not_physically_validated
fx10_upper_001102,fx10,1102,72837,2,1673,893,145,0.00030551291516130776,3,,exploratory_partial_surface_not_physically_validated
fx10_upper_001222,fx10,1222,73037,2,1683,908,146,0.00030640131803370195,3,,exploratory_partial_surface_not_physically_validated
fx10_upper_000542,fx10,542,56850,2,1644,976,147,0.0003074184586810146,3,,exploratory_partial_surface_not_physically_validated
fx10_upper_000884,fx10,884,72586,2,1660,889,148,0.00030855540382268543,3,,exploratory_partial_surface_not_physically_validated
fx10_upper_001092,fx10,1092,72832,2,1672,903,149,0.00030914205363623823,3,,exploratory_partial_surface_not_physically_validated
fx10_upper_000503,fx10,503,71862,2,1643,929,150,0.0003092985298608825,3,,exploratory_partial_surface_not_physically_validated
fx10_upper_001542,fx10,1542,557,1,1764,933,151,0.00030953178896875615,3,,exploratory_partial_surface_not_physically_validated
fx10_upper_000833,fx10,833,72522,2,1657,891,152,0.00030984120137013334,3,,exploratory_partial_surface_not_physically_validated
fx10_upper_000469,fx10,469,39940,2,1641,980,153,0.0003107902757091854,3,,exploratory_partial_surface_not_physically_validated
fx10_upper_000660,fx10,660,73158,2,1649,880,154,0.00031106912653528434,3,,exploratory_partial_surface_not_physically_validated
fx10_upper_001904,fx10,1904,106008,1,1781,893,155,0.0003110781803586106,3,,exploratory_partial_surface_not_physically_validated
fx10_upper_000809,fx10,809,72486,2,1656,896,156,0.0003124613379269125,3,,exploratory_partial_surface_not_physically_validated
fx10_upper_000881,fx10,881,73270,2,1660,875,157,0.0003125254451766305,3,,exploratory_partial_surface_not_physically_validated
fx10_upper_000972,fx10,972,33967,2,1664,939,158,0.00031314211074400737,3,,exploratory_partial_surface_not_physically_validated
fx10_upper_002127,fx10,2127,105651,1,1792,956,159,0.0003132645477681212,3,,exploratory_partial_surface_not_physically_validated
fx10_upper_001202,fx10,1202,73012,2,1681,910,160,0.0003158034475420399,3,,exploratory_partial_surface_not_physically_validated
fx10_upper_001943,fx10,1943,106065,1,1783,896,161,0.00031618589497230934,3,,exploratory_partial_surface_not_physically_validated
fx10_upper_001652,fx10,1652,43613,1,1770,876,162,0.00031703939506206355,3,,exploratory_partial_surface_not_physically_validated
fx10_upper_001458,fx10,1458,97354,1,1760,923,163,0.0003174907540948305,3,,exploratory_partial_surface_not_physically_validated
fx10_upper_000773,fx10,773,72456,2,1654,898,164,0.00031916773074813976,3,,exploratory_partial_surface_not_physically_validated
fx10_upper_001938,fx10,1938,7903,1,1783,879,165,0.00031939691819008934,3,,exploratory_partial_surface_not_physically_validated
fx10_upper_001554,fx10,1554,97468,1,1765,926,166,0.0003195443205243103,3,,exploratory_partial_surface_not_physically_validated
fx10_upper_000022,fx10,22,36996,2,1609,924,167,0.0003197146464955485,3,,exploratory_partial_surface_not_physically_validated
fx10_upper_001731,fx10,1731,105692,1,1773,935,168,0.0003197464672127436,3,,exploratory_partial_surface_not_physically_validated
fx10_upper_002033,fx10,2033,106153,1,1787,914,169,0.0003206960740886459,3,,exploratory_partial_surface_not_physically_validated
fx10_upper_001466,fx10,1466,519,1,1760,945,170,0.0003220900220876218,3,,exploratory_partial_surface_not_physically_validated
fx10_upper_000184,fx10,184,56349,2,1628,957,171,0.0003230362151701315,3,,exploratory_partial_surface_not_physically_validated
fx10_upper_000607,fx10,607,72262,2,1647,887,172,0.00032326732923312294,3,,exploratory_partial_surface_not_physically_validated
fx10_upper_001540,fx10,1540,97437,1,1764,928,173,0.00032478196852989876,3,,exploratory_partial_surface_not_physically_validated
fx10_upper_001821,fx10,1821,105891,1,1777,920,174,0.00032515415545469325,3,,exploratory_partial_surface_not_physically_validated
fx10_upper_001787,fx10,1787,105877,1,1776,894,175,0.0003257105022816414,3,,exploratory_partial_surface_not_physically_validated
fx10_upper_000639,fx10,639,72292,2,1648,901,176,0.00032586019674257175,3,,exploratory_partial_surface_not_physically_validated
fx10_upper_001083,fx10,1083,72804,2,1671,906,177,0.0003259795756570401,3,,exploratory_partial_surface_not_physically_validated
fx10_upper_000682,fx10,682,73172,2,1650,879,178,0.00032701766127991616,3,,exploratory_partial_surface_not_physically_validated
fx10_upper_000672,fx10,672,71903,2,1649,934,179,0.00032785468057631696,3,,exploratory_partial_surface_not_physically_validated
fx10_upper_000251,fx10,251,56527,2,1632,951,180,0.0003291090611426719,3,,exploratory_partial_surface_not_physically_validated
fx10_upper_001729,fx10,1729,105798,1,1773,928,181,0.0003291916948118904,3,,exploratory_partial_surface_not_physically_validated
fx10_upper_000625,fx10,625,15734,2,1647,972,182,0.00032925790332648936,3,,exploratory_partial_surface_not_physically_validated
fx10_upper_000674,fx10,674,15837,2,1649,942,183,0.0003299483725408945,3,,exploratory_partial_surface_not_physically_validated
fx10_upper_001945,fx10,1945,106061,1,1783,903,184,0.0003305843831838763,3,,exploratory_partial_surface_not_physically_validated
fx10_upper_001757,fx10,1757,105694,1,1774,945,185,0.0003309911301443395,3,,exploratory_partial_surface_not_physically_validated
fx10_upper_000577,fx10,577,73134,2,1646,879,186,0.0003321734726215043,3,,exploratory_partial_surface_not_physically_validated
fx10_upper_000602,fx10,602,73149,2,1647,876,187,0.0003340983996264177,3,,exploratory_partial_surface_not_physically_validated
fx10_upper_000537,fx10,537,15751,2,1644,957,188,0.000334451140734351,3,,exploratory_partial_surface_not_physically_validated
fx10_upper_002068,fx10,2068,7977,1,1789,880,189,0.0003353437407005917,3,,exploratory_partial_surface_not_physically_validated
fx10_upper_001552,fx10,1552,97473,1,1765,917,190,0.00033537127355620324,3,,exploratory_partial_surface_not_physically_validated
fx10_upper_001810,fx10,1810,7833,1,1777,884,191,0.00033566213466454956,3,,exploratory_partial_surface_not_physically_validated
fx10_upper_001004,fx10,1004,73338,2,1666,874,192,0.00033679107052411126,3,,exploratory_partial_surface_not_physically_validated
fx10_upper_001966,fx10,1966,106055,1,1784,911,193,0.00033783226551027564,3,,exploratory_partial_surface_not_physically_validated
fx10_upper_001100,fx10,1100,72814,2,1673,887,194,0.0003384001730959908,3,,exploratory_partial_surface_not_physically_validated
fx10_upper_001773,fx10,1773,105832,1,1775,923,195,0.00033985171664915984,3,,exploratory_partial_surface_not_physically_validated
fx10_upper_002146,fx10,2146,106492,1,1794,914,196,0.00033986620925775606,3,,exploratory_partial_surface_not_physically_validated
fx10_upper_001294,fx10,1294,97114,1,1750,915,197,0.0003407892184152189,3,,exploratory_partial_surface_not_physically_validated
fx10_upper_000737,fx10,737,71924,2,1652,933,198,0.00034135005897734555,3,,exploratory_partial_surface_not_physically_validated
fx10_upper_001797,fx10,1797,105859,1,1776,924,199,0.0003416397147030704,3,,exploratory_partial_surface_not_physically_validated
fx10_upper_001535,fx10,1535,97446,1,1764,911,200,0.0003423435134000668,3,,exploratory_partial_surface_not_physically_validated
fx10_upper_000100,fx10,100,65492,2,1623,935,201,0.0003428130166014244,3,,exploratory_partial_surface_not_physically_validated
fx10_upper_000455,fx10,455,65785,2,1641,931,202,0.00034380202301370524,3,,exploratory_partial_surface_not_physically_validated
fx10_upper_001749,fx10,1749,105807,1,1774,914,203,0.0003442641938313679,3,,exploratory_partial_surface_not_physically_validated
fx10_upper_000125,fx10,125,56293,2,1625,949,204,0.0003462716079387125,3,,exploratory_partial_surface_not_physically_validated
fx10_upper_000220,fx10,220,27120,2,1631,894,205,0.00034634421079514523,3,,exploratory_partial_surface_not_physically_validated
fx10_upper_000369,fx10,369,27315,2,1638,896,206,0.0003467467893774625,3,,exploratory_partial_surface_not_physically_validated
fx10_upper_001354,fx10,1354,97222,1,1755,903,207,0.0003480124627257387,3,,exploratory_partial_surface_not_physically_validated
fx10_upper_001949,fx10,1949,106053,1,1783,915,208,0.0003488805127285848,3,,exploratory_partial_surface_not_physically_validated
fx10_upper_000982,fx10,982,73336,2,1665,877,209,0.0003502254288630716,3,,exploratory_partial_surface_not_physically_validated
fx10_upper_000717,fx10,717,71923,2,1651,936,210,0.00035035663329400417,3,,exploratory_partial_surface_not_physically_validated
fx10_upper_002230,fx10,2230,114124,1,1799,953,211,0.0003504696925189631,3,,exploratory_partial_surface_not_physically_validated
fx10_upper_000080,fx10,80,37139,2,1621,932,212,0.00035070504283442474,3,,exploratory_partial_surface_not_physically_validated
fx10_upper_000360,fx10,360,56732,2,1637,946,213,0.0003512119424531899,3,,exploratory_partial_surface_not_physically_validated
fx10_upper_000164,fx10,164,56346,2,1627,963,214,0.00035195672058559765,3,,exploratory_partial_surface_not_physically_validated
fx10_upper_000454,fx10,454,65787,2,1641,928,215,0.0003526177567504615,3,,exploratory_partial_surface_not_physically_validated
fx10_upper_000217,fx10,217,56452,2,1630,969,216,0.0003534231484576582,3,,exploratory_partial_surface_not_physically_validated
fx10_upper_000894,fx10,894,73294,2,1661,864,217,0.0003541175247432754,3,,exploratory_partial_surface_not_physically_validated
fx10_upper_001412,fx10,1412,97292,1,1758,911,218,0.00035472258087971154,3,,exploratory_partial_surface_not_physically_validated
fx10_upper_002038,fx10,2038,106107,1,1787,929,219,0.0003559553203572091,3,,exploratory_partial_surface_not_physically_validated
fx10_upper_000143,fx10,143,56321,2,1626,953,220,0.0003563968330143551,3,,exploratory_partial_surface_not_physically_validated
fx10_upper_000241,fx10,241,27161,2,1632,904,221,0.0003568172964880851,3,,exploratory_partial_surface_not_physically_validated
fx10_upper_000603,fx10,603,73147,2,1647,879,222,0.00035798606733926006,3,,exploratory_partial_surface_not_physically_validated
fx10_upper_001051,fx10,1051,73818,2,1669,879,223,0.00035832354802237495,3,,exploratory_partial_surface_not_physically_validated
fx10_upper_000060,fx10,60,65417,2,1619,934,224,0.0003586204826814119,3,,exploratory_partial_surface_not_physically_validated
fx10_upper_000604,fx10,604,73146,2,1647,881,225,0.0003586702589219373,3,,exploratory_partial_surface_not_physically_validated
fx10_upper_002069,fx10,2069,7974,1,1789,883,226,0.0003589825891042287,3,,exploratory_partial_surface_not_physically_validated
fx10_upper_001927,fx10,1927,106029,1,1782,906,227,0.00035923068132275075,3,,exploratory_partial_surface_not_physically_validated
fx10_upper_002226,fx10,2226,106651,1,1799,921,228,0.00035927637115876454,3,,exploratory_partial_surface_not_physically_validated
fx10_upper_001319,fx10,1319,97186,1,1753,898,229,0.0003593124204707423,3,,exploratory_partial_surface_not_physically_validated
fx10_upper_001724,fx10,1724,105810,1,1773,911,230,0.00035935399119671116,3,,exploratory_partial_surface_not_physically_validated
fx10_upper_000920,fx10,920,73302,2,1662,875,231,0.0003598019769212471,3,,exploratory_partial_surface_not_physically_validated
fx10_upper_001258,fx10,1258,80005,2,1688,900,232,0.0003600236562654663,3,,exploratory_partial_surface_not_physically_validated
fx10_upper_000374,fx10,374,27302,2,1638,915,233,0.000360258921652419,3,,exploratory_partial_surface_not_physically_validated
fx10_upper_000407,fx10,407,56759,2,1639,955,234,0.0003607350181147992,3,,exploratory_partial_surface_not_physically_validated
fx10_upper_001313,fx10,1313,360,1,1752,935,235,0.0003611264695213604,3,,exploratory_partial_surface_not_physically_validated
fx10_upper_000708,fx10,708,73184,2,1651,881,236,0.00036170755517235287,3,,exploratory_partial_surface_not_physically_validated
fx10_upper_000806,fx10,806,72490,2,1656,891,237,0.00036347752094407544,3,,exploratory_partial_surface_not_physically_validated
fx10_upper_002311,fx10,2311,18451,1,1821,914,238,0.00036362840406364345,3,,exploratory_partial_surface_not_physically_validated
fx10_upper_000948,fx10,948,72153,2,1663,941,239,0.0003641062678505495,3,,exploratory_partial_surface_not_physically_validated
fx10_upper_001211,fx10,1211,73016,2,1682,903,240,0.000364171980000271,3,,exploratory_partial_surface_not_physically_validated
fx10_upper_001139,fx10,1139,72885,2,1676,900,241,0.00036475342229395577,3,,exploratory_partial_surface_not_physically_validated
fx10_upper_001564,fx10,1564,106986,1,1766,880,242,0.00036790924104620863,2,,exploratory_partial_surface_not_physically_validated
fx10_upper_001851,fx10,1851,105403,1,1778,943,243,0.0003682825330344352,3,,exploratory_partial_surface_not_physically_validated
fx10_upper_001385,fx10,1385,484,1,1756,939,244,0.00036906892050136676,3,,exploratory_partial_surface_not_physically_validated
fx10_upper_000371,fx10,371,27311,2,1638,901,245,0.00036919609218404926,3,,exploratory_partial_surface_not_physically_validated
fx10_upper_001295,fx10,1295,97158,1,1751,899,246,0.0003692539113467573,3,,exploratory_partial_surface_not_physically_validated
fx10_upper_001011,fx10,1011,73380,2,1667,856,247,0.0003693254297515186,3,,exploratory_partial_surface_not_physically_validated
fx10_upper_001161,fx10,1161,72931,2,1678,882,248,0.0003695540735035312,3,,exploratory_partial_surface_not_physically_validated
fx10_upper_002128,fx10,2128,105649,1,1792,957,249,0.0003703587485819982,3,,exploratory_partial_surface_not_physically_validated
fx10_upper_002177,fx10,2177,106586,1,1796,914,250,0.0003711011365650686,3,,exploratory_partial_surface_not_physically_validated
fx10_upper_001149,fx10,1149,72927,2,1677,885,251,0.0003723309184633775,3,,exploratory_partial_surface_not_physically_validated
fx10_upper_000791,fx10,791,72485,2,1655,898,252,0.00037313601627991653,3,,exploratory_partial_surface_not_physically_validated
fx10_upper_000805,fx10,805,72491,2,1656,889,253,0.0003732131499480369,3,,exploratory_partial_surface_not_physically_validated
fx10_upper_001800,fx10,1800,105855,1,1776,932,254,0.00037387667941536575,3,,exploratory_partial_surface_not_physically_validated
fx10_upper_000186,fx10,186,27072,2,1629,899,255,0.0003741361583840094,3,,exploratory_partial_surface_not_physically_validated
fx10_upper_000159,fx10,159,56323,2,1627,946,256,0.0003750034172573821,3,,exploratory_partial_surface_not_physically_validated
fx10_upper_001233,fx10,1233,73077,2,1685,879,257,0.000375125800924495,3,,exploratory_partial_surface_not_physically_validated
fx10_upper_001018,fx10,1018,73803,2,1667,877,258,0.00037633612054142467,3,,exploratory_partial_surface_not_physically_validated
fx10_upper_000563,fx10,563,71879,2,1645,939,259,0.0003766542888725364,3,,exploratory_partial_surface_not_physically_validated
fx10_upper_000640,fx10,640,72290,2,1648,903,260,0.0003767514435136886,3,,exploratory_partial_surface_not_physically_validated
fx10_upper_000753,fx10,753,72416,2,1653,900,261,0.00037690912578496586,3,,exploratory_partial_surface_not_physically_validated
fx10_upper_002103,fx10,2103,106405,1,1791,917,262,0.0003771087257776524,3,,exploratory_partial_surface_not_physically_validated
fx10_upper_001978,fx10,1978,7933,1,1785,875,263,0.00037728684094806374,3,,exploratory_partial_surface_not_physically_validated
fx10_upper_001604,fx10,1604,575,1,1767,936,264,0.0003774560259467227,3,,exploratory_partial_surface_not_physically_validated
fx10_upper_001528,fx10,1528,43580,1,1764,880,265,0.0003783854644910852,3,,exploratory_partial_surface_not_physically_validated
fx10_upper_000313,fx10,313,56665,2,1635,951,266,0.00037921169709930066,3,,exploratory_partial_surface_not_physically_validated
fx10_upper_001771,fx10,1771,105837,1,1775,914,267,0.0003792735297575509,3,,exploratory_partial_surface_not_physically_validated
fx10_upper_001216,fx10,1216,73979,2,1683,880,268,0.00038078240452286966,3,,exploratory_partial_surface_not_physically_validated
fx10_upper_000364,fx10,364,56688,2,1637,959,269,0.0003811186740578031,3,,exploratory_partial_surface_not_physically_validated
fx10_upper_001364,fx10,1364,451,1,1755,934,270,0.0003812446857678067,3,,exploratory_partial_surface_not_physically_validated
fx10_upper_001970,fx10,1970,106040,1,1784,931,271,0.0003824721814510069,3,,exploratory_partial_surface_not_physically_validated
fx10_upper_000880,fx10,880,73272,2,1660,873,272,0.0003825868205627983,3,,exploratory_partial_surface_not_physically_validated
fx10_upper_000878,fx10,878,73278,2,1660,864,273,0.0003837495883620784,3,,exploratory_partial_surface_not_physically_validated
fx10_upper_000637,fx10,637,72294,2,1648,896,274,0.00038397696222437197,3,,exploratory_partial_surface_not_physically_validated
fx10_upper_000408,fx10,408,56758,2,1639,957,275,0.0003845753639495929,3,,exploratory_partial_surface_not_physically_validated
fx10_upper_000586,fx10,586,71887,2,1646,929,276,0.00038470423880360285,3,,exploratory_partial_surface_not_physically_validated
fx10_upper_001855,fx10,1855,7866,1,1779,876,277,0.00038545722570000905,3,,exploratory_partial_surface_not_physically_validated
fx10_upper_001170,fx10,1170,72958,2,1678,917,278,0.0003864503130096107,3,,exploratory_partial_surface_not_physically_validated
fx10_upper_000790,fx10,790,72459,2,1655,893,279,0.00038694188527646424,3,,exploratory_partial_surface_not_physically_validated
fx10_upper_002299,fx10,2299,18379,1,1819,916,280,0.0003870842640393455,3,,exploratory_partial_surface_not_physically_validated
fx10_upper_001359,fx10,1359,97208,1,1755,919,281,0.00038730540776517753,3,,exploratory_partial_surface_not_physically_validated
fx10_upper_000779,fx10,779,71945,2,1654,941,282,0.0003873267995704756,3,,exploratory_partial_surface_not_physically_validated
fx10_upper_000837,fx10,837,72515,2,1657,902,283,0.0003879605398217276,3,,exploratory_partial_surface_not_physically_validated
fx10_upper_000090,fx10,90,37157,2,1622,932,284,0.00038809356029048415,3,,exploratory_partial_surface_not_physically_validated
fx10_upper_001893,fx10,1893,105957,1,1780,922,285,0.00038823833098990205,3,,exploratory_partial_surface_not_physically_validated
fx10_upper_001257,fx10,1257,80006,2,1688,899,286,0.00038846941580228736,3,,exploratory_partial_surface_not_physically_validated
fx10_upper_000696,fx10,696,71913,2,1650,936,287,0.0003889425453662916,3,,exploratory_partial_surface_not_physically_validated
fx10_upper_000659,fx10,659,73159,2,1649,879,288,0.00038898872860018387,3,,exploratory_partial_surface_not_physically_validated
fx10_upper_002292,fx10,2292,18384,1,1818,910,289,0.0003909340030631672,3,,exploratory_partial_surface_not_physically_validated
fx10_upper_001980,fx10,1980,7930,1,1785,880,290,0.00039094041010707644,3,,exploratory_partial_surface_not_physically_validated
fx10_upper_001438,fx10,1438,97324,1,1759,920,291,0.00039110242306008924,3,,exploratory_partial_surface_not_physically_validated
fx10_upper_001286,fx10,1286,85884,2,1709,1000,292,0.000391493987406985,3,,exploratory_partial_surface_not_physically_validated
fx10_upper_001262,fx10,1262,80000,2,1688,907,293,0.0003919075026223374,3,,exploratory_partial_surface_not_physically_validated
fx10_upper_000470,fx10,470,39938,2,1641,982,294,0.000392037369273727,3,,exploratory_partial_surface_not_physically_validated
fx10_upper_001638,fx10,1638,97552,1,1769,892,295,0.00039237346297395584,3,,exploratory_partial_surface_not_physically_validated
fx10_upper_001379,fx10,1379,97246,1,1756,916,296,0.0003927034242316354,3,,exploratory_partial_surface_not_physically_validated
fx10_upper_000636,fx10,636,72299,2,1648,890,297,0.0003936089177997598,3,,exploratory_partial_surface_not_physically_validated
fx10_upper_001003,fx10,1003,73339,2,1666,872,298,0.00039372074454409615,3,,exploratory_partial_surface_not_physically_validated
fx10_upper_001266,fx10,1266,80066,2,1689,901,299,0.00039388973367836483,3,,exploratory_partial_surface_not_physically_validated
fx10_upper_001537,fx10,1537,97443,1,1764,918,300,0.0003943344306869688,3,,exploratory_partial_surface_not_physically_validated
fx10_upper_000825,fx10,825,73242,2,1657,873,301,0.0003943532203312769,3,,exploratory_partial_surface_not_physically_validated
fx10_upper_000204,fx10,204,27073,2,1630,896,302,0.0003957507583659147,3,,exploratory_partial_surface_not_physically_validated
fx10_upper_001277,fx10,1277,79157,2,1704,994,303,0.000396620025622086,3,,exploratory_partial_surface_not_physically_validated
fx10_upper_000081,fx10,81,65436,2,1621,934,304,0.0003974623626258388,3,,exploratory_partial_surface_not_physically_validated
fx10_upper_001963,fx10,1963,106067,1,1784,890,305,0.0003974931799997314,3,,exploratory_partial_surface_not_physically_validated
fx10_upper_001200,fx10,1200,72992,2,1681,903,306,0.0003977318690895659,3,,exploratory_partial_surface_not_physically_validated
fx10_upper_000144,fx10,144,56320,2,1626,954,307,0.00039799856428270665,3,,exploratory_partial_surface_not_physically_validated
fx10_upper_001360,fx10,1360,97205,1,1755,923,308,0.00039850802334970883,3,,exploratory_partial_surface_not_physically_validated
fx10_upper_000233,fx10,233,56513,2,1631,969,309,0.0003997426343767447,3,,exploratory_partial_surface_not_physically_validated
fx10_upper_001126,fx10,1126,72862,2,1675,895,310,0.000400922727628943,3,,exploratory_partial_surface_not_physically_validated
fx10_upper_000959,fx10,959,73320,2,1664,872,311,0.0004013989042407338,3,,exploratory_partial_surface_not_physically_validated
fx10_upper_001637,fx10,1637,97553,1,1769,889,312,0.000402459168249616,3,,exploratory_partial_surface_not_physically_validated
fx10_upper_002083,fx10,2083,105586,1,1789,957,313,0.0004026089668684552,3,,exploratory_partial_surface_not_physically_validated
fx10_upper_000643,fx10,643,72270,2,1648,920,314,0.00040466535032574423,3,,exploratory_partial_surface_not_physically_validated
fx10_upper_001361,fx10,1361,97203,1,1755,925,315,0.00040529478173726016,3,,exploratory_partial_surface_not_physically_validated
fx10_upper_000996,fx10,996,33980,2,1665,952,316,0.0004053266776582148,3,,exploratory_partial_surface_not_physically_validated
fx10_upper_000856,fx10,856,71977,2,1658,933,317,0.00040567165535142474,3,,exploratory_partial_surface_not_physically_validated
fx10_upper_000804,fx10,804,73222,2,1656,881,318,0.00040599648362266475,3,,exploratory_partial_surface_not_physically_validated
fx10_upper_001113,fx10,1113,72863,2,1674,893,319,0.0004062075770194587,3,,exploratory_partial_surface_not_physically_validated
fx10_upper_000478,fx10,478,27399,2,1642,913,320,0.00040726429533312185,3,,exploratory_partial_surface_not_physically_validated
fx10_upper_002162,fx10,2162,106540,1,1795,914,321,0.00040770356739324386,3,,exploratory_partial_surface_not_physically_validated
fx10_upper_000730,fx10,730,72379,2,1652,895,322,0.0004085818726344999,3,,exploratory_partial_surface_not_physically_validated
fx10_upper_002183,fx10,2183,47925,1,1796,928,323,0.0004090858731993055,3,,exploratory_partial_surface_not_physically_validated
fx10_upper_000827,fx10,827,73240,2,1657,875,324,0.0004094922315448172,3,,exploratory_partial_surface_not_physically_validated
fx10_upper_002249,fx10,2249,47939,1,1801,930,325,0.00040956539494123946,3,,exploratory_partial_surface_not_physically_validated
fx10_upper_001034,fx10,1034,73824,2,1668,870,326,0.0004096918377797858,3,,exploratory_partial_surface_not_physically_validated
fx10_upper_001141,fx10,1141,72881,2,1676,903,327,0.0004097517383018165,3,,exploratory_partial_surface_not_physically_validated
fx10_upper_000842,fx10,842,15968,2,1657,942,328,0.0004099081827402953,3,,exploratory_partial_surface_not_physically_validated
fx10_upper_002151,fx10,2151,106474,1,1794,927,329,0.0004099993154652621,3,,exploratory_partial_surface_not_physically_validated
fx10_upper_000079,fx10,79,37140,2,1621,930,330,0.00041001783293131305,3,,exploratory_partial_surface_not_physically_validated
fx10_upper_000765,fx10,765,73216,2,1654,872,331,0.00041053404263850443,3,,exploratory_partial_surface_not_physically_validated
fx10_upper_001372,fx10,1372,97264,1,1756,895,332,0.0004108216464622675,3,,exploratory_partial_surface_not_physically_validated
fx10_upper_000345,fx10,345,27285,2,1637,896,333,0.00041089378567980665,3,,exploratory_partial_surface_not_physically_validated
fx10_upper_000738,fx10,738,15884,2,1652,949,334,0.0004109735652345477,3,,exploratory_partial_surface_not_physically_validated
fx10_upper_001954,fx10,1954,106015,1,1783,931,335,0.0004114449338414109,3,,exploratory_partial_surface_not_physically_validated
fx10_upper_000774,fx10,774,72415,2,1654,900,336,0.00041193778240670976,3,,exploratory_partial_surface_not_physically_validated
fx10_upper_002063,fx10,2063,105587,1,1788,959,337,0.0004120209994927873,3,,exploratory_partial_surface_not_physically_validated
fx10_upper_001053,fx10,1053,72760,2,1669,883,338,0.00041228590813097664,3,,exploratory_partial_surface_not_physically_validated
fx10_upper_000548,fx10,548,73120,2,1645,882,339,0.0004125705746256898,3,,exploratory_partial_surface_not_physically_validated
fx10_upper_001971,fx10,1971,106039,1,1784,933,340,0.000413200018096089,3,,exploratory_partial_surface_not_physically_validated
fx10_upper_002212,fx10,2212,106617,1,1798,921,341,0.0004137700954484179,3,,exploratory_partial_surface_not_physically_validated
fx10_upper_001657,fx10,1657,97580,1,1770,890,342,0.00041384157367714493,3,,exploratory_partial_surface_not_physically_validated
fx10_upper_000140,fx10,140,56295,2,1626,944,343,0.0004138856004250521,3,,exploratory_partial_surface_not_physically_validated
fx10_upper_000799,fx10,799,15928,2,1655,947,344,0.0004143023984505263,3,,exploratory_partial_surface_not_physically_validated
fx10_upper_001128,fx10,1128,72886,2,1675,899,345,0.00041443516190411403,3,,exploratory_partial_surface_not_physically_validated
fx10_upper_001414,fx10,1414,97287,1,1758,916,346,0.0004149941261221107,3,,exploratory_partial_surface_not_physically_validated
fx10_upper_000386,fx10,386,56683,2,1638,962,347,0.00041503541500912696,3,,exploratory_partial_surface_not_physically_validated
fx10_upper_001526,fx10,1526,104760,1,1763,954,348,0.00041514163524792084,3,,exploratory_partial_surface_not_physically_validated
fx10_upper_000182,fx10,182,56352,2,1628,951,349,0.00041533115472442794,3,,exploratory_partial_surface_not_physically_validated
fx10_upper_001064,fx10,1064,73832,2,1670,880,350,0.0004155338601633228,3,,exploratory_partial_surface_not_physically_validated
fx10_upper_001049,fx10,1049,73838,2,1669,872,351,0.00041566415626954456,3,,exploratory_partial_surface_not_physically_validated
fx10_upper_000819,fx10,819,71955,2,1656,940,352,0.00041608132039811017,3,,exploratory_partial_surface_not_physically_validated
fx10_upper_001221,fx10,1221,73038,2,1683,905,353,0.00041633693705200306,3,,exploratory_partial_surface_not_physically_validated
fx10_upper_000860,fx10,860,15967,2,1658,944,354,0.0004166071025353823,3,,exploratory_partial_surface_not_physically_validated
fx10_upper_002143,fx10,2143,113953,1,1793,956,355,0.0004170019075235915,3,,exploratory_partial_surface_not_physically_validated
fx10_upper_000460,fx10,460,56831,2,1641,953,356,0.00041841471604011694,3,,exploratory_partial_surface_not_physically_validated
fx10_upper_000581,fx10,581,72223,2,1646,893,357,0.0004189611294576961,3,,exploratory_partial_surface_not_physically_validated
fx10_upper_002051,fx10,2051,106152,1,1788,914,358,0.0004190565774029194,3,,exploratory_partial_surface_not_physically_validated
fx10_upper_000387,fx10,387,56682,2,1638,965,359,0.0004190825058858076,3,,exploratory_partial_surface_not_physically_validated
fx10_upper_001301,fx10,1301,97145,1,1751,916,360,0.0004202202364549397,3,,exploratory_partial_surface_not_physically_validated
fx10_upper_000510,fx10,510,15727,2,1643,952,361,0.0004210714486627059,3,,exploratory_partial_surface_not_physically_validated
fx10_upper_000234,fx10,234,56450,2,1631,972,362,0.0004216054180248793,3,,exploratory_partial_surface_not_physically_validated
fx10_upper_000398,fx10,398,27341,2,1639,904,363,0.00042178800389483143,3,,exploratory_partial_surface_not_physically_validated
fx10_upper_001861,fx10,1861,105939,1,1779,899,364,0.0004228186732406175,3,,exploratory_partial_surface_not_physically_validated
fx10_upper_001326,fx10,1326,97201,1,1753,931,365,0.00042326921925197144,3,,exploratory_partial_surface_not_physically_validated
fx10_upper_000145,fx10,145,56314,2,1626,963,366,0.0004240915204091452,3,,exploratory_partial_surface_not_physically_validated
fx10_upper_000069,fx10,69,65415,2,1620,934,367,0.00042439455812415543,3,,exploratory_partial_surface_not_physically_validated
fx10_upper_001944,fx10,1944,106093,1,1783,900,368,0.00042446650385561524,3,,exploratory_partial_surface_not_physically_validated
fx10_upper_000652,fx10,652,15765,2,1648,972,369,0.0004246854011903768,3,,exploratory_partial_surface_not_physically_validated
fx10_upper_001318,fx10,1318,97189,1,1753,895,370,0.00042537835282696666,3,,exploratory_partial_surface_not_physically_validated
fx10_upper_000782,fx10,782,15926,2,1654,952,371,0.0004255787709645098,3,,exploratory_partial_surface_not_physically_validated
fx10_upper_000760,fx10,760,71933,2,1653,937,372,0.0004261402907181822,3,,exploratory_partial_surface_not_physically_validated
fx10_upper_000375,fx10,375,27300,2,1638,918,373,0.0004265398874444223,3,,exploratory_partial_surface_not_physically_validated
fx10_upper_001017,fx10,1017,73804,2,1667,875,374,0.0004268733590071005,3,,exploratory_partial_surface_not_physically_validated
fx10_upper_001568,fx10,1568,97479,1,1766,904,375,0.00042692681868017356,3,,exploratory_partial_surface_not_physically_validated
fx10_upper_000579,fx10,579,72230,2,1646,885,376,0.0004271289814555138,3,,exploratory_partial_surface_not_physically_validated
fx10_upper_000580,fx10,580,72226,2,1646,888,377,0.0004272268644118111,3,,exploratory_partial_surface_not_physically_validated
fx10_upper_000822,fx10,822,15947,2,1656,950,378,0.00042917704991955085,3,,exploratory_partial_surface_not_physically_validated
fx10_upper_001192,fx10,1192,73967,2,1681,871,379,0.00042937080638491944,3,,exploratory_partial_surface_not_physically_validated
fx10_upper_000180,fx10,180,56357,2,1628,946,380,0.0004295295404739187,3,,exploratory_partial_surface_not_physically_validated
fx10_upper_001824,fx10,1824,105885,1,1777,930,381,0.00043132601657944793,3,,exploratory_partial_surface_not_physically_validated
fx10_upper_001680,fx10,1680,105747,1,1771,919,382,0.00043143348367223784,3,,exploratory_partial_surface_not_physically_validated
fx10_upper_001525,fx10,1525,548,1,1763,952,383,0.0004316104064919099,3,,exploratory_partial_surface_not_physically_validated
fx10_upper_000718,fx10,718,71922,2,1651,938,384,0.0004324757695373163,3,,exploratory_partial_surface_not_physically_validated
fx10_upper_000111,fx10,111,37176,2,1624,932,385,0.000432708950728781,3,,exploratory_partial_surface_not_physically_validated
fx10_upper_001693,fx10,1693,105763,1,1772,892,386,0.0004328468875371528,3,,exploratory_partial_surface_not_physically_validated
fx10_upper_000124,fx10,124,56269,2,1625,938,387,0.0004328583885077311,3,,exploratory_partial_surface_not_physically_validated
fx10_upper_000059,fx10,59,37124,2,1619,930,388,0.0004333568443760884,3,,exploratory_partial_surface_not_physically_validated
fx10_upper_000706,fx10,706,73186,2,1651,877,389,0.0004342899206643019,3,,exploratory_partial_surface_not_physically_validated
fx10_upper_000112,fx10,112,56271,2,1624,935,390,0.000434595349521898,3,,exploratory_partial_surface_not_physically_validated
fx10_upper_000168,fx10,168,27011,2,1628,898,391,0.0004347937494154059,3,,exploratory_partial_surface_not_physically_validated
fx10_upper_002144,fx10,2144,113951,1,1793,957,392,0.00043505682781614177,3,,exploratory_partial_surface_not_physically_validated
fx10_upper_000385,fx10,385,56720,2,1638,961,393,0.0004353158575157384,3,,exploratory_partial_surface_not_physically_validated
fx10_upper_001062,fx10,1062,73835,2,1670,876,394,0.00043533978281103537,3,,exploratory_partial_surface_not_physically_validated
fx10_upper_000689,fx10,689,72376,2,1650,903,395,0.0004353567340814682,3,,exploratory_partial_surface_not_physically_validated
fx10_upper_001997,fx10,1997,106070,1,1785,933,396,0.00043542956791095246,3,,exploratory_partial_surface_not_physically_validated
fx10_upper_001673,fx10,1673,97578,1,1771,892,397,0.00043558774697580833,3,,exploratory_partial_surface_not_physically_validated
fx10_upper_000216,fx10,216,56453,2,1630,967,398,0.0004359498554804745,3,,exploratory_partial_surface_not_physically_validated
fx10_upper_001838,fx10,1838,105905,1,1778,899,399,0.0004363113851081549,3,,exploratory_partial_surface_not_physically_validated
fx10_upper_001082,fx10,1082,72805,2,1671,904,400,0.00043652608109851404,3,,exploratory_partial_surface_not_physically_validated
fx10_upper_000094,fx10,94,56257,2,1622,963,401,0.00043682242830303227,3,,exploratory_partial_surface_not_physically_validated
fx10_upper_001520,fx10,1520,546,1,1763,933,402,0.0004368903477777511,3,,exploratory_partial_surface_not_physically_validated
fx10_upper_001329,fx10,1329,416,1,1753,937,403,0.00043710256123353125,3,,exploratory_partial_surface_not_physically_validated
fx10_upper_000776,fx10,776,72445,2,1654,906,404,0.00043753114215090965,3,,exploratory_partial_surface_not_physically_validated
fx10_upper_000047,fx10,47,37092,2,1617,922,405,0.000438362045003642,3,,exploratory_partial_surface_not_physically_validated
fx10_upper_001662,fx10,1662,97563,1,1770,920,406,0.0004384758390974038,3,,exploratory_partial_surface_not_physically_validated
fx10_upper_001588,fx10,1588,97520,1,1767,892,407,0.00043857030968391436,3,,exploratory_partial_surface_not_physically_validated
fx10_upper_002193,fx10,2193,106621,1,1797,916,408,0.00043896621620970487,3,,exploratory_partial_surface_not_physically_validated
fx10_upper_001274,fx10,1274,80085,2,1691,895,409,0.00043934136678411767,3,,exploratory_partial_surface_not_physically_validated
fx10_upper_000355,fx10,355,65748,2,1637,929,410,0.000439443895459494,3,,exploratory_partial_surface_not_physically_validated
fx10_upper_000215,fx10,215,56454,2,1630,966,411,0.0004395306243817664,3,,exploratory_partial_surface_not_physically_validated
fx10_upper_001574,fx10,1574,97467,1,1766,926,412,0.00043972237097190687,3,,exploratory_partial_surface_not_physically_validated
fx10_upper_000832,fx10,832,72523,2,1657,889,413,0.0004400209896790097,3,,exploratory_partial_surface_not_physically_validated
fx10_upper_001547,fx10,1547,26624,1,1765,883,414,0.0004407823852967026,3,,exploratory_partial_surface_not_physically_validated
fx10_upper_001434,fx10,1434,97329,1,1759,910,415,0.00044118458978777586,3,,exploratory_partial_surface_not_physically_validated
fx10_upper_000739,fx10,739,15906,2,1652,951,416,0.00044143417709029397,3,,exploratory_partial_surface_not_physically_validated
fx10_upper_000618,fx10,618,71895,2,1647,932,417,0.00044152707809421105,3,,exploratory_partial_surface_not_physically_validated
fx10_upper_000271,fx10,271,56586,2,1633,951,418,0.0004416000523918732,3,,exploratory_partial_surface_not_physically_validated
fx10_upper_001635,fx10,1635,43597,1,1769,883,419,0.0004423283287086345,3,,exploratory_partial_surface_not_physically_validated
fx10_upper_001600,fx10,1600,97496,1,1767,926,420,0.0004424283367181772,3,,exploratory_partial_surface_not_physically_validated
fx10_upper_000539,fx10,539,56855,2,1644,969,421,0.0004425192726721746,3,,exploratory_partial_surface_not_physically_validated
fx10_upper_001926,fx10,1926,106030,1,1782,905,422,0.0004429675075790751,3,,exploratory_partial_surface_not_physically_validated
fx10_upper_002147,fx10,2147,106491,1,1794,916,423,0.0004431783669857014,3,,exploratory_partial_surface_not_physically_validated
fx10_upper_000410,fx10,410,56714,2,1639,965,424,0.0004432920878755816,3,,exploratory_partial_surface_not_physically_validated
fx10_upper_001177,fx10,1177,72968,2,1679,901,425,0.00044345469709503987,3,,exploratory_partial_surface_not_physically_validated
fx10_upper_001067,fx10,1067,72787,2,1670,891,426,0.0004436538061557445,3,,exploratory_partial_surface_not_physically_validated
fx10_upper_000176,fx10,176,56335,2,1628,934,427,0.00044365696110770634,3,,exploratory_partial_surface_not_physically_validated
fx10_upper_001176,fx10,1176,72972,2,1679,895,428,0.00044410426090962134,3,,exploratory_partial_surface_not_physically_validated
fx10_upper_000541,fx10,541,56851,2,1644,973,429,0.0004441503142923701,3,,exploratory_partial_surface_not_physically_validated
fx10_upper_002307,fx10,2307,18414,1,1820,919,430,0.0004453790510929349,3,,exploratory_partial_surface_not_physically_validated
fx10_upper_000823,fx10,823,73246,2,1657,867,431,0.0004456984540456494,3,,exploratory_partial_surface_not_physically_validated
fx10_upper_002163,fx10,2163,106539,1,1795,916,432,0.0004462730296791183,3,,exploratory_partial_surface_not_physically_validated
fx10_upper_001107,fx10,1107,73892,2,1674,863,433,0.0004464855189888572,3,,exploratory_partial_surface_not_physically_validated
fx10_upper_001276,fx10,1276,79103,2,1703,997,434,0.0004466087409062612,3,,exploratory_partial_surface_not_physically_validated
fx10_upper_000412,fx10,412,56713,2,1639,968,435,0.00044673997909376367,3,,exploratory_partial_surface_not_physically_validated
fx10_upper_000320,fx10,320,27255,2,1636,893,436,0.00044686658709423393,3,,exploratory_partial_surface_not_physically_validated
fx10_upper_000616,fx10,616,72236,2,1647,920,437,0.0004475984085017659,3,,exploratory_partial_surface_not_physically_validated
fx10_upper_002288,fx10,2288,18345,1,1817,916,438,0.00044766600874684943,3,,exploratory_partial_surface_not_physically_validated
fx10_upper_000413,fx10,413,56710,2,1639,973,439,0.0004496667865411584,3,,exploratory_partial_surface_not_physically_validated
fx10_upper_001495,fx10,1495,97378,1,1762,930,440,0.00045015035530930923,3,,exploratory_partial_surface_not_physically_validated
fx10_upper_000489,fx10,489,56776,2,1642,977,441,0.000450530845766078,3,,exploratory_partial_surface_not_physically_validated
fx10_upper_000195,fx10,195,56402,2,1629,952,442,0.0004517120225613376,3,,exploratory_partial_surface_not_physically_validated
fx10_upper_000377,fx10,377,65760,2,1638,929,443,0.0004522593487745285,3,,exploratory_partial_surface_not_physically_validated
fx10_upper_001201,fx10,1201,73014,2,1681,908,444,0.0004522701564617996,3,,exploratory_partial_surface_not_physically_validated
fx10_upper_001392,fx10,1392,97305,1,1757,901,445,0.0004523675581321366,3,,exploratory_partial_surface_not_physically_validated
fx10_upper_000452,fx10,452,27390,2,1641,923,446,0.0004525308996860037,3,,exploratory_partial_surface_not_physically_validated
fx10_upper_001296,fx10,1296,97156,1,1751,902,447,0.00045281904156584254,3,,exploratory_partial_surface_not_physically_validated
fx10_upper_001172,fx10,1172,73948,2,1679,875,448,0.00045317904659804986,3,,exploratory_partial_surface_not_physically_validated
fx10_upper_001626,fx10,1626,97528,1,1768,926,449,0.0004540932257119473,3,,exploratory_partial_surface_not_physically_validated
fx10_upper_002271,fx10,2271,114257,1,1804,952,450,0.0004545517325229835,3,,exploratory_partial_surface_not_physically_validated
fx10_upper_001807,fx10,1807,7839,1,1777,876,451,0.0004549169120074707,3,,exploratory_partial_surface_not_physically_validated
fx10_upper_001752,fx10,1752,105801,1,1774,923,452,0.0004559313196022722,3,,exploratory_partial_surface_not_physically_validated
fx10_upper_000999,fx10,999,73351,2,1666,858,453,0.000456065354974219,3,,exploratory_partial_surface_not_physically_validated
fx10_upper_002044,fx10,2044,7965,1,1788,873,454,0.0004566508534625781,3,,exploratory_partial_surface_not_physically_validated
fx10_upper_000390,fx10,390,56677,2,1638,974,455,0.00045683673951708685,3,,exploratory_partial_surface_not_physically_validated
fx10_upper_000550,fx10,550,72224,2,1645,893,456,0.00045695444749921263,3,,exploratory_partial_surface_not_physically_validated
fx10_upper_000902,fx10,902,72616,2,1661,889,457,0.00045704722092705804,3,,exploratory_partial_surface_not_physically_validated
fx10_upper_000312,fx10,312,56669,2,1635,947,458,0.00045765769069079713,3,,exploratory_partial_surface_not_physically_validated
fx10_upper_002137,fx10,2137,106436,1,1793,927,459,0.0004581473951451105,3,,exploratory_partial_surface_not_physically_validated
fx10_upper_000192,fx10,192,56377,2,1629,936,460,0.00045861833172968874,3,,exploratory_partial_surface_not_physically_validated
fx10_upper_000786,fx10,786,73224,2,1655,878,461,0.00045897986408717,3,,exploratory_partial_surface_not_physically_validated
fx10_upper_001928,fx10,1928,106026,1,1782,911,462,0.0004602607407899408,3,,exploratory_partial_surface_not_physically_validated
fx10_upper_001231,fx10,1231,73063,2,1684,905,463,0.00046056655716098747,3,,exploratory_partial_surface_not_physically_validated
fx10_upper_000032,fx10,32,37045,2,1613,924,464,0.00046115555424264005,3,,exploratory_partial_surface_not_physically_validated
fx10_upper_000403,fx10,403,65774,2,1639,929,465,0.0004621977424691678,3,,exploratory_partial_surface_not_physically_validated
fx10_upper_000187,fx10,187,27070,2,1629,901,466,0.00046257575415830667,3,,exploratory_partial_surface_not_physically_validated
fx10_upper_001145,fx10,1145,72907,2,1676,916,467,0.0004626393515326321,3,,exploratory_partial_surface_not_physically_validated
fx10_upper_000002,fx10,2,61402,2,1601,923,468,0.0004628734165753303,3,,exploratory_partial_surface_not_physically_validated
fx10_upper_001868,fx10,1868,105924,1,1779,923,469,0.0004630786865237116,3,,exploratory_partial_surface_not_physically_validated
fx10_upper_001858,fx10,1858,105911,1,1779,890,470,0.00046542358183671045,3,,exploratory_partial_surface_not_physically_validated
fx10_upper_000283,fx10,283,27208,2,1634,902,471,0.0004664904190072301,3,,exploratory_partial_surface_not_physically_validated
fx10_upper_001250,fx10,1250,73109,2,1687,896,472,0.00046677143073548005,3,,exploratory_partial_surface_not_physically_validated
fx10_upper_001106,fx10,1106,72851,2,1673,913,473,0.0004679115116370625,3,,exploratory_partial_surface_not_physically_validated
fx10_upper_001589,fx10,1589,97519,1,1767,895,474,0.00046816175702939336,3,,exploratory_partial_surface_not_physically_validated
fx10_upper_000841,fx10,841,71973,2,1657,938,475,0.0004689240094587765,3,,exploratory_partial_surface_not_physically_validated
fx10_upper_000468,fx10,468,39942,2,1641,978,476,0.0004689781870260961,3,,exploratory_partial_surface_not_physically_validated
fx10_upper_000947,fx10,947,72154,2,1663,940,477,0.00046946131331216594,3,,exploratory_partial_surface_not_physically_validated
fx10_upper_001511,fx10,1511,97419,1,1763,908,478,0.0004695068604728804,3,,exploratory_partial_surface_not_physically_validated
fx10_upper_002211,fx10,2211,106652,1,1798,919,479,0.000470271473752201,3,,exploratory_partial_surface_not_physically_validated
fx10_upper_001836,fx10,1836,7847,1,1778,884,480,0.00047222842887043433,3,,exploratory_partial_surface_not_physically_validated
fx10_upper_000792,fx10,792,72454,2,1655,900,481,0.00047360025352006195,3,,exploratory_partial_surface_not_physically_validated
fx10_upper_001753,fx10,1753,105830,1,1774,926,482,0.00047384190160307255,3,,exploratory_partial_surface_not_physically_validated
fx10_upper_002176,fx10,2176,106628,1,1796,910,483,0.00047479570863194525,3,,exploratory_partial_surface_not_physically_validated
fx10_upper_000528,fx10,528,72190,2,1644,896,484,0.0004748816058492791,3,,exploratory_partial_surface_not_physically_validated
fx10_upper_000844,fx10,844,73261,2,1658,867,485,0.00047529457110635136,3,,exploratory_partial_surface_not_physically_validated
fx10_upper_000820,fx10,820,15966,2,1656,947,486,0.00047632791460956763,3,,exploratory_partial_surface_not_physically_validated
fx10_upper_002023,fx10,2023,7950,1,1787,873,487,0.00047640592922235456,3,,exploratory_partial_surface_not_physically_validated
fx10_upper_000457,fx10,457,65783,2,1641,935,488,0.00047728671115397094,3,,exploratory_partial_surface_not_physically_validated
fx10_upper_002259,fx10,2259,114223,1,1802,949,489,0.0004775146128303132,3,,exploratory_partial_surface_not_physically_validated
fx10_upper_001346,fx10,1346,97202,1,1754,929,490,0.0004779380682898024,3,,exploratory_partial_surface_not_physically_validated
fx10_upper_001700,fx10,1700,105779,1,1772,914,491,0.00047824221094668534,3,,exploratory_partial_surface_not_physically_validated
fx10_upper_001533,fx10,1533,97420,1,1764,906,492,0.0004784316562741156,3,,exploratory_partial_surface_not_physically_validated
fx10_upper_001449,fx10,1449,97375,1,1760,885,493,0.00047930536371991206,3,,exploratory_partial_surface_not_physically_validated
fx10_upper_000401,fx10,401,27330,2,1639,918,494,0.00047931815886539567,3,,exploratory_partial_surface_not_physically_validated
fx10_upper_002010,fx10,2010,106119,1,1786,914,495,0.00047963409466424356,3,,exploratory_partial_surface_not_physically_validated
fx10_upper_001302,fx10,1302,97144,1,1751,919,496,0.00048061236957863137,3,,exploratory_partial_surface_not_physically_validated
fx10_upper_001048,fx10,1048,73825,2,1669,868,497,0.00048083455994674703,3,,exploratory_partial_surface_not_physically_validated
fx10_upper_002084,fx10,2084,43143,1,1790,874,498,0.0004817242771572526,3,,exploratory_partial_surface_not_physically_validated
fx10_upper_001150,fx10,1150,72925,2,1677,887,499,0.00048235929897477974,3,,exploratory_partial_surface_not_physically_validated
fx10_upper_000863,fx10,863,73257,2,1659,874,500,0.0004827936361855748,3,,exploratory_partial_surface_not_physically_validated
fx10_upper_000851,fx10,851,72521,2,1658,892,501,0.00048348145759412076,3,,exploratory_partial_surface_not_physically_validated
fx10_upper_001115,fx10,1115,72857,2,1674,903,502,0.0004836385743603979,3,,exploratory_partial_surface_not_physically_validated
fx10_upper_001658,fx10,1658,97579,1,1770,892,503,0.00048423073166635943,3,,exploratory_partial_surface_not_physically_validated
fx10_upper_001057,fx10,1057,72756,2,1669,891,504,0.0004851040296551647,3,,exploratory_partial_surface_not_physically_validated
fx10_upper_001905,fx10,1905,106006,1,1781,896,505,0.0004851305868823873,3,,exploratory_partial_surface_not_physically_validated
fx10_upper_001127,fx10,1127,72860,2,1675,898,506,0.000485212846499242,3,,exploratory_partial_surface_not_physically_validated
fx10_upper_001886,fx10,1886,105972,1,1780,899,507,0.0004856052192538192,3,,exploratory_partial_surface_not_physically_validated
fx10_upper_001353,fx10,1353,97223,1,1755,901,508,0.0004873433379474675,3,,exploratory_partial_surface_not_physically_validated
fx10_upper_000606,fx10,606,72264,2,1647,885,509,0.00048750510282623505,3,,exploratory_partial_surface_not_physically_validated
fx10_upper_000821,fx10,821,15948,2,1656,949,510,0.00048812010741937947,3,,exploratory_partial_surface_not_physically_validated
fx10_upper_002039,fx10,2039,106105,1,1787,933,511,0.00048812102909239386,3,,exploratory_partial_surface_not_physically_validated
fx10_upper_000156,fx10,156,56332,2,1627,938,512,0.0004881754441570688,3,,exploratory_partial_surface_not_physically_validated
fx10_upper_001613,fx10,1613,97554,1,1768,887,513,0.0004884676146755545,3,,exploratory_partial_surface_not_physically_validated
fx10_upper_001019,fx10,1019,73801,2,1667,879,514,0.0004886480057820466,3,,exploratory_partial_surface_not_physically_validated
fx10_upper_001040,fx10,1040,72724,2,1668,890,515,0.0004887721699771231,3,,exploratory_partial_surface_not_physically_validated
fx10_upper_002111,fx10,2111,105650,1,1791,956,516,0.0004888450280451233,3,,exploratory_partial_surface_not_physically_validated
fx10_upper_000034,fx10,34,37063,2,1614,920,517,0.0004895455523903051,3,,exploratory_partial_surface_not_physically_validated
fx10_upper_001872,fx10,1872,105718,1,1779,936,518,0.0004896968023471204,3,,exploratory_partial_surface_not_physically_validated
fx10_upper_000349,fx10,349,27301,2,1637,916,519,0.00048995376137564,3,,exploratory_partial_surface_not_physically_validated
fx10_upper_001243,fx10,1243,73088,2,1686,897,520,0.000490646012593201,3,,exploratory_partial_surface_not_physically_validated
fx10_upper_000775,fx10,775,72449,2,1654,905,521,0.0004906830959616185,3,,exploratory_partial_surface_not_physically_validated
fx10_upper_001917,fx10,1917,7909,1,1782,873,522,0.0004909302189003981,3,,exploratory_partial_surface_not_physically_validated
fx10_upper_001098,fx10,1098,72845,2,1673,882,523,0.0004917349231626009,3,,exploratory_partial_surface_not_physically_validated
fx10_upper_000174,fx10,174,65855,2,1628,929,524,0.0004918853115230203,3,,exploratory_partial_surface_not_physically_validated
fx10_upper_001060,fx10,1060,72747,2,1669,904,525,0.0004924315945160526,3,,exploratory_partial_surface_not_physically_validated
fx10_upper_001377,fx10,1377,97251,1,1756,912,526,0.0004929967398643691,3,,exploratory_partial_surface_not_physically_validated
fx10_upper_002294,fx10,2294,18380,1,1818,916,527,0.0004931003701111197,3,,exploratory_partial_surface_not_physically_validated
fx10_upper_001290,fx10,1290,97120,1,1750,905,528,0.0004933389861657999,3,,exploratory_partial_surface_not_physically_validated
fx10_upper_000619,fx10,619,71894,2,1647,934,529,0.0004936459604248284,3,,exploratory_partial_surface_not_physically_validated
fx10_upper_000340,fx10,340,56647,2,1636,975,530,0.0004936906638080029,3,,exploratory_partial_surface_not_physically_validated
fx10_upper_000744,fx10,744,73199,2,1653,876,531,0.0004940478168269216,3,,exploratory_partial_surface_not_physically_validated
fx10_upper_001312,fx10,1312,97166,1,1752,931,532,0.0004948021398791296,3,,exploratory_partial_surface_not_physically_validated
fx10_upper_001055,fx10,1055,72758,2,1669,888,533,0.0004950321222598127,3,,exploratory_partial_surface_not_physically_validated
fx10_upper_001023,fx10,1023,72723,2,1667,891,534,0.0004956536315806305,3,,exploratory_partial_surface_not_physically_validated
fx10_upper_001439,fx10,1439,97322,1,1759,926,535,0.0004962270821678082,3,,exploratory_partial_surface_not_physically_validated
fx10_upper_001808,fx10,1808,7851,1,1777,878,536,0.0004964389274026095,3,,exploratory_partial_surface_not_physically_validated
fx10_upper_001530,fx10,1530,97455,1,1764,895,537,0.0004969767880623782,3,,exploratory_partial_surface_not_physically_validated
fx10_upper_001803,fx10,1803,105702,1,1776,945,538,0.000497640941893254,3,,exploratory_partial_surface_not_physically_validated
fx10_upper_001173,fx10,1173,73945,2,1679,880,539,0.0004978883530868804,3,,exploratory_partial_surface_not_physically_validated
fx10_upper_000752,fx10,752,72417,2,1653,898,540,0.000498973321439767,3,,exploratory_partial_surface_not_physically_validated
fx10_upper_001409,fx10,1409,97304,1,1758,901,541,0.000499068066693037,3,,exploratory_partial_surface_not_physically_validated
fx10_upper_001078,fx10,1078,72812,2,1671,891,542,0.0004992344295135531,3,,exploratory_partial_surface_not_physically_validated
fx10_upper_001246,fx10,1246,73084,2,1686,907,543,0.0004996217542221076,3,,exploratory_partial_surface_not_physically_validated
fx10_upper_001035,fx10,1035,73823,2,1668,872,544,0.0004996436816619798,3,,exploratory_partial_surface_not_physically_validated
fx10_upper_000768,fx10,768,73210,2,1654,880,545,0.0005001177667015952,3,,exploratory_partial_surface_not_physically_validated
fx10_upper_001072,fx10,1072,72778,2,1670,906,546,0.0005003107315931281,3,,exploratory_partial_surface_not_physically_validated
fx10_upper_002188,fx10,2188,114056,1,1796,951,547,0.0005008258546712244,3,,exploratory_partial_surface_not_physically_validated
fx10_upper_000154,fx10,154,65814,2,1627,932,548,0.0005009106458808157,3,,exploratory_partial_surface_not_physically_validated
fx10_upper_000729,fx10,729,72380,2,1652,894,549,0.0005009816517986417,3,,exploratory_partial_surface_not_physically_validated
fx10_upper_001710,fx10,1710,105681,1,1772,941,550,0.0005019814197522028,3,,exploratory_partial_surface_not_physically_validated
fx10_upper_000397,fx10,397,27342,2,1639,902,551,0.0005025987575362985,3,,exploratory_partial_surface_not_physically_validated
fx10_upper_001556,fx10,1556,97463,1,1765,933,552,0.0005028492114457,3,,exploratory_partial_surface_not_physically_validated
fx10_upper_001866,fx10,1866,105959,1,1779,918,553,0.0005028702970348535,3,,exploratory_partial_surface_not_physically_validated
fx10_upper_002160,fx10,2160,106629,1,1795,910,554,0.0005037841380346398,3,,exploratory_partial_surface_not_physically_validated
fx10_upper_001422,fx10,1422,511,1,1758,938,555,0.000503951636631446,3,,exploratory_partial_surface_not_physically_validated
fx10_upper_000036,fx10,36,37060,2,1614,925,556,0.0005047621808562973,3,,exploratory_partial_surface_not_physically_validated
fx10_upper_001975,fx10,1975,107289,1,1785,866,557,0.0005049464564061327,3,,exploratory_partial_surface_not_physically_validated
fx10_upper_000157,fx10,157,56327,2,1627,941,558,0.0005060951767372688,3,,exploratory_partial_surface_not_physically_validated
fx10_upper_001305,fx10,1305,97137,1,1751,926,559,0.0005061021492013744,3,,exploratory_partial_surface_not_physically_validated
fx10_upper_000352,fx10,352,27297,2,1637,921,560,0.0005071100537076762,3,,exploratory_partial_surface_not_physically_validated
fx10_upper_002265,fx10,2265,114219,1,1803,953,561,0.0005074996803320249,3,,exploratory_partial_surface_not_physically_validated
fx10_upper_001215,fx10,1215,73008,2,1682,914,562,0.0005077980255454585,3,,exploratory_partial_surface_not_physically_validated
fx10_upper_001842,fx10,1842,105930,1,1778,915,563,0.0005085564427230135,3,,exploratory_partial_surface_not_physically_validated
fx10_upper_001335,fx10,1335,97225,1,1754,899,564,0.0005089844758350426,3,,exploratory_partial_surface_not_physically_validated
fx10_upper_000300,fx10,300,27253,2,1635,896,565,0.0005092495887578128,3,,exploratory_partial_surface_not_physically_validated
fx10_upper_000929,fx10,929,72115,2,1662,941,566,0.0005100809101902433,3,,exploratory_partial_surface_not_physically_validated
fx10_upper_002312,fx10,2312,18449,1,1821,916,567,0.0005102699502236797,3,,exploratory_partial_surface_not_physically_validated
fx10_upper_002195,fx10,2195,106569,1,1797,921,568,0.0005108254162107098,3,,exploratory_partial_surface_not_physically_validated
fx10_upper_002309,fx10,2309,18454,1,1821,910,569,0.0005110844006167893,3,,exploratory_partial_surface_not_physically_validated
fx10_upper_002244,fx10,2244,114156,1,1800,953,570,0.0005113273180130727,3,,exploratory_partial_surface_not_physically_validated
fx10_upper_000533,fx10,533,72201,2,1644,923,571,0.0005114190011798859,3,,exploratory_partial_surface_not_physically_validated
fx10_upper_002318,fx10,2318,18482,1,1822,918,572,0.0005119651292657005,3,,exploratory_partial_surface_not_physically_validated
fx10_upper_000442,fx10,442,39905,2,1640,980,573,0.0005124934549748148,3,,exploratory_partial_surface_not_physically_validated
fx10_upper_000490,fx10,490,39981,2,1642,980,574,0.000512505761231567,3,,exploratory_partial_surface_not_physically_validated
fx10_upper_000798,fx10,798,15930,2,1655,945,575,0.0005130344593207575,3,,exploratory_partial_surface_not_physically_validated
fx10_upper_001518,fx10,1518,97410,1,1763,926,576,0.0005136672141340917,3,,exploratory_partial_surface_not_physically_validated
fx10_upper_000764,fx10,764,15925,2,1653,954,577,0.0005141901992839354,3,,exploratory_partial_surface_not_physically_validated
fx10_upper_000569,fx10,569,15700,2,1645,971,578,0.000514516888158096,3,,exploratory_partial_surface_not_physically_validated
fx10_upper_000175,fx10,175,56381,2,1628,932,579,0.0005151617668280548,3,,exploratory_partial_surface_not_physically_validated
fx10_upper_002205,fx10,2205,114055,1,1797,953,580,0.0005152734569234035,3,,exploratory_partial_surface_not_physically_validated
fx10_upper_000422,fx10,422,27360,2,1640,917,581,0.0005153103691818312,3,,exploratory_partial_surface_not_physically_validated
fx10_upper_000923,fx10,923,72609,2,1662,897,582,0.0005155699985782769,3,,exploratory_partial_surface_not_physically_validated
fx10_upper_000807,fx10,807,72489,2,1656,892,583,0.0005156435396752651,3,,exploratory_partial_surface_not_physically_validated
fx10_upper_000316,fx10,316,56615,2,1635,964,584,0.0005157285385785393,3,,exploratory_partial_surface_not_physically_validated
fx10_upper_001384,fx10,1384,97236,1,1756,932,585,0.0005157394578913307,3,,exploratory_partial_surface_not_physically_validated
fx10_upper_001352,fx10,1352,97224,1,1755,900,586,0.0005162130473958317,3,,exploratory_partial_surface_not_physically_validated
fx10_upper_000549,fx10,549,72225,2,1645,890,587,0.0005162333218561993,3,,exploratory_partial_surface_not_physically_validated
fx10_upper_001759,fx10,1759,105334,1,1774,952,588,0.0005163992524907295,3,,exploratory_partial_surface_not_physically_validated
fx10_upper_001016,fx10,1016,73806,2,1667,872,589,0.0005168697300304022,3,,exploratory_partial_surface_not_physically_validated
fx10_upper_000918,fx10,918,73309,2,1662,864,590,0.0005172006479443336,3,,exploratory_partial_surface_not_physically_validated
fx10_upper_001675,fx10,1675,105761,1,1771,898,591,0.000518113694174209,3,,exploratory_partial_surface_not_physically_validated
fx10_upper_002278,fx10,2278,114292,1,1806,953,592,0.0005182164481492334,3,,exploratory_partial_surface_not_physically_validated
fx10_upper_000008,fx10,8,36947,2,1604,919,593,0.0005183016450135219,3,,exploratory_partial_surface_not_physically_validated
fx10_upper_002335,fx10,2335,18586,1,1826,920,594,0.0005190223178957291,3,,exploratory_partial_surface_not_physically_validated
fx10_upper_001869,fx10,1869,105954,1,1779,926,595,0.0005193334744301418,3,,exploratory_partial_surface_not_physically_validated
fx10_upper_001453,fx10,1453,97361,1,1760,910,596,0.0005199460110374942,3,,exploratory_partial_surface_not_physically_validated
fx10_upper_000578,fx10,578,73132,2,1646,882,597,0.0005213405149897343,3,,exploratory_partial_surface_not_physically_validated
fx10_upper_001628,fx10,1628,583,1,1768,936,598,0.0005213568735658312,3,,exploratory_partial_surface_not_physically_validated
fx10_upper_001002,fx10,1002,73340,2,1666,871,599,0.0005215834516804275,3,,exploratory_partial_surface_not_physically_validated
fx10_upper_000324,fx10,324,27272,2,1636,916,600,0.0005220824460764141,3,,exploratory_partial_surface_not_physically_validated
fx10_upper_000332,fx10,332,56699,2,1636,947,601,0.0005229635738897611,3,,exploratory_partial_surface_not_physically_validated
fx10_upper_001159,fx10,1159,73931,2,1678,875,602,0.0005231763635890647,3,,exploratory_partial_surface_not_physically_validated
fx10_upper_001523,fx10,1523,540,1,1763,945,603,0.0005234877772390508,3,,exploratory_partial_surface_not_physically_validated
fx10_upper_001924,fx10,1924,106034,1,1782,898,604,0.0005237576870271586,3,,exploratory_partial_surface_not_physically_validated
fx10_upper_001267,fx10,1267,80002,2,1689,903,605,0.0005245033264173706,3,,exploratory_partial_surface_not_physically_validated
fx10_upper_000146,fx10,146,56310,2,1626,968,606,0.0005249792245200914,3,,exploratory_partial_surface_not_physically_validated
fx10_upper_000875,fx10,875,15988,2,1659,949,607,0.0005252166136744618,3,,exploratory_partial_surface_not_physically_validated
fx10_upper_000166,fx10,166,56342,2,1627,969,608,0.0005267331206497253,3,,exploratory_partial_surface_not_physically_validated
fx10_upper_000426,fx10,426,65772,2,1640,930,609,0.0005271316245512769,3,,exploratory_partial_surface_not_physically_validated
fx10_upper_000122,fx10,122,65788,2,1625,932,610,0.0005273031184306625,3,,exploratory_partial_surface_not_physically_validated
fx10_upper_002207,fx10,2207,114105,1,1797,976,611,0.0005276102498492724,3,,exploratory_partial_surface_not_physically_validated
fx10_upper_000916,fx10,916,67152,2,1662,861,612,0.000529015782613849,3,,exploratory_partial_surface_not_physically_validated
fx10_upper_001042,fx10,1042,72749,2,1668,901,613,0.0005290983454395242,3,,exploratory_partial_surface_not_physically_validated
fx10_upper_001199,fx10,1199,72993,2,1681,901,614,0.0005296655989275534,3,,exploratory_partial_surface_not_physically_validated
fx10_upper_002015,fx10,2015,106106,1,1786,933,615,0.0005297568229262402,3,,exploratory_partial_surface_not_physically_validated
fx10_upper_001849,fx10,1849,105715,1,1778,937,616,0.0005298800403814927,3,,exploratory_partial_surface_not_physically_validated
fx10_upper_002161,fx10,2161,106588,1,1795,912,617,0.000530120830570386,3,,exploratory_partial_surface_not_physically_validated
fx10_upper_001489,fx10,1489,97398,1,1762,897,618,0.0005308280167466669,3,,exploratory_partial_surface_not_physically_validated
fx10_upper_001245,fx10,1245,73085,2,1686,904,619,0.0005325371152398698,3,,exploratory_partial_surface_not_physically_validated
fx10_upper_001614,fx10,1614,97521,1,1768,889,620,0.0005335757768136392,3,,exploratory_partial_surface_not_physically_validated
fx10_upper_000141,fx10,141,56294,2,1626,945,621,0.000533615681333439,3,,exploratory_partial_surface_not_physically_validated
fx10_upper_001146,fx10,1146,72935,2,1676,917,622,0.0005337336337597661,3,,exploratory_partial_surface_not_physically_validated
fx10_upper_001191,fx10,1191,73007,2,1680,917,623,0.0005352536328744677,3,,exploratory_partial_surface_not_physically_validated
fx10_upper_001190,fx10,1190,72988,2,1680,913,624,0.0005353970377609917,3,,exploratory_partial_surface_not_physically_validated
fx10_upper_000534,fx10,534,72199,2,1644,926,625,0.0005355241313456293,3,,exploratory_partial_surface_not_physically_validated
fx10_upper_000683,fx10,683,73171,2,1650,881,626,0.0005361506448883448,3,,exploratory_partial_surface_not_physically_validated
fx10_upper_001252,fx10,1252,73106,2,1687,901,627,0.0005364148512003385,3,,exploratory_partial_surface_not_physically_validated
fx10_upper_001789,fx10,1789,105875,1,1776,899,628,0.0005364312477854825,3,,exploratory_partial_surface_not_physically_validated
fx10_upper_000129,fx10,129,56313,2,1625,967,629,0.0005364672779138955,3,,exploratory_partial_surface_not_physically_validated
fx10_upper_001175,fx10,1175,72951,2,1679,884,630,0.0005366795405594583,3,,exploratory_partial_surface_not_physically_validated
fx10_upper_001378,fx10,1378,97250,1,1756,913,631,0.0005372524995033446,3,,exploratory_partial_surface_not_physically_validated
fx10_upper_001885,fx10,1885,105974,1,1780,897,632,0.0005374659624057897,3,,exploratory_partial_surface_not_physically_validated
fx10_upper_001373,fx10,1373,97260,1,1756,901,633,0.0005378368481045993,3,,exploratory_partial_surface_not_physically_validated
fx10_upper_000889,fx10,889,72606,2,1660,905,634,0.0005379337032215606,3,,exploratory_partial_surface_not_physically_validated
fx10_upper_001492,fx10,1492,97390,1,1762,910,635,0.0005381558449647287,3,,exploratory_partial_surface_not_physically_validated
fx10_upper_000826,fx10,826,73241,2,1657,874,636,0.0005382410340822443,3,,exploratory_partial_surface_not_physically_validated
fx10_upper_000877,fx10,877,67086,2,1660,863,637,0.0005385845232039531,3,,exploratory_partial_surface_not_physically_validated
fx10_upper_001366,fx10,1366,449,1,1755,938,638,0.0005387685915278448,3,,exploratory_partial_surface_not_physically_validated
fx10_upper_001162,fx10,1162,72950,2,1678,887,639,0.0005391993567827541,3,,exploratory_partial_surface_not_physically_validated
fx10_upper_001230,fx10,1230,73065,2,1684,903,640,0.0005394879670392904,3,,exploratory_partial_surface_not_physically_validated
fx10_upper_000089,fx10,89,37158,2,1622,930,641,0.0005400910716893579,3,,exploratory_partial_surface_not_physically_validated
fx10_upper_001622,fx10,1622,97505,1,1768,914,642,0.0005401900097141931,3,,exploratory_partial_surface_not_physically_validated
fx10_upper_000502,fx10,502,71863,2,1643,928,643,0.0005403065931781643,3,,exploratory_partial_surface_not_physically_validated
fx10_upper_002198,fx10,2198,47924,1,1797,930,644,0.0005412788021335933,3,,exploratory_partial_surface_not_physically_validated
fx10_upper_001884,fx10,1884,105942,1,1780,892,645,0.0005414800781046828,3,,exploratory_partial_surface_not_physically_validated
fx10_upper_000836,fx10,836,72516,2,1657,900,646,0.0005414958715697665,3,,exploratory_partial_surface_not_physically_validated
fx10_upper_001923,fx10,1923,106035,1,1782,896,647,0.0005421040509452027,3,,exploratory_partial_surface_not_physically_validated
fx10_upper_001307,fx10,1307,97157,1,1752,899,648,0.000543805477445653,3,,exploratory_partial_surface_not_physically_validated
fx10_upper_001239,fx10,1239,74014,2,1686,873,649,0.0005457446265884065,3,,exploratory_partial_surface_not_physically_validated
fx10_upper_000148,fx10,148,26951,2,1627,900,650,0.0005460918543748562,3,,exploratory_partial_surface_not_physically_validated
fx10_upper_000531,fx10,531,72184,2,1644,905,651,0.0005466502478064392,3,,exploratory_partial_surface_not_physically_validated
fx10_upper_001514,fx10,1514,97415,1,1763,915,652,0.0005470984880480909,3,,exploratory_partial_surface_not_physically_validated
fx10_upper_000535,fx10,535,71875,2,1644,928,653,0.000547385315911332,3,,exploratory_partial_surface_not_physically_validated
fx10_upper_001822,fx10,1822,105888,1,1777,924,654,0.0005481508140373006,3,,exploratory_partial_surface_not_physically_validated
fx10_upper_002303,fx10,2303,18374,1,1819,922,655,0.000549137391107877,3,,exploratory_partial_surface_not_physically_validated
fx10_upper_000331,fx10,331,56737,2,1636,941,656,0.0005493346579854914,3,,exploratory_partial_surface_not_physically_validated
fx10_upper_001705,fx10,1705,105772,1,1772,926,657,0.0005494148101495324,3,,exploratory_partial_surface_not_physically_validated
fx10_upper_002189,fx10,2189,114073,1,1796,977,658,0.0005494392525557492,3,,exploratory_partial_surface_not_physically_validated
fx10_upper_001181,fx10,1181,72985,2,1679,916,659,0.0005496994045273876,3,,exploratory_partial_surface_not_physically_validated
fx10_upper_001152,fx10,1152,72943,2,1677,901,660,0.0005498098992328539,3,,exploratory_partial_surface_not_physically_validated
fx10_upper_000240,fx10,240,27162,2,1632,902,661,0.000550880349485905,3,,exploratory_partial_surface_not_physically_validated
fx10_upper_001515,fx10,1515,97444,1,1763,917,662,0.0005509400958229174,3,,exploratory_partial_surface_not_physically_validated
fx10_upper_002178,fx10,2178,106585,1,1796,917,663,0.0005522060881390076,3,,exploratory_partial_surface_not_physically_validated
fx10_upper_001116,fx10,1116,72856,2,1674,904,664,0.0005523120123835613,3,,exploratory_partial_surface_not_physically_validated
fx10_upper_001703,fx10,1703,105775,1,1772,920,665,0.0005528788149534148,3,,exploratory_partial_surface_not_physically_validated
fx10_upper_000554,fx10,554,72217,2,1645,901,666,0.0005535135479990943,3,,exploratory_partial_surface_not_physically_validated
fx10_upper_000337,fx10,337,56651,2,1636,965,667,0.0005537070227619736,3,,exploratory_partial_surface_not_physically_validated
fx10_upper_000155,fx10,155,56302,2,1627,934,668,0.0005546681661108583,3,,exploratory_partial_surface_not_physically_validated
fx10_upper_000793,fx10,793,72448,2,1655,906,669,0.0005547444289210739,3,,exploratory_partial_surface_not_physically_validated
fx10_upper_001742,fx10,1742,105820,1,1774,896,670,0.0005547761645879855,3,,exploratory_partial_surface_not_physically_validated
fx10_upper_000420,fx10,420,27374,2,1640,904,671,0.0005560204874444254,3,,exploratory_partial_surface_not_physically_validated
fx10_upper_001911,fx10,1911,105997,1,1781,911,672,0.0005571205505070661,3,,exploratory_partial_surface_not_physically_validated
fx10_upper_000142,fx10,142,56322,2,1626,949,673,0.0005572063410899409,3,,exploratory_partial_surface_not_physically_validated
fx10_upper_000951,fx10,951,72137,2,1663,954,674,0.0005577885155502147,3,,exploratory_partial_surface_not_physically_validated
fx10_upper_002022,fx10,2022,7967,1,1787,870,675,0.0005578246085230055,3,,exploratory_partial_surface_not_physically_validated
fx10_upper_000977,fx10,977,67213,2,1665,858,676,0.0005583390138379079,3,,exploratory_partial_surface_not_physically_validated
fx10_upper_000828,fx10,828,73237,2,1657,878,677,0.0005591661801186569,3,,exploratory_partial_surface_not_physically_validated
fx10_upper_001430,fx10,1430,97336,1,1759,898,678,0.0005596760474893892,3,,exploratory_partial_surface_not_physically_validated
fx10_upper_001967,fx10,1967,106079,1,1784,917,679,0.0005600147800031206,3,,exploratory_partial_surface_not_physically_validated
fx10_upper_001636,fx10,1636,97555,1,1769,885,680,0.0005613832223653147,3,,exploratory_partial_surface_not_physically_validated
fx10_upper_000834,fx10,834,72488,2,1657,893,681,0.0005623250404948137,3,,exploratory_partial_surface_not_physically_validated
fx10_upper_001337,fx10,1337,97221,1,1754,906,682,0.00056259754343841,3,,exploratory_partial_surface_not_physically_validated
fx10_upper_001147,fx10,1147,73915,2,1677,875,683,0.000563192362637331,3,,exploratory_partial_surface_not_physically_validated
fx10_upper_000024,fx10,24,37016,2,1610,922,684,0.0005634777700278007,3,,exploratory_partial_surface_not_physically_validated
fx10_upper_000869,fx10,869,72576,2,1659,904,685,0.000563793925081258,3,,exploratory_partial_surface_not_physically_validated
fx10_upper_000207,fx10,207,65881,2,1630,929,686,0.0005641694812429701,3,,exploratory_partial_surface_not_physically_validated
fx10_upper_000136,fx10,136,65789,2,1626,932,687,0.0005645926559648069,3,,exploratory_partial_surface_not_physically_validated
fx10_upper_001109,fx10,1109,73889,2,1674,868,688,0.0005646510510317243,3,,exploratory_partial_surface_not_physically_validated
fx10_upper_000037,fx10,37,37078,2,1615,920,689,0.0005648136379680248,3,,exploratory_partial_surface_not_physically_validated
fx10_upper_000670,fx10,670,71907,2,1649,929,690,0.0005648346226059533,3,,exploratory_partial_surface_not_physically_validated
fx10_upper_000453,fx10,453,27389,2,1641,926,691,0.0005650959304353116,3,,exploratory_partial_surface_not_physically_validated
fx10_upper_001576,fx10,1576,568,1,1766,936,692,0.0005652778931350276,3,,exploratory_partial_surface_not_physically_validated
fx10_upper_002293,fx10,2293,18382,1,1818,913,693,0.0005654005109587472,3,,exploratory_partial_surface_not_physically_validated
fx10_upper_000818,fx10,818,71956,2,1656,938,694,0.000565444011253688,3,,exploratory_partial_surface_not_physically_validated
fx10_upper_000721,fx10,721,15881,2,1651,949,695,0.0005661001387405394,3,,exploratory_partial_surface_not_physically_validated
fx10_upper_000326,fx10,326,27265,2,1636,924,696,0.0005663663030355137,3,,exploratory_partial_surface_not_physically_validated
fx10_upper_001494,fx10,1494,97384,1,1762,919,697,0.0005666881563472459,3,,exploratory_partial_surface_not_physically_validated
fx10_upper_002182,fx10,2182,106562,1,1796,926,698,0.0005673532617032569,3,,exploratory_partial_surface_not_physically_validated
fx10_upper_000232,fx10,232,56517,2,1631,963,699,0.0005674565781102398,3,,exploratory_partial_surface_not_physically_validated
fx10_upper_000771,fx10,771,72463,2,1654,889,700,0.0005678999218224462,3,,exploratory_partial_surface_not_physically_validated
fx10_upper_000536,fx10,536,71873,2,1644,929,701,0.0005695110297809875,3,,exploratory_partial_surface_not_physically_validated
fx10_upper_001261,fx10,1261,79999,2,1688,906,702,0.0005697419158460698,3,,exploratory_partial_surface_not_physically_validated
fx10_upper_000130,fx10,130,26954,2,1626,897,703,0.0005701587081384858,3,,exploratory_partial_surface_not_physically_validated
fx10_upper_001070,fx10,1070,72780,2,1670,903,704,0.0005701749394294892,3,,exploratory_partial_surface_not_physically_validated
fx10_upper_002331,fx10,2331,18589,1,1825,917,705,0.0005704923918338863,3,,exploratory_partial_surface_not_physically_validated
fx10_upper_001481,fx10,1481,530,1,1761,942,706,0.0005705338872972097,3,,exploratory_partial_surface_not_physically_validated
fx10_upper_002255,fx10,2255,106744,1,1802,930,707,0.0005708314354601503,3,,exploratory_partial_surface_not_physically_validated
fx10_upper_001956,fx10,1956,7939,1,1784,867,708,0.0005709887266811027,3,,exploratory_partial_surface_not_physically_validated
fx10_upper_001516,fx10,1516,97414,1,1763,919,709,0.0005712017462217775,3,,exploratory_partial_surface_not_physically_validated
fx10_upper_001577,fx10,1577,566,1,1766,938,710,0.000571589583808871,3,,exploratory_partial_surface_not_physically_validated
fx10_upper_002296,fx10,2296,18373,1,1818,922,711,0.0005720146510392938,3,,exploratory_partial_surface_not_physically_validated
fx10_upper_001561,fx10,1561,561,1,1765,948,712,0.0005724916909920555,3,,exploratory_partial_surface_not_physically_validated
fx10_upper_001936,fx10,1936,7922,1,1783,873,713,0.0005729888771507352,3,,exploratory_partial_surface_not_physically_validated
fx10_upper_001421,fx10,1421,483,1,1758,937,714,0.0005736396030606276,3,,exploratory_partial_surface_not_physically_validated
fx10_upper_001871,fx10,1871,105917,1,1779,930,715,0.0005739433253831481,3,,exploratory_partial_surface_not_physically_validated
fx10_upper_000013,fx10,13,36981,2,1606,919,716,0.0005744793272518759,2,,exploratory_partial_surface_not_physically_validated
fx10_upper_000333,fx10,333,56698,2,1636,948,717,0.0005745517678021721,3,,exploratory_partial_surface_not_physically_validated
fx10_upper_000250,fx10,250,56529,2,1632,950,718,0.0005745823629093768,3,,exploratory_partial_surface_not_physically_validated
fx10_upper_001479,fx10,1479,97350,1,1761,930,719,0.0005746279781701911,3,,exploratory_partial_surface_not_physically_validated
fx10_upper_001728,fx10,1728,105799,1,1773,926,720,0.0005746334848197495,3,,exploratory_partial_surface_not_physically_validated
fx10_upper_002009,fx10,2009,106120,1,1786,913,721,0.0005747798918448649,3,,exploratory_partial_surface_not_physically_validated
fx10_upper_000552,fx10,552,72219,2,1645,896,722,0.0005756691258769996,3,,exploratory_partial_surface_not_physically_validated
fx10_upper_000772,fx10,772,72458,2,1654,895,723,0.0005761953452939646,3,,exploratory_partial_surface_not_physically_validated
fx10_upper_000605,fx10,605,73145,2,1647,883,724,0.0005767840375551049,3,,exploratory_partial_surface_not_physically_validated
fx10_upper_001429,fx10,1429,97339,1,1759,896,725,0.0005769564108756835,3,,exploratory_partial_surface_not_physically_validated
fx10_upper_001860,fx10,1860,105940,1,1779,896,726,0.0005769890997053297,3,,exploratory_partial_surface_not_physically_validated
fx10_upper_000249,fx10,249,56531,2,1632,948,727,0.0005771418689988151,3,,exploratory_partial_surface_not_physically_validated
fx10_upper_000181,fx10,181,56353,2,1628,948,728,0.0005774324688714351,3,,exploratory_partial_surface_not_physically_validated
fx10_upper_001271,fx10,1271,80076,2,1690,898,729,0.000577605475690512,3,,exploratory_partial_surface_not_physically_validated
fx10_upper_000601,fx10,601,71294,2,1646,991,730,0.0005778800966134884,3,,exploratory_partial_surface_not_physically_validated
fx10_upper_001129,fx10,1129,72884,2,1675,901,731,0.000578087736535903,3,,exploratory_partial_surface_not_physically_validated
fx10_upper_000673,fx10,673,71901,2,1649,939,732,0.0005782071349572837,3,,exploratory_partial_surface_not_physically_validated
fx10_upper_002045,fx10,2045,7980,1,1788,874,733,0.0005786899368447108,3,,exploratory_partial_surface_not_physically_validated
fx10_upper_000914,fx10,914,72106,2,1661,951,734,0.0005790253968374477,3,,exploratory_partial_surface_not_physically_validated
fx10_upper_001906,fx10,1906,106005,1,1781,898,735,0.0005803722065378046,3,,exploratory_partial_surface_not_physically_validated
fx10_upper_000781,fx10,781,15907,2,1654,948,736,0.0005811860293068631,3,,exploratory_partial_surface_not_physically_validated
fx10_upper_000720,fx10,720,15858,2,1651,948,737,0.0005812124862199764,3,,exploratory_partial_surface_not_physically_validated
fx10_upper_001158,fx10,1158,72936,2,1677,916,738,0.000581488608301069,3,,exploratory_partial_surface_not_physically_validated
fx10_upper_001506,fx10,1506,97426,1,1763,895,739,0.0005824698403253225,3,,exploratory_partial_surface_not_physically_validated
fx10_upper_001573,fx10,1573,97469,1,1766,923,740,0.0005829181774710218,3,,exploratory_partial_surface_not_physically_validated
fx10_upper_000795,fx10,795,72500,2,1655,922,741,0.0005835578443193096,3,,exploratory_partial_surface_not_physically_validated
fx10_upper_000731,fx10,731,72378,2,1652,898,742,0.0005838193518778244,3,,exploratory_partial_surface_not_physically_validated
fx10_upper_000664,fx10,664,72333,2,1649,898,743,0.0005847144566759502,3,,exploratory_partial_surface_not_physically_validated
fx10_upper_000437,fx10,437,56748,2,1640,966,744,0.0005849912311079045,3,,exploratory_partial_surface_not_physically_validated
fx10_upper_001036,fx10,1036,73822,2,1668,874,745,0.000585667009032414,3,,exploratory_partial_surface_not_physically_validated
fx10_upper_000370,fx10,370,27313,2,1638,898,746,0.0005860970302252619,3,,exploratory_partial_surface_not_physically_validated
fx10_upper_002242,fx10,2242,114159,1,1800,949,747,0.0005867658647566961,3,,exploratory_partial_surface_not_physically_validated
fx10_upper_001015,fx10,1015,73807,2,1667,870,748,0.000587029623255801,3,,exploratory_partial_surface_not_physically_validated
fx10_upper_000465,fx10,465,56783,2,1641,969,749,0.0005873783495780951,3,,exploratory_partial_surface_not_physically_validated
fx10_upper_001232,fx10,1232,74013,2,1685,874,750,0.0005882557619349081,3,,exploratory_partial_surface_not_physically_validated
fx10_upper_001482,fx10,1482,529,1,1761,945,751,0.0005883083666128932,3,,exploratory_partial_surface_not_physically_validated
fx10_upper_001193,fx10,1193,73961,2,1681,880,752,0.0005883830135964067,3,,exploratory_partial_surface_not_physically_validated
fx10_upper_002283,fx10,2283,114355,1,1807,954,753,0.0005893106627393592,3,,exploratory_partial_surface_not_physically_validated
fx10_upper_001085,fx10,1085,73849,2,1672,878,754,0.0005900953633256504,3,,exploratory_partial_surface_not_physically_validated
fx10_upper_001814,fx10,1814,105907,1,1777,896,755,0.0005906968338891561,3,,exploratory_partial_surface_not_physically_validated
fx10_upper_001898,fx10,1898,7893,1,1781,877,756,0.0005909061655728759,3,,exploratory_partial_surface_not_physically_validated
fx10_upper_001086,fx10,1086,72818,2,1672,881,757,0.0005909462428643461,3,,exploratory_partial_surface_not_physically_validated
fx10_upper_002313,fx10,2313,18448,1,1821,919,758,0.0005911952461972424,3,,exploratory_partial_surface_not_physically_validated
fx10_upper_001029,fx10,1029,73407,2,1668,856,759,0.000591619160650669,3,,exploratory_partial_surface_not_physically_validated
fx10_upper_000839,fx10,839,71962,2,1657,928,760,0.0005917859573390289,3,,exploratory_partial_surface_not_physically_validated
fx10_upper_001527,fx10,1527,104777,1,1763,956,761,0.0005924732405954675,3,,exploratory_partial_surface_not_physically_validated
fx10_upper_000658,fx10,658,73160,2,1649,877,762,0.0005926649196730588,3,,exploratory_partial_surface_not_physically_validated
fx10_upper_001661,fx10,1661,97564,1,1770,919,763,0.0005932646668664078,3,,exploratory_partial_surface_not_physically_validated
fx10_upper_001508,fx10,1508,97424,1,1763,898,764,0.000593575950041275,3,,exploratory_partial_surface_not_physically_validated
fx10_upper_000177,fx10,177,56333,2,1628,937,765,0.0005937366308930406,3,,exploratory_partial_surface_not_physically_validated
fx10_upper_000609,fx10,609,72259,2,1647,893,766,0.0005941314547473876,3,,exploratory_partial_surface_not_physically_validated
fx10_upper_002037,fx10,2037,106108,1,1787,927,767,0.0005941653014120845,3,,exploratory_partial_surface_not_physically_validated
fx10_upper_001427,fx10,1427,43562,1,1759,883,768,0.0005952261436539574,3,,exploratory_partial_surface_not_physically_validated
fx10_upper_000560,fx10,560,71871,2,1645,931,769,0.0005954243335758053,3,,exploratory_partial_surface_not_physically_validated
fx10_upper_001549,fx10,1549,97485,1,1765,895,770,0.0005961718343858826,3,,exploratory_partial_surface_not_physically_validated
fx10_upper_000634,fx10,634,72303,2,1648,885,771,0.0005967382090590155,3,,exploratory_partial_surface_not_physically_validated
fx10_upper_001953,fx10,1953,105985,1,1783,930,772,0.0005968815638370655,3,,exploratory_partial_surface_not_physically_validated
fx10_upper_000323,fx10,323,27232,2,1636,913,773,0.0005985994981399692,3,,exploratory_partial_surface_not_physically_validated
fx10_upper_000004,fx10,4,36921,2,1602,923,774,0.0006000964287428549,3,,exploratory_partial_surface_not_physically_validated
fx10_upper_001485,fx10,1485,43569,1,1762,881,775,0.0006001171626510322,3,,exploratory_partial_surface_not_physically_validated
fx10_upper_001591,fx10,1591,97547,1,1767,902,776,0.0006001950852327172,3,,exploratory_partial_surface_not_physically_validated
fx10_upper_000366,fx10,366,56678,2,1637,974,777,0.0006007865328567957,3,,exploratory_partial_surface_not_physically_validated
fx10_upper_002209,fx10,2209,106658,1,1798,915,778,0.0006020940426228151,3,,exploratory_partial_surface_not_physically_validated
fx10_upper_000967,fx10,967,72685,2,1664,902,779,0.0006032371884513393,3,,exploratory_partial_surface_not_physically_validated
fx10_upper_000697,fx10,697,71912,2,1650,939,780,0.0006032676163518876,3,,exploratory_partial_surface_not_physically_validated
fx10_upper_000843,fx10,843,15965,2,1657,949,781,0.0006038425248542564,3,,exploratory_partial_surface_not_physically_validated
fx10_upper_001605,fx10,1605,574,1,1767,938,782,0.0006040875927009221,3,,exploratory_partial_surface_not_physically_validated
fx10_upper_001524,fx10,1524,549,1,1763,949,783,0.0006049868198287744,3,,exploratory_partial_surface_not_physically_validated
fx10_upper_000561,fx10,561,71870,2,1645,935,784,0.0006051496409242038,3,,exploratory_partial_surface_not_physically_validated
fx10_upper_000931,fx10,931,72110,2,1662,948,785,0.0006053822352171283,3,,exploratory_partial_surface_not_physically_validated
fx10_upper_000424,fx10,424,27358,2,1640,921,786,0.0006064467685002646,3,,exploratory_partial_surface_not_physically_validated
fx10_upper_002291,fx10,2291,18339,1,1817,922,787,0.0006066876512656734,3,,exploratory_partial_surface_not_physically_validated
fx10_upper_002220,fx10,2220,114088,1,1798,953,788,0.0006077686744852723,3,,exploratory_partial_surface_not_physically_validated
fx10_upper_000784,fx10,784,73227,2,1655,873,789,0.0006089532718616647,3,,exploratory_partial_surface_not_physically_validated
fx10_upper_001751,fx10,1751,105833,1,1774,920,790,0.0006095974109446412,3,,exploratory_partial_surface_not_physically_validated
fx10_upper_001488,fx10,1488,97399,1,1762,895,791,0.0006096599645326449,3,,exploratory_partial_surface_not_physically_validated
fx10_upper_000942,fx10,942,72635,2,1663,899,792,0.0006097441559447484,3,,exploratory_partial_surface_not_physically_validated
fx10_upper_001471,fx10,1471,97370,1,1761,894,793,0.0006102134104555331,3,,exploratory_partial_surface_not_physically_validated
fx10_upper_001180,fx10,1180,72986,2,1679,915,794,0.0006103400344956135,3,,exploratory_partial_surface_not_physically_validated
fx10_upper_000568,fx10,568,56856,2,1645,966,795,0.0006107685304706769,3,,exploratory_partial_surface_not_physically_validated
fx10_upper_000555,fx10,555,72216,2,1645,903,796,0.000610775309488815,3,,exploratory_partial_surface_not_physically_validated
fx10_upper_001043,fx10,1043,34012,2,1668,941,797,0.0006117861353702563,3,,exploratory_partial_surface_not_physically_validated
fx10_upper_001948,fx10,1948,106054,1,1783,914,798,0.0006117883643422137,3,,exploratory_partial_surface_not_physically_validated
fx10_upper_002223,fx10,2223,106727,1,1799,915,799,0.0006127730273295566,3,,exploratory_partial_surface_not_physically_validated
fx10_upper_001081,fx10,1081,72807,2,1671,902,800,0.00061291705327818,3,,exploratory_partial_surface_not_physically_validated
fx10_upper_000859,fx10,859,72002,2,1658,941,801,0.0006129489438396403,3,,exploratory_partial_surface_not_physically_validated
fx10_upper_002080,fx10,2080,105629,1,1789,942,802,0.0006131485847482738,3,,exploratory_partial_surface_not_physically_validated
fx10_upper_002125,fx10,2125,113956,1,1792,952,803,0.000613219686866006,3,,exploratory_partial_surface_not_physically_validated
fx10_upper_000925,fx10,925,72607,2,1662,902,804,0.0006136845150759617,3,,exploratory_partial_surface_not_physically_validated
fx10_upper_001077,fx10,1077,72813,2,1671,889,805,0.0006138532636772721,3,,exploratory_partial_surface_not_physically_validated
fx10_upper_000153,fx10,153,65817,2,1627,929,806,0.0006143001016515634,3,,exploratory_partial_surface_not_physically_validated
fx10_upper_000350,fx10,350,27271,2,1637,918,807,0.0006149266628361412,3,,exploratory_partial_surface_not_physically_validated
fx10_upper_000208,fx10,208,56374,2,1630,939,808,0.0006151765969131764,3,,exploratory_partial_surface_not_physically_validated
fx10_upper_000903,fx10,903,72612,2,1661,893,809,0.0006152352193960332,3,,exploratory_partial_surface_not_physically_validated
fx10_upper_001008,fx10,1008,72692,2,1666,891,810,0.0006152562525372738,3,,exploratory_partial_surface_not_physically_validated
fx10_upper_001896,fx10,1896,7882,1,1781,873,811,0.000615428432414863,3,,exploratory_partial_surface_not_physically_validated
fx10_upper_000610,fx10,610,72258,2,1647,895,812,0.0006173547187363043,3,,exploratory_partial_surface_not_physically_validated
fx10_upper_001702,fx10,1702,105776,1,1772,919,813,0.0006175853081610277,3,,exploratory_partial_surface_not_physically_validated
fx10_upper_001219,fx10,1219,73041,2,1683,900,814,0.0006182416646896779,3,,exploratory_partial_surface_not_physically_validated
fx10_upper_002043,fx10,2043,105561,1,1787,955,815,0.0006182921601416442,3,,exploratory_partial_surface_not_physically_validated
fx10_upper_000229,fx10,229,56463,2,1631,951,816,0.0006185002599713519,3,,exploratory_partial_surface_not_physically_validated
fx10_upper_000983,fx10,983,73316,2,1665,878,817,0.0006189291952518101,3,,exploratory_partial_surface_not_physically_validated
fx10_upper_001260,fx10,1260,80001,2,1688,904,818,0.0006192338555901353,3,,exploratory_partial_surface_not_physically_validated
fx10_upper_001037,fx10,1037,73820,2,1668,876,819,0.0006197898137764585,3,,exploratory_partial_surface_not_physically_validated
fx10_upper_000976,fx10,976,33958,2,1664,954,820,0.0006200263104256229,3,,exploratory_partial_surface_not_physically_validated
fx10_upper_000964,fx10,964,72664,2,1664,892,821,0.0006210849268800653,3,,exploratory_partial_surface_not_physically_validated
fx10_upper_001395,fx10,1395,97298,1,1757,909,822,0.0006211743811553018,3,,exploratory_partial_surface_not_physically_validated
fx10_upper_001133,fx10,1133,72877,2,1675,915,823,0.0006221855210858096,3,,exploratory_partial_surface_not_physically_validated
fx10_upper_001633,fx10,1633,43612,1,1769,878,824,0.0006228613609919111,3,,exploratory_partial_surface_not_physically_validated
fx10_upper_000986,fx10,986,72665,2,1665,891,825,0.0006232013558984786,3,,exploratory_partial_surface_not_physically_validated
fx10_upper_000644,fx10,644,71897,2,1648,928,826,0.0006232392293342206,3,,exploratory_partial_surface_not_physically_validated
fx10_upper_000438,fx10,438,56743,2,1640,971,827,0.0006235975848670511,3,,exploratory_partial_surface_not_physically_validated
fx10_upper_001338,fx10,1338,97218,1,1754,909,828,0.0006239996962743197,3,,exploratory_partial_surface_not_physically_validated
fx10_upper_001143,fx10,1143,72911,2,1676,911,829,0.0006242126329068015,3,,exploratory_partial_surface_not_physically_validated
fx10_upper_000354,fx10,354,65749,2,1637,926,830,0.0006255695073930079,3,,exploratory_partial_surface_not_physically_validated
fx10_upper_000351,fx10,351,27269,2,1637,920,831,0.0006258920525543843,3,,exploratory_partial_surface_not_physically_validated
fx10_upper_000425,fx10,425,65773,2,1640,929,832,0.0006259768717851789,3,,exploratory_partial_surface_not_physically_validated
fx10_upper_001091,fx10,1091,72833,2,1672,901,833,0.0006263879473713618,3,,exploratory_partial_surface_not_physically_validated
fx10_upper_001462,fx10,1462,97348,1,1760,932,834,0.0006273727526798558,3,,exploratory_partial_surface_not_physically_validated
fx10_upper_001603,fx10,1603,97493,1,1767,933,835,0.0006282119599038295,3,,exploratory_partial_surface_not_physically_validated
fx10_upper_001815,fx10,1815,105906,1,1777,897,836,0.0006287763702145185,3,,exploratory_partial_surface_not_physically_validated
fx10_upper_001347,fx10,1347,97199,1,1754,931,837,0.0006288154506196981,3,,exploratory_partial_surface_not_physically_validated
fx10_upper_001500,fx10,1500,537,1,1762,951,838,0.0006288244238254951,3,,exploratory_partial_surface_not_physically_validated
fx10_upper_001423,fx10,1423,509,1,1758,941,839,0.0006289288301883214,3,,exploratory_partial_surface_not_physically_validated
fx10_upper_001788,fx10,1788,105876,1,1776,897,840,0.0006296341920114505,3,,exploratory_partial_surface_not_physically_validated
fx10_upper_001897,fx10,1897,7880,1,1781,875,841,0.0006301663443458839,3,,exploratory_partial_surface_not_physically_validated
fx10_upper_000646,fx10,646,71902,2,1648,937,842,0.0006304913337865201,3,,exploratory_partial_surface_not_physically_validated
fx10_upper_002172,fx10,2172,114021,1,1795,951,843,0.0006310462723090277,3,,exploratory_partial_surface_not_physically_validated
fx10_upper_001484,fx10,1484,526,1,1761,951,844,0.000631725759790789,3,,exploratory_partial_surface_not_physically_validated
fx10_upper_002153,fx10,2153,47912,1,1794,933,845,0.0006322336209977531,3,,exploratory_partial_surface_not_physically_validated
fx10_upper_001848,fx10,1848,105719,1,1778,935,846,0.0006323564771258132,3,,exploratory_partial_surface_not_physically_validated
fx10_upper_000418,fx10,418,27346,2,1640,893,847,0.0006325818989728128,3,,exploratory_partial_surface_not_physically_validated
fx10_upper_001835,fx10,1835,7835,1,1778,881,848,0.0006326290181098328,3,,exploratory_partial_surface_not_physically_validated
fx10_upper_000028,fx10,28,37030,2,1611,924,849,0.0006329701822805575,3,,exploratory_partial_surface_not_physically_validated
fx10_upper_001110,fx10,1110,73883,2,1674,878,850,0.0006334631110685421,3,,exploratory_partial_surface_not_physically_validated
fx10_upper_001755,fx10,1755,105699,1,1774,937,851,0.0006340207959881368,3,,exploratory_partial_surface_not_physically_validated
fx10_upper_000958,fx10,958,73321,2,1664,871,852,0.0006340989187128744,3,,exploratory_partial_surface_not_physically_validated
fx10_upper_000963,fx10,963,72666,2,1664,891,853,0.0006345796784993059,3,,exploratory_partial_surface_not_physically_validated
fx10_upper_001440,fx10,1440,97320,1,1759,928,854,0.0006358885533217399,3,,exploratory_partial_surface_not_physically_validated
fx10_upper_001167,fx10,1167,72944,2,1678,900,855,0.0006364357692856471,3,,exploratory_partial_surface_not_physically_validated
fx10_upper_001188,fx10,1188,72991,2,1680,905,856,0.0006367919296349498,3,,exploratory_partial_surface_not_physically_validated
fx10_upper_002062,fx10,2062,105588,1,1788,955,857,0.0006368824346731719,3,,exploratory_partial_surface_not_physically_validated
fx10_upper_000396,fx10,396,27312,2,1639,899,858,0.000637799788624345,3,,exploratory_partial_surface_not_physically_validated
fx10_upper_001912,fx10,1912,105994,1,1781,918,859,0.0006378276408610687,3,,exploratory_partial_surface_not_physically_validated
fx10_upper_000527,fx10,527,72192,2,1644,893,860,0.0006388154233908131,3,,exploratory_partial_surface_not_physically_validated
fx10_upper_002014,fx10,2014,106072,1,1786,927,861,0.0006401520130381816,3,,exploratory_partial_surface_not_physically_validated
fx10_upper_000315,fx10,315,56616,2,1635,963,862,0.000640199108403181,3,,exploratory_partial_surface_not_physically_validated
fx10_upper_000582,fx10,582,72218,2,1646,898,863,0.0006407839593234639,3,,exploratory_partial_surface_not_physically_validated
fx10_upper_002253,fx10,2253,114190,1,1801,946,864,0.0006409932075709288,3,,exploratory_partial_surface_not_physically_validated
fx10_upper_000952,fx10,952,67214,2,1664,858,865,0.0006410746706826312,3,,exploratory_partial_surface_not_physically_validated
fx10_upper_001198,fx10,1198,72995,2,1681,899,866,0.0006411045652173823,3,,exploratory_partial_surface_not_physically_validated
fx10_upper_001674,fx10,1674,105762,1,1771,895,867,0.0006412169476938625,3,,exploratory_partial_surface_not_physically_validated
fx10_upper_000953,fx10,953,67192,2,1664,859,868,0.0006419661348005111,3,,exploratory_partial_surface_not_physically_validated
fx10_upper_000305,fx10,305,27230,2,1635,918,869,0.0006423457173424778,3,,exploratory_partial_surface_not_physically_validated
fx10_upper_002060,fx10,2060,105595,1,1788,947,870,0.0006427982665500023,3,,exploratory_partial_surface_not_physically_validated
fx10_upper_001155,fx10,1155,72913,2,1677,909,871,0.0006440164112572642,3,,exploratory_partial_surface_not_physically_validated
fx10_upper_001140,fx10,1140,72918,2,1676,901,872,0.0006443939649752934,3,,exploratory_partial_surface_not_physically_validated
fx10_upper_001183,fx10,1183,72981,2,1680,881,873,0.0006456903062623406,3,,exploratory_partial_surface_not_physically_validated
fx10_upper_001214,fx10,1214,73034,2,1682,913,874,0.0006457352047946663,3,,exploratory_partial_surface_not_physically_validated
fx10_upper_001052,fx10,1052,73817,2,1669,880,875,0.0006460436975606546,3,,exploratory_partial_surface_not_physically_validated
fx10_upper_000713,fx10,713,72375,2,1651,902,876,0.0006471106434480211,3,,exploratory_partial_surface_not_physically_validated
fx10_upper_001014,fx10,1014,73812,2,1667,863,877,0.0006475334972742084,3,,exploratory_partial_surface_not_physically_validated
fx10_upper_000741,fx10,741,73217,2,1653,870,878,0.0006477932029187316,3,,exploratory_partial_surface_not_physically_validated
fx10_upper_001376,fx10,1376,97254,1,1756,909,879,0.0006502362251123607,3,,exploratory_partial_surface_not_physically_validated
fx10_upper_001902,fx10,1902,105980,1,1781,888,880,0.0006505270627188589,3,,exploratory_partial_surface_not_physically_validated
fx10_upper_000595,fx10,595,15695,2,1646,976,881,0.000650981549737628,3,,exploratory_partial_surface_not_physically_validated
fx10_upper_001220,fx10,1220,73039,2,1683,903,882,0.0006515638057709409,3,,exploratory_partial_surface_not_physically_validated
fx10_upper_002269,fx10,2269,114259,1,1804,949,883,0.000651957126105519,3,,exploratory_partial_surface_not_physically_validated
fx10_upper_000594,fx10,594,15701,2,1646,969,884,0.000652348496237917,3,,exploratory_partial_surface_not_physically_validated
fx10_upper_000388,fx10,388,56681,2,1638,968,885,0.00065259129722568,3,,exploratory_partial_surface_not_physically_validated
fx10_upper_000400,fx10,400,27332,2,1639,915,886,0.0006527888247816301,3,,exploratory_partial_surface_not_physically_validated
fx10_upper_002025,fx10,2025,7944,1,1787,880,887,0.0006528577186662555,3,,exploratory_partial_surface_not_physically_validated
fx10_upper_001726,fx10,1726,105805,1,1773,918,888,0.0006555396798283203,3,,exploratory_partial_surface_not_physically_validated
fx10_upper_001964,fx10,1964,106095,1,1784,898,889,0.0006555729035025363,3,,exploratory_partial_surface_not_physically_validated
fx10_upper_001596,fx10,1596,97504,1,1767,916,890,0.0006556508286653548,3,,exploratory_partial_surface_not_physically_validated
fx10_upper_001656,fx10,1656,97583,1,1770,885,891,0.0006573754542715998,3,,exploratory_partial_surface_not_physically_validated
fx10_upper_001887,fx10,1887,106004,1,1780,900,892,0.000657752358224267,3,,exploratory_partial_surface_not_physically_validated
fx10_upper_001538,fx10,1538,97439,1,1764,923,893,0.0006583446236203687,3,,exploratory_partial_surface_not_physically_validated
fx10_upper_002277,fx10,2277,114295,1,1806,949,894,0.0006584810778804284,3,,exploratory_partial_surface_not_physically_validated
fx10_upper_002337,fx10,2337,18613,1,1828,936,895,0.0006601154669239713,3,,exploratory_partial_surface_not_physically_validated
fx10_upper_000829,fx10,829,73236,2,1657,881,896,0.0006602749783515641,3,,exploratory_partial_surface_not_physically_validated
fx10_upper_000937,fx10,937,73304,2,1663,871,897,0.0006605489298348757,3,,exploratory_partial_surface_not_physically_validated
fx10_upper_001061,fx10,1061,73836,2,1670,874,898,0.0006606601770630736,3,,exploratory_partial_surface_not_physically_validated
fx10_upper_000691,fx10,691,72357,2,1650,919,899,0.0006611563062546124,3,,exploratory_partial_surface_not_physically_validated
fx10_upper_000886,fx10,886,72583,2,1660,892,900,0.0006618404088175189,3,,exploratory_partial_surface_not_physically_validated
fx10_upper_000871,fx10,871,72012,2,1659,935,901,0.0006620226446222818,3,,exploratory_partial_surface_not_physically_validated
fx10_upper_001976,fx10,1976,107287,1,1785,868,902,0.0006632565870324031,3,,exploratory_partial_surface_not_physically_validated
fx10_upper_001356,fx10,1356,97215,1,1755,912,903,0.0006657412579517126,3,,exploratory_partial_surface_not_physically_validated
fx10_upper_000913,fx10,913,72069,2,1661,948,904,0.0006657860490725064,3,,exploratory_partial_surface_not_physically_validated
fx10_upper_000997,fx10,997,33979,2,1665,954,905,0.0006660915916250799,3,,exploratory_partial_surface_not_physically_validated
fx10_upper_000123,fx10,123,56270,2,1625,937,906,0.0006662062958000794,3,,exploratory_partial_surface_not_physically_validated
fx10_upper_001063,fx10,1063,73833,2,1670,878,907,0.000668187173798229,3,,exploratory_partial_surface_not_physically_validated
fx10_upper_001328,fx10,1328,418,1,1753,935,908,0.0006685454608416102,3,,exploratory_partial_surface_not_physically_validated
fx10_upper_002110,fx10,2110,105653,1,1791,954,909,0.0006688600520186365,3,,exploratory_partial_surface_not_physically_validated
fx10_upper_000219,fx10,219,27121,2,1631,892,910,0.0006690106331983466,3,,exploratory_partial_surface_not_physically_validated
fx10_upper_001259,fx10,1259,80003,2,1688,902,911,0.0006692445843600828,3,,exploratory_partial_surface_not_physically_validated
fx10_upper_000237,fx10,237,27167,2,1632,896,912,0.0006694656962394716,3,,exploratory_partial_surface_not_physically_validated
fx10_upper_000099,fx10,99,37159,2,1623,931,913,0.0006697157886881772,3,,exploratory_partial_surface_not_physically_validated
fx10_upper_000911,fx10,911,72080,2,1661,941,914,0.0006699801709449018,3,,exploratory_partial_surface_not_physically_validated
fx10_upper_001476,fx10,1476,97356,1,1761,919,915,0.0006701402472151119,3,,exploratory_partial_surface_not_physically_validated
fx10_upper_001075,fx10,1075,72793,2,1671,881,916,0.0006709755798505029,3,,exploratory_partial_surface_not_physically_validated
fx10_upper_000057,fx10,57,37109,2,1619,922,917,0.0006712686809890399,3,,exploratory_partial_surface_not_physically_validated
fx10_upper_001941,fx10,1941,106038,1,1783,888,918,0.0006715085331237964,3,,exploratory_partial_surface_not_physically_validated
fx10_upper_001363,fx10,1363,97237,1,1755,931,919,0.0006727492267182798,3,,exploratory_partial_surface_not_physically_validated
fx10_upper_000866,fx10,866,72549,2,1659,892,920,0.0006729553605282128,3,,exploratory_partial_surface_not_physically_validated
fx10_upper_001320,fx10,1320,97184,1,1753,902,921,0.0006742987593941062,3,,exploratory_partial_surface_not_physically_validated
fx10_upper_001461,fx10,1461,97349,1,1760,930,922,0.000675049691844252,3,,exploratory_partial_surface_not_physically_validated
fx10_upper_000599,fx10,599,71264,2,1646,987,923,0.00067506275728111,3,,exploratory_partial_surface_not_physically_validated
fx10_upper_001097,fx10,1097,73880,2,1673,880,924,0.000675509768637226,3,,exploratory_partial_surface_not_physically_validated
fx10_upper_002164,fx10,2164,106533,1,1795,918,925,0.0006756971522790131,3,,exploratory_partial_surface_not_physically_validated
fx10_upper_001566,fx10,1566,97483,1,1766,898,926,0.00067572524332099,3,,exploratory_partial_surface_not_physically_validated
fx10_upper_000854,fx10,854,71981,2,1658,929,927,0.0006759030825534215,3,,exploratory_partial_surface_not_physically_validated
fx10_upper_000915,fx10,915,72061,2,1661,953,928,0.0006759754827015611,3,,exploratory_partial_surface_not_physically_validated
fx10_upper_001463,fx10,1463,523,1,1760,936,929,0.0006768606872902278,3,,exploratory_partial_surface_not_physically_validated
fx10_upper_000556,fx10,556,72215,2,1645,905,930,0.0006769882342226642,3,,exploratory_partial_surface_not_physically_validated
fx10_upper_000353,fx10,353,27266,2,1637,924,931,0.0006771670352288453,3,,exploratory_partial_surface_not_physically_validated
fx10_upper_001282,fx10,1282,85809,2,1708,996,932,0.0006780442194112394,3,,exploratory_partial_surface_not_physically_validated
fx10_upper_000857,fx10,857,72005,2,1658,938,933,0.0006788310782874646,3,,exploratory_partial_surface_not_physically_validated
fx10_upper_000389,fx10,389,56711,2,1638,972,934,0.0006792323531189903,3,,exploratory_partial_surface_not_physically_validated
fx10_upper_000559,fx10,559,71874,2,1645,929,935,0.0006798108764550224,3,,exploratory_partial_surface_not_physically_validated
fx10_upper_001121,fx10,1121,73896,2,1675,881,936,0.0006799898776952352,3,,exploratory_partial_surface_not_physically_validated
fx10_upper_000641,fx10,641,72288,2,1648,904,937,0.0006816031781759531,3,,exploratory_partial_surface_not_physically_validated
fx10_upper_000876,fx10,876,72034,2,1659,950,938,0.0006831235060300001,3,,exploratory_partial_surface_not_physically_validated
fx10_upper_000624,fx10,624,15735,2,1647,971,939,0.0006833426374222926,3,,exploratory_partial_surface_not_physically_validated
fx10_upper_000861,fx10,861,73280,2,1659,864,940,0.0006838564769404304,3,,exploratory_partial_surface_not_physically_validated
fx10_upper_001362,fx10,1362,97238,1,1755,929,941,0.0006849005871033336,3,,exploratory_partial_surface_not_physically_validated
fx10_upper_002281,fx10,2281,114357,1,1807,950,942,0.0006851470811729521,3,,exploratory_partial_surface_not_physically_validated
fx10_upper_002254,fx10,2254,114188,1,1801,950,943,0.0006855093686355734,3,,exploratory_partial_surface_not_physically_validated
fx10_upper_000885,fx10,885,72584,2,1660,891,944,0.000685676669290529,3,,exploratory_partial_surface_not_physically_validated
fx10_upper_000944,fx10,944,72657,2,1663,903,945,0.0006857729289779186,3,,exploratory_partial_surface_not_physically_validated
fx10_upper_000788,fx10,788,72462,2,1655,889,946,0.0006862211528917241,3,,exploratory_partial_surface_not_physically_validated
fx10_upper_000272,fx10,272,56626,2,1633,953,947,0.0006862556418683684,3,,exploratory_partial_surface_not_physically_validated
fx10_upper_000517,fx10,517,56818,2,1643,969,948,0.0006864902170795068,3,,exploratory_partial_surface_not_physically_validated
fx10_upper_000348,fx10,348,27303,2,1637,913,949,0.0006865097053169445,3,,exploratory_partial_surface_not_physically_validated
fx10_upper_001618,fx10,1618,97545,1,1768,901,950,0.000686810097984048,3,,exploratory_partial_surface_not_physically_validated
fx10_upper_001223,fx10,1223,73035,2,1683,910,951,0.0006870439353360406,3,,exploratory_partial_surface_not_physically_validated
fx10_upper_001383,fx10,1383,97277,1,1756,931,952,0.0006884407115417208,3,,exploratory_partial_surface_not_physically_validated
fx10_upper_000990,fx10,990,72159,2,1665,929,953,0.0006889829656821468,3,,exploratory_partial_surface_not_physically_validated
fx10_upper_002228,fx10,2228,114126,1,1799,949,954,0.0006891157227549501,3,,exploratory_partial_surface_not_physically_validated
fx10_upper_000265,fx10,265,65717,2,1633,928,955,0.0006891968825581854,3,,exploratory_partial_surface_not_physically_validated
fx10_upper_002197,fx10,2197,106613,1,1797,925,956,0.0006900419207089149,3,,exploratory_partial_surface_not_physically_validated
fx10_upper_000530,fx10,530,72185,2,1644,903,957,0.0006906553889508942,3,,exploratory_partial_surface_not_physically_validated
fx10_upper_002130,fx10,2130,106494,1,1793,912,958,0.0006907563708798912,3,,exploratory_partial_surface_not_physically_validated
fx10_upper_001348,fx10,1348,413,1,1754,941,959,0.0006912605393595699,3,,exploratory_partial_surface_not_physically_validated
fx10_upper_000888,fx10,888,72577,2,1660,902,960,0.0006916811221605728,3,,exploratory_partial_surface_not_physically_validated
fx10_upper_000540,fx10,540,56853,2,1644,970,961,0.0006921771473566666,3,,exploratory_partial_surface_not_physically_validated
fx10_upper_001701,fx10,1701,105777,1,1772,917,962,0.0006927876648761947,3,,exploratory_partial_surface_not_physically_validated
fx10_upper_000464,fx10,464,56746,2,1641,967,963,0.0006943905441901592,3,,exploratory_partial_surface_not_physically_validated
fx10_upper_001401,fx10,1401,487,1,1757,935,964,0.000695168189648234,3,,exploratory_partial_surface_not_physically_validated
fx10_upper_001736,fx10,1736,105314,1,1773,953,965,0.0006955867293996236,3,,exploratory_partial_surface_not_physically_validated
fx10_upper_000169,fx10,169,27009,2,1628,901,966,0.0006958367039411152,3,,exploratory_partial_surface_not_physically_validated
fx10_upper_000777,fx10,777,72473,2,1654,920,967,0.000695970827160692,3,,exploratory_partial_surface_not_physically_validated
fx10_upper_000746,fx10,746,73197,2,1653,879,968,0.0006963282585813724,3,,exploratory_partial_surface_not_physically_validated
fx10_upper_001225,fx10,1225,74015,2,1684,872,969,0.0006969845448166691,3,,exploratory_partial_surface_not_physically_validated
fx10_upper_001279,fx10,1279,79203,2,1705,994,970,0.0006974993798974428,3,,exploratory_partial_surface_not_physically_validated
fx10_upper_001558,fx10,1558,553,1,1765,938,971,0.0006976541419045305,3,,exploratory_partial_surface_not_physically_validated
fx10_upper_000252,fx10,252,56525,2,1632,954,972,0.0006976819075241354,3,,exploratory_partial_surface_not_physically_validated
fx10_upper_001330,fx10,1330,414,1,1753,941,973,0.0006985009940985689,3,,exploratory_partial_surface_not_physically_validated
fx10_upper_001477,fx10,1477,97382,1,1761,923,974,0.0007000129288323546,3,,exploratory_partial_surface_not_physically_validated
fx10_upper_001545,fx10,1545,43585,1,1765,879,975,0.0007004554322638251,3,,exploratory_partial_surface_not_physically_validated
fx10_upper_001033,fx10,1033,73828,2,1668,863,976,0.0007007982653302281,3,,exploratory_partial_surface_not_physically_validated
fx10_upper_001123,fx10,1123,72896,2,1675,885,977,0.0007014307970414237,3,,exploratory_partial_surface_not_physically_validated
fx10_upper_001093,fx10,1093,72831,2,1672,904,978,0.000701476519123456,3,,exploratory_partial_surface_not_physically_validated
fx10_upper_000222,fx10,222,27118,2,1631,898,979,0.0007022564487390047,3,,exploratory_partial_surface_not_physically_validated
fx10_upper_000812,fx10,812,72480,2,1656,905,980,0.0007023478640729337,3,,exploratory_partial_surface_not_physically_validated
fx10_upper_001867,fx10,1867,105958,1,1779,920,981,0.0007035731847048251,3,,exploratory_partial_surface_not_physically_validated
fx10_upper_001557,fx10,1557,556,1,1765,935,982,0.0007035819070800113,3,,exploratory_partial_surface_not_physically_validated
fx10_upper_001910,fx10,1910,105998,1,1781,909,983,0.0007039657124146044,3,,exploratory_partial_surface_not_physically_validated
fx10_upper_001694,fx10,1694,105791,1,1772,895,984,0.0007039986961138889,3,,exploratory_partial_surface_not_physically_validated
fx10_upper_000009,fx10,9,36963,2,1605,919,985,0.0007040382696570089,2,,exploratory_partial_surface_not_physically_validated
fx10_upper_000707,fx10,707,73185,2,1651,879,986,0.0007062447059262533,3,,exploratory_partial_surface_not_physically_validated
fx10_upper_001032,fx10,1032,73846,2,1668,861,987,0.0007062548895432483,3,,exploratory_partial_surface_not_physically_validated
fx10_upper_000027,fx10,27,37034,2,1611,923,988,0.0007064255098500755,3,,exploratory_partial_surface_not_physically_validated
fx10_upper_000466,fx10,466,56740,2,1641,974,989,0.0007064411827178795,3,,exploratory_partial_surface_not_physically_validated
fx10_upper_001028,fx10,1028,33982,2,1667,948,990,0.0007068414346891647,3,,exploratory_partial_surface_not_physically_validated
fx10_upper_002258,fx10,2258,114224,1,1802,946,991,0.0007075500039686898,3,,exploratory_partial_surface_not_physically_validated
fx10_upper_001327,fx10,1327,419,1,1753,933,992,0.000707882441577148,3,,exploratory_partial_surface_not_physically_validated
fx10_upper_001050,fx10,1050,73837,2,1669,874,993,0.0007083343043636169,3,,exploratory_partial_surface_not_physically_validated
fx10_upper_001863,fx10,1863,105933,1,1779,911,994,0.000708420371355954,3,,exploratory_partial_surface_not_physically_validated
fx10_upper_001012,fx10,1012,73378,2,1667,857,995,0.000708487971190631,3,,exploratory_partial_surface_not_physically_validated
fx10_upper_001732,fx10,1732,105682,1,1773,938,996,0.0007088708540731715,3,,exploratory_partial_surface_not_physically_validated
fx10_upper_000732,fx10,732,72414,2,1652,902,997,0.0007116863664999955,3,,exploratory_partial_surface_not_physically_validated
fx10_upper_001345,fx10,1345,97167,1,1754,928,998,0.0007124222023144038,3,,exploratory_partial_surface_not_physically_validated
fx10_upper_001452,fx10,1452,97366,1,1760,901,999,0.0007125862459819982,3,,exploratory_partial_surface_not_physically_validated
fx10_upper_002046,fx10,2046,7963,1,1788,877,1000,0.0007145362272816661,3,,exploratory_partial_surface_not_physically_validated
fx10_upper_000304,fx10,304,27234,2,1635,911,1001,0.000714956256085349,3,,exploratory_partial_surface_not_physically_validated
fx10_upper_000287,fx10,287,27194,2,1634,913,1002,0.0007149989600435562,3,,exploratory_partial_surface_not_physically_validated
fx10_upper_000270,fx10,270,56530,2,1633,950,1003,0.0007154787359627873,3,,exploratory_partial_surface_not_physically_validated
fx10_upper_000256,fx10,256,56514,2,1632,967,1004,0.0007157504622490497,3,,exploratory_partial_surface_not_physically_validated
fx10_upper_000848,fx10,848,73253,2,1658,879,1005,0.0007161821718869144,3,,exploratory_partial_surface_not_physically_validated
fx10_upper_001059,fx10,1059,72781,2,1669,901,1006,0.0007162252695034686,3,,exploratory_partial_surface_not_physically_validated
fx10_upper_000160,fx10,160,56319,2,1627,954,1007,0.0007174506990457906,3,,exploratory_partial_surface_not_physically_validated
fx10_upper_002145,fx10,2145,106543,1,1794,910,1008,0.0007179905489210029,3,,exploratory_partial_surface_not_physically_validated
fx10_upper_000831,fx10,831,72526,2,1657,886,1009,0.0007182398510200647,3,,exploratory_partial_surface_not_physically_validated
fx10_upper_001946,fx10,1946,106060,1,1783,905,1010,0.0007188462604116082,3,,exploratory_partial_surface_not_physically_validated
fx10_upper_002138,fx10,2138,106434,1,1793,929,1011,0.0007191008764199964,3,,exploratory_partial_surface_not_physically_validated
fx10_upper_001094,fx10,1094,72830,2,1672,907,1012,0.0007194190435819789,3,,exploratory_partial_surface_not_physically_validated
fx10_upper_000921,fx10,921,72615,2,1662,889,1013,0.0007200689073661792,3,,exploratory_partial_surface_not_physically_validated
fx10_upper_001645,fx10,1645,97538,1,1769,912,1014,0.0007208045848907781,3,,exploratory_partial_surface_not_physically_validated
fx10_upper_000239,fx10,239,27164,2,1632,900,1015,0.0007213299173279117,3,,exploratory_partial_surface_not_physically_validated
fx10_upper_001054,fx10,1054,72759,2,1669,885,1016,0.0007214018742721245,3,,exploratory_partial_surface_not_physically_validated
fx10_upper_002222,fx10,2222,106695,1,1799,914,1017,0.0007214935529921622,3,,exploratory_partial_surface_not_physically_validated
fx10_upper_001580,fx10,1580,570,1,1766,948,1018,0.0007220566290617871,3,,exploratory_partial_surface_not_physically_validated
fx10_upper_001226,fx10,1226,73052,2,1684,880,1019,0.0007225522683556072,3,,exploratory_partial_surface_not_physically_validated
fx10_upper_000960,fx10,960,73319,2,1664,875,1020,0.0007231003303898749,3,,exploratory_partial_surface_not_physically_validated
fx10_upper_001765,fx10,1765,105846,1,1775,898,1021,0.0007235785712652979,3,,exploratory_partial_surface_not_physically_validated
fx10_upper_000025,fx10,25,37014,2,1610,924,1022,0.0007244307842080923,3,,exploratory_partial_surface_not_physically_validated
fx10_upper_002165,fx10,2165,106476,1,1795,924,1023,0.0007245152241118424,3,,exploratory_partial_surface_not_physically_validated
fx10_upper_001597,fx10,1597,97501,1,1767,919,1024,0.0007252451396737319,3,,exploratory_partial_surface_not_physically_validated
fx10_upper_000855,fx10,855,71980,2,1658,930,1025,0.0007259852974629412,3,,exploratory_partial_surface_not_physically_validated
fx10_upper_001634,fx10,1634,43611,1,1769,880,1026,0.0007261030439530893,3,,exploratory_partial_surface_not_physically_validated
fx10_upper_002219,fx10,2219,114089,1,1798,950,1027,0.000726369692985341,3,,exploratory_partial_surface_not_physically_validated
fx10_upper_001843,fx10,1843,105929,1,1778,918,1028,0.000726445140268725,3,,exploratory_partial_surface_not_physically_validated
fx10_upper_001811,fx10,1811,7845,1,1777,885,1029,0.0007268573763855332,3,,exploratory_partial_surface_not_physically_validated
fx10_upper_000681,fx10,681,73173,2,1650,877,1030,0.0007277399055299567,3,,exploratory_partial_surface_not_physically_validated
fx10_upper_000139,fx10,139,56296,2,1626,940,1031,0.0007278072423497786,3,,exploratory_partial_surface_not_physically_validated
fx10_upper_001156,fx10,1156,72939,2,1677,911,1032,0.0007281873707197722,3,,exploratory_partial_surface_not_physically_validated
fx10_upper_001450,fx10,1450,97369,1,1760,896,1033,0.0007281922640569084,3,,exploratory_partial_surface_not_physically_validated
fx10_upper_000926,fx10,926,72632,2,1662,903,1034,0.0007282323798779556,3,,exploratory_partial_surface_not_physically_validated
fx10_upper_001555,fx10,1555,97436,1,1765,930,1035,0.0007284223290470224,3,,exploratory_partial_surface_not_physically_validated
fx10_upper_002179,fx10,2179,106575,1,1796,919,1036,0.0007292203447592784,3,,exploratory_partial_surface_not_physically_validated
fx10_upper_001935,fx10,1935,105949,1,1782,930,1037,0.0007293010602139141,3,,exploratory_partial_surface_not_physically_validated
fx10_upper_001030,fx10,1030,73403,2,1668,858,1038,0.0007296292516373854,3,,exploratory_partial_surface_not_physically_validated
fx10_upper_001005,fx10,1005,73332,2,1666,880,1039,0.0007306342016039794,3,,exploratory_partial_surface_not_physically_validated
fx10_upper_002332,fx10,2332,18549,1,1825,920,1040,0.0007311513459634663,3,,exploratory_partial_surface_not_physically_validated
fx10_upper_002021,fx10,2021,107318,1,1787,868,1041,0.0007329902398954863,3,,exploratory_partial_surface_not_physically_validated
fx10_upper_001112,fx10,1112,72841,2,1674,887,1042,0.0007339495809007642,3,,exploratory_partial_surface_not_physically_validated
fx10_upper_000030,fx10,30,37048,2,1613,921,1043,0.0007352517013002346,3,,exploratory_partial_surface_not_physically_validated
fx10_upper_001942,fx10,1942,106066,1,1783,893,1044,0.0007359404735060376,3,,exploratory_partial_surface_not_physically_validated
fx10_upper_000179,fx10,179,56326,2,1628,943,1045,0.0007359630519302542,3,,exploratory_partial_surface_not_physically_validated
fx10_upper_001073,fx10,1073,72774,2,1670,908,1046,0.0007360133607816441,3,,exploratory_partial_surface_not_physically_validated
fx10_upper_000482,fx10,482,65782,2,1642,935,1047,0.0007361170727572702,3,,exploratory_partial_surface_not_physically_validated
fx10_upper_000938,fx10,938,73301,2,1663,875,1048,0.0007381450830094496,3,,exploratory_partial_surface_not_physically_validated
fx10_upper_000462,fx10,462,56829,2,1641,957,1049,0.0007388459184116231,3,,exploratory_partial_surface_not_physically_validated
fx10_upper_001919,fx10,1919,7887,1,1782,884,1050,0.0007403876325731087,3,,exploratory_partial_surface_not_physically_validated
fx10_upper_002008,fx10,2008,106122,1,1786,911,1051,0.0007413869993481783,3,,exploratory_partial_surface_not_physically_validated
fx10_upper_000406,fx10,406,56768,2,1639,944,1052,0.000742139543679639,3,,exploratory_partial_surface_not_physically_validated
fx10_upper_001333,fx10,1333,97228,1,1754,894,1053,0.0007424924987603082,3,,exploratory_partial_surface_not_physically_validated
fx10_upper_000039,fx10,39,37059,2,1615,926,1054,0.0007434355691906685,3,,exploratory_partial_surface_not_physically_validated
fx10_upper_002208,fx10,2208,106703,1,1798,907,1055,0.000743643301103064,3,,exploratory_partial_surface_not_physically_validated
fx10_upper_000611,fx10,611,72257,2,1647,896,1056,0.0007445165613374954,3,,exploratory_partial_surface_not_physically_validated
fx10_upper_002300,fx10,2300,18417,1,1819,917,1057,0.0007468615839454151,3,,exploratory_partial_surface_not_physically_validated
fx10_upper_000101,fx10,101,56264,2,1623,953,1058,0.0007468869415173573,3,,exploratory_partial_surface_not_physically_validated
fx10_upper_001132,fx10,1132,72909,2,1675,914,1059,0.0007471311056987313,3,,exploratory_partial_surface_not_physically_validated
fx10_upper_001283,fx10,1283,85806,2,1708,998,1060,0.0007473292057740862,3,,exploratory_partial_surface_not_physically_validated
fx10_upper_000020,fx10,20,36998,2,1608,921,1061,0.0007474944585748723,2,,exploratory_partial_surface_not_physically_validated
fx10_upper_000525,fx10,525,72194,2,1644,889,1062,0.0007483855257996659,3,,exploratory_partial_surface_not_physically_validated
fx10_upper_000620,fx10,620,71892,2,1647,939,1063,0.0007486063363652445,3,,exploratory_partial_surface_not_physically_validated
fx10_upper_001870,fx10,1870,105953,1,1779,927,1064,0.0007503325640600716,3,,exploratory_partial_surface_not_physically_validated
fx10_upper_000657,fx10,657,71367,2,1648,991,1065,0.0007505804041936601,3,,exploratory_partial_surface_not_physically_validated
fx10_upper_002047,fx10,2047,7960,1,1788,880,1066,0.0007512273965816801,3,,exploratory_partial_surface_not_physically_validated
fx10_upper_001351,fx10,1351,97229,1,1755,893,1067,0.0007513217713541586,3,,exploratory_partial_surface_not_physically_validated
fx10_upper_000295,fx10,295,56618,2,1634,962,1068,0.0007516407059674434,3,,exploratory_partial_surface_not_physically_validated
fx10_upper_000322,fx10,322,27281,2,1636,902,1069,0.0007524400046738718,3,,exploratory_partial_surface_not_physically_validated
fx10_upper_001891,fx10,1891,105964,1,1780,911,1070,0.0007527739104474239,3,,exploratory_partial_surface_not_physically_validated
fx10_upper_000277,fx10,277,56571,2,1633,972,1071,0.0007527769089344969,3,,exploratory_partial_surface_not_physically_validated
fx10_upper_002305,fx10,2305,18419,1,1820,914,1072,0.0007535555807713909,3,,exploratory_partial_surface_not_physically_validated
fx10_upper_000131,fx10,131,26952,2,1626,899,1073,0.0007538982056231531,3,,exploratory_partial_surface_not_physically_validated
fx10_upper_002232,fx10,2232,106687,1,1800,919,1074,0.0007539275678953434,3,,exploratory_partial_surface_not_physically_validated
fx10_upper_001534,fx10,1534,97447,1,1764,909,1075,0.0007544009512612233,3,,exploratory_partial_surface_not_physically_validated
fx10_upper_001272,fx10,1272,24854,2,1690,999,1076,0.0007547703025958782,3,,exploratory_partial_surface_not_physically_validated
fx10_upper_000867,fx10,867,72546,2,1659,896,1077,0.0007554281776458746,3,,exploratory_partial_surface_not_physically_validated
fx10_upper_002256,fx10,2256,47937,1,1802,933,1078,0.0007569936673668297,3,,exploratory_partial_surface_not_physically_validated
fx10_upper_000835,fx10,835,72519,2,1657,897,1079,0.0007574091385226577,3,,exploratory_partial_surface_not_physically_validated
fx10_upper_001405,fx10,1405,43558,1,1758,883,1080,0.0007576710818864895,3,,exploratory_partial_surface_not_physically_validated
fx10_upper_001443,fx10,1443,521,1,1759,941,1081,0.0007577818343255616,3,,exploratory_partial_surface_not_physically_validated
fx10_upper_000513,fx10,513,15724,2,1643,956,1082,0.0007580349344026067,3,,exploratory_partial_surface_not_physically_validated
fx10_upper_002148,fx10,2148,106481,1,1794,919,1083,0.000759125682523025,3,,exploratory_partial_surface_not_physically_validated
fx10_upper_001551,fx10,1551,97478,1,1765,907,1084,0.0007594191353142881,3,,exploratory_partial_surface_not_physically_validated
fx10_upper_001491,fx10,1491,97392,1,1762,908,1085,0.0007611549238939117,3,,exploratory_partial_surface_not_physically_validated
fx10_upper_000481,fx10,481,72166,2,1642,923,1086,0.0007622908447905617,3,,exploratory_partial_surface_not_physically_validated
fx10_upper_000046,fx10,46,37094,2,1617,920,1087,0.0007626299847059847,3,,exploratory_partial_surface_not_physically_validated
fx10_upper_001914,fx10,1914,105950,1,1781,930,1088,0.0007630902387483757,3,,exploratory_partial_surface_not_physically_validated
fx10_upper_001959,fx10,1959,7919,1,1784,876,1089,0.0007631023933832721,3,,exploratory_partial_surface_not_physically_validated
fx10_upper_001431,fx10,1431,97335,1,1759,901,1090,0.0007639884485763279,3,,exploratory_partial_surface_not_physically_validated
fx10_upper_000317,fx10,317,56611,2,1635,972,1091,0.0007656202311780927,3,,exploratory_partial_surface_not_physically_validated
fx10_upper_000113,fx10,113,56262,2,1624,955,1092,0.000765939873230019,3,,exploratory_partial_surface_not_physically_validated
fx10_upper_001151,fx10,1151,72923,2,1677,889,1093,0.0007662055554145634,3,,exploratory_partial_surface_not_physically_validated
fx10_upper_001550,fx10,1550,97453,1,1765,898,1094,0.0007667183094592377,3,,exploratory_partial_surface_not_physically_validated
fx10_upper_000965,fx10,965,72637,2,1664,895,1095,0.0007670142771034428,3,,exploratory_partial_surface_not_physically_validated
fx10_upper_001947,fx10,1947,106028,1,1783,907,1096,0.0007708811972339067,3,,exploratory_partial_surface_not_physically_validated
fx10_upper_000372,fx10,372,27310,2,1638,904,1097,0.0007715635200002494,3,,exploratory_partial_surface_not_physically_validated
fx10_upper_000632,fx10,632,71331,2,1647,991,1098,0.0007717381886470347,3,,exploratory_partial_surface_not_physically_validated
fx10_upper_000509,fx10,509,56835,2,1643,950,1099,0.0007724402536146383,3,,exploratory_partial_surface_not_physically_validated
fx10_upper_001859,fx10,1859,105941,1,1779,892,1100,0.0007745580949384541,3,,exploratory_partial_surface_not_physically_validated
fx10_upper_000945,fx10,945,72120,2,1663,935,1101,0.0007764652668112996,3,,exploratory_partial_surface_not_physically_validated
fx10_upper_000259,fx10,259,27170,2,1633,891,1102,0.0007782428855281067,3,,exploratory_partial_surface_not_physically_validated
fx10_upper_000998,fx10,998,73352,2,1666,856,1103,0.0007782592731056763,3,,exploratory_partial_surface_not_physically_validated
fx10_upper_001979,fx10,1979,7932,1,1785,877,1104,0.0007786584944722152,3,,exploratory_partial_surface_not_physically_validated
fx10_upper_001519,fx10,1519,97408,1,1763,930,1105,0.0007798818188489232,3,,exploratory_partial_surface_not_physically_validated
fx10_upper_000409,fx10,409,56684,2,1639,962,1106,0.0007802931840761188,3,,exploratory_partial_surface_not_physically_validated
fx10_upper_000336,fx10,336,56689,2,1636,959,1107,0.0007816386972514368,3,,exploratory_partial_surface_not_physically_validated
fx10_upper_000892,fx10,892,71988,2,1660,949,1108,0.0007817524925626429,3,,exploratory_partial_surface_not_physically_validated
fx10_upper_002020,fx10,2020,107357,1,1787,867,1109,0.0007819930566789137,3,,exploratory_partial_surface_not_physically_validated
fx10_upper_002310,fx10,2310,18453,1,1821,911,1110,0.0007838464448931928,3,,exploratory_partial_surface_not_physically_validated
fx10_upper_001782,fx10,1782,7822,1,1776,879,1111,0.0007842977920234566,3,,exploratory_partial_surface_not_physically_validated
fx10_upper_000978,fx10,978,73349,2,1665,859,1112,0.0007851575758534915,3,,exploratory_partial_surface_not_physically_validated
fx10_upper_001066,fx10,1066,72790,2,1670,888,1113,0.0007857435901419846,3,,exploratory_partial_surface_not_physically_validated
fx10_upper_000954,fx10,954,73330,2,1664,861,1114,0.0007859181353827661,3,,exploratory_partial_surface_not_physically_validated
fx10_upper_000803,fx10,803,73223,2,1656,878,1115,0.0007862914647286852,3,,exploratory_partial_surface_not_physically_validated
fx10_upper_002000,fx10,2000,107320,1,1786,867,1116,0.000786758401296931,3,,exploratory_partial_surface_not_physically_validated
fx10_upper_001499,fx10,1499,538,1,1762,948,1117,0.0007869896883599152,3,,exploratory_partial_surface_not_physically_validated
fx10_upper_001750,fx10,1750,105836,1,1774,918,1118,0.0007872126800121054,3,,exploratory_partial_surface_not_physically_validated
fx10_upper_000194,fx10,194,56359,2,1629,943,1119,0.0007872366507985729,3,,exploratory_partial_surface_not_physically_validated
fx10_upper_000137,fx10,137,56299,2,1626,937,1120,0.000788147451878316,3,,exploratory_partial_surface_not_physically_validated
fx10_upper_000167,fx10,167,27012,2,1628,897,1121,0.0007881867310658546,3,,exploratory_partial_surface_not_physically_validated
fx10_upper_002133,fx10,2133,106442,1,1793,919,1122,0.0007896874227843063,3,,exploratory_partial_surface_not_physically_validated
fx10_upper_000627,fx10,627,71269,2,1647,978,1123,0.0007901820832798124,3,,exploratory_partial_surface_not_physically_validated
fx10_upper_002116,fx10,2116,106416,1,1792,912,1124,0.0007910523188704523,3,,exploratory_partial_surface_not_physically_validated
fx10_upper_002126,fx10,2126,113955,1,1792,953,1125,0.0007914752945836703,3,,exploratory_partial_surface_not_physically_validated
fx10_upper_000486,fx10,486,56792,2,1642,960,1126,0.0007922805157278544,3,,exploratory_partial_surface_not_physically_validated
fx10_upper_000128,fx10,128,56285,2,1625,961,1127,0.0007925545142163145,3,,exploratory_partial_surface_not_physically_validated
fx10_upper_002066,fx10,2066,7995,1,1789,875,1128,0.0007927921232714964,3,,exploratory_partial_surface_not_physically_validated
fx10_upper_001785,fx10,1785,105882,1,1776,888,1129,0.0007929487503668028,3,,exploratory_partial_surface_not_physically_validated
fx10_upper_002317,fx10,2317,18483,1,1822,917,1130,0.0007930984791429307,3,,exploratory_partial_surface_not_physically_validated
fx10_upper_001994,fx10,1994,106042,1,1785,926,1131,0.0007932934715211941,3,,exploratory_partial_surface_not_physically_validated
fx10_upper_000780,fx10,780,15931,2,1654,945,1132,0.0007933092941590997,3,,exploratory_partial_surface_not_physically_validated
fx10_upper_001227,fx10,1227,73027,2,1684,881,1133,0.000793614518230376,3,,exploratory_partial_surface_not_physically_validated
fx10_upper_000276,fx10,276,56573,2,1633,969,1134,0.0007937200799011346,3,,exploratory_partial_surface_not_physically_validated
fx10_upper_000301,fx10,301,27252,2,1635,897,1135,0.0007949354364654711,3,,exploratory_partial_surface_not_physically_validated
fx10_upper_000756,fx10,756,72439,2,1653,920,1136,0.0007951640306076697,3,,exploratory_partial_surface_not_physically_validated
fx10_upper_001567,fx10,1567,97515,1,1766,901,1137,0.0007958168094556739,3,,exploratory_partial_surface_not_physically_validated
fx10_upper_001691,fx10,1691,7786,1,1772,877,1138,0.0007960093117331635,3,,exploratory_partial_surface_not_physically_validated
fx10_upper_001850,fx10,1850,105713,1,1778,939,1139,0.0007972652864414617,3,,exploratory_partial_surface_not_physically_validated
fx10_upper_000500,fx10,500,27406,2,1643,903,1140,0.0007974568640283481,3,,exploratory_partial_surface_not_physically_validated
fx10_upper_001025,fx10,1025,72716,2,1667,901,1141,0.0007981467126642567,3,,exploratory_partial_surface_not_physically_validated
fx10_upper_001762,fx10,1762,105851,1,1775,890,1142,0.0007986291879907712,3,,exploratory_partial_surface_not_physically_validated
fx10_upper_001417,fx10,1417,97280,1,1758,926,1143,0.0008007682659416591,3,,exploratory_partial_surface_not_physically_validated
fx10_upper_002139,fx10,2139,47913,1,1793,933,1144,0.0008017123011592692,3,,exploratory_partial_surface_not_physically_validated
fx10_upper_001120,fx10,1120,73881,2,1675,880,1145,0.0008021126024219651,3,,exploratory_partial_surface_not_physically_validated
fx10_upper_001833,fx10,1833,7867,1,1778,875,1146,0.000803265142873391,3,,exploratory_partial_surface_not_physically_validated
fx10_upper_000712,fx10,712,72334,2,1651,895,1147,0.0008044793333630645,3,,exploratory_partial_surface_not_physically_validated
fx10_upper_000384,fx10,384,56760,2,1638,954,1148,0.000804593902475238,3,,exploratory_partial_surface_not_physically_validated
fx10_upper_001166,fx10,1166,72945,2,1678,897,1149,0.0008047374174739585,3,,exploratory_partial_surface_not_physically_validated
fx10_upper_002334,fx10,2334,18587,1,1826,919,1150,0.0008056479071377522,3,,exploratory_partial_surface_not_physically_validated
fx10_upper_001794,fx10,1794,105864,1,1776,916,1151,0.0008059641172314097,3,,exploratory_partial_surface_not_physically_validated
fx10_upper_001594,fx10,1594,97507,1,1767,911,1152,0.0008065052898323886,3,,exploratory_partial_surface_not_physically_validated
fx10_upper_000930,fx10,930,72114,2,1662,943,1153,0.0008075361332143738,3,,exploratory_partial_surface_not_physically_validated
fx10_upper_002319,fx10,2319,18447,1,1822,920,1154,0.0008085521493617393,3,,exploratory_partial_surface_not_physically_validated
fx10_upper_001841,fx10,1841,105895,1,1778,913,1155,0.0008114446491937156,3,,exploratory_partial_surface_not_physically_validated
fx10_upper_000583,fx10,583,72240,2,1646,919,1156,0.0008124164790378377,3,,exploratory_partial_surface_not_physically_validated
fx10_upper_001865,fx10,1865,105962,1,1779,916,1157,0.0008126251669711441,3,,exploratory_partial_surface_not_physically_validated
fx10_upper_002233,fx10,2233,106650,1,1800,921,1158,0.0008128327387257659,3,,exploratory_partial_surface_not_physically_validated
fx10_upper_001877,fx10,1877,7883,1,1780,873,1159,0.0008128510229441852,3,,exploratory_partial_surface_not_physically_validated
fx10_upper_000852,fx10,852,72543,2,1658,902,1160,0.000813089333809979,3,,exploratory_partial_surface_not_physically_validated
fx10_upper_001418,fx10,1418,97278,1,1758,929,1161,0.0008149099823582598,3,,exploratory_partial_surface_not_physically_validated
fx10_upper_001834,fx10,1834,7850,1,1778,880,1162,0.0008156898251451603,3,,exploratory_partial_surface_not_physically_validated
fx10_upper_000924,fx10,924,72608,2,1662,899,1163,0.0008161524694718433,3,,exploratory_partial_surface_not_physically_validated
fx10_upper_000405,fx10,405,65766,2,1639,939,1164,0.0008174996132055374,3,,exploratory_partial_surface_not_physically_validated
fx10_upper_000572,fx10,572,71230,2,1645,983,1165,0.0008179161753152631,3,,exploratory_partial_surface_not_physically_validated
fx10_upper_000635,fx10,635,72300,2,1648,887,1166,0.0008184190849153105,3,,exploratory_partial_surface_not_physically_validated
fx10_upper_001465,fx10,1465,520,1,1760,942,1167,0.0008187141841559246,3,,exploratory_partial_surface_not_physically_validated
fx10_upper_001408,fx10,1408,97306,1,1758,897,1168,0.0008193548006893608,3,,exploratory_partial_surface_not_physically_validated
fx10_upper_000893,fx10,893,73295,2,1661,863,1169,0.0008197630542570686,3,,exploratory_partial_surface_not_physically_validated
fx10_upper_002129,fx10,2129,106551,1,1793,901,1170,0.0008199632536959632,3,,exploratory_partial_surface_not_physically_validated
fx10_upper_000379,fx10,379,65751,2,1638,941,1171,0.0008215264293896324,3,,exploratory_partial_surface_not_physically_validated
fx10_upper_000053,fx10,53,37105,2,1618,928,1172,0.0008216727568379881,3,,exploratory_partial_surface_not_physically_validated
fx10_upper_000211,fx10,211,56406,2,1630,949,1173,0.0008222124704314689,3,,exploratory_partial_surface_not_physically_validated
fx10_upper_001958,fx10,1958,7936,1,1784,871,1174,0.0008226427478447789,3,,exploratory_partial_surface_not_physically_validated
fx10_upper_001727,fx10,1727,105803,1,1773,920,1175,0.0008230010248304008,3,,exploratory_partial_surface_not_physically_validated
fx10_upper_000117,fx10,117,26896,2,1625,898,1176,0.0008233942574562725,3,,exploratory_partial_surface_not_physically_validated
fx10_upper_000365,fx10,365,56652,2,1637,963,1177,0.0008239517861124702,3,,exploratory_partial_surface_not_physically_validated
fx10_upper_001560,fx10,1560,550,1,1765,945,1178,0.0008241580892919268,3,,exploratory_partial_surface_not_physically_validated
fx10_upper_002238,fx10,2238,47935,1,1800,930,1179,0.0008254357669657326,3,,exploratory_partial_surface_not_physically_validated
fx10_upper_000491,fx10,491,39979,2,1642,982,1180,0.0008261243264756438,3,,exploratory_partial_surface_not_physically_validated
fx10_upper_001278,fx10,1278,79155,2,1704,996,1181,0.000826184770382151,3,,exploratory_partial_surface_not_physically_validated
fx10_upper_001104,fx10,1104,72855,2,1673,907,1182,0.0008263589500268312,3,,exploratory_partial_surface_not_physically_validated
fx10_upper_001456,fx10,1456,97357,1,1760,919,1183,0.0008275860374230711,3,,exploratory_partial_surface_not_physically_validated
fx10_upper_000934,fx10,934,73328,2,1663,864,1184,0.000827818775225646,3,,exploratory_partial_surface_not_physically_validated
fx10_upper_000282,fx10,282,27212,2,1634,894,1185,0.0008279611848923406,3,,exploratory_partial_surface_not_physically_validated
fx10_upper_000116,fx10,116,56284,2,1624,963,1186,0.0008282083673248194,3,,exploratory_partial_surface_not_physically_validated
fx10_upper_001410,fx10,1410,97302,1,1758,903,1187,0.0008286592949222064,3,,exploratory_partial_surface_not_physically_validated
fx10_upper_001187,fx10,1187,72969,2,1680,900,1188,0.0008288793156987775,3,,exploratory_partial_surface_not_physically_validated
fx10_upper_001579,fx10,1579,562,1,1766,945,1189,0.0008295825930578779,3,,exploratory_partial_surface_not_physically_validated
fx10_upper_002279,fx10,2279,114291,1,1806,954,1190,0.0008298908198971056,3,,exploratory_partial_surface_not_physically_validated
fx10_upper_002117,fx10,2117,106410,1,1792,914,1191,0.0008304954601117618,3,,exploratory_partial_surface_not_physically_validated
fx10_upper_000223,fx10,223,27117,2,1631,900,1192,0.0008311652475646726,3,,exploratory_partial_surface_not_physically_validated
fx10_upper_002287,fx10,2287,18346,1,1816,916,1193,0.0008314425659010214,3,,exploratory_partial_surface_not_physically_validated
fx10_upper_001599,fx10,1599,97497,1,1767,924,1194,0.0008317285787550068,3,,exploratory_partial_surface_not_physically_validated
fx10_upper_000255,fx10,255,56516,2,1632,966,1195,0.0008319082068893968,3,,exploratory_partial_surface_not_physically_validated
fx10_upper_000898,fx10,898,73286,2,1661,875,1196,0.0008329491770352058,3,,exploratory_partial_surface_not_physically_validated
fx10_upper_001169,fx10,1169,72961,2,1678,915,1197,0.0008341637015020906,3,,exploratory_partial_surface_not_physically_validated
fx10_upper_001480,fx10,1480,535,1,1761,934,1198,0.0008361070193480338,3,,exploratory_partial_surface_not_physically_validated
fx10_upper_000483,fx10,483,152594,2,1642,943,1199,0.0008370501761896795,3,,exploratory_partial_surface_not_physically_validated
fx10_upper_000120,fx10,120,65805,2,1625,921,1200,0.0008379003306223746,3,,exploratory_partial_surface_not_physically_validated
fx10_upper_001425,fx10,1425,506,1,1758,946,1201,0.0008380578412723289,3,,exploratory_partial_surface_not_physically_validated
fx10_upper_000134,fx10,134,65804,2,1626,921,1202,0.0008382112798146011,3,,exploratory_partial_surface_not_physically_validated
fx10_upper_000551,fx10,551,72222,2,1645,894,1203,0.0008385871560564459,3,,exploratory_partial_surface_not_physically_validated
fx10_upper_000516,fx10,516,56819,2,1643,967,1204,0.0008389775678059579,3,,exploratory_partial_surface_not_physically_validated
fx10_upper_001407,fx10,1407,97307,1,1758,895,1205,0.0008390357007980776,3,,exploratory_partial_surface_not_physically_validated
fx10_upper_000995,fx10,995,33981,2,1665,951,1206,0.0008391229531715379,3,,exploratory_partial_surface_not_physically_validated
fx10_upper_001570,fx10,1570,97475,1,1766,911,1207,0.0008400276491998807,3,,exploratory_partial_surface_not_physically_validated
fx10_upper_001602,fx10,1602,97494,1,1767,930,1208,0.000841017551721799,3,,exploratory_partial_surface_not_physically_validated
fx10_upper_000467,fx10,467,56738,2,1641,976,1209,0.0008410684454740435,3,,exploratory_partial_surface_not_physically_validated
fx10_upper_001475,fx10,1475,97359,1,1761,914,1210,0.0008413422084441796,3,,exploratory_partial_surface_not_physically_validated
fx10_upper_001382,fx10,1382,97239,1,1756,926,1211,0.0008414493784796934,3,,exploratory_partial_surface_not_physically_validated
fx10_upper_001118,fx10,1118,72850,2,1674,913,1212,0.0008420336577340666,3,,exploratory_partial_surface_not_physically_validated
fx10_upper_000785,fx10,785,73213,2,1655,876,1213,0.000843184613344179,3,,exploratory_partial_surface_not_physically_validated
fx10_upper_000373,fx10,373,27333,2,1638,913,1214,0.000844240863368056,3,,exploratory_partial_surface_not_physically_validated
fx10_upper_001619,fx10,1619,97512,1,1768,905,1215,0.0008442784238225784,3,,exploratory_partial_surface_not_physically_validated
fx10_upper_000702,fx10,702,71312,2,1650,978,1216,0.0008447677034144681,3,,exploratory_partial_surface_not_physically_validated
fx10_upper_000630,fx10,630,71302,2,1647,987,1217,0.0008449357921283232,3,,exploratory_partial_surface_not_physically_validated
fx10_upper_000704,fx10,704,71339,2,1650,983,1218,0.000845443447659958,3,,exploratory_partial_surface_not_physically_validated
fx10_upper_001598,fx10,1598,97500,1,1767,920,1219,0.000845658045387667,3,,exploratory_partial_surface_not_physically_validated
fx10_upper_000294,fx10,294,56667,2,1634,950,1220,0.0008463015361913804,3,,exploratory_partial_surface_not_physically_validated
fx10_upper_001772,fx10,1772,105863,1,1775,920,1221,0.0008472718115758536,3,,exploratory_partial_surface_not_physically_validated
fx10_upper_001311,fx10,1311,97168,1,1752,929,1222,0.0008475564018006692,3,,exploratory_partial_surface_not_physically_validated
fx10_upper_000600,fx10,600,71297,2,1646,989,1223,0.0008486943743565996,3,,exploratory_partial_surface_not_physically_validated
fx10_upper_000695,fx10,695,71914,2,1650,934,1224,0.0008499405004919682,3,,exploratory_partial_surface_not_physically_validated
fx10_upper_000943,fx10,943,72658,2,1663,902,1225,0.000850612424092394,3,,exploratory_partial_surface_not_physically_validated
fx10_upper_000303,fx10,303,27249,2,1635,902,1226,0.0008506220071231871,3,,exploratory_partial_surface_not_physically_validated
fx10_upper_000538,fx10,538,56865,2,1644,960,1227,0.0008507533348665068,3,,exploratory_partial_surface_not_physically_validated
fx10_upper_000293,fx10,293,56634,2,1634,945,1228,0.0008511271639768909,3,,exploratory_partial_surface_not_physically_validated
fx10_upper_000492,fx10,492,39980,2,1642,984,1229,0.000851599928735651,3,,exploratory_partial_surface_not_physically_validated
fx10_upper_001483,fx10,1483,528,1,1761,948,1230,0.0008520135159093347,3,,exploratory_partial_surface_not_physically_validated
fx10_upper_001288,fx10,1288,97123,1,1750,902,1231,0.0008528875249493533,3,,exploratory_partial_surface_not_physically_validated
fx10_upper_000443,fx10,443,39939,2,1640,984,1232,0.0008530872792935796,3,,exploratory_partial_surface_not_physically_validated
fx10_upper_001460,fx10,1460,97352,1,1760,927,1233,0.0008550394941796388,3,,exploratory_partial_surface_not_physically_validated
fx10_upper_001572,fx10,1572,97471,1,1766,919,1234,0.0008562287802653221,3,,exploratory_partial_surface_not_physically_validated
fx10_upper_001587,fx10,1587,97489,1,1767,889,1235,0.0008564474389728269,3,,exploratory_partial_surface_not_physically_validated
fx10_upper_000518,fx10,518,56782,2,1643,970,1236,0.0008585682026490487,3,,exploratory_partial_surface_not_physically_validated
fx10_upper_000766,fx10,766,73214,2,1654,874,1237,0.0008586572746076089,3,,exploratory_partial_surface_not_physically_validated
fx10_upper_001744,fx10,1744,105817,1,1774,900,1238,0.0008588618757901224,3,,exploratory_partial_surface_not_physically_validated
fx10_upper_000104,fx10,104,56281,2,1623,965,1239,0.0008591151719506545,3,,exploratory_partial_surface_not_physically_validated
fx10_upper_001047,fx10,1047,34007,2,1668,947,1240,0.0008592821198915049,3,,exploratory_partial_surface_not_physically_validated
fx10_upper_000185,fx10,185,56341,2,1628,968,1241,0.0008597652913748418,3,,exploratory_partial_surface_not_physically_validated
fx10_upper_001464,fx10,1464,522,1,1760,938,1242,0.0008616310038952835,3,,exploratory_partial_surface_not_physically_validated
fx10_upper_002064,fx10,2064,105585,1,1788,960,1243,0.0008632867927535674,3,,exploratory_partial_surface_not_physically_validated
fx10_upper_000724,fx10,724,71435,2,1651,990,1244,0.0008636152293150013,3,,exploratory_partial_surface_not_physically_validated
fx10_upper_001135,fx10,1135,72894,2,1676,887,1245,0.0008636172739384112,3,,exploratory_partial_surface_not_physically_validated
fx10_upper_000297,fx10,297,56613,2,1634,969,1246,0.000863743100823567,3,,exploratory_partial_surface_not_physically_validated
fx10_upper_000506,fx10,506,71857,2,1643,937,1247,0.0008638575988099566,3,,exploratory_partial_surface_not_physically_validated
fx10_upper_002156,fx10,2156,113988,1,1794,951,1248,0.0008645401993836894,3,,exploratory_partial_surface_not_physically_validated
fx10_upper_000671,fx10,671,71904,2,1649,931,1249,0.0008646455976708966,3,,exploratory_partial_surface_not_physically_validated
fx10_upper_001010,fx10,1010,34009,2,1666,948,1250,0.0008653940362956755,3,,exploratory_partial_surface_not_physically_validated
fx10_upper_000677,fx10,677,71336,2,1649,986,1251,0.0008654958546233478,3,,exploratory_partial_surface_not_physically_validated
fx10_upper_001612,fx10,1612,43598,1,1768,882,1252,0.0008664220568707369,3,,exploratory_partial_surface_not_physically_validated
fx10_upper_001756,fx10,1756,105689,1,1774,939,1253,0.000868404594589227,3,,exploratory_partial_surface_not_physically_validated
fx10_upper_001812,fx10,1812,105880,1,1777,890,1254,0.0008724624707950848,3,,exploratory_partial_surface_not_physically_validated
fx10_upper_000665,fx10,665,72291,2,1649,901,1255,0.0008734983739718132,3,,exploratory_partial_surface_not_physically_validated
fx10_upper_001437,fx10,1437,97325,1,1759,919,1256,0.0008735844649879757,3,,exploratory_partial_surface_not_physically_validated
fx10_upper_000402,fx10,402,27328,2,1639,921,1257,0.0008739023747690152,3,,exploratory_partial_surface_not_physically_validated
fx10_upper_001380,fx10,1380,97244,1,1756,919,1258,0.0008745890688639757,3,,exploratory_partial_surface_not_physically_validated
fx10_upper_000056,fx10,56,37112,2,1619,920,1259,0.0008757880024489245,3,,exploratory_partial_surface_not_physically_validated
fx10_upper_000933,fx10,933,72100,2,1662,953,1260,0.000875789585683339,3,,exploratory_partial_surface_not_physically_validated
fx10_upper_000038,fx10,38,37061,2,1615,922,1261,0.0008759403019044888,3,,exploratory_partial_surface_not_physically_validated
fx10_upper_002336,fx10,2336,18623,1,1827,922,1262,0.0008763176787608587,3,,exploratory_partial_surface_not_physically_validated
fx10_upper_000411,fx10,411,56715,2,1639,966,1263,0.000876416661882488,3,,exploratory_partial_surface_not_physically_validated
fx10_upper_000114,fx10,114,56289,2,1624,957,1264,0.0008772832688667365,3,,exploratory_partial_surface_not_physically_validated
fx10_upper_001790,fx10,1790,105872,1,1776,903,1265,0.0008779695790295529,3,,exploratory_partial_surface_not_physically_validated
fx10_upper_002003,fx10,2003,7928,1,1786,882,1266,0.0008782018121358047,3,,exploratory_partial_surface_not_physically_validated
fx10_upper_000314,fx10,314,56695,2,1635,953,1267,0.0008786055102222034,3,,exploratory_partial_surface_not_physically_validated
fx10_upper_000439,fx10,439,56739,2,1640,974,1268,0.0008795229741903058,3,,exploratory_partial_surface_not_physically_validated
fx10_upper_001490,fx10,1490,97423,1,1762,902,1269,0.0008804852554908743,3,,exploratory_partial_surface_not_physically_validated
fx10_upper_000801,fx10,801,73231,2,1656,868,1270,0.0008810037666291377,3,,exploratory_partial_surface_not_physically_validated
fx10_upper_000726,fx10,726,73187,2,1652,875,1271,0.0008810167322374198,3,,exploratory_partial_surface_not_physically_validated
fx10_upper_001157,fx10,1157,72960,2,1677,913,1272,0.0008815132389041637,3,,exploratory_partial_surface_not_physically_validated
fx10_upper_000202,fx10,202,56394,2,1629,968,1273,0.0008842378684864697,3,,exploratory_partial_surface_not_physically_validated
fx10_upper_002326,fx10,2326,18554,1,1824,915,1274,0.0008846065921871466,3,,exploratory_partial_surface_not_physically_validated
fx10_upper_001586,fx10,1586,97523,1,1767,886,1275,0.0008851898995272739,3,,exploratory_partial_surface_not_physically_validated
fx10_upper_000749,fx10,749,72427,2,1653,891,1276,0.0008867357551645026,3,,exploratory_partial_surface_not_physically_validated
fx10_upper_001138,fx10,1138,72887,2,1676,898,1277,0.0008872802282365305,3,,exploratory_partial_surface_not_physically_validated
fx10_upper_001933,fx10,1933,105987,1,1782,926,1278,0.0008873225483743883,3,,exploratory_partial_surface_not_physically_validated
fx10_upper_000311,fx10,311,56704,2,1635,944,1279,0.0008878127418956415,3,,exploratory_partial_surface_not_physically_validated
fx10_upper_002285,fx10,2285,114381,1,1807,957,1280,0.0008892066310956482,3,,exploratory_partial_surface_not_physically_validated
fx10_upper_000121,fx10,121,37178,2,1625,929,1281,0.000889640822558661,3,,exploratory_partial_surface_not_physically_validated
fx10_upper_000210,fx10,210,56358,2,1630,945,1282,0.0008896954132416768,3,,exploratory_partial_surface_not_physically_validated
fx10_upper_000742,fx10,742,73202,2,1653,872,1283,0.0008908297994002873,3,,exploratory_partial_surface_not_physically_validated
fx10_upper_000558,fx10,558,72202,2,1645,920,1284,0.0008910350347029987,3,,exploratory_partial_surface_not_physically_validated
fx10_upper_001990,fx10,1990,106082,1,1785,914,1285,0.0008912643043655677,3,,exploratory_partial_surface_not_physically_validated
fx10_upper_001153,fx10,1153,72942,2,1677,903,1286,0.0008913538370159172,3,,exploratory_partial_surface_not_physically_validated
fx10_upper_000488,fx10,488,56744,2,1642,970,1287,0.0008915263674259722,3,,exploratory_partial_surface_not_physically_validated
fx10_upper_000238,fx10,238,27165,2,1632,897,1288,0.0008916589991919631,3,,exploratory_partial_surface_not_physically_validated
fx10_upper_001397,fx10,1397,97241,1,1757,921,1289,0.0008920779554314422,3,,exploratory_partial_surface_not_physically_validated
fx10_upper_000743,fx10,743,73200,2,1653,874,1290,0.000893789233818766,3,,exploratory_partial_surface_not_physically_validated
fx10_upper_000705,fx10,705,73189,2,1651,873,1291,0.0008939496082490245,3,,exploratory_partial_surface_not_physically_validated
fx10_upper_001467,fx10,1467,518,1,1760,948,1292,0.0008943632340239307,3,,exploratory_partial_surface_not_physically_validated
fx10_upper_001114,fx10,1114,72858,2,1674,900,1293,0.0008952372514367538,3,,exploratory_partial_surface_not_physically_validated
fx10_upper_002237,fx10,2237,47931,1,1800,929,1294,0.0008953410262371302,3,,exploratory_partial_surface_not_physically_validated
fx10_upper_001144,fx10,1144,72938,2,1676,913,1295,0.0008954842222095288,3,,exploratory_partial_surface_not_physically_validated
fx10_upper_000248,fx10,248,56480,2,1632,943,1296,0.0008960429932282926,3,,exploratory_partial_surface_not_physically_validated
fx10_upper_000173,fx10,173,65854,2,1628,928,1297,0.0008961272290777679,3,,exploratory_partial_surface_not_physically_validated
fx10_upper_000346,fx10,346,27280,2,1637,904,1298,0.000896320500740081,3,,exploratory_partial_surface_not_physically_validated
fx10_upper_002321,fx10,2321,18517,1,1823,914,1299,0.000897753820279198,3,,exploratory_partial_surface_not_physically_validated
fx10_upper_000221,fx10,221,27119,2,1631,897,1300,0.0008986196802018066,3,,exploratory_partial_surface_not_physically_validated
fx10_upper_001999,fx10,1999,105541,1,1785,945,1301,0.0008988588766209327,3,,exploratory_partial_surface_not_physically_validated
fx10_upper_001322,fx10,1322,97180,1,1753,907,1302,0.0008989147535308978,3,,exploratory_partial_surface_not_physically_validated
fx10_upper_002192,fx10,2192,106626,1,1797,913,1303,0.0008996231972036739,3,,exploratory_partial_surface_not_physically_validated
fx10_upper_002142,fx10,2142,113957,1,1793,949,1304,0.0008999820649246191,3,,exploratory_partial_surface_not_physically_validated
fx10_upper_000078,fx10,78,37141,2,1621,928,1305,0.0009008524090925059,3,,exploratory_partial_surface_not_physically_validated
fx10_upper_002181,fx10,2181,106520,1,1796,924,1306,0.0009009708239050556,3,,exploratory_partial_surface_not_physically_validated
fx10_upper_000014,fx10,14,36961,2,1606,921,1307,0.0009030924391863648,3,,exploratory_partial_surface_not_physically_validated
fx10_upper_001940,fx10,1940,7899,1,1783,884,1308,0.0009033675121658069,3,,exploratory_partial_surface_not_physically_validated
fx10_upper_001895,fx10,1895,7896,1,1781,871,1309,0.0009034566483982751,3,,exploratory_partial_surface_not_physically_validated
fx10_upper_000196,fx10,196,56401,2,1629,954,1310,0.000904308670355306,3,,exploratory_partial_surface_not_physically_validated
fx10_upper_000769,fx10,769,73209,2,1654,882,1311,0.000905907554282831,3,,exploratory_partial_surface_not_physically_validated
fx10_upper_001433,fx10,1433,97363,1,1759,908,1312,0.0009078284997627651,3,,exploratory_partial_surface_not_physically_validated
fx10_upper_000767,fx10,767,73212,2,1654,876,1313,0.000908205550460142,3,,exploratory_partial_surface_not_physically_validated
fx10_upper_000247,fx10,247,56489,2,1632,941,1314,0.0009087640803821966,3,,exploratory_partial_surface_not_physically_validated
fx10_upper_001546,fx10,1546,43586,1,1765,880,1315,0.0009106256286157575,3,,exploratory_partial_surface_not_physically_validated
fx10_upper_001403,fx10,1403,505,1,1757,948,1316,0.0009108355210159188,3,,exploratory_partial_surface_not_physically_validated
fx10_upper_001244,fx10,1244,73087,2,1686,899,1317,0.0009112291350829701,3,,exploratory_partial_surface_not_physically_validated
fx10_upper_001303,fx10,1303,97141,1,1751,921,1318,0.0009120539826509644,3,,exploratory_partial_surface_not_physically_validated
fx10_upper_001768,fx10,1768,105812,1,1775,907,1319,0.0009123606739058529,3,,exploratory_partial_surface_not_physically_validated
fx10_upper_002264,fx10,2264,114220,1,1803,952,1320,0.0009130477289064683,3,,exploratory_partial_surface_not_physically_validated
fx10_upper_001306,fx10,1306,97136,1,1751,928,1321,0.0009132271625531444,3,,exploratory_partial_surface_not_physically_validated
fx10_upper_000015,fx10,15,36978,2,1607,921,1322,0.0009132858687950805,2,,exploratory_partial_surface_not_physically_validated
fx10_upper_000642,fx10,642,72313,2,1648,919,1323,0.0009135151194310541,3,,exploratory_partial_surface_not_physically_validated
fx10_upper_000761,fx10,761,71932,2,1653,938,1324,0.0009140094820983294,3,,exploratory_partial_surface_not_physically_validated
fx10_upper_002131,fx10,2131,106450,1,1793,914,1325,0.0009141749951711513,3,,exploratory_partial_surface_not_physically_validated
fx10_upper_001874,fx10,1874,105404,1,1779,939,1326,0.0009169055394158669,3,,exploratory_partial_surface_not_physically_validated
fx10_upper_001498,fx10,1498,532,1,1762,939,1327,0.0009171567828687271,3,,exploratory_partial_surface_not_physically_validated
fx10_upper_000127,fx10,127,56287,2,1625,957,1328,0.0009173959769547944,3,,exploratory_partial_surface_not_physically_validated
fx10_upper_000068,fx10,68,37125,2,1620,927,1329,0.0009179789731427649,3,,exploratory_partial_surface_not_physically_validated
fx10_upper_001655,fx10,1655,43596,1,1770,883,1330,0.000918034351723374,3,,exploratory_partial_surface_not_physically_validated
fx10_upper_002247,fx10,2247,106718,1,1801,926,1331,0.000918645862782982,3,,exploratory_partial_surface_not_physically_validated
fx10_upper_000584,fx10,584,72237,2,1646,920,1332,0.000919704741480725,3,,exploratory_partial_surface_not_physically_validated
fx10_upper_001641,fx10,1641,97575,1,1769,899,1333,0.0009197557544706544,3,,exploratory_partial_surface_not_physically_validated
fx10_upper_000912,fx10,912,72113,2,1661,946,1334,0.000920546631410375,3,,exploratory_partial_surface_not_physically_validated
fx10_upper_000423,fx10,423,27359,2,1640,918,1335,0.0009213004832980895,3,,exploratory_partial_surface_not_physically_validated
fx10_upper_000001,fx10,1,61406,2,1601,922,1336,0.0009213378251674916,3,,exploratory_partial_surface_not_physically_validated
fx10_upper_001766,fx10,1766,105816,1,1775,900,1337,0.0009226030333533675,3,,exploratory_partial_surface_not_physically_validated
fx10_upper_000514,fx10,514,56824,2,1643,960,1338,0.0009234718016208751,3,,exploratory_partial_surface_not_physically_validated
fx10_upper_001163,fx10,1163,72948,2,1678,889,1339,0.000924000885802039,3,,exploratory_partial_surface_not_physically_validated
fx10_upper_001249,fx10,1249,73089,2,1687,894,1340,0.0009245638910553479,3,,exploratory_partial_surface_not_physically_validated
fx10_upper_000585,fx10,585,72235,2,1646,923,1341,0.0009246863925447976,3,,exploratory_partial_surface_not_physically_validated
fx10_upper_001165,fx10,1165,72921,2,1678,895,1342,0.0009252125491289442,3,,exploratory_partial_surface_not_physically_validated
fx10_upper_000955,fx10,955,73347,2,1664,863,1343,0.0009272720000251052,3,,exploratory_partial_surface_not_physically_validated
fx10_upper_000226,fx10,226,56497,2,1631,939,1344,0.0009283697447127999,3,,exploratory_partial_surface_not_physically_validated
fx10_upper_001754,fx10,1754,105797,1,1774,930,1345,0.000928424196241091,3,,exploratory_partial_surface_not_physically_validated
fx10_upper_001774,fx10,1774,105828,1,1775,929,1346,0.0009293268456041986,3,,exploratory_partial_surface_not_physically_validated
fx10_upper_001317,fx10,1317,384,1,1752,943,1347,0.000929555919908494,3,,exploratory_partial_surface_not_physically_validated
fx10_upper_000200,fx10,200,56396,2,1629,963,1348,0.0009312565795715363,3,,exploratory_partial_surface_not_physically_validated
fx10_upper_001398,fx10,1398,97282,1,1757,923,1349,0.0009315678324251164,3,,exploratory_partial_surface_not_physically_validated
fx10_upper_000845,fx10,845,73260,2,1658,870,1350,0.0009322471431943585,3,,exploratory_partial_surface_not_physically_validated
fx10_upper_000759,fx10,759,71935,2,1653,934,1351,0.000934556287929498,3,,exploratory_partial_surface_not_physically_validated
fx10_upper_000906,fx10,906,72578,2,1661,899,1352,0.0009347484143189006,3,,exploratory_partial_surface_not_physically_validated
fx10_upper_000858,fx10,858,71970,2,1658,940,1353,0.0009347737250754565,3,,exploratory_partial_surface_not_physically_validated
fx10_upper_001991,fx10,1991,106081,1,1785,915,1354,0.0009347782012589304,3,,exploratory_partial_surface_not_physically_validated
fx10_upper_000557,fx10,557,72241,2,1645,919,1355,0.0009349476097456082,3,,exploratory_partial_surface_not_physically_validated
fx10_upper_000023,fx10,23,37018,2,1610,919,1356,0.0009352651531267333,3,,exploratory_partial_surface_not_physically_validated
fx10_upper_000269,fx10,269,56535,2,1633,945,1357,0.0009353442410133175,3,,exploratory_partial_surface_not_physically_validated
fx10_upper_000163,fx10,163,56347,2,1627,960,1358,0.0009356438477703966,3,,exploratory_partial_surface_not_physically_validated
fx10_upper_001957,fx10,1957,107261,1,1784,868,1359,0.0009360751378525406,3,,exploratory_partial_surface_not_physically_validated
fx10_upper_001469,fx10,1469,515,1,1760,953,1360,0.000936297274655015,3,,exploratory_partial_surface_not_physically_validated
fx10_upper_000575,fx10,575,71260,2,1645,989,1361,0.0009364564700863109,3,,exploratory_partial_surface_not_physically_validated
fx10_upper_001365,fx10,1365,417,1,1755,935,1362,0.0009366165494822519,3,,exploratory_partial_surface_not_physically_validated
fx10_upper_001642,fx10,1642,97572,1,1769,902,1363,0.000937481083982948,3,,exploratory_partial_surface_not_physically_validated
fx10_upper_000574,fx10,574,71225,2,1645,986,1364,0.0009380964272806057,3,,exploratory_partial_surface_not_physically_validated
fx10_upper_002105,fx10,2105,106218,1,1791,926,1365,0.0009381895229297311,3,,exploratory_partial_surface_not_physically_validated
fx10_upper_002273,fx10,2273,114258,1,1805,949,1366,0.0009390202176590122,3,,exploratory_partial_surface_not_physically_validated
fx10_upper_001080,fx10,1080,72808,2,1671,899,1367,0.0009394951604970401,3,,exploratory_partial_surface_not_physically_validated
fx10_upper_001595,fx10,1595,97506,1,1767,914,1368,0.0009397900130359734,3,,exploratory_partial_surface_not_physically_validated
fx10_upper_000298,fx10,298,56610,2,1634,975,1369,0.0009409569573711434,3,,exploratory_partial_surface_not_physically_validated
fx10_upper_001459,fx10,1459,97353,1,1760,926,1370,0.000941431452614726,3,,exploratory_partial_surface_not_physically_validated
fx10_upper_001711,fx10,1711,105680,1,1772,942,1371,0.0009422809022386067,3,,exploratory_partial_surface_not_physically_validated
fx10_upper_000573,fx10,573,71227,2,1645,984,1372,0.0009427148013622778,3,,exploratory_partial_surface_not_physically_validated
fx10_upper_000095,fx10,95,37184,2,1623,922,1373,0.00094355232250389,3,,exploratory_partial_surface_not_physically_validated
fx10_upper_001531,fx10,1531,97452,1,1764,901,1374,0.0009440229636903788,3,,exploratory_partial_surface_not_physically_validated
fx10_upper_002167,fx10,2167,106514,1,1795,929,1375,0.0009441033851370221,3,,exploratory_partial_surface_not_physically_validated
fx10_upper_000755,fx10,755,72413,2,1653,906,1376,0.000944629181780587,3,,exploratory_partial_surface_not_physically_validated
fx10_upper_001624,fx10,1624,97531,1,1768,919,1377,0.0009468165240744127,3,,exploratory_partial_surface_not_physically_validated
fx10_upper_001969,fx10,1969,106043,1,1784,926,1378,0.0009470178208908516,3,,exploratory_partial_surface_not_physically_validated
fx10_upper_000012,fx10,12,36986,2,1606,917,1379,0.0009480920005465306,2,,exploratory_partial_surface_not_physically_validated
fx10_upper_002113,fx10,2113,106504,1,1792,901,1380,0.0009481067298275419,3,,exploratory_partial_surface_not_physically_validated
fx10_upper_002241,fx10,2241,114160,1,1800,947,1381,0.0009499763811444491,3,,exploratory_partial_surface_not_physically_validated
fx10_upper_001510,fx10,1510,97421,1,1763,906,1382,0.0009500992652213972,3,,exploratory_partial_surface_not_physically_validated
fx10_upper_002315,fx10,2315,18520,1,1822,910,1383,0.0009517742220914157,3,,exploratory_partial_surface_not_physically_validated
fx10_upper_000862,fx10,862,73274,2,1659,869,1384,0.0009541768830808494,3,,exploratory_partial_surface_not_physically_validated
fx10_upper_000291,fx10,291,56641,2,1634,941,1385,0.0009551323161504695,3,,exploratory_partial_surface_not_physically_validated
fx10_upper_000567,fx10,567,56858,2,1645,964,1386,0.0009559474057037685,3,,exploratory_partial_surface_not_physically_validated
fx10_upper_001209,fx10,1209,73042,2,1682,897,1387,0.0009566279803089147,3,,exploratory_partial_surface_not_physically_validated
fx10_upper_001045,fx10,1045,34034,2,1668,944,1388,0.0009570159848058422,3,,exploratory_partial_surface_not_physically_validated
fx10_upper_000358,fx10,358,65739,2,1637,941,1389,0.0009574077225615777,3,,exploratory_partial_surface_not_physically_validated
fx10_upper_000461,fx10,461,56830,2,1641,956,1390,0.0009578395383256343,3,,exploratory_partial_surface_not_physically_validated
fx10_upper_001455,fx10,1455,97358,1,1760,917,1391,0.000958404963332643,3,,exploratory_partial_surface_not_physically_validated
fx10_upper_001217,fx10,1217,73026,2,1683,884,1392,0.0009584419060478259,3,,exploratory_partial_surface_not_physically_validated
fx10_upper_000988,fx10,988,72688,2,1665,900,1393,0.000958778050233665,3,,exploratory_partial_surface_not_physically_validated
fx10_upper_001299,fx10,1299,97149,1,1751,909,1394,0.0009588727685409765,3,,exploratory_partial_surface_not_physically_validated
fx10_upper_002061,fx10,2061,105589,1,1788,954,1395,0.00095909473847555,3,,exploratory_partial_surface_not_physically_validated
fx10_upper_000666,fx10,666,72329,2,1649,903,1396,0.0009594749960362329,3,,exploratory_partial_surface_not_physically_validated
fx10_upper_000532,fx10,532,72206,2,1644,919,1397,0.000960908980310598,3,,exploratory_partial_surface_not_physically_validated
fx10_upper_001413,fx10,1413,97291,1,1758,913,1398,0.0009616105628825078,3,,exploratory_partial_surface_not_physically_validated
fx10_upper_001853,fx10,1853,7868,1,1779,872,1399,0.0009618783801951686,3,,exploratory_partial_surface_not_physically_validated
fx10_upper_000523,fx10,523,73121,2,1644,882,1400,0.0009619636669706737,3,,exploratory_partial_surface_not_physically_validated
fx10_upper_002180,fx10,2180,106521,1,1796,921,1401,0.0009622047881361099,3,,exploratory_partial_surface_not_physically_validated
fx10_upper_000870,fx10,870,71978,2,1659,932,1402,0.0009637136602015855,3,,exploratory_partial_surface_not_physically_validated
fx10_upper_002286,fx10,2286,114384,1,1808,951,1403,0.0009640519189880573,3,,exploratory_partial_surface_not_physically_validated
fx10_upper_001968,fx10,1968,106049,1,1784,919,1404,0.0009644156352074541,3,,exploratory_partial_surface_not_physically_validated
fx10_upper_000021,fx10,21,36974,2,1608,924,1405,0.0009644782704403671,3,,exploratory_partial_surface_not_physically_validated
fx10_upper_000427,fx10,427,65771,2,1640,932,1406,0.0009647808589047678,3,,exploratory_partial_surface_not_physically_validated
fx10_upper_000519,fx10,519,56779,2,1643,973,1407,0.0009651198152696893,3,,exploratory_partial_surface_not_physically_validated
fx10_upper_001786,fx10,1786,105848,1,1776,893,1408,0.0009653808743259657,3,,exploratory_partial_surface_not_physically_validated
fx10_upper_002152,fx10,2152,47917,1,1794,931,1409,0.0009657537061205559,3,,exploratory_partial_surface_not_physically_validated
fx10_upper_000896,fx10,896,73289,2,1661,871,1410,0.000966375837624882,3,,exploratory_partial_surface_not_physically_validated
fx10_upper_001796,fx10,1796,105860,1,1776,921,1411,0.0009665840437219131,3,,exploratory_partial_surface_not_physically_validated
fx10_upper_000368,fx10,368,27317,2,1638,894,1412,0.0009671893616183909,3,,exploratory_partial_surface_not_physically_validated
fx10_upper_000547,fx10,547,73136,2,1645,878,1413,0.0009693659585520071,3,,exploratory_partial_surface_not_physically_validated
fx10_upper_000824,fx10,824,73245,2,1657,870,1414,0.0009695717453228098,3,,exploratory_partial_surface_not_physically_validated
fx10_upper_000191,fx10,191,65859,2,1629,925,1415,0.0009698844265169521,3,,exploratory_partial_surface_not_physically_validated
fx10_upper_002221,fx10,2221,114141,1,1798,975,1416,0.0009705443137775274,3,,exploratory_partial_surface_not_physically_validated
fx10_upper_002056,fx10,2056,106137,1,1788,930,1417,0.0009706710016543146,3,,exploratory_partial_surface_not_physically_validated
fx10_upper_000754,fx10,754,72412,2,1653,905,1418,0.0009708938822618297,3,,exploratory_partial_surface_not_physically_validated
fx10_upper_000183,fx10,183,56351,2,1628,954,1419,0.0009708997381899611,3,,exploratory_partial_surface_not_physically_validated
fx10_upper_001184,fx10,1184,72952,2,1680,884,1420,0.0009712405200048044,3,,exploratory_partial_surface_not_physically_validated
fx10_upper_000623,fx10,623,15702,2,1647,969,1421,0.0009716463679989052,3,,exploratory_partial_surface_not_physically_validated
fx10_upper_000228,fx10,228,56407,2,1631,948,1422,0.0009719025578415646,3,,exploratory_partial_surface_not_physically_validated
fx10_upper_000663,fx10,663,72297,2,1649,891,1423,0.0009735263638366759,3,,exploratory_partial_surface_not_physically_validated
fx10_upper_000026,fx10,26,37036,2,1611,919,1424,0.0009738887497330345,3,,exploratory_partial_surface_not_physically_validated
fx10_upper_000810,fx10,810,72482,2,1656,900,1425,0.0009744448036884073,3,,exploratory_partial_surface_not_physically_validated
fx10_upper_000838,fx10,838,72497,2,1657,924,1426,0.0009749719013385134,3,,exploratory_partial_surface_not_physically_validated
fx10_upper_000363,fx10,363,56724,2,1637,958,1427,0.0009753522813138206,3,,exploratory_partial_surface_not_physically_validated
fx10_upper_001415,fx10,1415,97284,1,1758,919,1428,0.0009759619724336899,3,,exploratory_partial_surface_not_physically_validated
fx10_upper_002011,fx10,2011,106118,1,1786,915,1429,0.0009770886328083913,3,,exploratory_partial_surface_not_physically_validated
fx10_upper_001298,fx10,1298,97152,1,1751,907,1430,0.0009775321025877963,3,,exploratory_partial_surface_not_physically_validated
fx10_upper_000151,fx10,151,65836,2,1627,921,1431,0.0009792107170333941,3,,exploratory_partial_surface_not_physically_validated
fx10_upper_000325,fx10,325,27267,2,1636,921,1432,0.0009797521237277411,3,,exploratory_partial_surface_not_physically_validated
fx10_upper_000052,fx10,52,37113,2,1618,918,1433,0.0009803667194533561,3,,exploratory_partial_surface_not_physically_validated
fx10_upper_001876,fx10,1876,7884,1,1780,871,1434,0.0009806293283956098,3,,exploratory_partial_surface_not_physically_validated
fx10_upper_000576,fx10,576,71257,2,1645,991,1435,0.0009808732168736826,3,,exploratory_partial_surface_not_physically_validated
fx10_upper_002118,fx10,2118,106404,1,1792,917,1436,0.0009809095446310847,3,,exploratory_partial_surface_not_physically_validated
fx10_upper_000593,fx10,593,15703,2,1646,966,1437,0.0009813851629097703,3,,exploratory_partial_surface_not_physically_validated
fx10_upper_001195,fx10,1195,73001,2,1681,886,1438,0.0009815321707273498,3,,exploratory_partial_surface_not_physically_validated
fx10_upper_002284,fx10,2284,114352,1,1807,956,1439,0.0009832037984195217,3,,exploratory_partial_surface_not_physically_validated
fx10_upper_000446,fx10,446,27378,2,1641,899,1440,0.0009832719781555875,3,,exploratory_partial_surface_not_physically_validated
fx10_upper_000800,fx10,800,15945,2,1655,953,1441,0.0009847023359500667,3,,exploratory_partial_surface_not_physically_validated
fx10_upper_001934,fx10,1934,105986,1,1782,928,1442,0.0009849340525740044,3,,exploratory_partial_surface_not_physically_validated
fx10_upper_001522,fx10,1522,542,1,1763,941,1443,0.00098785039491025,3,,exploratory_partial_surface_not_physically_validated
fx10_upper_000266,fx10,266,65707,2,1633,938,1444,0.0009898891612740686,3,,exploratory_partial_surface_not_physically_validated
fx10_upper_001332,fx10,1332,410,1,1753,948,1445,0.0009901982436751932,3,,exploratory_partial_surface_not_physically_validated
fx10_upper_001770,fx10,1770,105838,1,1775,911,1446,0.0009914755902154667,3,,exploratory_partial_surface_not_physically_validated
fx10_upper_000066,fx10,66,37130,2,1620,922,1447,0.0009922603677891915,3,,exploratory_partial_surface_not_physically_validated
fx10_upper_001108,fx10,1108,73890,2,1674,866,1448,0.000992937496741301,3,,exploratory_partial_surface_not_physically_validated
fx10_upper_001374,fx10,1374,97259,1,1756,903,1449,0.0009929909384372758,3,,exploratory_partial_surface_not_physically_validated
fx10_upper_001448,fx10,1448,43566,1,1760,882,1450,0.0009933629677053787,3,,exploratory_partial_surface_not_physically_validated
fx10_upper_001454,fx10,1454,97328,1,1760,913,1451,0.0009950218677828105,3,,exploratory_partial_surface_not_physically_validated
fx10_upper_000813,fx10,813,72499,2,1656,922,1452,0.000995791036637268,3,,exploratory_partial_surface_not_physically_validated
fx10_upper_000661,fx10,661,73170,2,1649,882,1453,0.0009977392092968412,3,,exploratory_partial_surface_not_physically_validated
fx10_upper_001795,fx10,1795,105893,1,1776,918,1454,0.0009979144392408144,3,,exploratory_partial_surface_not_physically_validated
fx10_upper_001829,fx10,1829,105708,1,1777,945,1455,0.0009990641177023657,3,,exploratory_partial_surface_not_physically_validated
fx10_upper_001901,fx10,1901,105982,1,1781,887,1456,0.001000763574327484,3,,exploratory_partial_surface_not_physically_validated
fx10_upper_000631,fx10,631,71298,2,1647,988,1457,0.0010010592493682469,3,,exploratory_partial_surface_not_physically_validated
fx10_upper_000598,fx10,598,71266,2,1646,985,1458,0.0010019852312330864,3,,exploratory_partial_surface_not_physically_validated
fx10_upper_000236,fx10,236,27169,2,1632,894,1459,0.001002790361864523,3,,exploratory_partial_surface_not_physically_validated
fx10_upper_001879,fx10,1879,7877,1,1780,877,1460,0.0010029624450213828,3,,exploratory_partial_surface_not_physically_validated
fx10_upper_000218,fx10,218,56451,2,1630,972,1461,0.0010030581872836036,3,,exploratory_partial_surface_not_physically_validated
fx10_upper_002308,fx10,2308,18412,1,1820,922,1462,0.001003597171855908,3,,exploratory_partial_surface_not_physically_validated
fx10_upper_001767,fx10,1767,105843,1,1775,903,1463,0.0010036592240675539,3,,exploratory_partial_surface_not_physically_validated
fx10_upper_001343,fx10,1343,97204,1,1754,924,1464,0.001004311730303602,3,,exploratory_partial_surface_not_physically_validated
fx10_upper_002268,fx10,2268,114261,1,1804,946,1465,0.0010050318723668326,3,,exploratory_partial_surface_not_physically_validated
fx10_upper_000075,fx10,75,26773,2,1621,902,1466,0.0010051422223439767,3,,exploratory_partial_surface_not_physically_validated
fx10_upper_000058,fx10,58,37106,2,1619,927,1467,0.0010051989170764902,3,,exploratory_partial_surface_not_physically_validated
fx10_upper_001907,fx10,1907,106003,1,1781,900,1468,0.0010053406815688647,3,,exploratory_partial_surface_not_physically_validated
fx10_upper_001671,fx10,1671,7783,1,1771,881,1469,0.0010055060424288727,3,,exploratory_partial_surface_not_physically_validated
fx10_upper_001920,fx10,1920,105981,1,1782,887,1470,0.0010055110788900828,3,,exploratory_partial_surface_not_physically_validated
fx10_upper_001381,fx10,1381,97240,1,1756,923,1471,0.0010063225297169355,3,,exploratory_partial_surface_not_physically_validated
fx10_upper_000003,fx10,3,36926,2,1602,922,1472,0.001009994711317921,3,,exploratory_partial_surface_not_physically_validated
fx10_upper_001197,fx10,1197,72996,2,1681,897,1473,0.0010101724635941407,3,,exploratory_partial_surface_not_physically_validated
fx10_upper_000257,fx10,257,56511,2,1632,972,1474,0.001010190243722288,3,,exploratory_partial_surface_not_physically_validated
fx10_upper_001394,fx10,1394,97301,1,1757,907,1475,0.0010117560748460338,3,,exploratory_partial_surface_not_physically_validated
fx10_upper_000907,fx10,907,72631,2,1661,905,1476,0.0010117688869585302,3,,exploratory_partial_surface_not_physically_validated
fx10_upper_001148,fx10,1148,72928,2,1677,883,1477,0.0010119641682462246,3,,exploratory_partial_surface_not_physically_validated
fx10_upper_002124,fx10,2124,105654,1,1792,951,1478,0.0010122795905759972,3,,exploratory_partial_surface_not_physically_validated
fx10_upper_001548,fx10,1548,97456,1,1765,893,1479,0.0010129704607812007,3,,exploratory_partial_surface_not_physically_validated
fx10_upper_002316,fx10,2316,18487,1,1822,911,1480,0.0010137016572570696,3,,exploratory_partial_surface_not_physically_validated
fx10_upper_002101,fx10,2101,106412,1,1791,912,1481,0.001016235969133768,3,,exploratory_partial_surface_not_physically_validated
fx10_upper_001720,fx10,1720,105788,1,1773,900,1482,0.001016688913396381,3,,exploratory_partial_surface_not_physically_validated
fx10_upper_000680,fx10,680,73174,2,1650,875,1483,0.00101724443959742,3,,exploratory_partial_surface_not_physically_validated
fx10_upper_000019,fx10,19,37000,2,1608,919,1484,0.0010174314368796005,2,,exploratory_partial_surface_not_physically_validated
fx10_upper_002199,fx10,2199,47922,1,1797,933,1485,0.001017791358849774,3,,exploratory_partial_surface_not_physically_validated
fx10_upper_000504,fx10,504,71861,2,1643,932,1486,0.0010207168485284722,3,,exploratory_partial_surface_not_physically_validated
fx10_upper_001695,fx10,1695,105760,1,1772,898,1487,0.001021319332868542,3,,exploratory_partial_surface_not_physically_validated
fx10_upper_000007,fx10,7,36919,2,1603,925,1488,0.001022450439472986,3,,exploratory_partial_surface_not_physically_validated
fx10_upper_000049,fx10,49,37090,2,1617,925,1489,0.0010241950100588356,3,,exploratory_partial_surface_not_physically_validated
fx10_upper_000339,fx10,339,56648,2,1636,972,1490,0.0010242657407870121,3,,exploratory_partial_surface_not_physically_validated
fx10_upper_001281,fx10,1281,85666,2,1708,994,1491,0.0010255671996996269,3,,exploratory_partial_surface_not_physically_validated
fx10_upper_001746,fx10,1746,105813,1,1774,905,1492,0.0010257487785416408,3,,exploratory_partial_surface_not_physically_validated
fx10_upper_000615,fx10,615,72275,2,1647,919,1493,0.0010259086557256835,3,,exploratory_partial_surface_not_physically_validated
fx10_upper_001678,fx10,1678,105749,1,1771,914,1494,0.001026014533636692,3,,exploratory_partial_surface_not_physically_validated
fx10_upper_000521,fx10,521,40025,2,1643,984,1495,0.0010263981541716082,3,,exploratory_partial_surface_not_physically_validated
fx10_upper_000440,fx10,440,56708,2,1640,976,1496,0.0010265539767033375,3,,exploratory_partial_surface_not_physically_validated
fx10_upper_001076,fx10,1076,72792,2,1671,882,1497,0.0010301137365926099,3,,exploratory_partial_surface_not_physically_validated
fx10_upper_000475,fx10,475,27411,2,1642,899,1498,0.001030864037280912,3,,exploratory_partial_surface_not_physically_validated
fx10_upper_002196,fx10,2196,106564,1,1797,923,1499,0.0010312075947575083,3,,exploratory_partial_surface_not_physically_validated
fx10_upper_000629,fx10,629,71231,2,1647,981,1500,0.0010318672904495443,3,,exploratory_partial_surface_not_physically_validated
fx10_upper_001325,fx10,1325,97170,1,1753,925,1501,0.0010321075441185306,3,,exploratory_partial_surface_not_physically_validated
fx10_upper_001740,fx10,1740,105822,1,1774,890,1502,0.00103266471723169,3,,exploratory_partial_surface_not_physically_validated
fx10_upper_001171,fx10,1171,73950,2,1679,872,1503,0.0010330883509516336,3,,exploratory_partial_surface_not_physically_validated
fx10_upper_000463,fx10,463,56718,2,1641,960,1504,0.0010335190274391342,3,,exploratory_partial_surface_not_physically_validated
fx10_upper_000147,fx10,147,26953,2,1627,897,1505,0.0010337560843873199,3,,exploratory_partial_surface_not_physically_validated
fx10_upper_001065,fx10,1065,72791,2,1670,885,1506,0.0010346885840673435,3,,exploratory_partial_surface_not_physically_validated
fx10_upper_000428,fx10,428,65769,2,1640,934,1507,0.0010349287458934079,3,,exploratory_partial_surface_not_physically_validated
fx10_upper_002298,fx10,2298,18418,1,1819,915,1508,0.0010358114310676006,3,,exploratory_partial_surface_not_physically_validated
fx10_upper_001473,fx10,1473,97396,1,1761,902,1509,0.0010389718509104186,3,,exploratory_partial_surface_not_physically_validated
fx10_upper_001420,fx10,1420,514,1,1758,934,1510,0.001040121612675602,3,,exploratory_partial_surface_not_physically_validated
fx10_upper_000700,fx10,700,15860,2,1650,947,1511,0.0010403104154479575,3,,exploratory_partial_surface_not_physically_validated
fx10_upper_001419,fx10,1419,97319,1,1758,931,1512,0.001041520828219065,3,,exploratory_partial_surface_not_physically_validated
fx10_upper_002109,fx10,2109,105655,1,1791,952,1513,0.001041912080582658,3,,exploratory_partial_surface_not_physically_validated
fx10_upper_000546,fx10,546,71226,2,1644,989,1514,0.001042623253900572,3,,exploratory_partial_surface_not_physically_validated
fx10_upper_001358,fx10,1358,97210,1,1755,915,1515,0.001043447176114804,3,,exploratory_partial_surface_not_physically_validated
fx10_upper_000201,fx10,201,56395,2,1629,966,1516,0.0010450011411060212,3,,exploratory_partial_surface_not_physically_validated
fx10_upper_000811,fx10,811,72481,2,1656,902,1517,0.001045026943651283,3,,exploratory_partial_surface_not_physically_validated
fx10_upper_001745,fx10,1745,105815,1,1774,902,1518,0.001045564446421003,3,,exploratory_partial_surface_not_physically_validated
fx10_upper_000961,fx10,961,73318,2,1664,876,1519,0.0010456805123124657,3,,exploratory_partial_surface_not_physically_validated
fx10_upper_001915,fx10,1915,7897,1,1782,868,1520,0.0010464701348572433,3,,exploratory_partial_surface_not_physically_validated
fx10_upper_001847,fx10,1847,105916,1,1778,933,1521,0.0010474953495650905,3,,exploratory_partial_surface_not_physically_validated
fx10_upper_002245,fx10,2245,114155,1,1800,954,1522,0.001049301272314929,3,,exploratory_partial_surface_not_physically_validated
fx10_upper_000431,fx10,431,56849,2,1640,940,1523,0.0010494980321936113,3,,exploratory_partial_surface_not_physically_validated
fx10_upper_000274,fx10,274,56576,2,1633,964,1524,0.0010498624000633504,3,,exploratory_partial_surface_not_physically_validated
fx10_upper_001952,fx10,1952,106017,1,1783,926,1525,0.0010501341400606416,3,,exploratory_partial_surface_not_physically_validated
fx10_upper_001777,fx10,1777,105706,1,1775,937,1526,0.0010501722114449389,3,,exploratory_partial_surface_not_physically_validated
fx10_upper_001224,fx10,1224,74001,2,1684,871,1527,0.0010502261166557604,3,,exploratory_partial_surface_not_physically_validated
fx10_upper_000268,fx10,268,56543,2,1633,943,1528,0.0010507490456772078,3,,exploratory_partial_surface_not_physically_validated
fx10_upper_000505,fx10,505,71859,2,1643,934,1529,0.0010510029070196765,3,,exploratory_partial_surface_not_physically_validated
fx10_upper_001654,fx10,1654,43608,1,1770,881,1530,0.0010523730433752035,3,,exploratory_partial_surface_not_physically_validated
fx10_upper_002036,fx10,2036,106111,1,1787,924,1531,0.0010534216194603753,3,,exploratory_partial_surface_not_physically_validated
fx10_upper_000508,fx10,508,56841,2,1643,947,1532,0.0010553629160182086,3,,exploratory_partial_surface_not_physically_validated
fx10_upper_001873,fx10,1873,105717,1,1779,938,1533,0.0010554562372828125,3,,exploratory_partial_surface_not_physically_validated
fx10_upper_000562,fx10,562,71868,2,1645,937,1534,0.0010566535064856016,3,,exploratory_partial_surface_not_physically_validated
fx10_upper_000678,fx10,678,71403,2,1649,991,1535,0.0010569548688959124,3,,exploratory_partial_surface_not_physically_validated
fx10_upper_000675,fx10,675,15836,2,1649,947,1536,0.0010569578930788783,3,,exploratory_partial_surface_not_physically_validated
fx10_upper_001925,fx10,1925,106032,1,1782,900,1537,0.0010586940491195968,3,,exploratory_partial_surface_not_physically_validated
fx10_upper_002054,fx10,2054,106110,1,1788,924,1538,0.0010588043211401616,3,,exploratory_partial_surface_not_physically_validated
fx10_upper_000433,fx10,433,56761,2,1640,952,1539,0.001059582431308274,3,,exploratory_partial_surface_not_physically_validated
fx10_upper_000908,fx10,908,72085,2,1661,930,1540,0.0010603183162034677,3,,exploratory_partial_surface_not_physically_validated
fx10_upper_001846,fx10,1846,105920,1,1778,926,1541,0.001060613691078277,3,,exploratory_partial_surface_not_physically_validated
fx10_upper_000206,fx10,206,65889,2,1630,927,1542,0.0010606764628714308,3,,exploratory_partial_surface_not_physically_validated
fx10_upper_000041,fx10,41,37076,2,1616,922,1543,0.0010611967800136378,3,,exploratory_partial_surface_not_physically_validated
fx10_upper_001747,fx10,1747,105783,1,1774,907,1544,0.001061275599401635,3,,exploratory_partial_surface_not_physically_validated
fx10_upper_002102,fx10,2102,106411,1,1791,914,1545,0.001061506090725652,3,,exploratory_partial_surface_not_physically_validated
fx10_upper_000138,fx10,138,56298,2,1626,939,1546,0.0010632103476351862,3,,exploratory_partial_surface_not_physically_validated
fx10_upper_001857,fx10,1857,105944,1,1779,888,1547,0.0010632638075629161,3,,exploratory_partial_surface_not_physically_validated
fx10_upper_002001,fx10,2001,7951,1,1786,871,1548,0.0010633029825181264,3,,exploratory_partial_surface_not_physically_validated
fx10_upper_001763,fx10,1763,105849,1,1775,892,1549,0.0010644346227832978,3,,exploratory_partial_surface_not_physically_validated
fx10_upper_001501,fx10,1501,104747,1,1762,954,1550,0.0010653426535761474,3,,exploratory_partial_surface_not_physically_validated
fx10_upper_001038,fx10,1038,72761,2,1668,882,1551,0.0010678401122463153,3,,exploratory_partial_surface_not_physically_validated
fx10_upper_001411,fx10,1411,97331,1,1758,908,1552,0.0010685163152370663,3,,exploratory_partial_surface_not_physically_validated
fx10_upper_002206,fx10,2206,114104,1,1797,975,1553,0.0010687808933884408,3,,exploratory_partial_surface_not_physically_validated
fx10_upper_000879,fx10,879,73273,2,1660,869,1554,0.0010694782654644404,3,,exploratory_partial_surface_not_physically_validated
fx10_upper_002323,fx10,2323,18514,1,1823,918,1555,0.001069885786794999,3,,exploratory_partial_surface_not_physically_validated
fx10_upper_000347,fx10,347,27274,2,1637,911,1556,0.0010699953502292107,3,,exploratory_partial_surface_not_physically_validated
fx10_upper_000928,fx10,928,72083,2,1662,934,1557,0.0010701652285317622,3,,exploratory_partial_surface_not_physically_validated
fx10_upper_001370,fx10,1370,442,1,1755,948,1558,0.0010703643989245196,3,,exploratory_partial_surface_not_physically_validated
fx10_upper_001185,fx10,1185,72976,2,1680,887,1559,0.0010705495868859156,3,,exploratory_partial_surface_not_physically_validated
fx10_upper_001444,fx10,1444,504,1,1759,948,1560,0.001070713407611424,3,,exploratory_partial_surface_not_physically_validated
fx10_upper_000456,fx10,456,65770,2,1641,932,1561,0.001073740897151974,3,,exploratory_partial_surface_not_physically_validated
fx10_upper_001205,fx10,1205,73003,2,1682,881,1562,0.0010745438066139454,3,,exploratory_partial_surface_not_physically_validated
fx10_upper_000105,fx10,105,26836,2,1624,899,1563,0.0010772266905295434,3,,exploratory_partial_surface_not_physically_validated
fx10_upper_000119,fx10,119,37188,2,1625,919,1564,0.0010773671977839824,3,,exploratory_partial_surface_not_physically_validated
fx10_upper_000499,fx10,499,72186,2,1643,901,1565,0.0010779444553525696,3,,exploratory_partial_surface_not_physically_validated
fx10_upper_000225,fx10,225,26979,2,1631,918,1566,0.0010787109612330084,3,,exploratory_partial_surface_not_physically_validated
fx10_upper_001681,fx10,1681,97561,1,1771,923,1567,0.0010795374097980481,3,,exploratory_partial_surface_not_physically_validated
fx10_upper_002325,fx10,2325,121278,1,1823,943,1568,0.001079537739499369,3,,exploratory_partial_surface_not_physically_validated
fx10_upper_000922,fx10,922,72613,2,1662,891,1569,0.0010803246528389,3,,exploratory_partial_surface_not_physically_validated
fx10_upper_001502,fx10,1502,43581,1,1763,880,1570,0.0010807784838948202,3,,exploratory_partial_surface_not_physically_validated
fx10_upper_000245,fx10,245,65685,2,1632,936,1571,0.0010837213508627405,3,,exploratory_partial_surface_not_physically_validated
fx10_upper_000292,fx10,292,56639,2,1634,943,1572,0.0010888942823810406,3,,exploratory_partial_surface_not_physically_validated
fx10_upper_001536,fx10,1536,97445,1,1764,914,1573,0.0010890193253007972,3,,exploratory_partial_surface_not_physically_validated
fx10_upper_000005,fx10,5,36925,2,1603,922,1574,0.00108919891543355,3,,exploratory_partial_surface_not_physically_validated
fx10_upper_000544,fx10,544,40068,2,1644,984,1575,0.0010901362012884996,3,,exploratory_partial_surface_not_physically_validated
fx10_upper_001676,fx10,1676,97573,1,1771,900,1576,0.0010919044144384294,3,,exploratory_partial_surface_not_physically_validated
fx10_upper_000043,fx10,43,37074,2,1616,926,1577,0.0010929941729364825,3,,exploratory_partial_surface_not_physically_validated
fx10_upper_001234,fx10,1234,73050,2,1685,881,1578,0.001094786440984938,3,,exploratory_partial_surface_not_physically_validated
fx10_upper_000596,fx10,596,71234,2,1646,978,1579,0.0010964011612807879,3,,exploratory_partial_surface_not_physically_validated
fx10_upper_002100,fx10,2100,43138,1,1791,881,1580,0.0010968561423185252,3,,exploratory_partial_surface_not_physically_validated
fx10_upper_000445,fx10,445,27348,2,1641,890,1581,0.001097036735968625,3,,exploratory_partial_surface_not_physically_validated
fx10_upper_000493,fx10,493,40024,2,1642,987,1582,0.001097655020864845,3,,exploratory_partial_surface_not_physically_validated
fx10_upper_000981,fx10,981,73342,2,1665,869,1583,0.0010986160776589493,3,,exploratory_partial_surface_not_physically_validated
fx10_upper_000227,fx10,227,56421,2,1631,941,1584,0.0010990720224050724,3,,exploratory_partial_surface_not_physically_validated
fx10_upper_001457,fx10,1457,97323,1,1760,921,1585,0.0010996816003818217,3,,exploratory_partial_surface_not_physically_validated
fx10_upper_001962,fx10,1962,106069,1,1784,888,1586,0.0011001734306472944,3,,exploratory_partial_surface_not_physically_validated
fx10_upper_001646,fx10,1646,97530,1,1769,921,1587,0.0011012388608183654,3,,exploratory_partial_surface_not_physically_validated
fx10_upper_000246,fx10,246,56604,2,1632,938,1588,0.0011031708602733585,3,,exploratory_partial_surface_not_physically_validated
fx10_upper_001659,fx10,1659,97537,1,1770,913,1589,0.0011033449957636096,3,,exploratory_partial_surface_not_physically_validated
fx10_upper_000242,fx10,242,27110,2,1632,907,1590,0.0011060464199741833,2,,exploratory_partial_surface_not_physically_validated
fx10_upper_001627,fx10,1627,97525,1,1768,933,1591,0.0011066304498484588,3,,exploratory_partial_surface_not_physically_validated
fx10_upper_000794,fx10,794,72471,2,1655,920,1592,0.001108158530095058,3,,exploratory_partial_surface_not_physically_validated
fx10_upper_000444,fx10,444,27383,2,1641,887,1593,0.001108380853495706,3,,exploratory_partial_surface_not_physically_validated
fx10_upper_000887,fx10,887,72544,2,1660,899,1594,0.001108750388971247,3,,exploratory_partial_surface_not_physically_validated
fx10_upper_001715,fx10,1715,105295,1,1772,956,1595,0.0011088083228549825,3,,exploratory_partial_surface_not_physically_validated
fx10_upper_001532,fx10,1532,97451,1,1764,903,1596,0.0011088684566991746,3,,exploratory_partial_surface_not_physically_validated
fx10_upper_002085,fx10,2085,7991,1,1790,881,1597,0.0011092849818147238,3,,exploratory_partial_surface_not_physically_validated
fx10_upper_001024,fx10,1024,72718,2,1667,899,1598,0.0011132223492577708,3,,exploratory_partial_surface_not_physically_validated
fx10_upper_000171,fx10,171,65870,2,1628,921,1599,0.001113404298127699,3,,exploratory_partial_surface_not_physically_validated
fx10_upper_000522,fx10,522,73122,2,1644,880,1600,0.0011141061090377703,3,,exploratory_partial_surface_not_physically_validated
fx10_upper_001930,fx10,1930,106021,1,1782,919,1601,0.001114169620559548,3,,exploratory_partial_surface_not_physically_validated
fx10_upper_001984,fx10,1984,106068,1,1785,888,1602,0.001116362636558148,3,,exploratory_partial_surface_not_physically_validated
fx10_upper_000656,fx10,656,71334,2,1648,989,1603,0.001116487819160252,3,,exploratory_partial_surface_not_physically_validated
fx10_upper_001297,fx10,1297,97153,1,1751,904,1604,0.001117811736566488,3,,exploratory_partial_surface_not_physically_validated
fx10_upper_002322,fx10,2322,18516,1,1823,917,1605,0.0011182999372296536,3,,exploratory_partial_surface_not_physically_validated
fx10_upper_001505,fx10,1505,97427,1,1763,893,1606,0.001119175214349229,3,,exploratory_partial_surface_not_physically_validated
fx10_upper_000733,fx10,733,72398,2,1652,921,1607,0.0011198258544014492,3,,exploratory_partial_surface_not_physically_validated
fx10_upper_001883,fx10,1883,105943,1,1780,890,1608,0.0011214785741366022,3,,exploratory_partial_surface_not_physically_validated
fx10_upper_001026,fx10,1026,72715,2,1667,903,1609,0.0011235388801337615,3,,exploratory_partial_surface_not_physically_validated
fx10_upper_001741,fx10,1741,105821,1,1774,893,1610,0.0011250279277940799,3,,exploratory_partial_surface_not_physically_validated
fx10_upper_000447,fx10,447,27376,2,1641,901,1611,0.001125596897679414,3,,exploratory_partial_surface_not_physically_validated
fx10_upper_000816,fx10,816,71951,2,1656,929,1612,0.0011272501561007573,3,,exploratory_partial_surface_not_physically_validated
fx10_upper_000102,fx10,102,65479,2,1623,954,1613,0.001127306715632566,3,,exploratory_partial_surface_not_physically_validated
fx10_upper_000690,fx10,690,72325,2,1650,904,1614,0.0011281896427120265,3,,exploratory_partial_surface_not_physically_validated
fx10_upper_002012,fx10,2012,106077,1,1786,919,1615,0.0011314094160019736,3,,exploratory_partial_surface_not_physically_validated
fx10_upper_000910,fx10,910,72049,2,1661,935,1616,0.0011322789870568289,3,,exploratory_partial_surface_not_physically_validated
fx10_upper_000545,fx10,545,40067,2,1644,986,1617,0.001132497655305789,3,,exploratory_partial_surface_not_physically_validated
fx10_upper_000115,fx10,115,56286,2,1624,960,1618,0.001132943733229761,3,,exploratory_partial_surface_not_physically_validated
fx10_upper_001813,fx10,1813,105879,1,1777,893,1619,0.0011333730477784251,3,,exploratory_partial_surface_not_physically_validated
fx10_upper_000653,fx10,653,71311,2,1648,978,1620,0.0011348363947271444,3,,exploratory_partial_surface_not_physically_validated
fx10_upper_001837,fx10,1837,105914,1,1778,886,1621,0.0011349679334309887,3,,exploratory_partial_surface_not_physically_validated
fx10_upper_002184,fx10,2184,114068,1,1796,933,1622,0.0011350302643747183,3,,exploratory_partial_surface_not_physically_validated
fx10_upper_000178,fx10,178,56330,2,1628,939,1623,0.001135821278242942,3,,exploratory_partial_surface_not_physically_validated
fx10_upper_000383,fx10,383,56728,2,1638,951,1624,0.0011367137315536216,3,,exploratory_partial_surface_not_physically_validated
fx10_upper_001909,fx10,1909,105966,1,1781,907,1625,0.0011380765242891204,3,,exploratory_partial_surface_not_physically_validated
fx10_upper_001039,fx10,1039,72725,2,1668,888,1626,0.0011381989228532883,3,,exploratory_partial_surface_not_physically_validated
fx10_upper_000650,fx10,650,15770,2,1648,966,1627,0.001138797067562308,3,,exploratory_partial_surface_not_physically_validated
fx10_upper_001737,fx10,1737,7813,1,1774,875,1628,0.0011397867424372172,3,,exploratory_partial_surface_not_physically_validated
fx10_upper_000286,fx10,286,27199,2,1634,909,1629,0.0011411456469957327,3,,exploratory_partial_surface_not_physically_validated
fx10_upper_001441,fx10,1441,512,1,1759,934,1630,0.001141813726126055,3,,exploratory_partial_surface_not_physically_validated
fx10_upper_000495,fx10,495,13709,2,1643,882,1631,0.0011421414229264516,3,,exploratory_partial_surface_not_physically_validated
fx10_upper_001854,fx10,1854,7881,1,1779,875,1632,0.0011425154826753842,3,,exploratory_partial_surface_not_physically_validated
fx10_upper_001497,fx10,1497,533,1,1762,938,1633,0.0011430681456563226,3,,exploratory_partial_surface_not_physically_validated
fx10_upper_001890,fx10,1890,105934,1,1780,907,1634,0.0011470147862751535,3,,exploratory_partial_surface_not_physically_validated
fx10_upper_001336,fx10,1336,97182,1,1754,903,1635,0.0011471698166396112,3,,exploratory_partial_surface_not_physically_validated
fx10_upper_001712,fx10,1712,105679,1,1772,945,1636,0.0011490908655617433,3,,exploratory_partial_surface_not_physically_validated
fx10_upper_001670,fx10,1670,7787,1,1771,877,1637,0.0011494432888010016,3,,exploratory_partial_surface_not_physically_validated
fx10_upper_000278,fx10,278,56570,2,1633,975,1638,0.0011503948399917414,3,,exploratory_partial_surface_not_physically_validated
fx10_upper_000451,fx10,451,27357,2,1641,921,1639,0.0011525305467572054,3,,exploratory_partial_surface_not_physically_validated
fx10_upper_000260,fx10,260,27166,2,1633,896,1640,0.0011526275588833964,3,,exploratory_partial_surface_not_physically_validated
fx10_upper_001470,fx10,1470,43570,1,1761,882,1641,0.0011554878131759816,3,,exploratory_partial_surface_not_physically_validated
fx10_upper_001117,fx10,1117,72880,2,1674,907,1642,0.0011565604729349927,3,,exploratory_partial_surface_not_physically_validated
fx10_upper_000309,fx10,309,65734,2,1635,935,1643,0.0011567383183485312,3,,exploratory_partial_surface_not_physically_validated
fx10_upper_002119,fx10,2119,106384,1,1792,928,1644,0.0011567691458373116,3,,exploratory_partial_surface_not_physically_validated
fx10_upper_000310,fx10,310,65733,2,1635,937,1645,0.0011568194581234642,3,,exploratory_partial_surface_not_physically_validated
fx10_upper_001543,fx10,1543,543,1,1764,938,1646,0.0011575746933619737,3,,exploratory_partial_surface_not_physically_validated
fx10_upper_000701,fx10,701,15857,2,1650,951,1647,0.001158802162908998,3,,exploratory_partial_surface_not_physically_validated
fx10_upper_000459,fx10,459,56800,2,1641,951,1648,0.001159282064535946,3,,exploratory_partial_surface_not_physically_validated
fx10_upper_000703,fx10,703,71340,2,1650,981,1649,0.0011594135124581462,3,,exploratory_partial_surface_not_physically_validated
fx10_upper_002171,fx10,2171,113990,1,1795,949,1650,0.0011612619869216477,3,,exploratory_partial_surface_not_physically_validated
fx10_upper_001758,fx10,1758,105336,1,1774,950,1651,0.0011623403122132502,3,,exploratory_partial_surface_not_physically_validated
fx10_upper_002168,fx10,2168,47915,1,1795,933,1652,0.0011632603720833125,3,,exploratory_partial_surface_not_physically_validated
fx10_upper_000275,fx10,275,56575,2,1633,967,1653,0.001163412001083822,3,,exploratory_partial_surface_not_physically_validated
fx10_upper_001852,fx10,1852,7869,1,1779,870,1654,0.0011640476916863905,3,,exploratory_partial_surface_not_physically_validated
fx10_upper_001559,fx10,1559,551,1,1765,943,1655,0.0011649975984245231,3,,exploratory_partial_surface_not_physically_validated
fx10_upper_001331,fx10,1331,411,1,1753,944,1656,0.0011654084365890344,3,,exploratory_partial_surface_not_physically_validated
fx10_upper_000597,fx10,597,71232,2,1646,979,1657,0.0011656197440498728,3,,exploratory_partial_surface_not_physically_validated
fx10_upper_001280,fx10,1280,79202,2,1707,994,1658,0.0011657203903536915,3,,exploratory_partial_surface_not_physically_validated
fx10_upper_000699,fx10,699,71908,2,1650,944,1659,0.001165800967369471,3,,exploratory_partial_surface_not_physically_validated
fx10_upper_000065,fx10,65,37111,2,1620,920,1660,0.0011666049859500403,3,,exploratory_partial_surface_not_physically_validated
fx10_upper_000152,fx10,152,65825,2,1627,923,1661,0.0011666997632840547,3,,exploratory_partial_surface_not_physically_validated
fx10_upper_001699,fx10,1699,105750,1,1772,912,1662,0.0011674877860390642,3,,exploratory_partial_surface_not_physically_validated
fx10_upper_002090,fx10,2090,106224,1,1790,925,1663,0.001167880823675339,3,,exploratory_partial_surface_not_physically_validated
fx10_upper_001569,fx10,1569,97448,1,1766,907,1664,0.0011695657802636768,3,,exploratory_partial_surface_not_physically_validated
fx10_upper_002032,fx10,2032,106156,1,1787,911,1665,0.0011697359738475433,3,,exploratory_partial_surface_not_physically_validated
fx10_upper_001186,fx10,1186,72971,2,1680,897,1666,0.001170311800244202,3,,exploratory_partial_surface_not_physically_validated
fx10_upper_000359,fx10,359,56773,2,1637,943,1667,0.0011713837054248988,3,,exploratory_partial_surface_not_physically_validated
fx10_upper_002235,fx10,2235,106647,1,1800,926,1668,0.0011716919841854227,3,,exploratory_partial_surface_not_physically_validated
fx10_upper_002263,fx10,2263,114225,1,1803,943,1669,0.0011720925508077668,3,,exploratory_partial_surface_not_physically_validated
fx10_upper_000970,fx10,970,72157,2,1664,931,1670,0.0011738532437016217,3,,exploratory_partial_surface_not_physically_validated
fx10_upper_001735,fx10,1735,105315,1,1773,950,1671,0.001174560242135907,3,,exploratory_partial_surface_not_physically_validated
fx10_upper_000778,fx10,778,72470,2,1654,922,1672,0.0011752000382132901,3,,exploratory_partial_surface_not_physically_validated
fx10_upper_001451,fx10,1451,97337,1,1760,898,1673,0.001175428345646483,3,,exploratory_partial_surface_not_physically_validated
fx10_upper_001424,fx10,1424,478,1,1758,945,1674,0.001176764615820407,3,,exploratory_partial_surface_not_physically_validated
fx10_upper_000096,fx10,96,37162,2,1623,924,1675,0.001177073153177856,3,,exploratory_partial_surface_not_physically_validated
fx10_upper_001289,fx10,1289,97121,1,1750,904,1676,0.0011771078879277157,3,,exploratory_partial_surface_not_physically_validated
fx10_upper_000281,fx10,281,27214,2,1634,893,1677,0.0011775109255325936,3,,exploratory_partial_surface_not_physically_validated
fx10_upper_001679,fx10,1679,105748,1,1771,917,1678,0.0011783285947116928,3,,exploratory_partial_surface_not_physically_validated
fx10_upper_001122,fx10,1122,72899,2,1675,882,1679,0.0011799112160875759,3,,exploratory_partial_surface_not_physically_validated
fx10_upper_002055,fx10,2055,106109,1,1788,925,1680,0.001182101509584802,3,,exploratory_partial_surface_not_physically_validated
fx10_upper_000684,fx10,684,72342,2,1650,889,1681,0.0011830227567232708,3,,exploratory_partial_surface_not_physically_validated
fx10_upper_002053,fx10,2053,106143,1,1788,921,1682,0.0011830427362213456,3,,exploratory_partial_surface_not_physically_validated
fx10_upper_000758,fx10,758,71936,2,1653,931,1683,0.0011838729421255528,3,,exploratory_partial_surface_not_physically_validated
fx10_upper_000062,fx10,62,65428,2,1619,948,1684,0.0011864926914396349,3,,exploratory_partial_surface_not_physically_validated
fx10_upper_000628,fx10,628,71233,2,1647,979,1685,0.0011865896595931531,3,,exploratory_partial_surface_not_physically_validated
fx10_upper_000338,fx10,338,56650,2,1636,969,1686,0.0011910623654500304,3,,exploratory_partial_surface_not_physically_validated
fx10_upper_001623,fx10,1623,97532,1,1768,917,1687,0.0011936211290770437,3,,exploratory_partial_surface_not_physically_validated
fx10_upper_001961,fx10,1961,7900,1,1784,882,1688,0.0011939998645403612,3,,exploratory_partial_surface_not_physically_validated
fx10_upper_001839,fx10,1839,105900,1,1778,903,1689,0.001194084530372427,3,,exploratory_partial_surface_not_physically_validated
fx10_upper_000193,fx10,193,56366,2,1629,941,1690,0.0011946064232518656,3,,exploratory_partial_surface_not_physically_validated
fx10_upper_002017,fx10,2017,105569,1,1786,942,1691,0.001194606821141046,3,,exploratory_partial_surface_not_physically_validated
fx10_upper_000284,fx10,284,27206,2,1634,905,1692,0.001195275468100359,3,,exploratory_partial_surface_not_physically_validated
fx10_upper_001798,fx10,1798,105858,1,1776,926,1693,0.0011970680114951377,3,,exploratory_partial_surface_not_physically_validated
fx10_upper_001878,fx10,1878,7878,1,1780,876,1694,0.0011982036371924925,3,,exploratory_partial_surface_not_physically_validated
fx10_upper_000968,fx10,968,72656,2,1664,903,1695,0.0011987253676095531,3,,exploratory_partial_surface_not_physically_validated
fx10_upper_000899,fx10,899,73285,2,1661,877,1696,0.0011992750254257258,3,,exploratory_partial_surface_not_physically_validated
fx10_upper_000588,fx10,588,71880,2,1646,937,1697,0.0012010408724511571,3,,exploratory_partial_surface_not_physically_validated
fx10_upper_002236,fx10,2236,47932,1,1800,927,1698,0.0012014515277066976,3,,exploratory_partial_surface_not_physically_validated
fx10_upper_001590,fx10,1590,97517,1,1767,898,1699,0.0012020042510177094,3,,exploratory_partial_surface_not_physically_validated
fx10_upper_001892,fx10,1892,105996,1,1780,914,1700,0.0012029982850771726,3,,exploratory_partial_surface_not_physically_validated
fx10_upper_001291,fx10,1291,97117,1,1750,909,1701,0.0012033646862401619,3,,exploratory_partial_surface_not_physically_validated
fx10_upper_002073,fx10,2073,106147,1,1789,919,1702,0.0012036007947693141,3,,exploratory_partial_surface_not_physically_validated
fx10_upper_000098,fx10,98,37160,2,1623,928,1703,0.0012064809932228232,3,,exploratory_partial_surface_not_physically_validated
fx10_upper_001802,fx10,1802,105711,1,1776,943,1704,0.0012071231648621348,3,,exploratory_partial_surface_not_physically_validated
fx10_upper_000045,fx10,45,37095,2,1617,918,1705,0.001207348986281215,3,,exploratory_partial_surface_not_physically_validated
fx10_upper_000051,fx10,51,37115,2,1618,916,1706,0.0012080582734560245,3,,exploratory_partial_surface_not_physically_validated
fx10_upper_001992,fx10,1992,106048,1,1785,919,1707,0.0012081376076258318,3,,exploratory_partial_surface_not_physically_validated
fx10_upper_000288,fx10,288,27186,2,1634,916,1708,0.0012088568915639437,3,,exploratory_partial_surface_not_physically_validated
fx10_upper_002104,fx10,2104,106230,1,1791,919,1709,0.0012100110552999458,3,,exploratory_partial_surface_not_physically_validated
fx10_upper_000487,fx10,487,56747,2,1642,967,1710,0.0012100385514287179,3,,exploratory_partial_surface_not_physically_validated
fx10_upper_000006,fx10,6,36943,2,1603,924,1711,0.0012106436702001878,3,,exploratory_partial_surface_not_physically_validated
fx10_upper_001823,fx10,1823,105886,1,1777,926,1712,0.0012166792417303651,3,,exploratory_partial_surface_not_physically_validated
fx10_upper_001714,fx10,1714,105297,1,1772,953,1713,0.0012173041048346674,3,,exploratory_partial_surface_not_physically_validated
fx10_upper_000592,fx10,592,15704,2,1646,963,1714,0.0012175331071221304,3,,exploratory_partial_surface_not_physically_validated
fx10_upper_001399,fx10,1399,97281,1,1757,926,1715,0.0012191108588792494,3,,exploratory_partial_surface_not_physically_validated
fx10_upper_002260,fx10,2260,114222,1,1802,952,1716,0.0012196925608865523,3,,exploratory_partial_surface_not_physically_validated
fx10_upper_002276,fx10,2276,114296,1,1806,946,1717,0.0012199519811609539,3,,exploratory_partial_surface_not_physically_validated
fx10_upper_000993,fx10,993,33988,2,1665,940,1718,0.0012204223071347498,3,,exploratory_partial_surface_not_physically_validated
fx10_upper_000308,fx10,308,65736,2,1635,934,1719,0.0012239595360671685,3,,exploratory_partial_surface_not_physically_validated
fx10_upper_001862,fx10,1862,105936,1,1779,903,1720,0.0012260597781665545,3,,exploratory_partial_surface_not_physically_validated
fx10_upper_001022,fx10,1022,72694,2,1667,888,1721,0.001226774906364052,3,,exploratory_partial_surface_not_physically_validated
fx10_upper_000992,fx10,992,33968,2,1665,937,1722,0.0012269402415462788,3,,exploratory_partial_surface_not_physically_validated
fx10_upper_001390,fx10,1390,474,1,1756,951,1723,0.0012274883268204686,3,,exploratory_partial_surface_not_physically_validated
fx10_upper_001509,fx10,1509,97422,1,1763,903,1724,0.0012277950473876126,3,,exploratory_partial_surface_not_physically_validated
fx10_upper_001916,fx10,1916,7895,1,1782,871,1725,0.0012279429469477998,3,,exploratory_partial_surface_not_physically_validated
fx10_upper_001436,fx10,1436,97326,1,1759,916,1726,0.0012289671248522844,3,,exploratory_partial_surface_not_physically_validated
fx10_upper_001513,fx10,1513,97416,1,1763,913,1727,0.0012318771901262055,3,,exploratory_partial_surface_not_physically_validated
fx10_upper_002234,fx10,2234,106684,1,1800,922,1728,0.0012322632790750458,3,,exploratory_partial_surface_not_physically_validated
fx10_upper_000802,fx10,802,73228,2,1656,870,1729,0.001232647664509808,3,,exploratory_partial_surface_not_physically_validated
fx10_upper_000133,fx10,133,65838,2,1626,919,1730,0.0012330228454163596,3,,exploratory_partial_surface_not_physically_validated
fx10_upper_000494,fx10,494,13719,2,1643,880,1731,0.0012352769802608484,3,,exploratory_partial_surface_not_physically_validated
fx10_upper_002002,fx10,2002,7949,1,1786,877,1732,0.0012365407622646183,3,,exploratory_partial_surface_not_physically_validated
fx10_upper_000209,fx10,209,56415,2,1630,943,1733,0.0012378639706677108,3,,exploratory_partial_surface_not_physically_validated
fx10_upper_000566,fx10,566,56859,2,1645,962,1734,0.0012401538009222544,3,,exploratory_partial_surface_not_physically_validated
fx10_upper_001253,fx10,1253,73118,2,1688,879,1735,0.0012401553335269979,3,,exploratory_partial_surface_not_physically_validated
fx10_upper_001981,fx10,1981,7914,1,1785,882,1736,0.0012426134202550192,3,,exploratory_partial_surface_not_physically_validated
fx10_upper_000480,fx10,480,72168,2,1642,922,1737,0.0012431238948334652,3,,exploratory_partial_surface_not_physically_validated
fx10_upper_001142,fx10,1142,72916,2,1676,906,1738,0.0012441087275101173,3,,exploratory_partial_surface_not_physically_validated
fx10_upper_000927,fx10,927,72084,2,1662,932,1739,0.001246418939394674,3,,exploratory_partial_surface_not_physically_validated
fx10_upper_000010,fx10,10,36944,2,1605,921,1740,0.001247767238020714,3,,exploratory_partial_surface_not_physically_validated
fx10_upper_000473,fx10,473,27414,2,1642,894,1741,0.001248080219965561,3,,exploratory_partial_surface_not_physically_validated
fx10_upper_000254,fx10,254,56578,2,1632,962,1742,0.0012487424307002805,3,,exploratory_partial_surface_not_physically_validated
fx10_upper_000040,fx10,40,37079,2,1616,918,1743,0.0012492974267343292,3,,exploratory_partial_surface_not_physically_validated
fx10_upper_002275,fx10,2275,114312,1,1805,966,1744,0.001250136823851494,3,,exploratory_partial_surface_not_physically_validated
fx10_upper_000783,fx10,783,73218,2,1655,868,1745,0.0012504240366255264,3,,exploratory_partial_surface_not_physically_validated
fx10_upper_001428,fx10,1428,97344,1,1759,885,1746,0.0012505427613453668,3,,exploratory_partial_surface_not_physically_validated
fx10_upper_002150,fx10,2150,106437,1,1794,924,1747,0.0012508568422319277,3,,exploratory_partial_surface_not_physically_validated
fx10_upper_000419,fx10,419,27380,2,1640,894,1748,0.0012508935771853606,3,,exploratory_partial_surface_not_physically_validated
fx10_upper_001124,fx10,1124,72866,2,1675,887,1749,0.0012528810635213416,3,,exploratory_partial_surface_not_physically_validated
fx10_upper_001730,fx10,1730,105770,1,1773,930,1750,0.0012550333552880067,3,,exploratory_partial_surface_not_physically_validated
fx10_upper_001355,fx10,1355,97256,1,1755,908,1751,0.0012579932030474257,3,,exploratory_partial_surface_not_physically_validated
fx10_upper_001179,fx10,1179,72987,2,1679,911,1752,0.001258288325154732,3,,exploratory_partial_surface_not_physically_validated
fx10_upper_000662,fx10,662,72343,2,1649,887,1753,0.0012588296363601262,3,,exploratory_partial_surface_not_physically_validated
fx10_upper_002098,fx10,2098,105621,1,1790,954,1754,0.0012592658547133147,3,,exploratory_partial_surface_not_physically_validated
fx10_upper_000946,fx10,946,72117,2,1663,936,1755,0.0012599819440226893,3,,exploratory_partial_surface_not_physically_validated
fx10_upper_001446,fx10,1446,500,1,1759,953,1756,0.0012637773644451594,3,,exploratory_partial_surface_not_physically_validated
fx10_upper_001929,fx10,1929,106025,1,1782,914,1757,0.0012653591455962815,3,,exploratory_partial_surface_not_physically_validated
fx10_upper_000975,fx10,975,33959,2,1664,952,1758,0.0012654133802592127,3,,exploratory_partial_surface_not_physically_validated
fx10_upper_000341,fx10,341,56645,2,1636,977,1759,0.001265437105919296,3,,exploratory_partial_surface_not_physically_validated
fx10_upper_000092,fx10,92,65480,2,1622,955,1760,0.0012663519297326806,3,,exploratory_partial_surface_not_physically_validated
fx10_upper_000264,fx10,264,27137,2,1633,916,1761,0.0012671270521692013,3,,exploratory_partial_surface_not_physically_validated
fx10_upper_001020,fx10,1020,72728,2,1667,883,1762,0.001268411221102461,3,,exploratory_partial_surface_not_physically_validated
fx10_upper_000543,fx10,543,40069,2,1644,980,1763,0.0012703813981704462,3,,exploratory_partial_surface_not_physically_validated
fx10_upper_002213,fx10,2213,106561,1,1798,927,1764,0.0012715497771157763,3,,exploratory_partial_surface_not_physically_validated
fx10_upper_001776,fx10,1776,105854,1,1775,934,1765,0.0012720195496857354,3,,exploratory_partial_surface_not_physically_validated
fx10_upper_001474,fx10,1474,97393,1,1761,908,1766,0.0012722617569643204,3,,exploratory_partial_surface_not_physically_validated
fx10_upper_001845,fx10,1845,105887,1,1778,924,1767,0.0012723356383158653,3,,exploratory_partial_surface_not_physically_validated
fx10_upper_001631,fx10,1631,104824,1,1768,953,1768,0.0012731019732375097,3,,exploratory_partial_surface_not_physically_validated
fx10_upper_000626,fx10,626,15696,2,1647,975,1769,0.0012734360002454605,3,,exploratory_partial_surface_not_physically_validated
fx10_upper_001689,fx10,1689,105281,1,1771,953,1770,0.0012741768295101462,3,,exploratory_partial_surface_not_physically_validated
fx10_upper_001160,fx10,1160,73930,2,1678,880,1771,0.0012747482135117855,3,,exploratory_partial_surface_not_physically_validated
fx10_upper_001486,fx10,1486,43574,1,1762,882,1772,0.0012752684699859924,3,,exploratory_partial_surface_not_physically_validated
fx10_upper_000110,fx10,110,37180,2,1624,926,1773,0.0012767398913493173,3,,exploratory_partial_surface_not_physically_validated
fx10_upper_001287,fx10,1287,85810,2,1710,994,1774,0.0012779261624583237,3,,exploratory_partial_surface_not_physically_validated
fx10_upper_001738,fx10,1738,7796,1,1774,877,1775,0.0012792527000935585,3,,exploratory_partial_surface_not_physically_validated
fx10_upper_000520,fx10,520,39982,2,1643,982,1776,0.001280637549864304,3,,exploratory_partial_surface_not_physically_validated
fx10_upper_001955,fx10,1955,106013,1,1783,933,1777,0.001283382048961698,3,,exploratory_partial_surface_not_physically_validated
fx10_upper_000150,fx10,150,65872,2,1627,919,1778,0.0012837586883528225,3,,exploratory_partial_surface_not_physically_validated
fx10_upper_001696,fx10,1696,105758,1,1772,900,1779,0.001283919916707576,3,,exploratory_partial_surface_not_physically_validated
fx10_upper_000987,fx10,987,72691,2,1665,894,1780,0.0012840293691709743,3,,exploratory_partial_surface_not_physically_validated
fx10_upper_001830,fx10,1830,105379,1,1777,952,1781,0.001285296137866833,3,,exploratory_partial_surface_not_physically_validated
fx10_upper_001349,fx10,1349,409,1,1754,947,1782,0.0012866657757966446,3,,exploratory_partial_surface_not_physically_validated
fx10_upper_000404,fx10,404,65757,2,1639,932,1783,0.001287640131052165,3,,exploratory_partial_surface_not_physically_validated
fx10_upper_002250,fx10,2250,114198,1,1801,933,1784,0.0012898820804345594,3,,exploratory_partial_surface_not_physically_validated
fx10_upper_001265,fx10,1265,73114,2,1689,886,1785,0.001290548575855474,3,,exploratory_partial_surface_not_physically_validated
fx10_upper_001716,fx10,1716,7797,1,1773,875,1786,0.0012917091741040526,3,,exploratory_partial_surface_not_physically_validated
fx10_upper_001660,fx10,1660,97565,1,1770,917,1787,0.0012922518337929556,3,,exploratory_partial_surface_not_physically_validated
fx10_upper_002057,fx10,2057,105735,1,1788,933,1788,0.001292386720322948,3,,exploratory_partial_surface_not_physically_validated
fx10_upper_000941,fx10,941,72611,2,1663,893,1789,0.0012930441498360515,3,,exploratory_partial_surface_not_physically_validated
fx10_upper_002087,fx10,2087,106242,1,1790,914,1790,0.0012937170831677288,3,,exploratory_partial_surface_not_physically_validated
fx10_upper_001739,fx10,1739,105823,1,1774,888,1791,0.001294414629339408,3,,exploratory_partial_surface_not_physically_validated
fx10_upper_000170,fx10,170,65894,2,1628,919,1792,0.001295828333271349,3,,exploratory_partial_surface_not_physically_validated
fx10_upper_001761,fx10,1761,105852,1,1775,888,1793,0.0012981854905165643,3,,exploratory_partial_surface_not_physically_validated
fx10_upper_000029,fx10,29,37049,2,1613,918,1794,0.0012989989015622372,3,,exploratory_partial_surface_not_physically_validated
fx10_upper_002078,fx10,2078,105737,1,1789,931,1795,0.0013012319751589175,3,,exploratory_partial_surface_not_physically_validated
fx10_upper_000740,fx10,740,15905,2,1652,954,1796,0.0013043231843931666,3,,exploratory_partial_surface_not_physically_validated
fx10_upper_000989,fx10,989,72683,2,1665,903,1797,0.0013052139762427094,3,,exploratory_partial_surface_not_physically_validated
fx10_upper_001718,fx10,1718,105792,1,1773,893,1798,0.001306458850549519,3,,exploratory_partial_surface_not_physically_validated
fx10_upper_000077,fx10,77,37128,2,1621,924,1799,0.0013069167515951951,3,,exploratory_partial_surface_not_physically_validated
fx10_upper_000212,fx10,212,56459,2,1630,956,1800,0.0013095977657357788,3,,exploratory_partial_surface_not_physically_validated
fx10_upper_001013,fx10,1013,73376,2,1667,859,1801,0.001309725558464953,3,,exploratory_partial_surface_not_physically_validated
fx10_upper_000654,fx10,654,71268,2,1648,981,1802,0.001311203861462153,3,,exploratory_partial_surface_not_physically_validated
fx10_upper_001889,fx10,1889,105935,1,1780,904,1803,0.001311252284321558,3,,exploratory_partial_surface_not_physically_validated
fx10_upper_002097,fx10,2097,105623,1,1790,952,1804,0.0013114440404718192,3,,exploratory_partial_surface_not_physically_validated
fx10_upper_001027,fx10,1027,34011,2,1667,945,1805,0.001311961761258862,3,,exploratory_partial_surface_not_physically_validated
fx10_upper_000263,fx10,263,27152,2,1633,909,1806,0.0013126454141874054,3,,exploratory_partial_surface_not_physically_validated
fx10_upper_002154,fx10,2154,113992,1,1794,946,1807,0.001314976851980407,3,,exploratory_partial_surface_not_physically_validated
fx10_upper_000273,fx10,273,56625,2,1633,956,1808,0.0013154383874392258,3,,exploratory_partial_surface_not_physically_validated
fx10_upper_001096,fx10,1096,72826,2,1672,912,1809,0.0013156635801419565,3,,exploratory_partial_surface_not_physically_validated
fx10_upper_001389,fx10,1389,477,1,1756,948,1810,0.0013158871666752833,3,,exploratory_partial_surface_not_physically_validated
fx10_upper_002248,fx10,2248,47936,1,1801,927,1811,0.0013180793408484465,3,,exploratory_partial_surface_not_physically_validated
fx10_upper_001046,fx10,1046,34031,2,1668,946,1812,0.0013185794213217607,3,,exploratory_partial_surface_not_physically_validated
fx10_upper_000441,fx10,441,39906,2,1640,978,1813,0.001321724702129929,3,,exploratory_partial_surface_not_physically_validated
fx10_upper_002204,fx10,2204,114057,1,1797,949,1814,0.001322281588811118,3,,exploratory_partial_surface_not_physically_validated
fx10_upper_001939,fx10,1939,7888,1,1783,882,1815,0.0013230228908821158,3,,exploratory_partial_surface_not_physically_validated
fx10_upper_001707,fx10,1707,105684,1,1772,933,1816,0.0013230667873527216,3,,exploratory_partial_surface_not_physically_validated
fx10_upper_001743,fx10,1743,105818,1,1774,898,1817,0.001323096497969843,3,,exploratory_partial_surface_not_physically_validated
fx10_upper_001995,fx10,1995,106041,1,1785,927,1818,0.0013234307601585405,3,,exploratory_partial_surface_not_physically_validated
fx10_upper_002155,fx10,2155,113989,1,1794,949,1819,0.0013236158651503734,3,,exploratory_partial_surface_not_physically_validated
fx10_upper_001503,fx10,1503,43579,1,1763,882,1820,0.0013244846511633285,3,,exploratory_partial_surface_not_physically_validated
fx10_upper_000655,fx10,655,71307,2,1648,984,1821,0.0013253052499347896,3,,exploratory_partial_surface_not_physically_validated
fx10_upper_001769,fx10,1769,105839,1,1775,910,1822,0.0013267561308350374,3,,exploratory_partial_surface_not_physically_validated
fx10_upper_001816,fx10,1816,105873,1,1777,902,1823,0.0013275658817823966,3,,exploratory_partial_surface_not_physically_validated
fx10_upper_000694,fx10,694,71906,2,1650,929,1824,0.0013282194907885052,3,,exploratory_partial_surface_not_physically_validated
fx10_upper_000969,fx10,969,72161,2,1664,928,1825,0.0013283021073093445,3,,exploratory_partial_surface_not_physically_validated
fx10_upper_002088,fx10,2088,106185,1,1790,919,1826,0.0013296589882209394,3,,exploratory_partial_surface_not_physically_validated
fx10_upper_001400,fx10,1400,97279,1,1757,929,1827,0.0013300222132871747,3,,exploratory_partial_surface_not_physically_validated
fx10_upper_000669,fx10,669,72266,2,1649,925,1828,0.0013308379458853773,3,,exploratory_partial_surface_not_physically_validated
fx10_upper_001031,fx10,1031,73402,2,1668,859,1829,0.0013310823808957257,3,,exploratory_partial_surface_not_physically_validated
fx10_upper_000850,fx10,850,72558,2,1658,884,1830,0.0013320922503256402,3,,exploratory_partial_surface_not_physically_validated
fx10_upper_000830,fx10,830,72527,2,1657,884,1831,0.0013321898523986045,3,,exploratory_partial_surface_not_physically_validated
fx10_upper_001831,fx10,1831,105378,1,1777,953,1832,0.0013352281110951697,3,,exploratory_partial_surface_not_physically_validated
fx10_upper_001818,fx10,1818,105869,1,1777,907,1833,0.0013353145918239022,3,,exploratory_partial_surface_not_physically_validated
fx10_upper_000017,fx10,17,36957,2,1607,924,1834,0.0013356240931043496,3,,exploratory_partial_surface_not_physically_validated
fx10_upper_000436,fx10,436,56716,2,1640,963,1835,0.0013367650471911583,3,,exploratory_partial_surface_not_physically_validated
fx10_upper_002149,fx10,2149,106477,1,1794,921,1836,0.001336777653806047,3,,exploratory_partial_surface_not_physically_validated
fx10_upper_000042,fx10,42,37075,2,1616,925,1837,0.0013373800341758997,3,,exploratory_partial_surface_not_physically_validated
fx10_upper_002059,fx10,2059,105566,1,1788,945,1838,0.001337392564564299,3,,exploratory_partial_surface_not_physically_validated
fx10_upper_000748,fx10,748,72429,2,1653,888,1839,0.0013389663748513548,3,,exploratory_partial_surface_not_physically_validated
fx10_upper_000957,fx10,957,73322,2,1664,869,1840,0.0013396682493857475,3,,exploratory_partial_surface_not_physically_validated
fx10_upper_000979,fx10,979,73348,2,1665,861,1841,0.0013429971270953905,3,,exploratory_partial_surface_not_physically_validated
fx10_upper_001541,fx10,1541,97407,1,1764,931,1842,0.0013433788377765362,3,,exploratory_partial_surface_not_physically_validated
fx10_upper_002034,fx10,2034,106115,1,1787,919,1843,0.0013435350303413229,3,,exploratory_partial_surface_not_physically_validated
fx10_upper_001235,fx10,1235,73048,2,1685,883,1844,0.0013446420697402239,3,,exploratory_partial_surface_not_physically_validated
fx10_upper_002086,fx10,2086,106193,1,1790,911,1845,0.0013448387364818958,3,,exploratory_partial_surface_not_physically_validated
fx10_upper_000097,fx10,97,37161,2,1623,926,1846,0.0013456738467963114,3,,exploratory_partial_surface_not_physically_validated
fx10_upper_000033,fx10,33,37064,2,1614,918,1847,0.001345894570676076,3,,exploratory_partial_surface_not_physically_validated
fx10_upper_001615,fx10,1615,97551,1,1768,895,1848,0.0013466957638277094,3,,exploratory_partial_surface_not_physically_validated
fx10_upper_000135,fx10,135,65792,2,1626,928,1849,0.001348928879505268,3,,exploratory_partial_surface_not_physically_validated
fx10_upper_000565,fx10,565,15715,2,1645,960,1850,0.0013498294687091126,3,,exploratory_partial_surface_not_physically_validated
fx10_upper_001154,fx10,1154,72941,2,1677,906,1851,0.0013500913727850802,3,,exploratory_partial_surface_not_physically_validated
fx10_upper_000395,fx10,395,27316,2,1639,893,1852,0.0013509305527143565,3,,exploratory_partial_surface_not_physically_validated
fx10_upper_000088,fx10,88,37142,2,1622,926,1853,0.0013512178268356514,3,,exploratory_partial_surface_not_physically_validated
fx10_upper_001137,fx10,1137,72890,2,1676,895,1854,0.00135141375227656,3,,exploratory_partial_surface_not_physically_validated
fx10_upper_000392,fx10,392,39866,2,1638,982,1855,0.0013545486762417446,3,,exploratory_partial_surface_not_physically_validated
fx10_upper_001256,fx10,1256,73112,2,1688,893,1856,0.0013556199135609482,3,,exploratory_partial_surface_not_physically_validated
fx10_upper_001606,fx10,1606,573,1,1767,941,1857,0.0013566184456287873,3,,exploratory_partial_surface_not_physically_validated
fx10_upper_001472,fx10,1472,97368,1,1761,898,1858,0.0013566941771719575,3,,exploratory_partial_surface_not_physically_validated
fx10_upper_000296,fx10,296,56614,2,1634,967,1859,0.0013569790451915522,3,,exploratory_partial_surface_not_physically_validated
fx10_upper_000048,fx10,48,37091,2,1617,924,1860,0.001360794674221082,3,,exploratory_partial_surface_not_physically_validated
fx10_upper_000086,fx10,86,37144,2,1622,922,1861,0.0013614692404175532,3,,exploratory_partial_surface_not_physically_validated
fx10_upper_000188,fx10,188,27006,2,1629,903,1862,0.0013621703904615912,2,,exploratory_partial_surface_not_physically_validated
fx10_upper_001402,fx10,1402,481,1,1757,941,1863,0.0013627568706263454,3,,exploratory_partial_surface_not_physically_validated
fx10_upper_001828,fx10,1828,105710,1,1777,943,1864,0.00136428873419467,3,,exploratory_partial_surface_not_physically_validated
fx10_upper_002077,fx10,2077,106138,1,1789,927,1865,0.0013645725043072293,3,,exploratory_partial_surface_not_physically_validated
fx10_upper_000391,fx10,391,56675,2,1638,977,1866,0.001365326695456129,3,,exploratory_partial_surface_not_physically_validated
fx10_upper_001074,fx10,1074,72802,2,1670,911,1867,0.0013662077705354546,3,,exploratory_partial_surface_not_physically_validated
fx10_upper_001982,fx10,1982,7927,1,1785,885,1868,0.0013668451904173679,3,,exploratory_partial_surface_not_physically_validated
fx10_upper_001375,fx10,1375,97257,1,1756,905,1869,0.0013688355006438338,3,,exploratory_partial_surface_not_physically_validated
fx10_upper_001208,fx10,1208,72997,2,1682,894,1870,0.0013691051018064166,3,,exploratory_partial_surface_not_physically_validated
fx10_upper_001686,fx10,1686,105671,1,1771,941,1871,0.001371068901090081,3,,exploratory_partial_surface_not_physically_validated
fx10_upper_000901,fx10,901,153023,2,1661,884,1872,0.0013711920961693945,3,,exploratory_partial_surface_not_physically_validated
fx10_upper_000302,fx10,302,27284,2,1635,899,1873,0.0013716791523133776,3,,exploratory_partial_surface_not_physically_validated
fx10_upper_000679,fx10,679,73175,2,1650,873,1874,0.0013764898247982226,3,,exploratory_partial_surface_not_physically_validated
fx10_upper_001521,fx10,1521,545,1,1763,936,1875,0.0013773545237733922,3,,exploratory_partial_surface_not_physically_validated
fx10_upper_001275,fx10,1275,80068,2,1691,900,1876,0.001377383034759876,3,,exploratory_partial_surface_not_physically_validated
fx10_upper_000429,fx10,429,65767,2,1640,936,1877,0.0013820795335260903,3,,exploratory_partial_surface_not_physically_validated
fx10_upper_001136,fx10,1136,72865,2,1676,889,1878,0.0013831741944615094,3,,exploratory_partial_surface_not_physically_validated
fx10_upper_001913,fx10,1913,105990,1,1781,921,1879,0.0013851204252306195,3,,exploratory_partial_surface_not_physically_validated
fx10_upper_002158,fx10,2158,113985,1,1794,957,1880,0.0013856613494544073,3,,exploratory_partial_surface_not_physically_validated
fx10_upper_000909,fx10,909,72050,2,1661,932,1881,0.0013866797952141678,3,,exploratory_partial_surface_not_physically_validated
fx10_upper_000267,fx10,267,56640,2,1633,941,1882,0.0013879288143074811,3,,exploratory_partial_surface_not_physically_validated
fx10_upper_002035,fx10,2035,106112,1,1787,921,1883,0.0013892447010307165,3,,exploratory_partial_surface_not_physically_validated
fx10_upper_002132,fx10,2132,106447,1,1793,917,1884,0.0013893230378982438,3,,exploratory_partial_surface_not_physically_validated
fx10_upper_001998,fx10,1998,105542,1,1785,942,1885,0.0013893744766350648,3,,exploratory_partial_surface_not_physically_validated
fx10_upper_001101,fx10,1101,72839,2,1673,890,1886,0.0013907991872494187,3,,exploratory_partial_surface_not_physically_validated
fx10_upper_002187,fx10,2187,114022,1,1796,949,1887,0.0013947035290357893,3,,exploratory_partial_surface_not_physically_validated
fx10_upper_001697,fx10,1697,105756,1,1772,904,1888,0.0013956249001212462,3,,exploratory_partial_surface_not_physically_validated
fx10_upper_001241,fx10,1241,73073,2,1686,884,1889,0.0013970183100809857,3,,exploratory_partial_surface_not_physically_validated
fx10_upper_000118,fx10,118,65810,2,1625,917,1890,0.0013973829886538393,3,,exploratory_partial_surface_not_physically_validated
fx10_upper_001103,fx10,1103,72835,2,1673,897,1891,0.0013987201282657032,3,,exploratory_partial_surface_not_physically_validated
fx10_upper_001625,fx10,1625,97498,1,1768,921,1892,0.0013989854159431863,3,,exploratory_partial_surface_not_physically_validated
fx10_upper_001350,fx10,1350,407,1,1754,950,1893,0.0013997890366449124,3,,exploratory_partial_surface_not_physically_validated
fx10_upper_002108,fx10,2108,105657,1,1791,949,1894,0.0014017620101320677,3,,exploratory_partial_surface_not_physically_validated
fx10_upper_001664,fx10,1664,592,1,1770,933,1895,0.0014031670083968204,3,,exploratory_partial_surface_not_physically_validated
fx10_upper_000971,fx10,971,72155,2,1664,937,1896,0.0014043961627880114,3,,exploratory_partial_surface_not_physically_validated
fx10_upper_000719,fx10,719,71920,2,1651,944,1897,0.0014046985910285822,3,,exploratory_partial_surface_not_physically_validated
fx10_upper_002267,fx10,2267,114263,1,1804,944,1898,0.0014056968017235785,3,,exploratory_partial_surface_not_physically_validated
fx10_upper_000103,fx10,103,65475,2,1623,960,1899,0.0014060378959305092,3,,exploratory_partial_surface_not_physically_validated
fx10_upper_000243,fx10,243,27043,2,1632,916,1900,0.0014094919070045699,3,,exploratory_partial_surface_not_physically_validated
fx10_upper_001781,fx10,1781,105333,1,1775,952,1901,0.0014107167575961295,3,,exploratory_partial_surface_not_physically_validated
fx10_upper_001044,fx10,1044,34035,2,1668,942,1902,0.0014122346000573734,3,,exploratory_partial_surface_not_physically_validated
fx10_upper_001090,fx10,1090,72836,2,1672,895,1903,0.001414639586560041,3,,exploratory_partial_surface_not_physically_validated
fx10_upper_001832,fx10,1832,7854,1,1778,872,1904,0.0014170750852621242,3,,exploratory_partial_surface_not_physically_validated
fx10_upper_000449,fx10,449,27361,2,1641,913,1905,0.001418131360699029,3,,exploratory_partial_surface_not_physically_validated
fx10_upper_001001,fx10,1001,73809,2,1666,867,1906,0.0014185790782909689,3,,exploratory_partial_surface_not_physically_validated
fx10_upper_000757,fx10,757,72395,2,1653,922,1907,0.0014190322446308917,3,,exploratory_partial_surface_not_physically_validated
fx10_upper_001825,fx10,1825,105884,1,1777,933,1908,0.0014195729065088997,3,,exploratory_partial_surface_not_physically_validated
fx10_upper_001404,fx10,1404,503,1,1757,951,1909,0.0014207353909773334,3,,exploratory_partial_surface_not_physically_validated
fx10_upper_001478,fx10,1478,97380,1,1761,927,1910,0.001423167592555437,3,,exploratory_partial_surface_not_physically_validated
fx10_upper_000645,fx10,645,71905,2,1648,931,1911,0.0014243936990718433,3,,exploratory_partial_surface_not_physically_validated
fx10_upper_000890,fx10,890,72020,2,1660,932,1912,0.0014256816974350358,3,,exploratory_partial_surface_not_physically_validated
fx10_upper_000073,fx10,73,65452,2,1620,956,1913,0.0014260209137664864,3,,exploratory_partial_surface_not_physically_validated
fx10_upper_000647,fx10,647,15810,2,1648,947,1914,0.0014271720363112524,3,,exploratory_partial_surface_not_physically_validated
fx10_upper_001368,fx10,1368,445,1,1755,944,1915,0.0014274482760733755,3,,exploratory_partial_surface_not_physically_validated
fx10_upper_001058,fx10,1058,72782,2,1669,899,1916,0.0014301777833963113,3,,exploratory_partial_surface_not_physically_validated
fx10_upper_002252,fx10,2252,114161,1,1801,944,1917,0.0014333168714051406,3,,exploratory_partial_surface_not_physically_validated
fx10_upper_001648,fx10,1648,584,1,1769,933,1918,0.0014334634222648872,3,,exploratory_partial_surface_not_physically_validated
fx10_upper_000872,fx10,872,71969,2,1659,940,1919,0.0014336373922271546,3,,exploratory_partial_surface_not_physically_validated
fx10_upper_000564,fx10,564,71878,2,1645,943,1920,0.0014337094782772293,3,,exploratory_partial_surface_not_physically_validated
fx10_upper_000172,fx10,172,65823,2,1628,925,1921,0.0014341596695188693,3,,exploratory_partial_surface_not_physically_validated
fx10_upper_001468,fx10,1468,516,1,1760,951,1922,0.00143595149502555,3,,exploratory_partial_surface_not_physically_validated
fx10_upper_001683,fx10,1683,97558,1,1771,929,1923,0.0014378612237541308,3,,exploratory_partial_surface_not_physically_validated
fx10_upper_001932,fx10,1932,105988,1,1782,924,1924,0.0014400312778694777,3,,exploratory_partial_surface_not_physically_validated
fx10_upper_000687,fx10,687,72336,2,1650,895,1925,0.001441167613406094,3,,exploratory_partial_surface_not_physically_validated
fx10_upper_001000,fx10,1000,73816,2,1666,861,1926,0.0014414521293447057,3,,exploratory_partial_surface_not_physically_validated
fx10_upper_000258,fx10,258,56510,2,1632,975,1927,0.001441721399216612,3,,exploratory_partial_surface_not_physically_validated
fx10_upper_000949,fx10,949,72112,2,1663,945,1928,0.0014423448637603945,3,,exploratory_partial_surface_not_physically_validated
fx10_upper_001778,fx10,1778,105705,1,1775,939,1929,0.001443076430659523,3,,exploratory_partial_surface_not_physically_validated
fx10_upper_000016,fx10,16,36975,2,1607,923,1930,0.0014430826849923409,3,,exploratory_partial_surface_not_physically_validated
fx10_upper_000214,fx10,214,56457,2,1630,960,1931,0.001443785830926951,3,,exploratory_partial_surface_not_physically_validated
fx10_upper_000299,fx10,299,56608,2,1634,977,1932,0.0014456417194582208,3,,exploratory_partial_surface_not_physically_validated
fx10_upper_000936,fx10,936,73305,2,1663,869,1933,0.0014459196651712978,3,,exploratory_partial_surface_not_physically_validated
fx10_upper_001791,fx10,1791,105841,1,1776,906,1934,0.0014462674755468335,3,,exploratory_partial_surface_not_physically_validated
fx10_upper_000450,fx10,450,27393,2,1641,919,1935,0.001446815285006915,3,,exploratory_partial_surface_not_physically_validated
fx10_upper_001496,fx10,1496,534,1,1762,935,1936,0.0014470952277105512,3,,exploratory_partial_surface_not_physically_validated
fx10_upper_001194,fx10,1194,73002,2,1681,884,1937,0.001448435093668431,3,,exploratory_partial_surface_not_physically_validated
fx10_upper_000571,fx10,571,40070,2,1645,976,1938,0.001448903655260743,3,,exploratory_partial_surface_not_physically_validated
fx10_upper_002067,fx10,2067,7994,1,1789,877,1939,0.001451587017509851,3,,exploratory_partial_surface_not_physically_validated
fx10_upper_000342,fx10,342,39831,2,1636,979,1940,0.0014518479268933663,3,,exploratory_partial_surface_not_physically_validated
fx10_upper_002239,fx10,2239,114167,1,1800,933,1941,0.0014519928334695647,3,,exploratory_partial_surface_not_physically_validated
fx10_upper_000716,fx10,716,71915,2,1651,930,1942,0.0014522617427659217,3,,exploratory_partial_surface_not_physically_validated
fx10_upper_002049,fx10,2049,106170,1,1788,890,1943,0.001452413568899127,3,,exploratory_partial_surface_not_physically_validated
fx10_upper_000285,fx10,285,27200,2,1634,907,1944,0.0014547861408928718,3,,exploratory_partial_surface_not_physically_validated
fx10_upper_001593,fx10,1593,97476,1,1767,907,1945,0.0014578002619713931,3,,exploratory_partial_surface_not_physically_validated
fx10_upper_000190,fx10,190,65861,2,1629,923,1946,0.0014600981371220088,3,,exploratory_partial_surface_not_physically_validated
fx10_upper_001487,fx10,1487,97400,1,1762,893,1947,0.0014610310450008908,3,,exploratory_partial_surface_not_physically_validated
fx10_upper_000109,fx10,109,37182,2,1624,924,1948,0.0014616543647348774,3,,exploratory_partial_surface_not_physically_validated
fx10_upper_000676,fx10,676,71309,2,1649,981,1949,0.0014616918303352118,3,,exploratory_partial_surface_not_physically_validated
fx10_upper_001617,fx10,1617,97548,1,1768,899,1950,0.0014633680603182639,3,,exploratory_partial_surface_not_physically_validated
fx10_upper_001900,fx10,1900,7873,1,1781,882,1951,0.0014648775109380827,3,,exploratory_partial_surface_not_physically_validated
fx10_upper_001888,fx10,1888,105969,1,1780,903,1952,0.0014654955868054305,3,,exploratory_partial_surface_not_physically_validated
fx10_upper_000018,fx10,18,37001,2,1608,917,1953,0.001465590146090058,3,,exploratory_partial_surface_not_physically_validated
fx10_upper_000289,fx10,289,65712,2,1634,934,1954,0.0014658407717973035,3,,exploratory_partial_surface_not_physically_validated
fx10_upper_002227,fx10,2227,106648,1,1799,924,1955,0.00146604444324428,3,,exploratory_partial_surface_not_physically_validated
fx10_upper_000686,fx10,686,72338,2,1650,893,1956,0.0014668157849217873,3,,exploratory_partial_surface_not_physically_validated
fx10_upper_001228,fx10,1228,73044,2,1684,892,1957,0.0014672229053534628,3,,exploratory_partial_surface_not_physically_validated
fx10_upper_001130,fx10,1130,72912,2,1675,909,1958,0.0014672824620555359,3,,exploratory_partial_surface_not_physically_validated
fx10_upper_001908,fx10,1908,105967,1,1781,904,1959,0.0014674337660769356,3,,exploratory_partial_surface_not_physically_validated
fx10_upper_000205,fx10,205,27066,2,1630,905,1960,0.001467481699210469,2,,exploratory_partial_surface_not_physically_validated
fx10_upper_002327,fx10,2327,18515,1,1824,916,1961,0.001467956222388315,3,,exploratory_partial_surface_not_physically_validated
fx10_upper_002141,fx10,2141,113958,1,1793,947,1962,0.0014697974799227859,3,,exploratory_partial_surface_not_physically_validated
fx10_upper_000421,fx10,421,27331,2,1640,915,1963,0.0014746609273711575,3,,exploratory_partial_surface_not_physically_validated
fx10_upper_001719,fx10,1719,105789,1,1773,898,1964,0.0014748180944520737,3,,exploratory_partial_surface_not_physically_validated
fx10_upper_000076,fx10,76,37131,2,1621,920,1965,0.0014774589738878149,3,,exploratory_partial_surface_not_physically_validated
fx10_upper_000087,fx10,87,37129,2,1622,924,1966,0.0014779057288866026,3,,exploratory_partial_surface_not_physically_validated
fx10_upper_001672,fx10,1672,105768,1,1771,884,1967,0.0014834976606766326,3,,exploratory_partial_surface_not_physically_validated
fx10_upper_000432,fx10,432,56767,2,1640,942,1968,0.0014873796262196348,3,,exploratory_partial_surface_not_physically_validated
fx10_upper_000279,fx10,279,56569,2,1633,977,1969,0.001487538150412297,3,,exploratory_partial_surface_not_physically_validated
fx10_upper_002289,fx10,2289,18343,1,1817,918,1970,0.0014893336130412799,3,,exploratory_partial_surface_not_physically_validated
fx10_upper_001780,fx10,1780,105335,1,1775,950,1971,0.0014901620838288418,3,,exploratory_partial_surface_not_physically_validated
fx10_upper_002115,fx10,2115,106417,1,1792,910,1972,0.0014907766939371563,3,,exploratory_partial_surface_not_physically_validated
fx10_upper_002136,fx10,2136,106385,1,1793,926,1973,0.0014936937926560954,3,,exploratory_partial_surface_not_physically_validated
fx10_upper_000710,fx10,710,72387,2,1651,889,1974,0.0014938446263210111,3,,exploratory_partial_surface_not_physically_validated
fx10_upper_000165,fx10,165,56343,2,1627,966,1975,0.001493963400850255,3,,exploratory_partial_surface_not_physically_validated
fx10_upper_000108,fx10,108,37189,2,1624,917,1976,0.0014946232620564861,3,,exploratory_partial_surface_not_physically_validated
fx10_upper_000994,fx10,994,33984,2,1665,947,1977,0.0014972832307795746,3,,exploratory_partial_surface_not_physically_validated
fx10_upper_000329,fx10,329,65745,2,1636,935,1978,0.0014992650603035144,3,,exploratory_partial_surface_not_physically_validated
fx10_upper_000723,fx10,723,15880,2,1651,954,1979,0.0015020350431038303,3,,exploratory_partial_surface_not_physically_validated
fx10_upper_002075,fx10,2075,106140,1,1789,924,1980,0.00150303646563631,3,,exploratory_partial_surface_not_physically_validated
fx10_upper_000939,fx10,939,153032,2,1663,883,1981,0.0015038015882489668,3,,exploratory_partial_surface_not_physically_validated
fx10_upper_002304,fx10,2304,18455,1,1820,911,1982,0.0015064361692201432,3,,exploratory_partial_surface_not_physically_validated
fx10_upper_000956,fx10,956,73323,2,1664,867,1983,0.0015076179337864455,3,,exploratory_partial_surface_not_physically_validated
fx10_upper_000044,fx10,44,37096,2,1617,916,1984,0.0015078461734443296,3,,exploratory_partial_surface_not_physically_validated
fx10_upper_001706,fx10,1706,105740,1,1772,929,1985,0.0015081285184436097,3,,exploratory_partial_surface_not_physically_validated
fx10_upper_001713,fx10,1713,105298,1,1772,950,1986,0.0015086164788789156,3,,exploratory_partial_surface_not_physically_validated
fx10_upper_001663,fx10,1663,97560,1,1770,926,1987,0.0015093931971666412,3,,exploratory_partial_surface_not_physically_validated
fx10_upper_000849,fx10,849,73252,2,1658,881,1988,0.0015133388795503873,3,,exploratory_partial_surface_not_physically_validated
fx10_upper_002013,fx10,2013,106075,1,1786,921,1989,0.001513959651658684,3,,exploratory_partial_surface_not_physically_validated
fx10_upper_000061,fx10,61,65430,2,1619,947,1990,0.0015179244854301608,3,,exploratory_partial_surface_not_physically_validated
fx10_upper_001856,fx10,1856,7863,1,1779,880,1991,0.0015184279685146779,3,,exploratory_partial_surface_not_physically_validated
fx10_upper_000262,fx10,262,27153,2,1633,907,1992,0.0015185810700269384,3,,exploratory_partial_surface_not_physically_validated
fx10_upper_002272,fx10,2272,114299,1,1805,943,1993,0.0015193529126737127,3,,exploratory_partial_surface_not_physically_validated
fx10_upper_001748,fx10,1748,105811,1,1774,910,1994,0.001521772779834946,3,,exploratory_partial_surface_not_physically_validated
fx10_upper_002203,fx10,2203,114058,1,1797,947,1995,0.0015249293400443147,3,,exploratory_partial_surface_not_physically_validated
fx10_upper_000526,fx10,526,72193,2,1644,890,1996,0.001524991698147586,3,,exploratory_partial_surface_not_physically_validated
fx10_upper_002018,fx10,2018,105540,1,1786,945,1997,0.0015261517533800358,3,,exploratory_partial_surface_not_physically_validated
fx10_upper_001989,fx10,1989,106129,1,1785,901,1998,0.00152743210736572,3,,exploratory_partial_surface_not_physically_validated
fx10_upper_001284,fx10,1284,85670,2,1709,994,1999,0.0015275848413019801,3,,exploratory_partial_surface_not_physically_validated
fx10_upper_002050,fx10,2050,106166,1,1788,893,2000,0.00152806260421331,3,,exploratory_partial_surface_not_physically_validated
fx10_upper_001690,fx10,1690,7800,1,1772,874,2001,0.0015281191254808615,3,,exploratory_partial_surface_not_physically_validated
fx10_upper_001339,fx10,1339,97177,1,1754,912,2002,0.001528148348719752,3,,exploratory_partial_surface_not_physically_validated
fx10_upper_000693,fx10,693,72346,2,1650,925,2003,0.0015291644862957335,3,,exploratory_partial_surface_not_physically_validated
fx10_upper_002330,fx10,2330,18545,1,1824,922,2004,0.0015335891204472474,3,,exploratory_partial_surface_not_physically_validated
fx10_upper_001592,fx10,1592,97511,1,1767,905,2005,0.0015337646610269363,3,,exploratory_partial_surface_not_physically_validated
fx10_upper_002082,fx10,2082,105622,1,1789,954,2006,0.0015339053047745317,3,,exploratory_partial_surface_not_physically_validated
fx10_upper_000430,fx10,430,65763,2,1640,938,2007,0.0015362805361288138,3,,exploratory_partial_surface_not_physically_validated
fx10_upper_002266,fx10,2266,114266,1,1804,937,2008,0.0015391590209063225,3,,exploratory_partial_surface_not_physically_validated
fx10_upper_002112,fx10,2112,106507,1,1792,899,2009,0.0015391732042000707,3,,exploratory_partial_surface_not_physically_validated
fx10_upper_002029,fx10,2029,106132,1,1787,893,2010,0.001539773502773285,3,,exploratory_partial_surface_not_physically_validated
fx10_upper_001644,fx10,1644,97540,1,1769,907,2011,0.0015403556232455346,3,,exploratory_partial_surface_not_physically_validated
fx10_upper_001643,fx10,1643,97542,1,1769,905,2012,0.0015412755355105967,3,,exploratory_partial_surface_not_physically_validated
fx10_upper_000711,fx10,711,72386,2,1651,891,2013,0.0015470266389195496,3,,exploratory_partial_surface_not_physically_validated
fx10_upper_000050,fx10,50,65402,2,1617,958,2014,0.001548361558276317,3,,exploratory_partial_surface_not_physically_validated
fx10_upper_000507,fx10,507,56840,2,1643,946,2015,0.0015485250842273395,3,,exploratory_partial_surface_not_physically_validated
fx10_upper_001723,fx10,1723,105782,1,1773,910,2016,0.0015487683285085355,3,,exploratory_partial_surface_not_physically_validated
fx10_upper_000054,fx10,54,65425,2,1618,957,2017,0.001548868997673723,3,,exploratory_partial_surface_not_physically_validated
fx10_upper_000511,fx10,511,15752,2,1643,954,2018,0.0015499733510248726,3,,exploratory_partial_surface_not_physically_validated
fx10_upper_001677,fx10,1677,97571,1,1771,904,2019,0.0015519204054758246,3,,exploratory_partial_surface_not_physically_validated
fx10_upper_001682,fx10,1682,105742,1,1771,926,2020,0.00155487685314261,3,,exploratory_partial_surface_not_physically_validated
fx10_upper_000980,fx10,980,73343,2,1665,867,2021,0.0015567950569596947,3,,exploratory_partial_surface_not_physically_validated
fx10_upper_001264,fx10,1264,73115,2,1689,883,2022,0.0015585382005388016,3,,exploratory_partial_surface_not_physically_validated
fx10_upper_001630,fx10,1630,104825,1,1768,950,2023,0.0015594462512396063,3,,exploratory_partial_surface_not_physically_validated
fx10_upper_000085,fx10,85,37146,2,1622,920,2024,0.0015594914035932847,3,,exploratory_partial_surface_not_physically_validated
fx10_upper_000378,fx10,378,65754,2,1638,939,2025,0.0015595347436107962,3,,exploratory_partial_surface_not_physically_validated
fx10_upper_001321,fx10,1321,97181,1,1753,904,2026,0.001559688173273483,3,,exploratory_partial_surface_not_physically_validated
fx10_upper_000692,fx10,692,72352,2,1650,920,2027,0.0015630932675968004,3,,exploratory_partial_surface_not_physically_validated
fx10_upper_001819,fx10,1819,105866,1,1777,910,2028,0.0015641879138751213,3,,exploratory_partial_surface_not_physically_validated
fx10_upper_000529,fx10,529,72189,2,1644,898,2029,0.0015671268181711852,3,,exploratory_partial_surface_not_physically_validated
fx10_upper_000253,fx10,253,56583,2,1632,955,2030,0.001567175245744503,3,,exploratory_partial_surface_not_physically_validated
fx10_upper_000485,fx10,485,56802,2,1642,949,2031,0.0015677462432637027,3,,exploratory_partial_surface_not_physically_validated
fx10_upper_000071,fx10,71,65456,2,1620,951,2032,0.001568847468194122,3,,exploratory_partial_surface_not_physically_validated
fx10_upper_000617,fx10,617,72231,2,1647,923,2033,0.001569565203535028,3,,exploratory_partial_surface_not_physically_validated
fx10_upper_001733,fx10,1733,105695,1,1773,943,2034,0.0015700172906702706,3,,exploratory_partial_surface_not_physically_validated
fx10_upper_000622,fx10,622,15705,2,1647,964,2035,0.0015709307239295933,3,,exploratory_partial_surface_not_physically_validated
fx10_upper_001987,fx10,1987,106096,1,1785,896,2036,0.0015709563733455828,3,,exploratory_partial_surface_not_physically_validated
fx10_upper_001517,fx10,1517,97412,1,1763,923,2037,0.0015720225804402887,3,,exploratory_partial_surface_not_physically_validated
fx10_upper_000382,fx10,382,56729,2,1638,949,2038,0.001572049649954778,3,,exploratory_partial_surface_not_physically_validated
fx10_upper_001918,fx10,1918,7890,1,1782,880,2039,0.001572722704865799,3,,exploratory_partial_surface_not_physically_validated
fx10_upper_000244,fx10,244,27037,2,1632,918,2040,0.0015730722703677644,3,,exploratory_partial_surface_not_physically_validated
fx10_upper_000072,fx10,72,65454,2,1620,953,2041,0.0015741168074196162,3,,exploratory_partial_surface_not_physically_validated
fx10_upper_001387,fx10,1387,444,1,1756,944,2042,0.0015744997838160833,3,,exploratory_partial_surface_not_physically_validated
fx10_upper_001247,fx10,1247,73093,2,1687,884,2043,0.0015763832243104888,3,,exploratory_partial_surface_not_physically_validated
fx10_upper_001722,fx10,1722,105784,1,1773,905,2044,0.001577257927413079,3,,exploratory_partial_surface_not_physically_validated
fx10_upper_001315,fx10,1315,385,1,1752,941,2045,0.001577718587404265,3,,exploratory_partial_surface_not_physically_validated
fx10_upper_002174,fx10,2174,114019,1,1795,957,2046,0.0015782413994465821,3,,exploratory_partial_surface_not_physically_validated
fx10_upper_000472,fx10,472,27381,2,1642,891,2047,0.001579065137633713,3,,exploratory_partial_surface_not_physically_validated
fx10_upper_000553,fx10,553,72188,2,1645,898,2048,0.001579793433424316,3,,exploratory_partial_surface_not_physically_validated
fx10_upper_002218,fx10,2218,114093,1,1798,944,2049,0.001579797208533317,3,,exploratory_partial_surface_not_physically_validated
fx10_upper_001342,fx10,1342,97206,1,1754,921,2050,0.0015806098788743784,3,,exploratory_partial_surface_not_physically_validated
fx10_upper_002028,fx10,2028,106134,1,1787,890,2051,0.0015833610619293067,3,,exploratory_partial_surface_not_physically_validated
fx10_upper_002159,fx10,2159,106542,1,1795,908,2052,0.0015846145719813907,3,,exploratory_partial_surface_not_physically_validated
fx10_upper_000224,fx10,224,27042,2,1631,914,2053,0.0015851708681997201,3,,exploratory_partial_surface_not_physically_validated
fx10_upper_001426,fx10,1426,501,1,1758,951,2054,0.001585754561472478,3,,exploratory_partial_surface_not_physically_validated
fx10_upper_000474,fx10,474,27413,2,1642,896,2055,0.001587230103519245,3,,exploratory_partial_surface_not_physically_validated
fx10_upper_002240,fx10,2240,114128,1,1800,944,2056,0.0015873356723270842,3,,exploratory_partial_surface_not_physically_validated
fx10_upper_001687,fx10,1687,105670,1,1771,942,2057,0.0015877164232406752,3,,exploratory_partial_surface_not_physically_validated
fx10_upper_001131,fx10,1131,72908,2,1675,911,2058,0.0015942863228380713,3,,exploratory_partial_surface_not_physically_validated
fx10_upper_002261,fx10,2261,114228,1,1803,937,2059,0.00159588964524673,3,,exploratory_partial_surface_not_physically_validated
fx10_upper_001620,fx10,1620,97508,1,1768,907,2060,0.001602559987078064,3,,exploratory_partial_surface_not_physically_validated
fx10_upper_001721,fx10,1721,105785,1,1773,902,2061,0.0016038144915517798,3,,exploratory_partial_surface_not_physically_validated
fx10_upper_001009,fx10,1009,72686,2,1666,899,2062,0.0016055096943900515,3,,exploratory_partial_surface_not_physically_validated
fx10_upper_000932,fx10,932,72107,2,1662,950,2063,0.001609658113125792,3,,exploratory_partial_surface_not_physically_validated
fx10_upper_002214,fx10,2214,114098,1,1798,933,2064,0.0016151529013535635,3,,exploratory_partial_surface_not_physically_validated
fx10_upper_001388,fx10,1388,479,1,1756,945,2065,0.0016151695251945364,3,,exploratory_partial_surface_not_physically_validated
fx10_upper_001632,fx10,1632,43603,1,1769,877,2066,0.0016167163798257395,3,,exploratory_partial_surface_not_physically_validated
fx10_upper_000162,fx10,162,56348,2,1627,959,2067,0.001617897319930301,3,,exploratory_partial_surface_not_physically_validated
fx10_upper_002070,fx10,2070,7956,1,1789,885,2068,0.0016221137102580233,3,,exploratory_partial_surface_not_physically_validated
fx10_upper_001931,fx10,1931,105989,1,1782,921,2069,0.0016277156286413415,3,,exploratory_partial_surface_not_physically_validated
fx10_upper_002058,fx10,2058,105568,1,1788,942,2070,0.0016343964282764165,3,,exploratory_partial_surface_not_physically_validated
fx10_upper_002074,fx10,2074,106141,1,1789,921,2071,0.0016348664049527398,3,,exploratory_partial_surface_not_physically_validated
fx10_upper_002030,fx10,2030,106124,1,1787,905,2072,0.0016352594604916472,3,,exploratory_partial_surface_not_physically_validated
fx10_upper_000787,fx10,787,72496,2,1655,884,2073,0.0016361730614642407,3,,exploratory_partial_surface_not_physically_validated
fx10_upper_001435,fx10,1435,97327,1,1759,914,2074,0.0016370836851815542,3,,exploratory_partial_surface_not_physically_validated
fx10_upper_000524,fx10,524,27420,2,1644,884,2075,0.0016410386678021292,3,,exploratory_partial_surface_not_physically_validated
fx10_upper_001206,fx10,1206,73000,2,1682,886,2076,0.0016437283760743343,3,,exploratory_partial_surface_not_physically_validated
fx10_upper_000966,fx10,966,72659,2,1664,897,2077,0.0016450859716889113,3,,exploratory_partial_surface_not_physically_validated
fx10_upper_002089,fx10,2089,106174,1,1790,924,2078,0.0016468676961623092,3,,exploratory_partial_surface_not_physically_validated
fx10_upper_000070,fx10,70,65459,2,1620,949,2079,0.0016483041764258485,3,,exploratory_partial_surface_not_physically_validated
fx10_upper_001951,fx10,1951,106018,1,1783,924,2080,0.0016532885391536461,3,,exploratory_partial_surface_not_physically_validated
fx10_upper_002274,fx10,2274,114314,1,1805,965,2081,0.0016567081177150818,3,,exploratory_partial_surface_not_physically_validated
fx10_upper_001079,fx10,1079,72810,2,1671,895,2082,0.001659320313986754,3,,exploratory_partial_surface_not_physically_validated
fx10_upper_000093,fx10,93,65478,2,1622,957,2083,0.0016616414559534525,3,,exploratory_partial_surface_not_physically_validated
fx10_upper_000198,fx10,198,56458,2,1629,958,2084,0.0016618179295126655,3,,exploratory_partial_surface_not_physically_validated
fx10_upper_001899,fx10,1899,7874,1,1781,880,2085,0.001662819554884043,3,,exploratory_partial_surface_not_physically_validated
fx10_upper_000064,fx10,64,37132,2,1620,918,2086,0.0016645047706315972,3,,exploratory_partial_surface_not_physically_validated
fx10_upper_002091,fx10,2091,106172,1,1790,928,2087,0.0016657431218715926,3,,exploratory_partial_surface_not_physically_validated
fx10_upper_001988,fx10,1988,106094,1,1785,898,2088,0.001667176248726453,3,,exploratory_partial_surface_not_physically_validated
fx10_upper_000935,fx10,935,73306,2,1663,867,2089,0.0016675066988313737,3,,exploratory_partial_surface_not_physically_validated
fx10_upper_000974,fx10,974,33962,2,1664,947,2090,0.001668871101380265,3,,exploratory_partial_surface_not_physically_validated
fx10_upper_002026,fx10,2026,7943,1,1787,881,2091,0.0016723417180608295,3,,exploratory_partial_surface_not_physically_validated
fx10_upper_001881,fx10,1881,7846,1,1780,882,2092,0.001672398968403075,3,,exploratory_partial_surface_not_physically_validated
fx10_upper_000055,fx10,55,65424,2,1618,959,2093,0.001672987828573681,3,,exploratory_partial_surface_not_physically_validated
fx10_upper_000011,fx10,11,36958,2,1605,924,2094,0.001678602259146575,3,,exploratory_partial_surface_not_physically_validated
fx10_upper_002328,fx10,2328,18551,1,1824,918,2095,0.0016828248794473323,3,,exploratory_partial_surface_not_physically_validated
fx10_upper_000231,fx10,231,56579,2,1631,960,2096,0.0016848556856307237,3,,exploratory_partial_surface_not_physically_validated
fx10_upper_001708,fx10,1708,105674,1,1772,935,2097,0.0016852369678919624,3,,exploratory_partial_surface_not_physically_validated
fx10_upper_001240,fx10,1240,73051,2,1686,880,2098,0.0016858751104743472,3,,exploratory_partial_surface_not_physically_validated
fx10_upper_001875,fx10,1875,105399,1,1779,950,2099,0.001686376785432862,3,,exploratory_partial_surface_not_physically_validated
fx10_upper_001238,fx10,1238,73068,2,1685,897,2100,0.0016865347432939398,3,,exploratory_partial_surface_not_physically_validated
fx10_upper_001089,fx10,1089,72838,2,1672,893,2101,0.0016911523508597558,3,,exploratory_partial_surface_not_physically_validated
fx10_upper_000591,fx10,591,15706,2,1646,962,2102,0.001692646798738893,3,,exploratory_partial_surface_not_physically_validated
fx10_upper_000132,fx10,132,26891,2,1626,901,2103,0.0016934112674937586,3,,exploratory_partial_surface_not_physically_validated
fx10_upper_001621,fx10,1621,97539,1,1768,909,2104,0.0016945367457255162,3,,exploratory_partial_surface_not_physically_validated
fx10_upper_002096,fx10,2096,105626,1,1790,949,2105,0.001695636961519156,3,,exploratory_partial_surface_not_physically_validated
fx10_upper_001445,fx10,1445,502,1,1759,951,2106,0.001696846868277294,3,,exploratory_partial_surface_not_physically_validated
fx10_upper_001164,fx10,1164,72891,2,1678,891,2107,0.001698993626511431,3,,exploratory_partial_surface_not_physically_validated
fx10_upper_001665,fx10,1665,591,1,1770,936,2108,0.001699590346375946,3,,exploratory_partial_surface_not_physically_validated
fx10_upper_000865,fx10,865,72589,2,1659,886,2109,0.0017032482312678227,3,,exploratory_partial_surface_not_physically_validated
fx10_upper_001270,fx10,1270,80009,2,1690,894,2110,0.0017049666379246858,3,,exploratory_partial_surface_not_physically_validated
fx10_upper_001273,fx10,1273,80096,2,1691,894,2111,0.0017052819924356219,3,,exploratory_partial_surface_not_physically_validated
fx10_upper_000203,fx10,203,56392,2,1629,971,2112,0.001707179619005493,3,,exploratory_partial_surface_not_physically_validated
fx10_upper_000199,fx10,199,56398,2,1629,960,2113,0.0017105939962549983,3,,exploratory_partial_surface_not_physically_validated
fx10_upper_000590,fx10,590,15786,2,1646,944,2114,0.0017126384852724826,3,,exploratory_partial_surface_not_physically_validated
fx10_upper_001668,fx10,1668,104841,1,1770,950,2115,0.001715423216836459,3,,exploratory_partial_surface_not_physically_validated
fx10_upper_001006,fx10,1006,73313,2,1666,883,2116,0.0017207928710703396,3,,exploratory_partial_surface_not_physically_validated
fx10_upper_000497,fx10,497,27417,2,1643,889,2117,0.0017225785455328828,3,,exploratory_partial_surface_not_physically_validated
fx10_upper_001983,fx10,1983,106104,1,1785,887,2118,0.0017249284429680701,3,,exploratory_partial_surface_not_physically_validated
fx10_upper_000484,fx10,484,56804,2,1642,946,2119,0.0017261370710096537,3,,exploratory_partial_surface_not_physically_validated
fx10_upper_002121,fx10,2121,113964,1,1792,938,2120,0.001728075358277256,3,,exploratory_partial_surface_not_physically_validated
fx10_upper_000727,fx10,727,73196,2,1652,882,2121,0.0017359318846335535,3,,exploratory_partial_surface_not_physically_validated
fx10_upper_000940,fx10,940,153031,2,1663,886,2122,0.0017428530263932116,3,,exploratory_partial_surface_not_physically_validated
fx10_upper_001760,fx10,1760,7810,1,1775,877,2123,0.0017538700053523113,3,,exploratory_partial_surface_not_physically_validated
fx10_upper_000318,fx10,318,39832,2,1635,979,2124,0.0017539106717333298,3,,exploratory_partial_surface_not_physically_validated
fx10_upper_001386,fx10,1386,482,1,1756,941,2125,0.0017548339180981471,3,,exploratory_partial_surface_not_physically_validated
fx10_upper_001698,fx10,1698,105751,1,1772,910,2126,0.001757793256095705,3,,exploratory_partial_surface_not_physically_validated
fx10_upper_001610,fx10,1610,43590,1,1768,879,2127,0.0017580438148007893,3,,exploratory_partial_surface_not_physically_validated
fx10_upper_000189,fx10,189,65892,2,1629,919,2128,0.0017612458489777564,3,,exploratory_partial_surface_not_physically_validated
fx10_upper_001255,fx10,1255,73091,2,1688,886,2129,0.0017614087918551163,3,,exploratory_partial_surface_not_physically_validated
fx10_upper_000891,fx10,891,71999,2,1660,940,2130,0.0017628222327980112,3,,exploratory_partial_surface_not_physically_validated
fx10_upper_000688,fx10,688,72335,2,1650,898,2131,0.0017668549661467967,3,,exploratory_partial_surface_not_physically_validated
fx10_upper_001310,fx10,1310,97138,1,1752,924,2132,0.0017673142411509044,3,,exploratory_partial_surface_not_physically_validated
fx10_upper_001840,fx10,1840,105898,1,1778,907,2133,0.0017685653904002928,3,,exploratory_partial_surface_not_physically_validated
fx10_upper_001069,fx10,1069,72784,2,1670,895,2134,0.0017713946543436048,3,,exploratory_partial_surface_not_physically_validated
fx10_upper_000895,fx10,895,73290,2,1661,869,2135,0.0017758470358345728,3,,exploratory_partial_surface_not_physically_validated
fx10_upper_000084,fx10,84,65474,2,1621,962,2136,0.0017759428271369756,3,,exploratory_partial_surface_not_physically_validated
fx10_upper_000417,fx10,417,27347,2,1640,891,2137,0.0017770706638079632,3,,exploratory_partial_surface_not_physically_validated
fx10_upper_001709,fx10,1709,105673,1,1772,938,2138,0.0017776186020450307,3,,exploratory_partial_surface_not_physically_validated
fx10_upper_000448,fx10,448,27368,2,1641,905,2139,0.0017779038984658921,2,,exploratory_partial_surface_not_physically_validated
fx10_upper_001068,fx10,1068,153163,2,1670,893,2140,0.0017790948161376388,3,,exploratory_partial_surface_not_physically_validated
fx10_upper_000458,fx10,458,56806,2,1641,942,2141,0.0017799114027396703,3,,exploratory_partial_surface_not_physically_validated
fx10_upper_002024,fx10,2024,7964,1,1787,877,2142,0.0017818818329995952,3,,exploratory_partial_surface_not_physically_validated
fx10_upper_000736,fx10,736,71926,2,1652,928,2143,0.0017830626717236294,3,,exploratory_partial_surface_not_physically_validated
fx10_upper_002071,fx10,2071,106202,1,1789,898,2144,0.0017858752260559365,3,,exploratory_partial_surface_not_physically_validated
fx10_upper_001649,fx10,1649,582,1,1769,938,2145,0.0017910520853243223,3,,exploratory_partial_surface_not_physically_validated
fx10_upper_000512,fx10,512,152591,2,1643,955,2146,0.0017935811440896044,3,,exploratory_partial_surface_not_physically_validated
fx10_upper_000864,fx10,864,73267,2,1659,881,2147,0.001795075355519346,3,,exploratory_partial_surface_not_physically_validated
fx10_upper_001639,fx10,1639,97577,1,1769,894,2148,0.0017962740233262915,3,,exploratory_partial_surface_not_physically_validated
fx10_upper_002324,fx10,2324,18513,1,1823,920,2149,0.001798537129189829,3,,exploratory_partial_surface_not_physically_validated
fx10_upper_002107,fx10,2107,105659,1,1791,946,2150,0.0018013431941091831,3,,exploratory_partial_surface_not_physically_validated
fx10_upper_001616,fx10,1616,97549,1,1768,897,2151,0.0018028736257749464,3,,exploratory_partial_surface_not_physically_validated
fx10_upper_001882,fx10,1882,105945,1,1780,884,2152,0.0018036863407657785,3,,exploratory_partial_surface_not_physically_validated
fx10_upper_002186,fx10,2186,114023,1,1796,947,2153,0.0018095507058616428,3,,exploratory_partial_surface_not_physically_validated
fx10_upper_000985,fx10,985,72671,2,1665,885,2154,0.001812075746454093,3,,exploratory_partial_surface_not_physically_validated
fx10_upper_002120,fx10,2120,47911,1,1792,930,2155,0.0018154693538789647,3,,exploratory_partial_surface_not_physically_validated
fx10_upper_001340,fx10,1340,97174,1,1754,916,2156,0.0018181370750131238,3,,exploratory_partial_surface_not_physically_validated
fx10_upper_000106,fx10,106,26835,2,1624,900,2157,0.0018218152491056884,3,,exploratory_partial_surface_not_physically_validated
fx10_upper_001371,fx10,1371,475,1,1755,951,2158,0.0018227142775826797,3,,exploratory_partial_surface_not_physically_validated
fx10_upper_002280,fx10,2280,114344,1,1806,965,2159,0.001823653737648716,3,,exploratory_partial_surface_not_physically_validated
fx10_upper_000685,fx10,685,72298,2,1650,891,2160,0.001825205211918391,3,,exploratory_partial_surface_not_physically_validated
fx10_upper_001529,fx10,1529,26622,1,1764,883,2161,0.0018262680429209806,3,,exploratory_partial_surface_not_physically_validated
fx10_upper_000319,fx10,319,27256,2,1636,891,2162,0.0018283454834798064,3,,exploratory_partial_surface_not_physically_validated
fx10_upper_002076,fx10,2076,106176,1,1789,925,2163,0.0018302443344245817,3,,exploratory_partial_surface_not_physically_validated
fx10_upper_000261,fx10,261,27210,2,1633,899,2164,0.0018380038569278754,3,,exploratory_partial_surface_not_physically_validated
fx10_upper_001585,fx10,1585,97491,1,1767,883,2165,0.0018381143215625338,3,,exploratory_partial_surface_not_physically_validated
fx10_upper_001105,fx10,1105,72854,2,1673,909,2166,0.0018409890459694371,3,,exploratory_partial_surface_not_physically_validated
fx10_upper_000213,fx10,213,56522,2,1630,958,2167,0.001842047939649051,3,,exploratory_partial_surface_not_physically_validated
fx10_upper_000083,fx10,83,65451,2,1621,956,2168,0.00184228670061561,3,,exploratory_partial_surface_not_physically_validated
fx10_upper_001827,fx10,1827,105714,1,1777,939,2169,0.0018437526809097098,3,,exploratory_partial_surface_not_physically_validated
fx10_upper_002092,fx10,2092,105736,1,1790,933,2170,0.0018459018301695911,3,,exploratory_partial_surface_not_physically_validated
fx10_upper_001432,fx10,1432,97334,1,1759,905,2171,0.0018474839103469868,3,,exploratory_partial_surface_not_physically_validated
fx10_upper_001254,fx10,1254,73096,2,1688,880,2172,0.001849337028687576,3,,exploratory_partial_surface_not_physically_validated
fx10_upper_002246,fx10,2246,152464,1,1800,966,2173,0.001855655970372655,3,,exploratory_partial_surface_not_physically_validated
fx10_upper_000815,fx10,815,71938,2,1656,927,2174,0.0018576921222345833,3,,exploratory_partial_surface_not_physically_validated
fx10_upper_002134,fx10,2134,106438,1,1793,921,2175,0.0018608090367678689,3,,exploratory_partial_surface_not_physically_validated
fx10_upper_002040,fx10,2040,105567,1,1787,942,2176,0.001868333666509968,3,,exploratory_partial_surface_not_physically_validated
fx10_upper_001369,fx10,1369,443,1,1755,946,2177,0.0018733890440143224,3,,exploratory_partial_surface_not_physically_validated
fx10_upper_002320,fx10,2320,18478,1,1822,922,2178,0.0018777793031082913,3,,exploratory_partial_surface_not_physically_validated
fx10_upper_001666,fx10,1666,589,1,1770,941,2179,0.0018795973914496693,3,,exploratory_partial_surface_not_physically_validated
fx10_upper_002048,fx10,2048,7957,1,1788,882,2180,0.0018812142905526657,3,,exploratory_partial_surface_not_physically_validated
fx10_upper_000817,fx10,817,71959,2,1656,933,2181,0.0018835428946094195,3,,exploratory_partial_surface_not_physically_validated
fx10_upper_002170,fx10,2170,114024,1,1795,944,2182,0.0018897623549055627,3,,exploratory_partial_surface_not_physically_validated
fx10_upper_000415,fx10,415,27353,2,1640,885,2183,0.0018898565197378145,3,,exploratory_partial_surface_not_physically_validated
fx10_upper_002262,fx10,2262,114227,1,1803,940,2184,0.001891851036101867,3,,exploratory_partial_surface_not_physically_validated
fx10_upper_000515,fx10,515,56788,2,1643,962,2185,0.0018930539933077874,3,,exploratory_partial_surface_not_physically_validated
fx10_upper_001965,fx10,1965,106058,1,1784,903,2186,0.001896623887153569,3,,exploratory_partial_surface_not_physically_validated
fx10_upper_001805,fx10,1805,105357,1,1776,952,2187,0.0019040474472000236,3,,exploratory_partial_surface_not_physically_validated
fx10_upper_002202,fx10,2202,114060,1,1797,944,2188,0.0019056465040330824,3,,exploratory_partial_surface_not_physically_validated
fx10_upper_001817,fx10,1817,105870,1,1777,905,2189,0.0019075025897923043,3,,exploratory_partial_surface_not_physically_validated
fx10_upper_000381,fx10,381,56764,2,1638,947,2190,0.0019075331558005288,3,,exploratory_partial_surface_not_physically_validated
fx10_upper_001880,fx10,1880,7862,1,1780,880,2191,0.001911310767851957,3,,exploratory_partial_surface_not_physically_validated
fx10_upper_001324,fx10,1324,97171,1,1753,921,2192,0.0019113666915003965,3,,exploratory_partial_surface_not_physically_validated
fx10_upper_000235,fx10,235,56448,2,1631,974,2193,0.0019184127845490806,3,,exploratory_partial_surface_not_physically_validated
fx10_upper_002135,fx10,2135,106391,1,1793,923,2194,0.0019194450019091298,3,,exploratory_partial_surface_not_physically_validated
fx10_upper_001993,fx10,1993,106046,1,1785,921,2195,0.0019209495752835625,3,,exploratory_partial_surface_not_physically_validated
fx10_upper_001268,fx10,1268,78839,2,1689,999,2196,0.001920983244405895,3,,exploratory_partial_surface_not_physically_validated
fx10_upper_001323,fx10,1323,97178,1,1753,909,2197,0.001921838923547308,3,,exploratory_partial_surface_not_physically_validated
fx10_upper_001269,fx10,1269,73113,2,1690,889,2198,0.0019232586833536028,3,,exploratory_partial_surface_not_physically_validated
fx10_upper_000149,fx10,149,65876,2,1627,917,2199,0.001923404908025332,3,,exploratory_partial_surface_not_physically_validated
fx10_upper_001334,fx10,1334,97190,1,1754,896,2200,0.0019243685941892077,3,,exploratory_partial_surface_not_physically_validated
fx10_upper_001985,fx10,1985,106101,1,1785,891,2201,0.0019313055542713915,3,,exploratory_partial_surface_not_physically_validated
fx10_upper_001684,fx10,1684,97557,1,1771,931,2202,0.0019315345330415715,3,,exploratory_partial_surface_not_physically_validated
fx10_upper_001764,fx10,1764,105878,1,1775,896,2203,0.0019343334236780632,3,,exploratory_partial_surface_not_physically_validated
fx10_upper_001688,fx10,1688,105668,1,1771,945,2204,0.0019357694325842596,3,,exploratory_partial_surface_not_physically_validated
fx10_upper_000082,fx10,82,65453,2,1621,953,2205,0.0019365782601793587,3,,exploratory_partial_surface_not_physically_validated
fx10_upper_002140,fx10,2140,113959,1,1793,944,2206,0.001939545248428822,3,,exploratory_partial_surface_not_physically_validated
fx10_upper_002106,fx10,2106,105662,1,1791,938,2207,0.0019413458673673688,3,,exploratory_partial_surface_not_physically_validated
fx10_upper_001196,fx10,1196,72974,2,1681,889,2208,0.00194638749101164,3,,exploratory_partial_surface_not_physically_validated
fx10_upper_001582,fx10,1582,104795,1,1766,953,2209,0.0019499353523397046,3,,exploratory_partial_surface_not_physically_validated
fx10_upper_002006,fx10,2006,106130,1,1786,898,2210,0.001949964408255699,3,,exploratory_partial_surface_not_physically_validated
fx10_upper_000471,fx10,471,27382,2,1642,889,2211,0.0019507087584770032,3,,exploratory_partial_surface_not_physically_validated
fx10_upper_002093,fx10,2093,105631,1,1790,938,2212,0.001952517785669187,3,,exploratory_partial_surface_not_physically_validated
fx10_upper_000357,fx10,357,152580,2,1637,940,2213,0.0019547994159598856,3,,exploratory_partial_surface_not_physically_validated
fx10_upper_000814,fx10,814,72468,2,1656,925,2214,0.0019602660949192517,3,,exploratory_partial_surface_not_physically_validated
fx10_upper_001629,fx10,1629,580,1,1768,941,2215,0.0019705702506126795,3,,exploratory_partial_surface_not_physically_validated
fx10_upper_000840,fx10,840,71961,2,1657,930,2216,0.0019733061327890217,3,,exploratory_partial_surface_not_physically_validated
fx10_upper_000306,fx10,306,27184,2,1635,919,2217,0.0019735893396918103,3,,exploratory_partial_surface_not_physically_validated
fx10_upper_002094,fx10,2094,105630,1,1790,940,2218,0.00197530844074926,3,,exploratory_partial_surface_not_physically_validated
fx10_upper_001784,fx10,1784,7819,1,1776,885,2219,0.0019753726221629513,3,,exploratory_partial_surface_not_physically_validated
fx10_upper_001937,fx10,1937,7921,1,1783,876,2220,0.0019812982856071645,3,,exploratory_partial_surface_not_physically_validated
fx10_upper_001607,fx10,1607,571,1,1767,945,2221,0.0019884677324306004,3,,exploratory_partial_surface_not_physically_validated
fx10_upper_002052,fx10,2052,106191,1,1788,915,2222,0.0019998756510043623,3,,exploratory_partial_surface_not_physically_validated
fx10_upper_001406,fx10,1406,97314,1,1758,885,2223,0.0020002138093430395,3,,exploratory_partial_surface_not_physically_validated
fx10_upper_001611,fx10,1611,26644,1,1768,881,2224,0.0020070606064546796,3,,exploratory_partial_surface_not_physically_validated
fx10_upper_000416,fx10,416,27349,2,1640,887,2225,0.0020104507598209236,3,,exploratory_partial_surface_not_physically_validated
fx10_upper_000853,fx10,853,71982,2,1658,924,2226,0.002012251505930899,3,,exploratory_partial_surface_not_physically_validated
fx10_upper_002081,fx10,2081,105627,1,1789,945,2227,0.002016724713574029,3,,exploratory_partial_surface_not_physically_validated
fx10_upper_000067,fx10,67,37108,2,1620,924,2228,0.0020209655531139826,3,,exploratory_partial_surface_not_physically_validated
fx10_upper_002329,fx10,2329,18550,1,1824,920,2229,0.002023441799821757,3,,exploratory_partial_surface_not_physically_validated
fx10_upper_001308,fx10,1308,97147,1,1752,909,2230,0.0020246939212537184,3,,exploratory_partial_surface_not_physically_validated
fx10_upper_001608,fx10,1608,104810,1,1767,950,2231,0.0020250255911125753,3,,exploratory_partial_surface_not_physically_validated
fx10_upper_001653,fx10,1653,43609,1,1770,879,2232,0.0020262792127459226,3,,exploratory_partial_surface_not_physically_validated
fx10_upper_000900,fx10,900,153024,2,1661,882,2233,0.00203202708667028,3,,exploratory_partial_surface_not_physically_validated
fx10_upper_001950,fx10,1950,106019,1,1783,921,2234,0.0020433640252761043,3,,exploratory_partial_surface_not_physically_validated
fx10_upper_000307,fx10,307,27181,2,1635,921,2235,0.002051589638120686,3,,exploratory_partial_surface_not_physically_validated
fx10_upper_000797,fx10,797,71937,2,1655,927,2236,0.002061916624849794,3,,exploratory_partial_surface_not_physically_validated
fx10_upper_001806,fx10,1806,105332,1,1776,953,2237,0.0020653239097723117,3,,exploratory_partial_surface_not_physically_validated
fx10_upper_000356,fx10,356,65755,2,1637,937,2238,0.0020691148467655387,3,,exploratory_partial_surface_not_physically_validated
fx10_upper_002231,fx10,2231,152465,1,1799,967,2239,0.0020703302981000234,3,,exploratory_partial_surface_not_physically_validated
fx10_upper_001218,fx10,1218,73023,2,1683,886,2240,0.0020705446951508315,3,,exploratory_partial_surface_not_physically_validated
fx10_upper_001292,fx10,1292,97115,1,1750,910,2241,0.002070643625312596,3,,exploratory_partial_surface_not_physically_validated
fx10_upper_001242,fx10,1242,73070,2,1686,891,2242,0.0020802169394705155,3,,exploratory_partial_surface_not_physically_validated
fx10_upper_001609,fx10,1609,104809,1,1767,953,2243,0.002080704131079182,3,,exploratory_partial_surface_not_physically_validated
fx10_upper_001367,fx10,1367,446,1,1755,941,2244,0.0020817558194625137,3,,exploratory_partial_surface_not_physically_validated
fx10_upper_002114,fx10,2114,106418,1,1792,908,2245,0.0020823169482211694,3,,exploratory_partial_surface_not_physically_validated
fx10_upper_000734,fx10,734,72351,2,1652,922,2246,0.002086809689540181,3,,exploratory_partial_surface_not_physically_validated
fx10_upper_002072,fx10,2072,106243,1,1789,915,2247,0.0020881474628825086,3,,exploratory_partial_surface_not_physically_validated
fx10_upper_000589,fx10,589,15761,2,1646,941,2248,0.0020973731325225346,3,,exploratory_partial_surface_not_physically_validated
fx10_upper_001304,fx10,1304,97139,1,1751,924,2249,0.0021034273332994507,3,,exploratory_partial_surface_not_physically_validated
fx10_upper_000414,fx10,414,39867,2,1639,978,2250,0.002120058964275759,3,,exploratory_partial_surface_not_physically_validated
fx10_upper_001293,fx10,1293,97113,1,1750,914,2251,0.0021203580487225457,3,,exploratory_partial_surface_not_physically_validated
fx10_upper_002123,fx10,2123,113960,1,1792,945,2252,0.002120820731186925,3,,exploratory_partial_surface_not_physically_validated
fx10_upper_000107,fx10,107,26771,2,1624,902,2253,0.002137560106975653,3,,exploratory_partial_surface_not_physically_validated
fx10_upper_000905,fx10,905,72579,2,1661,897,2254,0.002142523175666223,3,,exploratory_partial_surface_not_physically_validated
fx10_upper_000328,fx10,328,65747,2,1636,932,2255,0.0021475205303882958,3,,exploratory_partial_surface_not_physically_validated
fx10_upper_001007,fx10,1007,72695,2,1666,886,2256,0.002149900215406845,3,,exploratory_partial_surface_not_physically_validated
fx10_upper_001826,fx10,1826,105883,1,1777,934,2257,0.0021524795329537555,3,,exploratory_partial_surface_not_physically_validated
fx10_upper_001986,fx10,1986,106102,1,1785,892,2258,0.0021567355559086766,3,,exploratory_partial_surface_not_physically_validated
fx10_upper_002314,fx10,2314,18409,1,1821,922,2259,0.0021636321510933067,3,,exploratory_partial_surface_not_physically_validated
fx10_upper_000649,fx10,649,15832,2,1648,952,2260,0.00217290675401049,3,,exploratory_partial_surface_not_physically_validated
fx10_upper_001563,fx10,1563,104775,1,1765,958,2261,0.002176290448400098,3,,exploratory_partial_surface_not_physically_validated
fx10_upper_000883,fx10,883,73282,2,1660,881,2262,0.0022355203892640485,3,,exploratory_partial_surface_not_physically_validated
fx10_upper_002031,fx10,2031,106154,1,1787,910,2263,0.002250190650741097,3,,exploratory_partial_surface_not_physically_validated
fx10_upper_001804,fx10,1804,105358,1,1776,950,2264,0.002254522321847884,3,,exploratory_partial_surface_not_physically_validated
fx10_upper_000984,fx10,984,72672,2,1665,883,2265,0.0022591800613530303,3,,exploratory_partial_surface_not_physically_validated
fx10_upper_001783,fx10,1783,7820,1,1776,882,2266,0.0022691205908019845,3,,exploratory_partial_surface_not_physically_validated
fx10_upper_001316,fx10,1316,352,1,1752,942,2267,0.0022729904801435867,3,,exploratory_partial_surface_not_physically_validated
fx10_upper_000496,fx10,496,27418,2,1643,886,2268,0.002279194302919153,3,,exploratory_partial_surface_not_physically_validated
fx10_upper_002027,fx10,2027,7941,1,1787,885,2269,0.002284456574228802,3,,exploratory_partial_surface_not_physically_validated
fx10_upper_001640,fx10,1640,97550,1,1769,896,2270,0.002287458268516258,3,,exploratory_partial_surface_not_physically_validated
fx10_upper_000399,fx10,399,27309,2,1639,905,2271,0.0022988078419262283,3,,exploratory_partial_surface_not_physically_validated
fx10_upper_000950,fx10,950,72149,2,1663,950,2272,0.0023026834361428495,3,,exploratory_partial_surface_not_physically_validated
fx10_upper_001801,fx10,1801,105716,1,1776,937,2273,0.002307828412778328,3,,exploratory_partial_surface_not_physically_validated
fx10_upper_001309,fx10,1309,97140,1,1752,921,2274,0.002308807505542752,3,,exploratory_partial_surface_not_physically_validated
fx10_upper_001300,fx10,1300,97146,1,1751,911,2275,0.002311808269215497,3,,exploratory_partial_surface_not_physically_validated
fx10_upper_001973,fx10,1973,105512,1,1784,945,2276,0.002312089532932481,3,,exploratory_partial_surface_not_physically_validated
fx10_upper_000335,fx10,335,56727,2,1636,957,2277,0.0023146405902602354,3,,exploratory_partial_surface_not_physically_validated
fx10_upper_002257,fx10,2257,114196,1,1802,935,2278,0.0023223624455415647,3,,exploratory_partial_surface_not_physically_validated
fx10_upper_002200,fx10,2200,114064,1,1797,937,2279,0.0023338096793157695,3,,exploratory_partial_surface_not_physically_validated
fx10_upper_000063,fx10,63,65450,2,1619,960,2280,0.0023366863056467,3,,exploratory_partial_surface_not_physically_validated
fx10_upper_000770,fx10,770,72465,2,1654,886,2281,0.0023371990009196314,3,,exploratory_partial_surface_not_physically_validated
fx10_upper_001341,fx10,1341,97172,1,1754,919,2282,0.002345757703935311,3,,exploratory_partial_surface_not_physically_validated
fx10_upper_000715,fx10,715,71916,2,1651,927,2283,0.0023480114218275496,3,,exploratory_partial_surface_not_physically_validated
fx10_upper_001974,fx10,1974,105507,1,1784,950,2284,0.0023591135366311335,3,,exploratory_partial_surface_not_physically_validated
fx10_upper_002333,fx10,2333,18544,1,1825,922,2285,0.002359391704861433,3,,exploratory_partial_surface_not_physically_validated
fx10_upper_001125,fx10,1125,72864,2,1675,889,2286,0.002362517179521187,3,,exploratory_partial_surface_not_physically_validated
fx10_upper_002201,fx10,2201,114062,1,1797,942,2287,0.0023629737283725224,3,,exploratory_partial_surface_not_physically_validated
fx10_upper_000343,fx10,343,27288,2,1637,889,2288,0.0023763366751004327,3,,exploratory_partial_surface_not_physically_validated
fx10_upper_001667,fx10,1667,588,1,1770,942,2289,0.002382208915314329,3,,exploratory_partial_surface_not_physically_validated
fx10_upper_001236,fx10,1236,73045,2,1685,888,2290,0.002383043462844313,3,,exploratory_partial_surface_not_physically_validated
fx10_upper_002004,fx10,2004,7926,1,1786,885,2291,0.002386696841417485,3,,exploratory_partial_surface_not_physically_validated
fx10_upper_001685,fx10,1685,590,1,1771,938,2292,0.002391514281193417,3,,exploratory_partial_surface_not_physically_validated
fx10_upper_001578,fx10,1578,565,1,1766,942,2293,0.002407183773109719,3,,exploratory_partial_surface_not_physically_validated
fx10_upper_002217,fx10,2217,114094,1,1798,942,2294,0.002412695853149366,3,,exploratory_partial_surface_not_physically_validated
fx10_upper_000747,fx10,747,72433,2,1653,886,2295,0.002424014733085771,3,,exploratory_partial_surface_not_physically_validated
fx10_upper_000973,fx10,973,33987,2,1664,943,2296,0.00242471250877476,3,,exploratory_partial_surface_not_physically_validated
fx10_upper_001504,fx10,1504,97430,1,1763,886,2297,0.0024251735249537043,3,,exploratory_partial_surface_not_physically_validated
fx10_upper_001447,fx10,1447,104734,1,1759,954,2298,0.002429159128030491,3,,exploratory_partial_surface_not_physically_validated
fx10_upper_002215,fx10,2215,114097,1,1798,935,2299,0.0024395228522613908,3,,exploratory_partial_surface_not_physically_validated
fx10_upper_001717,fx10,1717,105793,1,1773,888,2300,0.002444176363157772,3,,exploratory_partial_surface_not_physically_validated
fx10_upper_001041,fx10,1041,72753,2,1668,896,2301,0.002450661827285641,3,,exploratory_partial_surface_not_physically_validated
fx10_upper_002095,fx10,2095,105628,1,1790,942,2302,0.0024596087705949276,3,,exploratory_partial_surface_not_physically_validated
fx10_upper_002007,fx10,2007,106083,1,1786,910,2303,0.0024608317279269003,3,,exploratory_partial_surface_not_physically_validated
fx10_upper_000648,fx10,648,15833,2,1648,950,2304,0.002465627329151678,3,,exploratory_partial_surface_not_physically_validated
fx10_upper_000709,fx10,709,73183,2,1651,884,2305,0.002486159453089943,3,,exploratory_partial_surface_not_physically_validated
fx10_upper_000735,fx10,735,72391,2,1652,925,2306,0.002537087898286153,3,,exploratory_partial_surface_not_physically_validated
fx10_upper_000393,fx10,393,27323,2,1639,885,2307,0.002548987285313918,3,,exploratory_partial_surface_not_physically_validated
fx10_upper_001583,fx10,1583,104793,1,1766,957,2308,0.0025571690802532196,3,,exploratory_partial_surface_not_physically_validated
fx10_upper_000074,fx10,74,65447,2,1620,961,2309,0.0025606300881358094,3,,exploratory_partial_surface_not_physically_validated
fx10_upper_002185,fx10,2185,114061,1,1796,942,2310,0.002569183933059573,3,,exploratory_partial_surface_not_physically_validated
fx10_upper_002042,fx10,2042,105563,1,1787,949,2311,0.0025719599290194134,3,,exploratory_partial_surface_not_physically_validated
fx10_upper_002005,fx10,2005,106103,1,1786,888,2312,0.002572342598170462,3,,exploratory_partial_surface_not_physically_validated
fx10_upper_002016,fx10,2016,105543,1,1786,940,2313,0.0025865951727061663,3,,exploratory_partial_surface_not_physically_validated
fx10_upper_001779,fx10,1779,105704,1,1775,941,2314,0.0025889049165457086,3,,exploratory_partial_surface_not_physically_validated
fx10_upper_001207,fx10,1207,72999,2,1682,890,2315,0.002646218410859922,3,,exploratory_partial_surface_not_physically_validated
fx10_upper_000394,fx10,394,27321,2,1639,887,2316,0.0026555533139917624,3,,exploratory_partial_surface_not_physically_validated
fx10_upper_000796,fx10,796,71939,2,1655,925,2317,0.0026577251756168046,3,,exploratory_partial_surface_not_physically_validated
fx10_upper_000698,fx10,698,71910,2,1650,942,2318,0.0026736499647199304,3,,exploratory_partial_surface_not_physically_validated
fx10_upper_001544,fx10,1544,104776,1,1764,956,2319,0.0026764793256182076,3,,exploratory_partial_surface_not_physically_validated
fx10_upper_000367,fx10,367,27292,2,1638,885,2320,0.0026786109524954303,3,,exploratory_partial_surface_not_physically_validated
fx10_upper_002169,fx10,2169,114025,1,1795,942,2321,0.002698000790316225,3,,exploratory_partial_surface_not_physically_validated
fx10_upper_002216,fx10,2216,114096,1,1798,940,2322,0.002711201586681579,3,,exploratory_partial_surface_not_physically_validated
fx10_upper_001650,fx10,1650,579,1,1769,945,2323,0.002720170509899746,3,,exploratory_partial_surface_not_physically_validated
fx10_upper_002122,fx10,2122,105660,1,1792,942,2324,0.0027255731661444803,3,,exploratory_partial_surface_not_physically_validated
fx10_upper_001669,fx10,1669,104838,1,1770,957,2325,0.002733546194709415,3,,exploratory_partial_surface_not_physically_validated
fx10_upper_002019,fx10,2019,105536,1,1786,950,2326,0.0027468621061144324,3,,exploratory_partial_surface_not_physically_validated
fx10_upper_001565,fx10,1565,97458,1,1766,888,2327,0.0027517559748666993,3,,exploratory_partial_surface_not_physically_validated
fx10_upper_000621,fx10,621,15809,2,1647,949,2328,0.0027821796811653148,3,,exploratory_partial_surface_not_physically_validated
fx10_upper_000728,fx10,728,72389,2,1652,886,2329,0.0027985876756661913,3,,exploratory_partial_surface_not_physically_validated
fx10_upper_001248,fx10,1248,73071,2,1687,888,2330,0.0028042989109274747,3,,exploratory_partial_surface_not_physically_validated
fx10_upper_001972,fx10,1972,105515,1,1784,942,2331,0.002808044235355925,3,,exploratory_partial_surface_not_physically_validated
fx10_upper_002041,fx10,2041,105564,1,1787,947,2332,0.0028156038467344537,3,,exploratory_partial_surface_not_physically_validated
fx10_upper_001651,fx10,1651,104823,1,1769,954,2333,0.002837049549076807,3,,exploratory_partial_surface_not_physically_validated
fx10_upper_000904,fx10,904,72580,2,1661,894,2334,0.00284406584467363,3,,exploratory_partial_surface_not_physically_validated
fx10_upper_002079,fx10,2079,105598,1,1789,940,2335,0.0028546593962616128,3,,exploratory_partial_surface_not_physically_validated
fx10_upper_001692,fx10,1692,105764,1,1772,890,2336,0.002909044529277217,3,,exploratory_partial_surface_not_physically_validated
fx10_upper_002251,fx10,2251,114164,1,1801,939,2337,0.002953868663083645,3,,exploratory_partial_surface_not_physically_validated
fx17_upper_000709,fx17,709,7995,1,1683,530,1128,0.0007927921232714964,3,,exploratory_partial_surface_not_physically_validated
fx17_upper_000258,fx17,258,73890,2,1568,523,1448,0.000992937496741301,3,,exploratory_partial_surface_not_physically_validated
fx17_upper_000708,fx17,708,7996,1,1683,529,100,0.0002664038002808106,3,,exploratory_partial_surface_not_physically_validated
fx17_upper_000374,fx17,374,545,1,1657,568,1875,0.0013773545237733922,3,,exploratory_partial_surface_not_physically_validated
fx17_upper_000721,fx17,721,43143,1,1684,529,498,0.0004817242771572526,3,,exploratory_partial_surface_not_physically_validated
fx17_upper_000550,fx17,550,105953,1,1672,563,1064,0.0007503325640600716,3,,exploratory_partial_surface_not_physically_validated
fx17_upper_000696,fx17,696,7963,1,1682,531,1000,0.0007145362272816661,3,,exploratory_partial_surface_not_physically_validated
fx17_upper_000008,fx17,8,36963,2,1499,558,985,0.0007040382696570089,2,,exploratory_partial_surface_not_physically_validated
fx17_upper_000706,fx17,706,105589,1,1682,580,1395,0.00095909473847555,3,,exploratory_partial_surface_not_physically_validated
fx17_upper_000692,fx17,692,105561,1,1681,581,815,0.0006182921601416442,3,,exploratory_partial_surface_not_physically_validated
fx17_upper_000707,fx17,707,105588,1,1682,581,857,0.0006368824346731719,3,,exploratory_partial_surface_not_physically_validated
fx17_upper_000297,fx17,297,73109,2,1581,542,472,0.00046677143073548005,3,,exploratory_partial_surface_not_physically_validated
fx17_upper_000720,fx17,720,105586,1,1683,582,313,0.0004026089668684552,3,,exploratory_partial_surface_not_physically_validated
fx17_upper_000710,fx17,710,7994,1,1683,531,1939,0.001451587017509851,3,,exploratory_partial_surface_not_physically_validated
fx17_upper_000291,fx17,291,74014,2,1580,528,649,0.0005457446265884065,3,,exploratory_partial_surface_not_physically_validated
fx17_upper_000805,fx17,805,152465,1,1692,589,2239,0.0020703302981000234,3,,exploratory_partial_surface_not_physically_validated
fx17_upper_000719,fx17,719,105622,1,1683,580,2006,0.0015339053047745317,3,,exploratory_partial_surface_not_physically_validated
fx17_upper_000678,fx17,678,7964,1,1681,531,2142,0.0017818818329995952,3,,exploratory_partial_surface_not_physically_validated
fx17_upper_000727,fx17,727,105621,1,1684,580,1754,0.0012592658547133147,3,,exploratory_partial_surface_not_physically_validated
fx17_upper_000298,fx17,298,73118,2,1582,531,1735,0.0012401553335269979,3,,exploratory_partial_surface_not_physically_validated
fx17_upper_000736,fx17,736,113955,1,1685,580,1125,0.0007914752945836703,3,,exploratory_partial_surface_not_physically_validated
fx17_upper_000230,fx17,230,73825,2,1563,525,497,0.00048083455994674703,3,,exploratory_partial_surface_not_physically_validated
fx17_upper_000643,fx17,643,7930,1,1679,533,290,0.00039094041010707644,3,,exploratory_partial_surface_not_physically_validated
fx17_upper_000784,fx17,784,106561,1,1691,563,1764,0.0012715497771157763,3,,exploratory_partial_surface_not_physically_validated
fx17_upper_000594,fx17,594,7897,1,1676,525,1520,0.0010464701348572433,3,,exploratory_partial_surface_not_physically_validated
fx17_upper_000817,fx17,817,152464,1,1693,588,2173,0.001855655970372655,3,,exploratory_partial_surface_not_physically_validated
fx17_upper_000726,fx17,726,105623,1,1684,579,1804,0.0013114440404718192,3,,exploratory_partial_surface_not_physically_validated
fx17_upper_000735,fx17,735,105655,1,1685,579,1513,0.001041912080582658,3,,exploratory_partial_surface_not_physically_validated
fx17_upper_000728,fx17,728,105650,1,1684,582,516,0.0004888450280451233,3,,exploratory_partial_surface_not_physically_validated
fx17_upper_000660,fx17,660,7949,1,1680,531,1732,0.0012365407622646183,3,,exploratory_partial_surface_not_physically_validated
fx17_upper_000624,fx17,624,7939,1,1678,524,708,0.0005709887266811027,3,,exploratory_partial_surface_not_physically_validated
fx17_upper_000695,fx17,695,7980,1,1682,529,733,0.0005786899368447108,3,,exploratory_partial_surface_not_physically_validated
fx17_upper_000679,fx17,679,7944,1,1681,533,887,0.0006528577186662555,3,,exploratory_partial_surface_not_physically_validated
fx17_upper_000658,fx17,658,107289,1,1680,524,557,0.0005049464564061327,3,,exploratory_partial_surface_not_physically_validated
fx17_upper_000674,fx17,674,107320,1,1681,524,1116,0.000786758401296931,3,,exploratory_partial_surface_not_physically_validated
fx17_upper_000639,fx17,639,107287,1,1679,525,902,0.0006632565870324031,3,,exploratory_partial_surface_not_physically_validated
fx17_upper_000776,fx17,776,114073,1,1690,595,658,0.0005494392525557492,3,,exploratory_partial_surface_not_physically_validated
fx17_upper_000259,fx17,259,73889,2,1568,525,688,0.0005646510510317243,3,,exploratory_partial_surface_not_physically_validated
fx17_upper_000642,fx17,642,7932,1,1679,531,1104,0.0007786584944722152,3,,exploratory_partial_surface_not_physically_validated
fx17_upper_000804,fx17,804,114124,1,1692,580,211,0.0003504696925189631,3,,exploratory_partial_surface_not_physically_validated
fx17_upper_000296,fx17,296,73089,2,1581,541,1340,0.0009245638910553479,3,,exploratory_partial_surface_not_physically_validated
fx17_upper_000299,fx17,299,73096,2,1582,532,2172,0.001849337028687576,3,,exploratory_partial_surface_not_physically_validated
fx17_upper_000625,fx17,625,107261,1,1678,525,1359,0.0009360751378525406,3,,exploratory_partial_surface_not_physically_validated
fx17_upper_000821,fx17,821,114167,1,1694,567,1941,0.0014519928334695647,3,,exploratory_partial_surface_not_physically_validated
fx17_upper_000675,fx17,675,107318,1,1681,525,1041,0.0007329902398954863,3,,exploratory_partial_surface_not_physically_validated
fx17_upper_000659,fx17,659,7951,1,1680,527,1548,0.0010633029825181264,3,,exploratory_partial_surface_not_physically_validated
fx17_upper_000044,fx17,44,56321,2,1520,578,220,0.0003563968330143551,3,,exploratory_partial_surface_not_physically_validated
fx17_upper_000641,fx17,641,7933,1,1679,530,263,0.00037728684094806374,3,,exploratory_partial_surface_not_physically_validated
fx17_upper_000605,fx17,605,106018,1,1676,561,2080,0.0016532885391536461,3,,exploratory_partial_surface_not_physically_validated
fx17_upper_000531,fx17,531,105378,1,1670,580,1832,0.0013352281110951697,3,,exploratory_partial_surface_not_physically_validated
fx17_upper_000737,fx17,737,105651,1,1685,582,159,0.0003132645477681212,3,,exploratory_partial_surface_not_physically_validated
fx17_upper_000676,fx17,676,7967,1,1681,526,675,0.0005578246085230055,3,,exploratory_partial_surface_not_physically_validated
fx17_upper_000816,fx17,816,114156,1,1693,580,570,0.0005113273180130727,3,,exploratory_partial_surface_not_physically_validated
fx17_upper_000628,fx17,628,7917,1,1678,532,72,0.0002406973899253558,3,,exploratory_partial_surface_not_physically_validated
fx17_upper_000384,fx17,384,543,1,1658,569,1646,0.0011575746933619737,3,,exploratory_partial_surface_not_physically_validated
fx17_upper_000693,fx17,693,105587,1,1681,583,337,0.0004120209994927873,3,,exploratory_partial_surface_not_physically_validated
fx17_upper_000793,fx17,793,106695,1,1692,555,1017,0.0007214935529921622,3,,exploratory_partial_surface_not_physically_validated
fx17_upper_000826,fx17,826,114198,1,1695,567,1784,0.0012898820804345594,3,,exploratory_partial_surface_not_physically_validated
fx17_upper_000372,fx17,372,97408,1,1657,565,1105,0.0007798818188489232,3,,exploratory_partial_surface_not_physically_validated
fx17_upper_000789,fx17,789,114088,1,1691,580,788,0.0006077686744852723,3,,exploratory_partial_surface_not_physically_validated
fx17_upper_000768,fx17,768,106564,1,1690,561,1499,0.0010312075947575083,3,,exploratory_partial_surface_not_physically_validated
fx17_upper_000640,fx17,640,7935,1,1679,528,58,0.00021882725123985276,3,,exploratory_partial_surface_not_physically_validated
fx17_upper_000833,fx17,833,114196,1,1696,568,2278,0.0023223624455415647,3,,exploratory_partial_surface_not_physically_validated
fx17_upper_000781,fx17,781,106655,1,1691,556,51,0.00020769147945740347,3,,exploratory_partial_surface_not_physically_validated
fx17_upper_000779,fx17,779,106626,1,1691,554,1303,0.0008996231972036739,3,,exploratory_partial_surface_not_physically_validated
fx17_upper_000430,fx17,430,97558,1,1664,564,1923,0.0014378612237541308,3,,exploratory_partial_surface_not_physically_validated
fx17_upper_000034,fx17,34,56262,2,1518,580,1092,0.000765939873230019,3,,exploratory_partial_surface_not_physically_validated
fx17_upper_000300,fx17,300,73112,2,1582,539,1856,0.0013556199135609482,3,,exploratory_partial_surface_not_physically_validated
fx17_upper_000791,fx17,791,114105,1,1691,594,611,0.0005276102498492724,3,,exploratory_partial_surface_not_physically_validated
fx17_upper_000509,fx17,509,105857,1,1669,563,119,0.0002807357316640748,3,,exploratory_partial_surface_not_physically_validated
fx17_upper_000409,fx17,409,97525,1,1662,566,1591,0.0011066304498484588,3,,exploratory_partial_surface_not_physically_validated
fx17_upper_000610,fx17,610,7903,1,1677,532,165,0.00031939691819008934,3,,exploratory_partial_surface_not_physically_validated
fx17_upper_000611,fx17,611,7888,1,1677,534,1815,0.0013230228908821158,3,,exploratory_partial_surface_not_physically_validated
fx17_upper_000627,fx17,627,7919,1,1678,530,1089,0.0007631023933832721,3,,exploratory_partial_surface_not_physically_validated
fx17_upper_000591,fx17,591,105988,1,1675,561,1924,0.0014400312778694777,3,,exploratory_partial_surface_not_physically_validated
fx17_upper_000626,fx17,626,7936,1,1678,527,1174,0.0008226427478447789,3,,exploratory_partial_surface_not_physically_validated
fx17_upper_000680,fx17,680,7943,1,1681,534,2091,0.0016723417180608295,3,,exploratory_partial_surface_not_physically_validated
fx17_upper_000449,fx17,449,105298,1,1665,577,1986,0.0015086164788789156,3,,exploratory_partial_surface_not_physically_validated
fx17_upper_000376,fx17,376,43580,1,1658,533,265,0.0003783854644910852,3,,exploratory_partial_surface_not_physically_validated
fx17_upper_000286,fx17,286,73048,2,1579,535,1844,0.0013446420697402239,3,,exploratory_partial_surface_not_physically_validated
fx17_upper_000845,fx17,845,114258,1,1698,577,1366,0.0009390202176590122,3,,exploratory_partial_surface_not_physically_validated
fx17_upper_000839,fx17,839,114261,1,1697,575,1465,0.0010050318723668326,3,,exploratory_partial_surface_not_physically_validated
fx17_upper_000745,fx17,745,113951,1,1686,582,392,0.00043505682781614177,3,,exploratory_partial_surface_not_physically_validated
fx17_upper_000697,fx17,697,7960,1,1682,533,1066,0.0007512273965816801,3,,exploratory_partial_surface_not_physically_validated
fx17_upper_000365,fx17,365,43581,1,1657,533,1570,0.0010807784838948202,3,,exploratory_partial_surface_not_physically_validated
fx17_upper_000385,fx17,385,43585,1,1659,532,975,0.0007004554322638251,3,,exploratory_partial_surface_not_physically_validated
fx17_upper_000596,fx17,596,7909,1,1676,528,522,0.0004909302189003981,3,,exploratory_partial_surface_not_physically_validated
fx17_upper_000386,fx17,386,43586,1,1659,533,1315,0.0009106256286157575,3,,exploratory_partial_surface_not_physically_validated
fx17_upper_000595,fx17,595,7895,1,1676,527,1725,0.0012279429469477998,3,,exploratory_partial_surface_not_physically_validated
fx17_upper_000274,fx17,274,73950,2,1574,527,1503,0.0010330883509516336,3,,exploratory_partial_surface_not_physically_validated
fx17_upper_000790,fx17,790,114104,1,1691,593,1553,0.0010687808933884408,3,,exploratory_partial_surface_not_physically_validated
fx17_upper_000844,fx17,844,114263,1,1698,574,1898,0.0014056968017235785,3,,exploratory_partial_surface_not_physically_validated
fx17_upper_000769,fx17,769,106613,1,1690,562,956,0.0006900419207089149,3,,exploratory_partial_surface_not_physically_validated
fx17_upper_000806,fx17,806,114141,1,1692,593,1416,0.0009705443137775274,3,,exploratory_partial_surface_not_physically_validated
fx17_upper_000767,fx17,767,106569,1,1690,559,568,0.0005108254162107098,3,,exploratory_partial_surface_not_physically_validated
fx17_upper_000812,fx17,812,47935,1,1693,565,1179,0.0008254357669657326,3,,exploratory_partial_surface_not_physically_validated
fx17_upper_000276,fx17,276,73951,2,1575,526,65,0.00023061311750190858,3,,exploratory_partial_surface_not_physically_validated
fx17_upper_000836,fx17,836,114228,1,1697,569,2059,0.00159588964524673,3,,exploratory_partial_surface_not_physically_validated
fx17_upper_000565,fx17,565,105954,1,1673,562,595,0.0005193334744301418,3,,exploratory_partial_surface_not_physically_validated
fx17_upper_000750,fx17,750,113985,1,1687,582,1880,0.0013856613494544073,3,,exploratory_partial_surface_not_physically_validated
fx17_upper_000609,fx17,609,7921,1,1677,530,2220,0.0019812982856071645,3,,exploratory_partial_surface_not_physically_validated
fx17_upper_000832,fx17,832,47937,1,1696,567,1078,0.0007569936673668297,3,,exploratory_partial_surface_not_physically_validated
fx17_upper_000277,fx17,277,73967,2,1576,526,379,0.00042937080638491944,3,,exploratory_partial_surface_not_physically_validated
fx17_upper_000811,fx17,811,47931,1,1693,564,1294,0.0008953410262371302,3,,exploratory_partial_surface_not_physically_validated
fx17_upper_000820,fx17,820,47939,1,1694,565,325,0.00040956539494123946,3,,exploratory_partial_surface_not_physically_validated
fx17_upper_000208,fx17,208,73342,2,1558,526,1583,0.0010986160776589493,3,,exploratory_partial_surface_not_physically_validated
fx17_upper_000755,fx17,755,114019,1,1688,582,2046,0.0015782413994465821,3,,exploratory_partial_surface_not_physically_validated
fx17_upper_000694,fx17,694,105585,1,1681,584,1243,0.0008632867927535674,3,,exploratory_partial_surface_not_physically_validated
fx17_upper_000463,fx17,463,105740,1,1666,564,1985,0.0015081285184436097,3,,exploratory_partial_surface_not_physically_validated
fx17_upper_000783,fx17,783,106617,1,1691,559,341,0.0004137700954484179,3,,exploratory_partial_surface_not_physically_validated
fx17_upper_000711,fx17,711,7977,1,1683,533,189,0.0003353437407005917,3,,exploratory_partial_surface_not_physically_validated
fx17_upper_000350,fx17,350,43569,1,1656,533,775,0.0006001171626510322,3,,exploratory_partial_surface_not_physically_validated
fx17_upper_000847,fx17,847,114295,1,1699,577,894,0.0006584810778804284,3,,exploratory_partial_surface_not_physically_validated
fx17_upper_000231,fx17,231,73838,2,1563,528,351,0.00041566415626954456,3,,exploratory_partial_surface_not_physically_validated
fx17_upper_000677,fx17,677,7950,1,1681,529,487,0.00047640592922235456,3,,exploratory_partial_surface_not_physically_validated
fx17_upper_000819,fx17,819,47936,1,1694,563,1811,0.0013180793408484465,3,,exploratory_partial_surface_not_physically_validated
fx17_upper_000373,fx17,373,546,1,1657,566,402,0.0004368903477777511,3,,exploratory_partial_surface_not_physically_validated
fx17_upper_000775,fx17,775,114055,1,1690,580,580,0.0005152734569234035,3,,exploratory_partial_surface_not_physically_validated
fx17_upper_000172,fx17,172,15734,2,1541,591,182,0.00032925790332648936,3,,exploratory_partial_surface_not_physically_validated
fx17_upper_000390,fx17,390,106986,1,1660,533,242,0.00036790924104620863,2,,exploratory_partial_surface_not_physically_validated
fx17_upper_000179,fx17,179,15767,2,1542,590,105,0.00027044094386967143,3,,exploratory_partial_surface_not_physically_validated
fx17_upper_000825,fx17,825,106744,1,1695,565,707,0.0005708314354601503,3,,exploratory_partial_surface_not_physically_validated
fx17_upper_000846,fx17,846,114299,1,1699,573,1993,0.0015193529126737127,3,,exploratory_partial_surface_not_physically_validated
fx17_upper_000749,fx17,749,113986,1,1687,580,144,0.00030518297862709026,3,,exploratory_partial_surface_not_physically_validated
fx17_upper_000275,fx17,275,73948,2,1574,529,448,0.00045317904659804986,3,,exploratory_partial_surface_not_physically_validated
fx17_upper_000477,fx17,477,105798,1,1667,563,181,0.0003291916948118904,3,,exploratory_partial_surface_not_physically_validated
fx17_upper_000273,fx17,273,73931,2,1573,529,602,0.0005231763635890647,3,,exploratory_partial_surface_not_physically_validated
fx17_upper_000239,fx17,239,73836,2,1564,529,898,0.0006606601770630736,3,,exploratory_partial_surface_not_physically_validated
fx17_upper_000850,fx17,850,114357,1,1700,578,942,0.0006851470811729521,3,,exploratory_partial_surface_not_physically_validated
fx17_upper_000180,fx17,180,15765,2,1542,591,369,0.0004246854011903768,3,,exploratory_partial_surface_not_physically_validated
fx17_upper_000803,fx17,803,114125,1,1692,578,82,0.0002476816202784154,3,,exploratory_partial_surface_not_physically_validated
fx17_upper_000810,fx17,810,47932,1,1693,563,1698,0.0012014515277066976,3,,exploratory_partial_surface_not_physically_validated
fx17_upper_000818,fx17,818,106718,1,1694,562,1331,0.000918645862782982,3,,exploratory_partial_surface_not_physically_validated
fx17_upper_000831,fx17,831,114222,1,1695,579,1716,0.0012196925608865523,3,,exploratory_partial_surface_not_physically_validated
fx17_upper_000608,fx17,608,7922,1,1677,528,713,0.0005729888771507352,3,,exploratory_partial_surface_not_physically_validated
fx17_upper_000272,fx17,272,73915,2,1572,529,683,0.000563192362637331,3,,exploratory_partial_surface_not_physically_validated
fx17_upper_000597,fx17,597,7890,1,1676,533,2039,0.001572722704865799,3,,exploratory_partial_surface_not_physically_validated
fx17_upper_000664,fx17,664,106130,1,1680,544,2210,0.001949964408255699,3,,exploratory_partial_surface_not_physically_validated
fx17_upper_000698,fx17,698,7957,1,1682,534,2180,0.0018812142905526657,3,,exploratory_partial_surface_not_physically_validated
fx17_upper_000788,fx17,788,114089,1,1691,578,1027,0.000726369692985341,3,,exploratory_partial_surface_not_physically_validated
fx17_upper_000283,fx17,283,74013,2,1579,529,750,0.0005882557619349081,3,,exploratory_partial_surface_not_physically_validated
fx17_upper_000849,fx17,849,114296,1,1700,575,1717,0.0012199519811609539,3,,exploratory_partial_surface_not_physically_validated
fx17_upper_000240,fx17,240,73835,2,1564,530,394,0.00043533978281103537,3,,exploratory_partial_surface_not_physically_validated
fx17_upper_000722,fx17,722,7991,1,1684,534,1597,0.0011092849818147238,3,,exploratory_partial_surface_not_physically_validated
fx17_upper_000815,fx17,815,114157,1,1693,578,110,0.00027361496322335664,3,,exploratory_partial_surface_not_physically_validated
fx17_upper_000233,fx17,233,73818,2,1563,533,223,0.00035832354802237495,3,,exploratory_partial_surface_not_physically_validated
fx17_upper_000580,fx17,580,7880,1,1675,530,841,0.0006301663443458839,3,,exploratory_partial_surface_not_physically_validated
fx17_upper_000802,fx17,802,114126,1,1692,577,954,0.0006891157227549501,3,,exploratory_partial_surface_not_physically_validated
fx17_upper_000581,fx17,581,7893,1,1675,531,756,0.0005909061655728759,3,,exploratory_partial_surface_not_physically_validated
fx17_upper_000307,fx17,307,79202,2,1600,605,1658,0.0011657203903536915,3,,exploratory_partial_surface_not_physically_validated
fx17_upper_000629,fx17,629,7900,1,1678,534,1688,0.0011939998645403612,3,,exploratory_partial_surface_not_physically_validated
fx17_upper_000729,fx17,729,43138,1,1685,534,1580,0.0010968561423185252,3,,exploratory_partial_surface_not_physically_validated
fx17_upper_000514,fx17,514,105332,1,1669,580,2237,0.0020653239097723117,3,,exploratory_partial_surface_not_physically_validated
fx17_upper_000661,fx17,661,7928,1,1680,534,1266,0.0008782018121358047,3,,exploratory_partial_surface_not_physically_validated
fx17_upper_000040,fx17,40,56287,2,1519,582,1328,0.0009173959769547944,3,,exploratory_partial_surface_not_physically_validated
fx17_upper_000232,fx17,232,73837,2,1563,529,993,0.0007083343043636169,3,,exploratory_partial_surface_not_physically_validated
fx17_upper_000852,fx17,852,114355,1,1700,580,753,0.0005893106627393592,3,,exploratory_partial_surface_not_physically_validated
fx17_upper_000241,fx17,241,73833,2,1564,532,907,0.000668187173798229,3,,exploratory_partial_surface_not_physically_validated
fx17_upper_000579,fx17,579,7882,1,1675,528,811,0.000615428432414863,3,,exploratory_partial_surface_not_physically_validated
fx17_upper_000213,fx17,213,73340,2,1559,527,599,0.0005215834516804275,3,,exploratory_partial_surface_not_physically_validated
fx17_upper_000117,fx17,117,56711,2,1532,591,934,0.0006792323531189903,3,,exploratory_partial_surface_not_physically_validated
fx17_upper_000214,fx17,214,73339,2,1559,528,298,0.00039372074454409615,3,,exploratory_partial_surface_not_physically_validated
fx17_upper_000843,fx17,843,114266,1,1698,569,2008,0.0015391590209063225,3,,exploratory_partial_surface_not_physically_validated
fx17_upper_000360,fx17,360,534,1,1656,568,1936,0.0014470952277105512,3,,exploratory_partial_surface_not_physically_validated
fx17_upper_000026,fx17,26,65480,2,1516,581,1760,0.0012663519297326806,3,,exploratory_partial_surface_not_physically_validated
fx17_upper_000052,fx17,52,56347,2,1521,583,1358,0.0009356438477703966,3,,exploratory_partial_surface_not_physically_validated
fx17_upper_000797,fx17,797,106648,1,1692,561,1955,0.00146604444324428,3,,exploratory_partial_surface_not_physically_validated
fx17_upper_000143,fx17,143,56782,2,1537,590,1236,0.0008585682026490487,3,,exploratory_partial_surface_not_physically_validated
fx17_upper_000395,fx17,395,107012,1,1661,533,104,0.000268431049049666,2,,exploratory_partial_surface_not_physically_validated
fx17_upper_000045,fx17,45,56320,2,1520,579,307,0.00039799856428270665,3,,exploratory_partial_surface_not_physically_validated
fx17_upper_000754,fx17,754,114020,1,1688,580,10,0.000128118009396297,3,,exploratory_partial_surface_not_physically_validated
fx17_upper_000248,fx17,248,73849,2,1566,532,754,0.0005900953633256504,3,,exploratory_partial_surface_not_physically_validated
fx17_upper_000824,fx17,824,114188,1,1694,578,943,0.0006855093686355734,3,,exploratory_partial_surface_not_physically_validated
fx17_upper_000766,fx17,766,106619,1,1690,558,117,0.00028017863190952125,3,,exploratory_partial_surface_not_physically_validated
fx17_upper_000041,fx17,41,56285,2,1519,584,1127,0.0007925545142163145,3,,exploratory_partial_surface_not_physically_validated
fx17_upper_000834,fx17,834,114220,1,1696,579,1320,0.0009130477289064683,3,,exploratory_partial_surface_not_physically_validated
fx17_upper_000644,fx17,644,7914,1,1679,534,1736,0.0012426134202550192,3,,exploratory_partial_surface_not_physically_validated
fx17_upper_000118,fx17,118,56677,2,1532,592,455,0.00045683673951708685,3,,exploratory_partial_surface_not_physically_validated
fx17_upper_000260,fx17,260,73883,2,1568,532,850,0.0006334631110685421,3,,exploratory_partial_surface_not_physically_validated
fx17_upper_000510,fx17,510,105828,1,1669,564,1346,0.0009293268456041986,3,,exploratory_partial_surface_not_physically_validated
fx17_upper_000204,fx17,204,73320,2,1557,528,311,0.0004013989042407338,3,,exploratory_partial_surface_not_physically_validated
fx17_upper_000246,fx17,246,72792,2,1565,535,1497,0.0010301137365926099,3,,exploratory_partial_surface_not_physically_validated
fx17_upper_000381,fx17,381,97407,1,1658,565,1842,0.0013433788377765362,3,,exploratory_partial_surface_not_physically_validated
fx17_upper_000814,fx17,814,114159,1,1693,577,747,0.0005867658647566961,3,,exploratory_partial_surface_not_physically_validated
fx17_upper_000578,fx17,578,7896,1,1675,527,1309,0.0009034566483982751,3,,exploratory_partial_surface_not_physically_validated
fx17_upper_000549,fx17,549,105920,1,1672,562,1541,0.001060613691078277,3,,exploratory_partial_surface_not_physically_validated
fx17_upper_000792,fx17,792,106703,1,1692,550,1055,0.000743643301103064,3,,exploratory_partial_surface_not_physically_validated
fx17_upper_000293,fx17,293,73073,2,1580,535,1889,0.0013970183100809857,3,,exploratory_partial_surface_not_physically_validated
fx17_upper_000242,fx17,242,73832,2,1564,533,350,0.0004155338601633228,3,,exploratory_partial_surface_not_physically_validated
fx17_upper_000250,fx17,250,72817,2,1566,535,50,0.00020388844870427797,3,,exploratory_partial_surface_not_physically_validated
fx17_upper_000840,fx17,840,114259,1,1697,577,883,0.000651957126105519,3,,exploratory_partial_surface_not_physically_validated
fx17_upper_000837,fx17,837,114227,1,1697,571,2184,0.001891851036101867,3,,exploratory_partial_surface_not_physically_validated
fx17_upper_000203,fx17,203,73321,2,1557,527,852,0.0006340989187128744,3,,exploratory_partial_surface_not_physically_validated
fx17_upper_000566,fx17,566,105453,1,1673,577,54,0.00021041176362339884,3,,exploratory_partial_surface_not_physically_validated
fx17_upper_000245,fx17,245,72793,2,1565,534,916,0.0006709755798505029,3,,exploratory_partial_surface_not_physically_validated
fx17_upper_000835,fx17,835,114219,1,1696,580,561,0.0005074996803320249,3,,exploratory_partial_surface_not_physically_validated
fx17_upper_000359,fx17,359,97378,1,1656,565,440,0.00045015035530930923,3,,exploratory_partial_surface_not_physically_validated
fx17_upper_000748,fx17,748,113988,1,1687,579,1248,0.0008645401993836894,3,,exploratory_partial_surface_not_physically_validated
fx17_upper_000173,fx17,173,15696,2,1541,593,1769,0.0012734360002454605,3,,exploratory_partial_surface_not_physically_validated
fx17_upper_000254,fx17,254,72845,2,1567,535,523,0.0004917349231626009,3,,exploratory_partial_surface_not_physically_validated
fx17_upper_000215,fx17,215,73338,2,1559,529,192,0.00033679107052411126,3,,exploratory_partial_surface_not_physically_validated
fx17_upper_000253,fx17,253,73880,2,1567,533,924,0.000675509768637226,3,,exploratory_partial_surface_not_physically_validated
fx17_upper_000295,fx17,295,73093,2,1581,535,2043,0.0015763832243104888,3,,exploratory_partial_surface_not_physically_validated
fx17_upper_000174,fx17,174,71269,2,1541,595,1123,0.0007901820832798124,3,,exploratory_partial_surface_not_physically_validated
fx17_upper_000021,fx17,21,65452,2,1514,581,1913,0.0014260209137664864,3,,exploratory_partial_surface_not_physically_validated
fx17_upper_000782,fx17,782,106652,1,1691,558,479,0.000470271473752201,3,,exploratory_partial_surface_not_physically_validated
fx17_upper_000712,fx17,712,7974,1,1683,535,226,0.0003589825891042287,3,,exploratory_partial_surface_not_physically_validated
fx17_upper_000421,fx17,421,104838,1,1663,582,2325,0.002733546194709415,3,,exploratory_partial_surface_not_physically_validated
fx17_upper_000024,fx17,24,65451,2,1515,581,2168,0.00184228670061561,3,,exploratory_partial_surface_not_physically_validated
fx17_upper_000700,fx17,700,106166,1,1682,541,2000,0.00152806260421331,3,,exploratory_partial_surface_not_physically_validated
fx17_upper_000101,fx17,101,56615,2,1530,585,584,0.0005157285385785393,3,,exploratory_partial_surface_not_physically_validated
fx17_upper_000798,fx17,798,114098,1,1692,567,2064,0.0016151529013535635,3,,exploratory_partial_surface_not_physically_validated
fx17_upper_000249,fx17,249,72818,2,1566,534,757,0.0005909462428643461,3,,exploratory_partial_surface_not_physically_validated
fx17_upper_000478,fx17,478,105770,1,1667,565,1750,0.0012550333552880067,3,,exploratory_partial_surface_not_physically_validated
fx17_upper_000030,fx17,30,65479,2,1517,580,1613,0.001127306715632566,3,,exploratory_partial_surface_not_physically_validated
fx17_upper_000152,fx17,152,56819,2,1538,588,1204,0.0008389775678059579,3,,exploratory_partial_surface_not_physically_validated
fx17_upper_000263,fx17,263,73881,2,1569,533,1145,0.0008021126024219651,3,,exploratory_partial_surface_not_physically_validated
fx17_upper_000403,fx17,403,26644,1,1662,533,2224,0.0020070606064546796,3,,exploratory_partial_surface_not_physically_validated
fx17_upper_000164,fx17,164,15703,2,1540,587,1437,0.0009813851629097703,3,,exploratory_partial_surface_not_physically_validated
fx17_upper_000133,fx17,133,27395,2,1536,555,101,0.00026676216810391504,3,,exploratory_partial_surface_not_physically_validated
fx17_upper_000166,fx17,166,15695,2,1540,593,881,0.000650981549737628,3,,exploratory_partial_surface_not_physically_validated
fx17_upper_000223,fx17,223,73804,2,1561,530,374,0.0004268733590071005,3,,exploratory_partial_surface_not_physically_validated
fx17_upper_000027,fx17,27,65478,2,1516,582,2083,0.0016616414559534525,3,,exploratory_partial_surface_not_physically_validated
fx17_upper_000035,fx17,35,56289,2,1518,582,1264,0.0008772832688667365,3,,exploratory_partial_surface_not_physically_validated
fx17_upper_000830,fx17,830,114223,1,1695,577,489,0.0004775146128303132,3,,exploratory_partial_surface_not_physically_validated
fx17_upper_000341,fx17,341,43570,1,1655,534,1641,0.0011554878131759816,3,,exploratory_partial_surface_not_physically_validated
fx17_upper_000029,fx17,29,56264,2,1517,579,1058,0.0007468869415173573,3,,exploratory_partial_surface_not_physically_validated
fx17_upper_000093,fx17,93,56667,2,1529,576,1220,0.0008463015361913804,3,,exploratory_partial_surface_not_physically_validated
fx17_upper_000111,fx17,111,56689,2,1531,582,1107,0.0007816386972514368,3,,exploratory_partial_surface_not_physically_validated
fx17_upper_000265,fx17,265,72899,2,1569,535,1679,0.0011799112160875759,3,,exploratory_partial_surface_not_physically_validated
fx17_upper_000051,fx17,51,56348,2,1521,582,2067,0.001617897319930301,3,,exploratory_partial_surface_not_physically_validated
fx17_upper_000527,fx17,527,105886,1,1670,562,1712,0.0012166792417303651,3,,exploratory_partial_surface_not_physically_validated
fx17_upper_000351,fx17,351,43574,1,1656,534,1772,0.0012752684699859924,3,,exploratory_partial_surface_not_physically_validated
fx17_upper_000402,fx17,402,43590,1,1662,532,2127,0.0017580438148007893,3,,exploratory_partial_surface_not_physically_validated
fx17_upper_000778,fx17,778,106627,1,1691,552,48,0.00020278866382808676,3,,exploratory_partial_surface_not_physically_validated
fx17_upper_000467,fx17,467,105314,1,1666,579,965,0.0006955867293996236,3,,exploratory_partial_surface_not_physically_validated
fx17_upper_000154,fx17,154,40068,2,1538,599,1575,0.0010901362012884996,3,,exploratory_partial_surface_not_physically_validated
fx17_upper_000763,fx17,763,114056,1,1689,578,547,0.0005008258546712244,3,,exploratory_partial_surface_not_physically_validated
fx17_upper_000155,fx17,155,40067,2,1538,600,1617,0.001132497655305789,3,,exploratory_partial_surface_not_physically_validated
fx17_upper_000582,fx17,582,7874,1,1675,533,2085,0.001662819554884043,3,,exploratory_partial_surface_not_physically_validated
fx17_upper_000264,fx17,264,73896,2,1569,534,936,0.0006799898776952352,3,,exploratory_partial_surface_not_physically_validated
fx17_upper_000335,fx17,335,43566,1,1654,534,1450,0.0009933629677053787,3,,exploratory_partial_surface_not_physically_validated
fx17_upper_000382,fx17,382,557,1,1658,566,151,0.00030953178896875615,3,,exploratory_partial_surface_not_physically_validated
fx17_upper_000753,fx17,753,114021,1,1688,578,843,0.0006310462723090277,3,,exploratory_partial_surface_not_physically_validated
fx17_upper_000366,fx17,366,43579,1,1657,534,1820,0.0013244846511633285,3,,exploratory_partial_surface_not_physically_validated
fx17_upper_000508,fx17,508,105858,1,1669,562,1693,0.0011970680114951377,3,,exploratory_partial_surface_not_physically_validated
fx17_upper_000018,fx17,18,65454,2,1513,579,2041,0.0015741168074196162,3,,exploratory_partial_surface_not_physically_validated
fx17_upper_000153,fx17,153,56853,2,1538,590,961,0.0006921771473566666,3,,exploratory_partial_surface_not_physically_validated
fx17_upper_000012,fx17,12,65425,2,1512,582,2017,0.001548868997673723,3,,exploratory_partial_surface_not_physically_validated
fx17_upper_000777,fx17,777,106665,1,1691,550,3,0.00010116483788202278,3,,exploratory_partial_surface_not_physically_validated
fx17_upper_000841,fx17,841,114221,1,1697,578,56,0.0002151998787633184,3,,exploratory_partial_surface_not_physically_validated
fx17_upper_000046,fx17,46,56314,2,1520,586,366,0.0004240915204091452,3,,exploratory_partial_surface_not_physically_validated
fx17_upper_000528,fx17,528,105885,1,1670,564,381,0.00043132601657944793,3,,exploratory_partial_surface_not_physically_validated
fx17_upper_000419,fx17,419,579,1,1663,574,2323,0.002720170509899746,3,,exploratory_partial_surface_not_physically_validated
fx17_upper_000838,fx17,838,114225,1,1697,573,1669,0.0011720925508077668,3,,exploratory_partial_surface_not_physically_validated
fx17_upper_000282,fx17,282,73027,2,1578,534,1133,0.000793614518230376,3,,exploratory_partial_surface_not_physically_validated
fx17_upper_000114,fx17,114,56732,2,1532,572,213,0.0003512119424531899,3,,exploratory_partial_surface_not_physically_validated
fx17_upper_000110,fx17,110,56727,2,1531,580,2277,0.0023146405902602354,3,,exploratory_partial_surface_not_physically_validated
fx17_upper_000853,fx17,853,18346,1,1709,556,1193,0.0008314425659010214,3,,exploratory_partial_surface_not_physically_validated
fx17_upper_000096,fx17,96,56611,2,1529,590,1091,0.0007656202311780927,3,,exploratory_partial_surface_not_physically_validated
fx17_upper_000493,fx17,493,105830,1,1668,562,482,0.00047384190160307255,3,,exploratory_partial_surface_not_physically_validated
fx17_upper_000411,fx17,411,43603,1,1663,531,2066,0.0016167163798257395,3,,exploratory_partial_surface_not_physically_validated
fx17_upper_000292,fx17,292,73051,2,1580,533,2098,0.0016858751104743472,3,,exploratory_partial_surface_not_physically_validated
fx17_upper_000098,fx17,98,56665,2,1530,576,266,0.00037921169709930066,3,,exploratory_partial_surface_not_physically_validated
fx17_upper_000169,fx17,169,15705,2,1541,586,2035,0.0015709307239295933,3,,exploratory_partial_surface_not_physically_validated
fx17_upper_000020,fx17,20,65453,2,1514,579,2205,0.0019365782601793587,3,,exploratory_partial_surface_not_physically_validated
fx17_upper_000281,fx17,281,73052,2,1578,533,1019,0.0007225522683556072,3,,exploratory_partial_surface_not_physically_validated
fx17_upper_000159,fx17,159,56856,2,1539,587,795,0.0006107685304706769,3,,exploratory_partial_surface_not_physically_validated
fx17_upper_000780,fx17,780,106658,1,1691,555,778,0.0006020940426228151,3,,exploratory_partial_surface_not_physically_validated
fx17_upper_000188,fx17,188,71906,2,1545,563,1824,0.0013282194907885052,3,,exploratory_partial_surface_not_physically_validated
fx17_upper_000224,fx17,224,73803,2,1561,531,258,0.00037633612054142467,3,,exploratory_partial_surface_not_physically_validated
fx17_upper_000280,fx17,280,73979,2,1577,533,268,0.00038078240452286966,3,,exploratory_partial_surface_not_physically_validated
fx17_upper_000156,fx17,156,71226,2,1538,602,1514,0.001042623253900572,3,,exploratory_partial_surface_not_physically_validated
fx17_upper_000134,fx17,134,72168,2,1536,559,1737,0.0012431238948334652,3,,exploratory_partial_surface_not_physically_validated
fx17_upper_000116,fx17,116,56688,2,1532,582,269,0.0003811186740578031,3,,exploratory_partial_surface_not_physically_validated
fx17_upper_000713,fx17,713,7956,1,1683,536,2068,0.0016221137102580233,3,,exploratory_partial_surface_not_physically_validated
fx17_upper_000653,fx17,653,106046,1,1679,559,2195,0.0019209495752835625,3,,exploratory_partial_surface_not_physically_validated
fx17_upper_000369,fx17,369,97445,1,1657,555,1573,0.0010890193253007972,3,,exploratory_partial_surface_not_physically_validated
fx17_upper_000375,fx17,375,542,1,1657,571,1443,0.00098785039491025,3,,exploratory_partial_surface_not_physically_validated
fx17_upper_000007,fx17,7,36947,2,1498,559,593,0.0005183016450135219,3,,exploratory_partial_surface_not_physically_validated
fx17_upper_000123,fx17,123,56764,2,1533,573,2190,0.0019075331558005288,3,,exploratory_partial_surface_not_physically_validated
fx17_upper_000347,fx17,347,535,1,1655,567,1198,0.0008361070193480338,3,,exploratory_partial_surface_not_physically_validated
fx17_upper_000329,fx17,329,97348,1,1653,566,834,0.0006273727526798558,3,,exploratory_partial_surface_not_physically_validated
fx17_upper_000109,fx17,109,56698,2,1531,574,717,0.0005745517678021721,3,,exploratory_partial_surface_not_physically_validated
fx17_upper_000822,fx17,822,114128,1,1694,573,2056,0.0015873356723270842,3,,exploratory_partial_surface_not_physically_validated
fx17_upper_000361,fx17,361,533,1,1656,569,1633,0.0011430681456563226,3,,exploratory_partial_surface_not_physically_validated
fx17_upper_000285,fx17,285,73050,2,1579,534,1578,0.001094786440984938,3,,exploratory_partial_surface_not_physically_validated
fx17_upper_000649,fx17,649,106094,1,1679,544,2088,0.001667176248726453,3,,exploratory_partial_surface_not_physically_validated
fx17_upper_000108,fx17,108,56699,2,1531,573,601,0.0005229635738897611,3,,exploratory_partial_surface_not_physically_validated
fx17_upper_000234,fx17,234,72760,2,1563,535,338,0.00041228590813097664,3,,exploratory_partial_surface_not_physically_validated
fx17_upper_000301,fx17,301,80009,2,1584,539,2110,0.0017049666379246858,3,,exploratory_partial_surface_not_physically_validated
fx17_upper_000401,fx17,401,583,1,1661,568,598,0.0005213568735658312,3,,exploratory_partial_surface_not_physically_validated
fx17_upper_000851,fx17,851,114356,1,1700,579,4,0.00010572518962376181,3,,exploratory_partial_surface_not_physically_validated
fx17_upper_000220,fx17,220,73801,2,1560,533,514,0.0004886480057820466,3,,exploratory_partial_surface_not_physically_validated
fx17_upper_000404,fx17,404,43598,1,1662,534,1252,0.0008664220568707369,3,,exploratory_partial_surface_not_physically_validated
fx17_upper_000489,fx17,489,105807,1,1668,555,203,0.0003442641938313679,3,,exploratory_partial_surface_not_physically_validated
fx17_upper_000183,fx17,183,72352,2,1544,557,2027,0.0015630932675968004,3,,exploratory_partial_surface_not_physically_validated
fx17_upper_000140,fx17,140,152594,2,1537,571,1199,0.0008370501761896795,3,,exploratory_partial_surface_not_physically_validated
fx17_upper_000053,fx17,53,56346,2,1521,585,214,0.00035195672058559765,3,,exploratory_partial_surface_not_physically_validated
fx17_upper_000774,fx17,774,114057,1,1690,577,1814,0.001322281588811118,3,,exploratory_partial_surface_not_physically_validated
fx17_upper_000083,fx17,83,56530,2,1528,576,1003,0.0007154787359627873,3,,exploratory_partial_surface_not_physically_validated
fx17_upper_000160,fx17,160,15700,2,1539,590,578,0.000514516888158096,3,,exploratory_partial_surface_not_physically_validated
fx17_upper_000842,fx17,842,114257,1,1697,579,450,0.0004545517325229835,3,,exploratory_partial_surface_not_physically_validated
fx17_upper_000476,fx17,476,105799,1,1667,562,720,0.0005746334848197495,3,,exploratory_partial_surface_not_physically_validated
fx17_upper_000648,fx17,648,106096,1,1679,543,2036,0.0015709563733455828,3,,exploratory_partial_surface_not_physically_validated
fx17_upper_000757,fx17,757,106521,1,1689,559,1401,0.0009622047881361099,3,,exploratory_partial_surface_not_physically_validated
fx17_upper_000284,fx17,284,73077,2,1579,532,257,0.000375125800924495,3,,exploratory_partial_surface_not_physically_validated
fx17_upper_000412,fx17,412,43612,1,1663,532,824,0.0006228613609919111,3,,exploratory_partial_surface_not_physically_validated
fx17_upper_000146,fx17,146,72201,2,1538,559,571,0.0005114190011798859,3,,exploratory_partial_surface_not_physically_validated
fx17_upper_000683,fx17,683,106132,1,1681,541,2010,0.001539773502773285,3,,exploratory_partial_surface_not_physically_validated
fx17_upper_000228,fx17,228,72761,2,1562,535,1551,0.0010678401122463153,3,,exploratory_partial_surface_not_physically_validated
fx17_upper_000623,fx17,623,105515,1,1677,572,2331,0.002808044235355925,3,,exploratory_partial_surface_not_physically_validated
fx17_upper_000028,fx17,28,56257,2,1516,586,401,0.00043682242830303227,3,,exploratory_partial_surface_not_physically_validated
fx17_upper_000115,fx17,115,56724,2,1532,581,1427,0.0009753522813138206,3,,exploratory_partial_surface_not_physically_validated
fx17_upper_000126,fx17,126,56729,2,1534,574,2038,0.001572049649954778,3,,exploratory_partial_surface_not_physically_validated
fx17_upper_000473,fx17,473,105780,1,1667,555,25,0.00016759134854675697,3,,exploratory_partial_surface_not_physically_validated
fx17_upper_000076,fx17,76,56573,2,1527,589,1134,0.0007937200799011346,3,,exploratory_partial_surface_not_physically_validated
fx17_upper_000205,fx17,205,73319,2,1557,530,1020,0.0007231003303898749,3,,exploratory_partial_surface_not_physically_validated
fx17_upper_000209,fx17,209,73336,2,1558,531,209,0.0003502254288630716,3,,exploratory_partial_surface_not_physically_validated
fx17_upper_000604,fx17,604,106019,1,1676,559,2234,0.0020433640252761043,3,,exploratory_partial_surface_not_physically_validated
fx17_upper_000505,fx17,505,105837,1,1669,555,267,0.0003792735297575509,3,,exploratory_partial_surface_not_physically_validated
fx17_upper_000163,fx17,163,56858,2,1540,586,1386,0.0009559474057037685,3,,exploratory_partial_surface_not_physically_validated
fx17_upper_000590,fx17,590,105989,1,1675,559,2069,0.0016277156286413415,3,,exploratory_partial_surface_not_physically_validated
fx17_upper_000019,fx17,19,65450,2,1513,584,2280,0.0023366863056467,3,,exploratory_partial_surface_not_physically_validated
fx17_upper_000770,fx17,770,47924,1,1690,565,644,0.0005412788021335933,3,,exploratory_partial_surface_not_physically_validated
fx17_upper_000564,fx17,564,105924,1,1673,560,469,0.0004630786865237116,3,,exploratory_partial_surface_not_physically_validated
fx17_upper_000526,fx17,526,105859,1,1670,561,199,0.0003416397147030704,3,,exploratory_partial_surface_not_physically_validated
fx17_upper_000036,fx17,36,56286,2,1518,584,1618,0.001132943733229761,3,,exploratory_partial_surface_not_physically_validated
fx17_upper_000406,fx17,406,97532,1,1662,557,1687,0.0011936211290770437,3,,exploratory_partial_surface_not_physically_validated
fx17_upper_000469,fx17,469,105815,1,1667,547,1518,0.001045564446421003,3,,exploratory_partial_surface_not_physically_validated
fx17_upper_000787,fx17,787,114093,1,1691,574,2049,0.001579797208533317,3,,exploratory_partial_surface_not_physically_validated
fx17_upper_000431,fx17,431,97557,1,1664,565,2202,0.0019315345330415715,3,,exploratory_partial_surface_not_physically_validated
fx17_upper_000475,fx17,475,105803,1,1667,558,1175,0.0008230010248304008,3,,exploratory_partial_surface_not_physically_validated
fx17_upper_000491,fx17,491,105833,1,1668,558,790,0.0006095974109446412,3,,exploratory_partial_surface_not_physically_validated
fx17_upper_000460,fx17,460,105776,1,1666,558,813,0.0006175853081610277,3,,exploratory_partial_surface_not_physically_validated
fx17_upper_000764,fx17,764,106631,1,1690,550,11,0.00013014487653240106,3,,exploratory_partial_surface_not_physically_validated
fx17_upper_000577,fx17,577,105990,1,1674,559,1879,0.0013851204252306195,3,,exploratory_partial_surface_not_physically_validated
fx17_upper_000507,fx17,507,105832,1,1669,560,195,0.00033985171664915984,3,,exploratory_partial_surface_not_physically_validated
fx17_upper_000459,fx17,459,105777,1,1666,557,962,0.0006927876648761947,3,,exploratory_partial_surface_not_physically_validated
fx17_upper_000077,fx17,77,56571,2,1527,591,1071,0.0007527769089344969,3,,exploratory_partial_surface_not_physically_validated
fx17_upper_000206,fx17,206,73318,2,1557,531,1519,0.0010456805123124657,3,,exploratory_partial_surface_not_physically_validated
fx17_upper_000415,fx17,415,97530,1,1663,559,1587,0.0011012388608183654,3,,exploratory_partial_surface_not_physically_validated
fx17_upper_000013,fx17,13,65424,2,1512,584,2093,0.001672987828573681,3,,exploratory_partial_surface_not_physically_validated
fx17_upper_000474,fx17,474,105805,1,1667,557,888,0.0006555396798283203,3,,exploratory_partial_surface_not_physically_validated
fx17_upper_000451,fx17,451,105295,1,1665,582,1595,0.0011088083228549825,3,,exploratory_partial_surface_not_physically_validated
fx17_upper_000492,fx17,492,105801,1,1668,560,452,0.0004559313196022722,3,,exploratory_partial_surface_not_physically_validated
fx17_upper_000794,fx17,794,106690,1,1692,556,34,0.000181526633318664,3,,exploratory_partial_surface_not_physically_validated
fx17_upper_000210,fx17,210,73316,2,1558,532,817,0.0006189291952518101,3,,exploratory_partial_surface_not_physically_validated
fx17_upper_000506,fx17,506,105863,1,1669,558,1221,0.0008472718115758536,3,,exploratory_partial_surface_not_physically_validated
fx17_upper_000316,fx17,316,43558,1,1651,535,1080,0.0007576710818864895,3,,exploratory_partial_surface_not_physically_validated
fx17_upper_000279,fx17,279,73023,2,1576,538,2240,0.0020705446951508315,3,,exploratory_partial_surface_not_physically_validated
fx17_upper_000714,fx17,714,106202,1,1683,544,2144,0.0017858752260559365,3,,exploratory_partial_surface_not_physically_validated
fx17_upper_000278,fx17,278,73003,2,1576,534,1562,0.0010745438066139454,3,,exploratory_partial_surface_not_physically_validated
fx17_upper_000216,fx17,216,73332,2,1559,533,1039,0.0007306342016039794,3,,exploratory_partial_surface_not_physically_validated
fx17_upper_000167,fx17,167,72231,2,1541,559,2033,0.001569565203535028,3,,exploratory_partial_surface_not_physically_validated
fx17_upper_000130,fx17,130,27393,2,1535,557,1935,0.001446815285006915,3,,exploratory_partial_surface_not_physically_validated
fx17_upper_000490,fx17,490,105836,1,1668,557,1118,0.0007872126800121054,3,,exploratory_partial_surface_not_physically_validated
fx17_upper_000760,fx17,760,47925,1,1689,564,323,0.0004090858731993055,3,,exploratory_partial_surface_not_physically_validated
fx17_upper_000416,fx17,416,97529,1,1663,560,12,0.00014264279598439418,3,,exploratory_partial_surface_not_physically_validated
fx17_upper_000054,fx17,54,56343,2,1521,587,1975,0.001493963400850255,3,,exploratory_partial_surface_not_physically_validated
fx17_upper_000670,fx17,670,106111,1,1680,561,1531,0.0010534216194603753,3,,exploratory_partial_surface_not_physically_validated
fx17_upper_000125,fx17,125,56768,2,1534,570,1052,0.000742139543679639,3,,exploratory_partial_surface_not_physically_validated
fx17_upper_000494,fx17,494,105797,1,1668,565,1345,0.000928424196241091,3,,exploratory_partial_surface_not_physically_validated
fx17_upper_000466,fx17,466,105315,1,1666,577,1671,0.001174560242135907,3,,exploratory_partial_surface_not_physically_validated
fx17_upper_000765,fx17,765,106628,1,1690,552,483,0.00047479570863194525,3,,exploratory_partial_surface_not_physically_validated
fx17_upper_000622,fx17,622,106039,1,1677,566,340,0.000413200018096089,3,,exploratory_partial_surface_not_physically_validated
fx17_upper_000181,fx17,181,72307,2,1543,559,29,0.00017575945968506407,3,,exploratory_partial_surface_not_physically_validated
fx17_upper_000525,fx17,525,105860,1,1670,559,1411,0.0009665840437219131,3,,exploratory_partial_surface_not_physically_validated
fx17_upper_000377,fx17,377,97473,1,1658,557,190,0.00033537127355620324,3,,exploratory_partial_surface_not_physically_validated
fx17_upper_000636,fx17,636,106070,1,1678,567,396,0.00043542956791095246,3,,exploratory_partial_surface_not_physically_validated
fx17_upper_000255,fx17,255,72843,2,1567,537,69,0.00023569287500793952,3,,exploratory_partial_surface_not_physically_validated
fx17_upper_000162,fx17,162,56859,2,1540,584,1734,0.0012401538009222544,3,,exploratory_partial_surface_not_physically_validated
fx17_upper_000462,fx17,462,105772,1,1666,562,657,0.0005494148101495324,3,,exploratory_partial_surface_not_physically_validated
fx17_upper_000243,fx17,243,72791,2,1564,536,1506,0.0010346885840673435,3,,exploratory_partial_surface_not_physically_validated
fx17_upper_000484,fx17,484,105334,1,1667,578,588,0.0005163992524907295,3,,exploratory_partial_surface_not_physically_validated
fx17_upper_000522,fx17,522,105865,1,1670,555,23,0.0001626756484440014,3,,exploratory_partial_surface_not_physically_validated
fx17_upper_000182,fx17,182,72266,2,1543,560,1828,0.0013308379458853773,3,,exploratory_partial_surface_not_physically_validated
fx17_upper_000537,fx17,537,105888,1,1671,561,654,0.0005481508140373006,3,,exploratory_partial_surface_not_physically_validated
fx17_upper_000583,fx17,583,7873,1,1675,534,1951,0.0014648775109380827,3,,exploratory_partial_surface_not_physically_validated
fx17_upper_000758,fx17,758,106520,1,1689,561,1306,0.0009009708239050556,3,,exploratory_partial_surface_not_physically_validated
fx17_upper_000099,fx17,99,56695,2,1530,578,1267,0.0008786055102222034,3,,exploratory_partial_surface_not_physically_validated
fx17_upper_000186,fx17,186,72306,2,1545,559,96,0.00026260731849699233,3,,exploratory_partial_surface_not_physically_validated
fx17_upper_000681,fx17,681,7941,1,1681,536,2269,0.002284456574228802,3,,exploratory_partial_surface_not_physically_validated
fx17_upper_000141,fx17,141,56718,2,1537,583,1504,0.0010335190274391342,3,,exploratory_partial_surface_not_physically_validated
fx17_upper_000268,fx17,268,72897,2,1570,536,132,0.00029705570292137975,3,,exploratory_partial_surface_not_physically_validated
fx17_upper_000184,fx17,184,72346,2,1544,560,2003,0.0015291644862957335,3,,exploratory_partial_surface_not_physically_validated
fx17_upper_000261,fx17,261,72869,2,1568,537,102,0.00026768049226908965,3,,exploratory_partial_surface_not_physically_validated
fx17_upper_000302,fx17,302,80096,2,1585,539,2111,0.0017052819924356219,3,,exploratory_partial_surface_not_physically_validated
fx17_upper_000129,fx17,129,39939,2,1534,599,1232,0.0008530872792935796,3,,exploratory_partial_surface_not_physically_validated
fx17_upper_000378,fx17,378,97472,1,1658,558,64,0.00023016049198068574,3,,exploratory_partial_surface_not_physically_validated
fx17_upper_000047,fx17,47,56310,2,1520,589,606,0.0005249792245200914,3,,exploratory_partial_surface_not_physically_validated
fx17_upper_000407,fx17,407,97531,1,1662,558,1377,0.0009468165240744127,3,,exploratory_partial_surface_not_physically_validated
fx17_upper_000120,fx17,120,39866,2,1532,597,1855,0.0013545486762417446,3,,exploratory_partial_surface_not_physically_validated
fx17_upper_000150,fx17,150,56792,2,1538,583,1126,0.0007922805157278544,3,,exploratory_partial_surface_not_physically_validated
fx17_upper_000584,fx17,584,106006,1,1675,544,505,0.0004851305868823873,3,,exploratory_partial_surface_not_physically_validated
fx17_upper_000504,fx17,504,105838,1,1669,553,1446,0.0009914755902154667,3,,exploratory_partial_surface_not_physically_validated
fx17_upper_000022,fx17,22,65447,2,1514,585,2309,0.0025606300881358094,3,,exploratory_partial_surface_not_physically_validated
fx17_upper_000548,fx17,548,105887,1,1672,561,1767,0.0012723356383158653,3,,exploratory_partial_surface_not_physically_validated
fx17_upper_000523,fx17,523,105864,1,1670,556,1151,0.0008059641172314097,3,,exploratory_partial_surface_not_physically_validated
fx17_upper_000699,fx17,699,106170,1,1682,539,1943,0.001452413568899127,3,,exploratory_partial_surface_not_physically_validated
fx17_upper_000031,fx17,31,65475,2,1517,584,1899,0.0014060378959305092,3,,exploratory_partial_surface_not_physically_validated
fx17_upper_000652,fx17,652,106048,1,1679,557,1707,0.0012081376076258318,3,,exploratory_partial_surface_not_physically_validated
fx17_upper_000370,fx17,370,97443,1,1657,558,300,0.0003943344306869688,3,,exploratory_partial_surface_not_physically_validated
fx17_upper_000323,fx17,323,97314,1,1652,536,2223,0.0020002138093430395,3,,exploratory_partial_surface_not_physically_validated
fx17_upper_000848,fx17,848,114292,1,1699,580,592,0.0005182164481492334,3,,exploratory_partial_surface_not_physically_validated
fx17_upper_000801,fx17,801,114094,1,1692,572,2294,0.002412695853149366,3,,exploratory_partial_surface_not_physically_validated
fx17_upper_000270,fx17,270,72928,2,1571,535,1477,0.0010119641682462246,3,,exploratory_partial_surface_not_physically_validated
fx17_upper_000809,fx17,809,106684,1,1693,560,1728,0.0012322632790750458,3,,exploratory_partial_surface_not_physically_validated
fx17_upper_000759,fx17,759,106562,1,1689,562,698,0.0005673532617032569,3,,exploratory_partial_surface_not_physically_validated
fx17_upper_000290,fx17,290,73085,2,1579,547,619,0.0005325371152398698,3,,exploratory_partial_surface_not_physically_validated
fx17_upper_000176,fx17,176,15833,2,1542,577,2304,0.002465627329151678,3,,exploratory_partial_surface_not_physically_validated
fx17_upper_000619,fx17,619,106049,1,1677,557,1404,0.0009644156352074541,3,,exploratory_partial_surface_not_physically_validated
fx17_upper_000854,fx17,854,18345,1,1710,556,438,0.00044766600874684943,3,,exploratory_partial_surface_not_physically_validated
fx17_upper_000306,fx17,306,79203,2,1598,605,970,0.0006974993798974428,3,,exploratory_partial_surface_not_physically_validated
fx17_upper_000005,fx17,5,36925,2,1497,560,1574,0.00108919891543355,3,,exploratory_partial_surface_not_physically_validated
fx17_upper_000266,fx17,266,72896,2,1569,537,977,0.0007014307970414237,3,,exploratory_partial_surface_not_physically_validated
fx17_upper_000408,fx17,408,97498,1,1662,559,1892,0.0013989854159431863,3,,exploratory_partial_surface_not_physically_validated
fx17_upper_000589,fx17,589,106021,1,1675,558,1601,0.001114169620559548,3,,exploratory_partial_surface_not_physically_validated
fx17_upper_000175,fx17,175,71266,2,1541,600,1458,0.0010019852312330864,3,,exploratory_partial_surface_not_physically_validated
fx17_upper_000189,fx17,189,72470,2,1549,559,1672,0.0011752000382132901,3,,exploratory_partial_surface_not_physically_validated
fx17_upper_000458,fx17,458,105779,1,1666,555,491,0.00047824221094668534,3,,exploratory_partial_surface_not_physically_validated
fx17_upper_000247,fx17,247,72813,2,1565,539,805,0.0006138532636772721,3,,exploratory_partial_surface_not_physically_validated
fx17_upper_000441,fx17,441,105747,1,1665,558,382,0.00043143348367223784,3,,exploratory_partial_surface_not_physically_validated
fx17_upper_000171,fx17,171,15735,2,1541,590,939,0.0006833426374222926,3,,exploratory_partial_surface_not_physically_validated
fx17_upper_000524,fx17,524,105893,1,1670,557,1454,0.0009979144392408144,3,,exploratory_partial_surface_not_physically_validated
fx17_upper_000612,fx17,612,7899,1,1677,535,1308,0.0009033675121658069,3,,exploratory_partial_surface_not_physically_validated
fx17_upper_000752,fx17,752,113990,1,1688,577,1650,0.0011612619869216477,3,,exploratory_partial_surface_not_physically_validated
fx17_upper_000418,fx17,418,582,1,1663,570,2145,0.0017910520853243223,3,,exploratory_partial_surface_not_physically_validated
fx17_upper_000106,fx17,106,39831,2,1530,595,1940,0.0014518479268933663,3,,exploratory_partial_surface_not_physically_validated
fx17_upper_000762,fx17,762,114022,1,1689,577,1887,0.0013947035290357893,3,,exploratory_partial_surface_not_physically_validated
fx17_upper_000235,fx17,235,72759,2,1563,536,1016,0.0007214018742721245,3,,exploratory_partial_surface_not_physically_validated
fx17_upper_000050,fx17,50,56317,2,1521,581,103,0.00026815158224810086,3,,exploratory_partial_surface_not_physically_validated
fx17_upper_000237,fx17,237,72757,2,1563,539,62,0.0002274874196143757,3,,exploratory_partial_surface_not_physically_validated
fx17_upper_000785,fx17,785,47922,1,1691,567,1485,0.001017791358849774,3,,exploratory_partial_surface_not_physically_validated
fx17_upper_000095,fx17,95,56614,2,1529,587,1859,0.0013569790451915522,3,,exploratory_partial_surface_not_physically_validated
fx17_upper_000856,fx17,856,18378,1,1711,557,1,4.139428728623044e-05,3,,exploratory_partial_surface_not_physically_validated
fx17_upper_000322,fx17,322,43562,1,1652,535,768,0.0005952261436539574,3,,exploratory_partial_surface_not_physically_validated
fx17_upper_000424,fx17,424,105768,1,1664,535,1967,0.0014834976606766326,3,,exploratory_partial_surface_not_physically_validated
fx17_upper_000443,fx17,443,105742,1,1665,562,2020,0.00155487685314261,3,,exploratory_partial_surface_not_physically_validated
fx17_upper_000598,fx17,598,7887,1,1676,536,1050,0.0007403876325731087,3,,exploratory_partial_surface_not_physically_validated
fx17_upper_000568,fx17,568,7883,1,1674,528,1159,0.0008128510229441852,3,,exploratory_partial_surface_not_physically_validated
fx17_upper_000738,fx17,738,106507,1,1686,545,2009,0.0015391732042000707,3,,exploratory_partial_surface_not_physically_validated
fx17_upper_000461,fx17,461,105744,1,1666,560,137,0.000299284961808496,3,,exploratory_partial_surface_not_physically_validated
fx17_upper_000796,fx17,796,106651,1,1692,559,228,0.00035927637115876454,3,,exploratory_partial_surface_not_physically_validated
fx17_upper_000536,fx17,536,105891,1,1671,558,174,0.00032515415545469325,3,,exploratory_partial_surface_not_physically_validated
fx17_upper_000122,fx17,122,56772,2,1533,570,84,0.0002511606727516139,3,,exploratory_partial_surface_not_physically_validated
fx17_upper_000410,fx17,410,43613,1,1663,530,162,0.00031703939506206355,3,,exploratory_partial_surface_not_physically_validated
fx17_upper_000330,fx17,330,523,1,1653,568,929,0.0006768606872902278,3,,exploratory_partial_surface_not_physically_validated
fx17_upper_000055,fx17,55,56342,2,1521,589,608,0.0005267331206497253,3,,exploratory_partial_surface_not_physically_validated
fx17_upper_000635,fx17,635,106071,1,1678,565,74,0.00024153767974410776,3,,exploratory_partial_surface_not_physically_validated
fx17_upper_000187,fx17,187,71916,2,1545,562,2283,0.0023480114218275496,3,,exploratory_partial_surface_not_physically_validated
fx17_upper_000503,fx17,503,105839,1,1669,552,1822,0.0013267561308350374,3,,exploratory_partial_surface_not_physically_validated
fx17_upper_000440,fx17,440,105748,1,1665,557,1678,0.0011783285947116928,3,,exploratory_partial_surface_not_physically_validated
fx17_upper_000860,fx17,860,121278,1,1716,574,1568,0.001079537739499369,3,,exploratory_partial_surface_not_physically_validated
fx17_upper_000177,fx17,177,15832,2,1542,578,2260,0.00217290675401049,3,,exploratory_partial_surface_not_physically_validated
fx17_upper_000413,fx17,413,43611,1,1663,533,1026,0.0007261030439530893,3,,exploratory_partial_surface_not_physically_validated
fx17_upper_000097,fx17,97,39832,2,1529,595,2124,0.0017539106717333298,3,,exploratory_partial_surface_not_physically_validated
fx17_upper_000168,fx17,168,15809,2,1541,577,2328,0.0027821796811653148,3,,exploratory_partial_surface_not_physically_validated
fx17_upper_000438,fx17,438,105756,1,1665,549,1888,0.0013956249001212462,3,,exploratory_partial_surface_not_physically_validated
fx17_upper_000132,fx17,132,56759,2,1535,579,234,0.0003607350181147992,3,,exploratory_partial_surface_not_physically_validated
fx17_upper_000138,fx17,138,39980,2,1536,599,1229,0.000851599928735651,3,,exploratory_partial_surface_not_physically_validated
fx17_upper_000225,fx17,225,72728,2,1561,535,1762,0.001268411221102461,3,,exploratory_partial_surface_not_physically_validated
fx17_upper_000828,fx17,828,114161,1,1695,573,1917,0.0014333168714051406,3,,exploratory_partial_surface_not_physically_validated
fx17_upper_000396,fx17,396,97491,1,1661,535,2165,0.0018381143215625338,3,,exploratory_partial_surface_not_physically_validated
fx17_upper_000380,fx17,380,97437,1,1658,563,173,0.00032478196852989876,3,,exploratory_partial_surface_not_physically_validated
fx17_upper_000025,fx17,25,65474,2,1515,586,2136,0.0017759428271369756,3,,exploratory_partial_surface_not_physically_validated
fx17_upper_000348,fx17,348,538,1,1655,577,1117,0.0007869896883599152,3,,exploratory_partial_surface_not_physically_validated
fx17_upper_000161,fx17,161,15715,2,1540,583,1850,0.0013498294687091126,3,,exploratory_partial_surface_not_physically_validated
fx17_upper_000127,fx17,127,56728,2,1534,576,1624,0.0011367137315536216,3,,exploratory_partial_surface_not_physically_validated
fx17_upper_000638,fx17,638,105541,1,1678,574,1301,0.0008988588766209327,3,,exploratory_partial_surface_not_physically_validated
fx17_upper_000567,fx17,567,7884,1,1674,527,1434,0.0009806293283956098,3,,exploratory_partial_surface_not_physically_validated
fx17_upper_000405,fx17,405,97542,1,1662,549,2012,0.0015412755355105967,3,,exploratory_partial_surface_not_physically_validated
fx17_upper_000073,fx17,73,56527,2,1527,576,180,0.0003291090611426719,3,,exploratory_partial_surface_not_physically_validated
fx17_upper_000185,fx17,185,15857,2,1544,578,1647,0.001158802162908998,3,,exploratory_partial_surface_not_physically_validated
fx17_upper_000425,fx17,425,97571,1,1664,549,2019,0.0015519204054758246,3,,exploratory_partial_surface_not_physically_validated
fx17_upper_000191,fx17,191,72471,2,1550,559,1592,0.001108158530095058,3,,exploratory_partial_surface_not_physically_validated
fx17_upper_000733,fx17,733,105660,1,1685,572,2324,0.0027255731661444803,3,,exploratory_partial_surface_not_physically_validated
fx17_upper_000488,fx17,488,105811,1,1668,552,1994,0.001521772779834946,3,,exploratory_partial_surface_not_physically_validated
fx17_upper_000827,fx17,827,114164,1,1695,570,2337,0.002953868663083645,3,,exploratory_partial_surface_not_physically_validated
fx17_upper_000521,fx17,521,105867,1,1670,553,2,9.831731826184793e-05,3,,exploratory_partial_surface_not_physically_validated
fx17_upper_000339,fx17,339,528,1,1654,577,1230,0.0008520135159093347,3,,exploratory_partial_surface_not_physically_validated
fx17_upper_000563,fx17,563,105958,1,1673,558,981,0.0007035731847048251,3,,exploratory_partial_surface_not_physically_validated
fx17_upper_000547,fx17,547,105926,1,1672,558,107,0.0002724624673676474,3,,exploratory_partial_surface_not_physically_validated
fx17_upper_000588,fx17,588,105994,1,1675,557,859,0.0006378276408610687,3,,exploratory_partial_surface_not_physically_validated
fx17_upper_000217,fx17,217,73313,2,1559,535,2116,0.0017207928710703396,3,,exploratory_partial_surface_not_physically_validated
fx17_upper_000515,fx17,515,7845,1,1670,536,1029,0.0007268573763855332,3,,exploratory_partial_surface_not_physically_validated
fx17_upper_000033,fx17,33,37162,2,1518,560,1675,0.001177073153177856,3,,exploratory_partial_surface_not_physically_validated
fx17_upper_000136,fx17,136,56831,2,1536,578,356,0.00041841471604011694,3,,exploratory_partial_surface_not_physically_validated
fx17_upper_000435,fx17,435,588,1,1664,572,2289,0.002382208915314329,3,,exploratory_partial_surface_not_physically_validated
fx17_upper_000657,fx17,657,105569,1,1679,572,1691,0.001194606821141046,3,,exploratory_partial_surface_not_physically_validated
fx17_upper_000085,fx17,85,56625,2,1528,580,1808,0.0013154383874392258,3,,exploratory_partial_surface_not_physically_validated
fx17_upper_000472,fx17,472,105810,1,1667,553,230,0.00035935399119671116,3,,exploratory_partial_surface_not_physically_validated
fx17_upper_000669,fx17,669,106075,1,1680,559,1989,0.001513959651658684,3,,exploratory_partial_surface_not_physically_validated
fx17_upper_000569,fx17,569,7878,1,1674,530,1694,0.0011982036371924925,3,,exploratory_partial_surface_not_physically_validated
fx17_upper_000592,fx17,592,105987,1,1675,562,1278,0.0008873225483743883,3,,exploratory_partial_surface_not_physically_validated
fx17_upper_000060,fx17,60,56341,2,1522,588,1241,0.0008597652913748418,3,,exploratory_partial_surface_not_physically_validated
fx17_upper_000799,fx17,799,114097,1,1692,568,2299,0.0024395228522613908,3,,exploratory_partial_surface_not_physically_validated
fx17_upper_000139,fx17,139,40024,2,1536,601,1582,0.001097655020864845,3,,exploratory_partial_surface_not_physically_validated
fx17_upper_000502,fx17,502,105812,1,1669,550,1319,0.0009123606739058529,3,,exploratory_partial_surface_not_physically_validated
fx17_upper_000398,fx17,398,97500,1,1661,558,1219,0.000845658045387667,3,,exploratory_partial_surface_not_physically_validated
fx17_upper_000434,fx17,434,589,1,1664,571,2179,0.0018795973914496693,3,,exploratory_partial_surface_not_physically_validated
fx17_upper_000147,fx17,147,15727,2,1538,578,361,0.0004210714486627059,3,,exploratory_partial_surface_not_physically_validated
fx17_upper_000287,fx17,287,73045,2,1579,539,2290,0.002383043462844313,3,,exploratory_partial_surface_not_physically_validated
fx17_upper_000145,fx17,145,40025,2,1537,599,1495,0.0010263981541716082,3,,exploratory_partial_surface_not_physically_validated
fx17_upper_000332,fx17,332,518,1,1653,577,1292,0.0008943632340239307,3,,exploratory_partial_surface_not_physically_validated
fx17_upper_000170,fx17,170,15702,2,1541,589,1421,0.0009716463679989052,3,,exploratory_partial_surface_not_physically_validated
fx17_upper_000808,fx17,808,106650,1,1693,559,1158,0.0008128327387257659,3,,exploratory_partial_surface_not_physically_validated
fx17_upper_000368,fx17,368,97446,1,1657,553,200,0.0003423435134000668,3,,exploratory_partial_surface_not_physically_validated
fx17_upper_000346,fx17,346,97350,1,1655,565,719,0.0005746279781701911,3,,exploratory_partial_surface_not_physically_validated
fx17_upper_000144,fx17,144,39982,2,1537,597,1776,0.001280637549864304,3,,exploratory_partial_surface_not_physically_validated
fx17_upper_000570,fx17,570,7877,1,1674,531,1460,0.0010029624450213828,3,,exploratory_partial_surface_not_physically_validated
fx17_upper_000003,fx17,3,36926,2,1496,560,1472,0.001009994711317921,3,,exploratory_partial_surface_not_physically_validated
fx17_upper_000148,fx17,148,15752,2,1538,579,2018,0.0015499733510248726,3,,exploratory_partial_surface_not_physically_validated
fx17_upper_000513,fx17,513,105335,1,1669,577,1971,0.0014901620838288418,3,,exploratory_partial_surface_not_physically_validated
fx17_upper_000447,fx17,447,105670,1,1665,572,2057,0.0015877164232406752,3,,exploratory_partial_surface_not_physically_validated
fx17_upper_000455,fx17,455,105785,1,1666,547,2061,0.0016038144915517798,3,,exploratory_partial_surface_not_physically_validated
fx17_upper_000355,fx17,355,97416,1,1656,554,1727,0.0012318771901262055,3,,exploratory_partial_surface_not_physically_validated
fx17_upper_000633,fx17,633,106079,1,1678,556,679,0.0005600147800031206,3,,exploratory_partial_surface_not_physically_validated
fx17_upper_000857,fx17,857,18417,1,1712,556,1057,0.0007468615839454151,3,,exploratory_partial_surface_not_physically_validated
fx17_upper_000039,fx17,39,37182,2,1519,560,1948,0.0014616543647348774,3,,exploratory_partial_surface_not_physically_validated
fx17_upper_000446,fx17,446,105671,1,1665,571,1871,0.001371068901090081,3,,exploratory_partial_surface_not_physically_validated
fx17_upper_000771,fx17,771,114062,1,1690,572,2287,0.0023629737283725224,3,,exploratory_partial_surface_not_physically_validated
fx17_upper_000157,fx17,157,15751,2,1539,581,188,0.000334451140734351,3,,exploratory_partial_surface_not_physically_validated
fx17_upper_000740,fx17,740,106418,1,1686,550,2245,0.0020823169482211694,3,,exploratory_partial_surface_not_physically_validated
fx17_upper_000362,fx17,362,532,1,1656,570,1327,0.0009171567828687271,3,,exploratory_partial_surface_not_physically_validated
fx17_upper_000600,fx17,600,106061,1,1676,548,184,0.0003305843831838763,3,,exploratory_partial_surface_not_physically_validated
fx17_upper_000102,fx17,102,56650,2,1530,588,1686,0.0011910623654500304,3,,exploratory_partial_surface_not_physically_validated
fx17_upper_000105,fx17,105,56645,2,1530,594,1759,0.001265437105919296,3,,exploratory_partial_surface_not_physically_validated
fx17_upper_000442,fx17,442,97561,1,1665,560,1567,0.0010795374097980481,3,,exploratory_partial_surface_not_physically_validated
fx17_upper_000151,fx17,151,56788,2,1538,584,2185,0.0018930539933077874,3,,exploratory_partial_surface_not_physically_validated
fx17_upper_000800,fx17,800,114096,1,1692,571,2322,0.002711201586681579,3,,exploratory_partial_surface_not_physically_validated
fx17_upper_000512,fx17,512,105711,1,1669,573,1704,0.0012071231648621348,3,,exploratory_partial_surface_not_physically_validated
fx17_upper_000131,fx17,131,56767,2,1535,569,1968,0.0014873796262196348,3,,exploratory_partial_surface_not_physically_validated
fx17_upper_000211,fx17,211,72672,2,1558,535,2265,0.0022591800613530303,3,,exploratory_partial_surface_not_physically_validated
fx17_upper_000229,fx17,229,72724,2,1562,539,515,0.0004887721699771231,3,,exploratory_partial_surface_not_physically_validated
fx17_upper_000450,fx17,450,105297,1,1665,579,1713,0.0012173041048346674,3,,exploratory_partial_surface_not_physically_validated
fx17_upper_000668,fx17,668,106077,1,1680,557,1615,0.0011314094160019736,3,,exploratory_partial_surface_not_physically_validated
fx17_upper_000400,fx17,400,97496,1,1661,562,420,0.0004424283367181772,3,,exploratory_partial_surface_not_physically_validated
fx17_upper_000682,fx17,682,106134,1,1681,539,2051,0.0015833610619293067,3,,exploratory_partial_surface_not_physically_validated
fx17_upper_000448,fx17,448,105668,1,1665,574,2204,0.0019357694325842596,3,,exploratory_partial_surface_not_physically_validated
fx17_upper_000367,fx17,367,26622,1,1657,535,2161,0.0018262680429209806,3,,exploratory_partial_surface_not_physically_validated
fx17_upper_000119,fx17,119,56675,2,1532,594,1866,0.001365326695456129,3,,exploratory_partial_surface_not_physically_validated
fx17_upper_000149,fx17,149,152591,2,1538,580,2146,0.0017935811440896044,3,,exploratory_partial_surface_not_physically_validated
fx17_upper_000546,fx17,546,105929,1,1672,557,1028,0.000726445140268725,3,,exploratory_partial_surface_not_physically_validated
fx17_upper_000673,fx17,673,105567,1,1680,572,2176,0.001868333666509968,3,,exploratory_partial_surface_not_physically_validated
fx17_upper_000603,fx17,603,106025,1,1676,554,1757,0.0012653591455962815,3,,exploratory_partial_surface_not_physically_validated
fx17_upper_000637,fx17,637,105542,1,1678,572,1885,0.0013893744766350648,3,,exploratory_partial_surface_not_physically_validated
fx17_upper_000135,fx17,135,56761,2,1536,577,1539,0.001059582431308274,3,,exploratory_partial_surface_not_physically_validated
fx17_upper_000439,fx17,439,105749,1,1665,555,1494,0.001026014533636692,3,,exploratory_partial_surface_not_physically_validated
fx17_upper_000387,fx17,387,26624,1,1659,534,414,0.0004407823852967026,3,,exploratory_partial_surface_not_physically_validated
fx17_upper_000399,fx17,399,97497,1,1661,561,1194,0.0008317285787550068,3,,exploratory_partial_surface_not_physically_validated
fx17_upper_000363,fx17,363,549,1,1656,577,783,0.0006049868198287744,3,,exploratory_partial_surface_not_physically_validated
fx17_upper_000356,fx17,356,97415,1,1656,556,652,0.0005470984880480909,3,,exploratory_partial_surface_not_physically_validated
fx17_upper_000861,fx17,861,18613,1,1721,569,895,0.0006601154669239713,3,,exploratory_partial_surface_not_physically_validated
fx17_upper_000562,fx17,562,105959,1,1673,557,553,0.0005028702970348535,3,,exploratory_partial_surface_not_physically_validated
fx17_upper_000464,fx17,464,105680,1,1666,572,1371,0.0009422809022386067,3,,exploratory_partial_surface_not_physically_validated
fx17_upper_000100,fx17,100,56616,2,1530,584,862,0.000640199108403181,3,,exploratory_partial_surface_not_physically_validated
fx17_upper_000294,fx17,294,73084,2,1580,549,543,0.0004996217542221076,3,,exploratory_partial_surface_not_physically_validated
fx17_upper_000617,fx17,617,106054,1,1677,554,798,0.0006117883643422137,3,,exploratory_partial_surface_not_physically_validated
fx17_upper_000457,fx17,457,105750,1,1666,553,1662,0.0011674877860390642,3,,exploratory_partial_surface_not_physically_validated
fx17_upper_000158,fx17,158,56865,2,1539,583,1227,0.0008507533348665068,3,,exploratory_partial_surface_not_physically_validated
fx17_upper_000069,fx17,69,56480,2,1526,570,1296,0.0008960429932282926,3,,exploratory_partial_surface_not_physically_validated
fx17_upper_000662,fx17,662,7926,1,1680,536,2291,0.002386696841417485,3,,exploratory_partial_surface_not_physically_validated
fx17_upper_000006,fx17,6,36943,2,1497,562,1711,0.0012106436702001878,3,,exploratory_partial_surface_not_physically_validated
fx17_upper_000087,fx17,87,56575,2,1528,587,1653,0.001163412001083822,3,,exploratory_partial_surface_not_physically_validated
fx17_upper_000813,fx17,813,114160,1,1693,576,1381,0.0009499763811444491,3,,exploratory_partial_surface_not_physically_validated
fx17_upper_000651,fx17,651,106081,1,1679,555,1354,0.0009347782012589304,3,,exploratory_partial_surface_not_physically_validated
fx17_upper_000465,fx17,465,105679,1,1666,574,1636,0.0011490908655617433,3,,exploratory_partial_surface_not_physically_validated
fx17_upper_000650,fx17,650,106082,1,1679,554,1285,0.0008912643043655677,3,,exploratory_partial_surface_not_physically_validated
fx17_upper_000043,fx17,43,65805,2,1520,558,1200,0.0008379003306223746,3,,exploratory_partial_surface_not_physically_validated
fx17_upper_000165,fx17,165,15701,2,1540,589,884,0.000652348496237917,3,,exploratory_partial_surface_not_physically_validated
fx17_upper_000795,fx17,795,106653,1,1692,557,41,0.00018882707344987316,3,,exploratory_partial_surface_not_physically_validated
fx17_upper_000618,fx17,618,106053,1,1677,555,208,0.0003488805127285848,3,,exploratory_partial_surface_not_physically_validated
fx17_upper_000445,fx17,445,105673,1,1665,570,2138,0.0017776186020450307,3,,exploratory_partial_surface_not_physically_validated
fx17_upper_000634,fx17,634,106042,1,1678,562,1131,0.0007932934715211941,3,,exploratory_partial_surface_not_physically_validated
fx17_upper_000520,fx17,520,105841,1,1670,550,1934,0.0014462674755468335,3,,exploratory_partial_surface_not_physically_validated
fx17_upper_000855,fx17,855,18380,1,1711,556,527,0.0004931003701111197,3,,exploratory_partial_surface_not_physically_validated
fx17_upper_000065,fx17,65,56395,2,1524,586,1516,0.0010450011411060212,3,,exploratory_partial_surface_not_physically_validated
fx17_upper_000001,fx17,1,61406,2,1495,560,1336,0.0009213378251674916,3,,exploratory_partial_surface_not_physically_validated
fx17_upper_000615,fx17,615,106058,1,1677,548,2186,0.001896623887153569,3,,exploratory_partial_surface_not_physically_validated
fx17_upper_000432,fx17,432,591,1,1664,568,2108,0.001699590346375946,3,,exploratory_partial_surface_not_physically_validated
fx17_upper_000858,fx17,858,18449,1,1713,555,567,0.0005102699502236797,3,,exploratory_partial_surface_not_physically_validated
fx17_upper_000358,fx17,358,97414,1,1656,558,709,0.0005712017462217775,3,,exploratory_partial_surface_not_physically_validated
fx17_upper_000257,fx17,257,72839,2,1567,539,1886,0.0013907991872494187,3,,exploratory_partial_surface_not_physically_validated
fx17_upper_000084,fx17,84,56626,2,1528,578,947,0.0006862556418683684,3,,exploratory_partial_surface_not_physically_validated
fx17_upper_000014,fx17,14,37115,2,1513,555,1706,0.0012080582734560245,3,,exploratory_partial_surface_not_physically_validated
fx17_upper_000304,fx17,304,79157,2,1597,604,303,0.000396620025622086,3,,exploratory_partial_surface_not_physically_validated
fx17_upper_000718,fx17,718,105628,1,1683,572,2302,0.0024596087705949276,3,,exploratory_partial_surface_not_physically_validated
fx17_upper_000309,fx17,309,85809,2,1601,606,932,0.0006780442194112394,3,,exploratory_partial_surface_not_physically_validated
fx17_upper_000090,fx17,90,56608,2,1528,594,1932,0.0014456417194582208,3,,exploratory_partial_surface_not_physically_validated
fx17_upper_000082,fx17,82,56543,2,1528,570,1528,0.0010507490456772078,3,,exploratory_partial_surface_not_physically_validated
fx17_upper_000433,fx17,433,590,1,1664,570,2292,0.002391514281193417,3,,exploratory_partial_surface_not_physically_validated
fx17_upper_000571,fx17,571,7862,1,1674,533,2191,0.001911310767851957,3,,exploratory_partial_surface_not_physically_validated
fx17_upper_000219,fx17,219,72691,2,1559,542,1780,0.0012840293691709743,3,,exploratory_partial_surface_not_physically_validated
fx17_upper_000772,fx17,772,114060,1,1690,574,2188,0.0019056465040330824,3,,exploratory_partial_surface_not_physically_validated
fx17_upper_000471,fx17,471,105782,1,1667,552,2016,0.0015487683285085355,3,,exploratory_partial_surface_not_physically_validated
fx17_upper_000497,fx17,497,105689,1,1668,570,1253,0.000868404594589227,3,,exploratory_partial_surface_not_physically_validated
fx17_upper_000059,fx17,59,56349,2,1522,580,171,0.0003230362151701315,3,,exploratory_partial_surface_not_physically_validated
fx17_upper_000656,fx17,656,105543,1,1679,571,2313,0.0025865951727061663,3,,exploratory_partial_surface_not_physically_validated
fx17_upper_000331,fx17,331,522,1,1653,570,1242,0.0008616310038952835,3,,exploratory_partial_surface_not_physically_validated
fx17_upper_000576,fx17,576,105996,1,1674,554,1700,0.0012029982850771726,3,,exploratory_partial_surface_not_physically_validated
fx17_upper_000561,fx17,561,105962,1,1673,556,1157,0.0008126251669711441,3,,exploratory_partial_surface_not_physically_validated
fx17_upper_000327,fx17,327,513,1,1652,568,91,0.00025718131520985566,3,,exploratory_partial_surface_not_physically_validated
fx17_upper_000094,fx17,94,56618,2,1529,584,1068,0.0007516407059674434,3,,exploratory_partial_surface_not_physically_validated
fx17_upper_000632,fx17,632,106055,1,1678,553,193,0.00033783226551027564,3,,exploratory_partial_surface_not_physically_validated
fx17_upper_000498,fx17,498,105704,1,1668,571,2314,0.0025889049165457086,3,,exploratory_partial_surface_not_physically_validated
fx17_upper_000288,fx17,288,73088,2,1579,544,520,0.000490646012593201,3,,exploratory_partial_surface_not_physically_validated
fx17_upper_000487,fx17,487,105783,1,1668,550,1544,0.001061275599401635,3,,exploratory_partial_surface_not_physically_validated
fx17_upper_000545,fx17,545,105930,1,1672,555,563,0.0005085564427230135,3,,exploratory_partial_surface_not_physically_validated
fx17_upper_000049,fx17,49,65804,2,1521,558,1202,0.0008382112798146011,3,,exploratory_partial_surface_not_physically_validated
fx17_upper_000553,fx17,553,105399,1,1672,578,2099,0.001686376785432862,3,,exploratory_partial_surface_not_physically_validated
fx17_upper_000004,fx17,4,36921,2,1496,561,774,0.0006000964287428549,3,,exploratory_partial_surface_not_physically_validated
fx17_upper_000397,fx17,397,97512,1,1661,549,1215,0.0008442784238225784,3,,exploratory_partial_surface_not_physically_validated
fx17_upper_000429,fx17,429,97560,1,1664,562,1987,0.0015093931971666412,3,,exploratory_partial_surface_not_physically_validated
fx17_upper_000422,fx17,422,43609,1,1664,532,2232,0.0020262792127459226,3,,exploratory_partial_surface_not_physically_validated
fx17_upper_000602,fx17,602,106026,1,1676,553,462,0.0004602607407899408,3,,exploratory_partial_surface_not_physically_validated
fx17_upper_000305,fx17,305,79155,2,1597,606,1181,0.000826184770382151,3,,exploratory_partial_surface_not_physically_validated
fx17_upper_000086,fx17,86,56576,2,1528,585,1524,0.0010498624000633504,3,,exploratory_partial_surface_not_physically_validated
fx17_upper_000480,fx17,480,105682,1,1667,570,996,0.0007088708540731715,3,,exploratory_partial_surface_not_physically_validated
fx17_upper_000354,fx17,354,97417,1,1656,553,68,0.0002349397050234755,3,,exploratory_partial_surface_not_physically_validated
fx17_upper_000606,fx17,606,106017,1,1676,562,1525,0.0010501341400606416,3,,exploratory_partial_surface_not_physically_validated
fx17_upper_000178,fx17,178,15770,2,1542,587,1627,0.001138797067562308,3,,exploratory_partial_surface_not_physically_validated
fx17_upper_000289,fx17,289,73087,2,1579,545,1317,0.0009112291350829701,3,,exploratory_partial_surface_not_physically_validated
fx17_upper_000607,fx17,607,106013,1,1676,566,1777,0.001283382048961698,3,,exploratory_partial_surface_not_physically_validated
fx17_upper_000535,fx17,535,105897,1,1671,553,70,0.00023593199960010783,3,,exploratory_partial_surface_not_physically_validated
fx17_upper_000195,fx17,195,72515,2,1551,548,283,0.0003879605398217276,3,,exploratory_partial_surface_not_physically_validated
fx17_upper_000092,fx17,92,56639,2,1529,570,1572,0.0010888942823810406,3,,exploratory_partial_surface_not_physically_validated
fx17_upper_000420,fx17,420,104841,1,1663,577,2115,0.001715423216836459,3,,exploratory_partial_surface_not_physically_validated
fx17_upper_000198,fx17,198,72543,2,1552,548,1160,0.000813089333809979,3,,exploratory_partial_surface_not_physically_validated
fx17_upper_000394,fx17,394,574,1,1660,570,782,0.0006040875927009221,3,,exploratory_partial_surface_not_physically_validated
fx17_upper_000357,fx17,357,97444,1,1656,557,662,0.0005509400958229174,3,,exploratory_partial_surface_not_physically_validated
fx17_upper_000730,fx17,730,106412,1,1685,553,1481,0.001016235969133768,3,,exploratory_partial_surface_not_physically_validated
fx17_upper_000066,fx17,66,56394,2,1524,588,1273,0.0008842378684864697,3,,exploratory_partial_surface_not_physically_validated
fx17_upper_000587,fx17,587,105997,1,1675,553,672,0.0005571205505070661,3,,exploratory_partial_surface_not_physically_validated
fx17_upper_000017,fx17,17,65456,2,1513,578,2032,0.001568847468194122,3,,exploratory_partial_surface_not_physically_validated
fx17_upper_000444,fx17,444,105674,1,1665,568,2097,0.0016852369678919624,3,,exploratory_partial_surface_not_physically_validated
fx17_upper_000338,fx17,338,97349,1,1654,565,922,0.000675049691844252,3,,exploratory_partial_surface_not_physically_validated
fx17_upper_000829,fx17,829,114224,1,1695,575,991,0.0007075500039686898,3,,exploratory_partial_surface_not_physically_validated
fx17_upper_000079,fx17,79,56569,2,1527,594,1969,0.001487538150412297,3,,exploratory_partial_surface_not_physically_validated
fx17_upper_000271,fx17,271,72927,2,1571,536,251,0.0003723309184633775,3,,exploratory_partial_surface_not_physically_validated
fx17_upper_000353,fx17,353,97447,1,1656,552,1075,0.0007544009512612233,3,,exploratory_partial_surface_not_physically_validated
fx17_upper_000218,fx17,218,72671,2,1559,536,2154,0.001812075746454093,3,,exploratory_partial_surface_not_physically_validated
fx17_upper_000744,fx17,744,113959,1,1686,574,2206,0.001939545248428822,3,,exploratory_partial_surface_not_physically_validated
fx17_upper_000756,fx17,756,106542,1,1689,550,2052,0.0015846145719813907,3,,exploratory_partial_surface_not_physically_validated
fx17_upper_000037,fx17,37,56284,2,1518,586,1186,0.0008282083673248194,3,,exploratory_partial_surface_not_physically_validated
fx17_upper_000481,fx17,481,105695,1,1667,573,2034,0.0015700172906702706,3,,exploratory_partial_surface_not_physically_validated
fx17_upper_000088,fx17,88,56613,2,1528,589,1246,0.000863743100823567,3,,exploratory_partial_surface_not_physically_validated
fx17_upper_000058,fx17,58,65836,2,1522,558,1431,0.0009792107170333941,3,,exploratory_partial_surface_not_physically_validated
fx17_upper_000313,fx17,313,97229,1,1648,541,1067,0.0007513217713541586,3,,exploratory_partial_surface_not_physically_validated
fx17_upper_000560,fx17,560,105931,1,1673,554,14,0.0001443468638224606,3,,exploratory_partial_surface_not_physically_validated
fx17_upper_000048,fx17,48,65838,2,1521,557,1730,0.0012330228454163596,3,,exploratory_partial_surface_not_physically_validated
fx17_upper_000551,fx17,551,105917,1,1672,564,715,0.0005739433253831481,3,,exploratory_partial_surface_not_physically_validated
fx17_upper_000555,fx17,555,7868,1,1673,527,1399,0.0009618783801951686,3,,exploratory_partial_surface_not_physically_validated
fx17_upper_000042,fx17,42,37188,2,1520,557,1564,0.0010773671977839824,3,,exploratory_partial_surface_not_physically_validated
fx17_upper_000251,fx17,251,72815,2,1566,538,63,0.00023014130893611736,3,,exploratory_partial_surface_not_physically_validated
fx17_upper_000823,fx17,823,114190,1,1694,575,864,0.0006409932075709288,3,,exploratory_partial_surface_not_physically_validated
fx17_upper_000667,fx17,667,106118,1,1680,555,1429,0.0009770886328083913,3,,exploratory_partial_surface_not_physically_validated
fx17_upper_000645,fx17,645,7927,1,1679,536,1868,0.0013668451904173679,3,,exploratory_partial_surface_not_physically_validated
fx17_upper_000654,fx17,654,106072,1,1679,563,861,0.0006401520130381816,3,,exploratory_partial_surface_not_physically_validated
fx17_upper_000544,fx17,544,105895,1,1672,554,1155,0.0008114446491937156,3,,exploratory_partial_surface_not_physically_validated
fx17_upper_000112,fx17,112,56678,2,1531,592,777,0.0006007865328567957,3,,exploratory_partial_surface_not_physically_validated
fx17_upper_000383,fx17,383,556,1,1658,568,982,0.0007035819070800113,3,,exploratory_partial_surface_not_physically_validated
fx17_upper_000741,fx17,741,106417,1,1686,552,1972,0.0014907766939371563,3,,exploratory_partial_surface_not_physically_validated
fx17_upper_000194,fx17,194,72516,2,1551,547,646,0.0005414958715697665,3,,exploratory_partial_surface_not_physically_validated
fx17_upper_000067,fx17,67,56451,2,1524,591,1461,0.0010030581872836036,3,,exploratory_partial_surface_not_physically_validated
fx17_upper_000807,fx17,807,106687,1,1693,558,1074,0.0007539275678953434,3,,exploratory_partial_surface_not_physically_validated
fx17_upper_000723,fx17,723,106242,1,1684,554,1790,0.0012937170831677288,3,,exploratory_partial_surface_not_physically_validated
fx17_upper_000015,fx17,15,37113,2,1513,556,1433,0.0009803667194533561,3,,exploratory_partial_surface_not_physically_validated
fx17_upper_000554,fx17,554,7869,1,1673,526,1654,0.0011640476916863905,3,,exploratory_partial_surface_not_physically_validated
fx17_upper_000062,fx17,62,56392,2,1523,590,2112,0.001707179619005493,3,,exploratory_partial_surface_not_physically_validated
fx17_upper_000786,fx17,786,114064,1,1691,569,2279,0.0023338096793157695,3,,exploratory_partial_surface_not_physically_validated
fx17_upper_000731,fx17,731,106411,1,1685,554,1545,0.001061506090725652,3,,exploratory_partial_surface_not_physically_validated
fx17_upper_000057,fx17,57,65872,2,1522,557,1778,0.0012837586883528225,3,,exploratory_partial_surface_not_physically_validated
fx17_upper_000691,fx17,691,105568,1,1681,572,2070,0.0016343964282764165,3,,exploratory_partial_surface_not_physically_validated
fx17_upper_000530,fx17,530,105702,1,1670,574,538,0.000497640941893254,3,,exploratory_partial_surface_not_physically_validated
fx17_upper_000665,fx17,665,106122,1,1680,552,1051,0.0007413869993481783,3,,exploratory_partial_surface_not_physically_validated
fx17_upper_000064,fx17,64,65870,2,1524,558,1599,0.001113404298127699,3,,exploratory_partial_surface_not_physically_validated
fx17_upper_000121,fx17,121,65751,2,1533,568,1171,0.0008215264293896324,3,,exploratory_partial_surface_not_physically_validated
fx17_upper_000038,fx17,38,37189,2,1519,556,1976,0.0014946232620564861,3,,exploratory_partial_surface_not_physically_validated
fx17_upper_000392,fx17,392,97464,1,1660,564,106,0.0002719651420826047,3,,exploratory_partial_surface_not_physically_validated
fx17_upper_000486,fx17,486,105843,1,1668,548,1463,0.0010036592240675539,3,,exploratory_partial_surface_not_physically_validated
fx17_upper_000393,fx17,393,575,1,1660,569,264,0.0003774560259467227,3,,exploratory_partial_surface_not_physically_validated
fx17_upper_000222,fx17,222,72692,2,1560,540,810,0.0006152562525372738,3,,exploratory_partial_surface_not_physically_validated
fx17_upper_000586,fx17,586,105998,1,1675,551,983,0.0007039657124146044,3,,exploratory_partial_surface_not_physically_validated
fx17_upper_000308,fx17,308,85806,2,1600,608,1060,0.0007473292057740862,3,,exploratory_partial_surface_not_physically_validated
fx17_upper_000666,fx17,666,106119,1,1680,554,495,0.00047963409466424356,3,,exploratory_partial_surface_not_physically_validated
fx17_upper_000631,fx17,631,106095,1,1678,544,889,0.0006555729035025363,3,,exploratory_partial_surface_not_physically_validated
fx17_upper_000534,fx17,534,105866,1,1671,552,2028,0.0015641879138751213,3,,exploratory_partial_surface_not_physically_validated
fx17_upper_000256,fx17,256,72814,2,1567,538,194,0.0003384001730959908,3,,exploratory_partial_surface_not_physically_validated
fx17_upper_000701,fx17,701,106140,1,1682,561,1980,0.00150303646563631,3,,exploratory_partial_surface_not_physically_validated
fx17_upper_000483,fx17,483,105336,1,1667,577,1651,0.0011623403122132502,3,,exploratory_partial_surface_not_physically_validated
fx17_upper_000326,fx17,326,512,1,1652,567,1630,0.001141813726126055,3,,exploratory_partial_surface_not_physically_validated
fx17_upper_000002,fx17,2,61402,2,1495,561,468,0.0004628734165753303,3,,exploratory_partial_surface_not_physically_validated
fx17_upper_000227,fx17,227,72723,2,1561,540,534,0.0004956536315806305,3,,exploratory_partial_surface_not_physically_validated
fx17_upper_000585,fx17,585,105966,1,1675,550,1625,0.0011380765242891204,3,,exploratory_partial_surface_not_physically_validated
fx17_upper_000061,fx17,61,65825,2,1523,559,1661,0.0011666997632840547,3,,exploratory_partial_surface_not_physically_validated
fx17_upper_000428,fx17,428,97564,1,1664,558,763,0.0005932646668664078,3,,exploratory_partial_surface_not_physically_validated
fx17_upper_000238,fx17,238,72756,2,1563,540,504,0.0004851040296551647,3,,exploratory_partial_surface_not_physically_validated
fx17_upper_000501,fx17,501,105872,1,1669,548,1265,0.0008779695790295529,3,,exploratory_partial_surface_not_physically_validated
fx17_upper_000556,fx17,556,7881,1,1673,530,1632,0.0011425154826753842,3,,exploratory_partial_surface_not_physically_validated
fx17_upper_000312,fx17,312,97228,1,1647,542,1053,0.0007424924987603082,3,,exploratory_partial_surface_not_physically_validated
fx17_upper_000705,fx17,705,105629,1,1682,572,802,0.0006131485847482738,3,,exploratory_partial_surface_not_physically_validated
fx17_upper_000717,fx17,717,105630,1,1683,571,2218,0.00197530844074926,3,,exploratory_partial_surface_not_physically_validated
fx17_upper_000009,fx17,9,37096,2,1512,555,1984,0.0015078461734443296,3,,exploratory_partial_surface_not_physically_validated
fx17_upper_000262,fx17,262,72841,2,1568,538,1042,0.0007339495809007642,3,,exploratory_partial_surface_not_physically_validated
fx17_upper_000541,fx17,541,105940,1,1672,544,726,0.0005769890997053297,3,,exploratory_partial_surface_not_physically_validated
fx17_upper_000427,fx17,427,97565,1,1664,557,1787,0.0012922518337929556,3,,exploratory_partial_surface_not_physically_validated
fx17_upper_000575,fx17,575,105964,1,1674,553,1070,0.0007527739104474239,3,,exploratory_partial_surface_not_physically_validated
fx17_upper_000063,fx17,63,65894,2,1524,557,1792,0.001295828333271349,3,,exploratory_partial_surface_not_physically_validated
fx17_upper_000081,fx17,81,56640,2,1528,569,1882,0.0013879288143074811,3,,exploratory_partial_surface_not_physically_validated
fx17_upper_000344,fx17,344,97387,1,1655,555,43,0.0001916131165001704,3,,exploratory_partial_surface_not_physically_validated
fx17_upper_000572,fx17,572,7846,1,1674,534,2092,0.001672398968403075,3,,exploratory_partial_surface_not_physically_validated
fx17_upper_000267,fx17,267,72866,2,1569,538,1749,0.0012528810635213416,3,,exploratory_partial_surface_not_physically_validated
fx17_upper_000104,fx17,104,56647,2,1530,592,530,0.0004936906638080029,3,,exploratory_partial_surface_not_physically_validated
fx17_upper_000091,fx17,91,56641,2,1529,569,1385,0.0009551323161504695,3,,exploratory_partial_surface_not_physically_validated
fx17_upper_000734,fx17,734,113960,1,1685,575,2252,0.002120820731186925,3,,exploratory_partial_surface_not_physically_validated
fx17_upper_000689,fx17,689,106109,1,1681,562,1680,0.001182101509584802,3,,exploratory_partial_surface_not_physically_validated
fx17_upper_000226,fx17,226,72726,2,1561,537,136,0.00029862333485859596,3,,exploratory_partial_surface_not_physically_validated
fx17_upper_000417,fx17,417,584,1,1663,567,1918,0.0014334634222648872,3,,exploratory_partial_surface_not_physically_validated
fx17_upper_000479,fx17,479,105692,1,1667,568,168,0.0003197464672127436,3,,exploratory_partial_surface_not_physically_validated
fx17_upper_000056,fx17,56,65876,2,1522,556,2199,0.001923404908025332,3,,exploratory_partial_surface_not_physically_validated
fx17_upper_000324,fx17,324,97328,1,1652,555,1451,0.0009950218677828105,3,,exploratory_partial_surface_not_physically_validated
fx17_upper_000620,fx17,620,106043,1,1677,562,1378,0.0009470178208908516,3,,exploratory_partial_surface_not_physically_validated
fx17_upper_000533,fx17,533,105869,1,1671,550,1833,0.0013353145918239022,3,,exploratory_partial_surface_not_physically_validated
fx17_upper_000773,fx17,773,114058,1,1690,576,1995,0.0015249293400443147,3,,exploratory_partial_surface_not_physically_validated
fx17_upper_000470,fx17,470,105813,1,1667,549,1492,0.0010257487785416408,3,,exploratory_partial_surface_not_physically_validated
fx17_upper_000196,fx17,196,72480,2,1551,550,980,0.0007023478640729337,3,,exploratory_partial_surface_not_physically_validated
fx17_upper_000593,fx17,593,105986,1,1675,563,1442,0.0009849340525740044,3,,exploratory_partial_surface_not_physically_validated
fx17_upper_000318,fx17,318,97319,1,1651,565,1512,0.001041520828219065,3,,exploratory_partial_surface_not_physically_validated
fx17_upper_000072,fx17,72,56489,2,1527,569,1314,0.0009087640803821966,3,,exploratory_partial_surface_not_physically_validated
fx17_upper_000482,fx17,482,105686,1,1667,574,76,0.00024385790822500057,3,,exploratory_partial_surface_not_physically_validated
fx17_upper_000310,fx17,310,85884,2,1601,609,292,0.000391493987406985,3,,exploratory_partial_surface_not_physically_validated
fx17_upper_000023,fx17,23,26773,2,1515,547,1466,0.0010051422223439767,3,,exploratory_partial_surface_not_physically_validated
fx17_upper_000452,fx17,452,7800,1,1666,528,2001,0.0015281191254808615,3,,exploratory_partial_surface_not_physically_validated
fx17_upper_000552,fx17,552,105717,1,1672,569,1533,0.0010554562372828125,3,,exploratory_partial_surface_not_physically_validated
fx17_upper_000747,fx17,747,106494,1,1687,553,958,0.0006907563708798912,3,,exploratory_partial_surface_not_physically_validated
fx17_upper_000333,fx17,333,516,1,1653,579,1922,0.00143595149502555,3,,exploratory_partial_surface_not_physically_validated
fx17_upper_000221,fx17,221,72695,2,1560,537,2256,0.002149900215406845,3,,exploratory_partial_surface_not_physically_validated
fx17_upper_000070,fx17,70,65685,2,1527,566,1571,0.0010837213508627405,3,,exploratory_partial_surface_not_physically_validated
fx17_upper_000352,fx17,352,97420,1,1656,550,492,0.0004784316562741156,3,,exploratory_partial_surface_not_physically_validated
fx17_upper_000511,fx17,511,105716,1,1669,569,2273,0.002307828412778328,3,,exploratory_partial_surface_not_physically_validated
fx17_upper_000539,fx17,539,7854,1,1672,527,1904,0.0014170750852621242,3,,exploratory_partial_surface_not_physically_validated
fx17_upper_000496,fx17,496,105699,1,1668,569,851,0.0006340207959881368,3,,exploratory_partial_surface_not_physically_validated
fx17_upper_000702,fx17,702,106176,1,1682,562,2163,0.0018302443344245817,3,,exploratory_partial_surface_not_physically_validated
fx17_upper_000517,fx17,517,105906,1,1670,544,836,0.0006287763702145185,3,,exploratory_partial_surface_not_physically_validated
fx17_upper_000468,fx17,468,7797,1,1667,529,1786,0.0012917091741040526,3,,exploratory_partial_surface_not_physically_validated
fx17_upper_000340,fx17,340,526,1,1654,579,844,0.000631725759790789,3,,exploratory_partial_surface_not_physically_validated
fx17_upper_000685,fx17,685,106154,1,1681,552,2263,0.002250190650741097,3,,exploratory_partial_surface_not_physically_validated
fx17_upper_000715,fx17,715,106141,1,1683,558,2071,0.0016348664049527398,3,,exploratory_partial_surface_not_physically_validated
fx17_upper_000389,fx17,389,97463,1,1659,566,552,0.0005028492114457,3,,exploratory_partial_surface_not_physically_validated
fx17_upper_000621,fx17,621,106040,1,1677,565,271,0.0003824721814510069,3,,exploratory_partial_surface_not_physically_validated
fx17_upper_000200,fx17,200,72577,2,1554,548,960,0.0006916811221605728,3,,exploratory_partial_surface_not_physically_validated
fx17_upper_000212,fx17,212,72637,2,1558,543,1095,0.0007670142771034428,3,,exploratory_partial_surface_not_physically_validated
fx17_upper_000671,fx17,671,106108,1,1680,563,767,0.0005941653014120845,3,,exploratory_partial_surface_not_physically_validated
fx17_upper_000199,fx17,199,72544,2,1554,547,1594,0.001108750388971247,3,,exploratory_partial_surface_not_physically_validated
fx17_upper_000499,fx17,499,105694,1,1668,574,185,0.0003309911301443395,3,,exploratory_partial_surface_not_physically_validated
fx17_upper_000436,fx17,436,105281,1,1664,579,1770,0.0012741768295101462,3,,exploratory_partial_surface_not_physically_validated
fx17_upper_000303,fx17,303,79103,2,1595,607,434,0.0004466087409062612,3,,exploratory_partial_surface_not_physically_validated
fx17_upper_000456,fx17,456,105751,1,1666,552,2126,0.001757793256095705,3,,exploratory_partial_surface_not_physically_validated
fx17_upper_000742,fx17,742,106416,1,1686,553,1124,0.0007910523188704523,3,,exploratory_partial_surface_not_physically_validated
fx17_upper_000529,fx17,529,105884,1,1670,567,1908,0.0014195729065088997,3,,exploratory_partial_surface_not_physically_validated
fx17_upper_000859,fx17,859,18487,1,1714,553,1480,0.0010137016572570696,3,,exploratory_partial_surface_not_physically_validated
fx17_upper_000010,fx17,10,37095,2,1512,556,1705,0.001207348986281215,3,,exploratory_partial_surface_not_physically_validated
fx17_upper_000724,fx17,724,105662,1,1684,570,2207,0.0019413458673673688,3,,exploratory_partial_surface_not_physically_validated
fx17_upper_000343,fx17,343,97419,1,1655,551,478,0.0004695068604728804,3,,exploratory_partial_surface_not_physically_validated
fx17_upper_000655,fx17,655,106106,1,1679,567,615,0.0005297568229262402,3,,exploratory_partial_surface_not_physically_validated
fx17_upper_000732,fx17,732,113964,1,1685,570,2120,0.001728075358277256,3,,exploratory_partial_surface_not_physically_validated
fx17_upper_000559,fx17,559,105933,1,1673,553,994,0.000708420371355954,3,,exploratory_partial_surface_not_physically_validated
fx17_upper_000328,fx17,328,97359,1,1653,555,1210,0.0008413422084441796,3,,exploratory_partial_surface_not_physically_validated
fx17_upper_000414,fx17,414,43597,1,1663,535,419,0.0004423283287086345,3,,exploratory_partial_surface_not_physically_validated
fx17_upper_000574,fx17,574,105934,1,1674,550,1634,0.0011470147862751535,3,,exploratory_partial_surface_not_physically_validated
fx17_upper_000000,fx17,0,61388,2,1494,561,45,0.00019692189469199073,3,,exploratory_partial_surface_not_physically_validated
fx17_upper_000269,fx17,269,72894,2,1570,538,1245,0.0008636172739384112,3,,exploratory_partial_surface_not_physically_validated
fx17_upper_000349,fx17,349,537,1,1655,579,838,0.0006288244238254951,3,,exploratory_partial_surface_not_physically_validated
fx17_upper_000704,fx17,704,105598,1,1682,571,2335,0.0028546593962616128,3,,exploratory_partial_surface_not_physically_validated
fx17_upper_000142,fx17,142,56818,2,1537,589,948,0.0006864902170795068,3,,exploratory_partial_surface_not_physically_validated
fx17_upper_000687,fx17,687,106115,1,1681,557,1843,0.0013435350303413229,3,,exploratory_partial_surface_not_physically_validated
fx17_upper_000317,fx17,317,97278,1,1651,564,1161,0.0008149099823582598,3,,exploratory_partial_surface_not_physically_validated
fx17_upper_000379,fx17,379,97438,1,1658,562,80,0.00024653590857364865,3,,exploratory_partial_surface_not_physically_validated
fx17_upper_000663,fx17,663,106103,1,1680,538,2312,0.002572342598170462,3,,exploratory_partial_surface_not_physically_validated
fx17_upper_000371,fx17,371,97410,1,1657,562,576,0.0005136672141340917,3,,exploratory_partial_surface_not_physically_validated
fx17_upper_000319,fx17,319,514,1,1651,567,1510,0.001040121612675602,3,,exploratory_partial_surface_not_physically_validated
fx17_upper_000103,fx17,103,56648,2,1530,590,1490,0.0010242657407870121,3,,exploratory_partial_surface_not_physically_validated
fx17_upper_000485,fx17,485,7813,1,1668,529,1628,0.0011397867424372172,3,,exploratory_partial_surface_not_physically_validated
fx17_upper_000334,fx17,334,515,1,1653,581,1360,0.000936297274655015,3,,exploratory_partial_surface_not_physically_validated
fx17_upper_000601,fx17,601,106029,1,1676,549,227,0.00035923068132275075,3,,exploratory_partial_surface_not_physically_validated
fx17_upper_000725,fx17,725,105659,1,1684,575,2150,0.0018013431941091831,3,,exploratory_partial_surface_not_physically_validated
fx17_upper_000197,fx17,197,72519,2,1552,545,1079,0.0007574091385226577,3,,exploratory_partial_surface_not_physically_validated
fx17_upper_000646,fx17,646,106104,1,1679,537,2118,0.0017249284429680701,3,,exploratory_partial_surface_not_physically_validated
fx17_upper_000113,fx17,113,65739,2,1532,568,1389,0.0009574077225615777,3,,exploratory_partial_surface_not_physically_validated
fx17_upper_000320,fx17,320,483,1,1651,569,714,0.0005736396030606276,3,,exploratory_partial_surface_not_physically_validated
fx17_upper_000495,fx17,495,105854,1,1668,567,1765,0.0012720195496857354,3,,exploratory_partial_surface_not_physically_validated
fx17_upper_000746,fx17,746,106551,1,1687,546,1170,0.0008199632536959632,3,,exploratory_partial_surface_not_physically_validated
fx17_upper_000616,fx17,616,106028,1,1677,550,1096,0.0007708811972339067,3,,exploratory_partial_surface_not_physically_validated
fx17_upper_000540,fx17,540,7867,1,1672,529,1146,0.000803265142873391,3,,exploratory_partial_surface_not_physically_validated
fx17_upper_000311,fx17,311,97189,1,1646,542,370,0.00042537835282696666,3,,exploratory_partial_surface_not_physically_validated
fx17_upper_000614,fx17,614,106065,1,1677,543,161,0.00031618589497230934,3,,exploratory_partial_surface_not_physically_validated
fx17_upper_000519,fx17,519,105870,1,1670,549,2189,0.0019075025897923043,3,,exploratory_partial_surface_not_physically_validated
fx17_upper_000716,fx17,716,105631,1,1683,570,2212,0.001952517785669187,3,,exploratory_partial_surface_not_physically_validated
fx17_upper_000688,fx17,688,106112,1,1681,559,1883,0.0013892447010307165,3,,exploratory_partial_surface_not_physically_validated
fx17_upper_000071,fx17,71,56604,2,1527,567,1588,0.0011031708602733585,3,,exploratory_partial_surface_not_physically_validated
fx17_upper_000538,fx17,538,105715,1,1671,569,616,0.0005298800403814927,3,,exploratory_partial_surface_not_physically_validated
fx17_upper_000388,fx17,388,97436,1,1659,564,1035,0.0007284223290470224,3,,exploratory_partial_surface_not_physically_validated
fx17_upper_000074,fx17,74,56525,2,1527,578,972,0.0006976819075241354,3,,exploratory_partial_surface_not_physically_validated
fx17_upper_000672,fx17,672,106107,1,1680,564,219,0.0003559553203572091,3,,exploratory_partial_surface_not_physically_validated
fx17_upper_000761,fx17,761,114061,1,1689,572,2310,0.002569183933059573,3,,exploratory_partial_surface_not_physically_validated
fx17_upper_000089,fx17,89,56610,2,1528,592,1369,0.0009409569573711434,3,,exploratory_partial_surface_not_physically_validated
fx17_upper_000391,fx17,391,97511,1,1660,549,2005,0.0015337646610269363,3,,exploratory_partial_surface_not_physically_validated
fx17_upper_000751,fx17,751,114024,1,1688,574,2182,0.0018897623549055627,3,,exploratory_partial_surface_not_physically_validated
fx17_upper_000107,fx17,107,56737,2,1531,568,656,0.0005493346579854914,3,,exploratory_partial_surface_not_physically_validated
fx17_upper_000337,fx17,337,97390,1,1654,553,635,0.0005381558449647287,3,,exploratory_partial_surface_not_physically_validated
fx17_upper_000080,fx17,80,65707,2,1528,567,1444,0.0009898891612740686,3,,exploratory_partial_surface_not_physically_validated
fx17_upper_000743,fx17,743,106410,1,1686,554,1191,0.0008304954601117618,3,,exploratory_partial_surface_not_physically_validated
fx17_upper_000557,fx17,557,7863,1,1673,533,1991,0.0015184279685146779,3,,exploratory_partial_surface_not_physically_validated
fx17_upper_000075,fx17,75,56583,2,1527,579,2030,0.001567175245744503,3,,exploratory_partial_surface_not_physically_validated
fx17_upper_000613,fx17,613,106038,1,1677,538,918,0.0006715085331237964,3,,exploratory_partial_surface_not_physically_validated
fx17_upper_000207,fx17,207,72635,2,1557,546,792,0.0006097441559447484,3,,exploratory_partial_surface_not_physically_validated
fx17_upper_000542,fx17,542,105900,1,1672,548,1689,0.001194084530372427,3,,exploratory_partial_surface_not_physically_validated
fx17_upper_000423,fx17,423,43608,1,1664,533,1530,0.0010523730433752035,3,,exploratory_partial_surface_not_physically_validated
fx17_upper_000314,fx17,314,97279,1,1650,564,1827,0.0013300222132871747,3,,exploratory_partial_surface_not_physically_validated
fx17_upper_000453,fx17,453,7786,1,1666,531,1138,0.0007960093117331635,3,,exploratory_partial_surface_not_physically_validated
fx17_upper_000426,fx17,426,97537,1,1664,554,1589,0.0011033449957636096,3,,exploratory_partial_surface_not_physically_validated
fx17_upper_000573,fx17,573,105967,1,1674,548,1959,0.0014674337660769356,3,,exploratory_partial_surface_not_physically_validated
fx17_upper_000236,fx17,236,72758,2,1563,538,533,0.0004950321222598127,3,,exploratory_partial_surface_not_physically_validated
fx17_upper_000244,fx17,244,72790,2,1564,538,1113,0.0007857435901419846,3,,exploratory_partial_surface_not_physically_validated
fx17_upper_000342,fx17,342,97421,1,1655,550,1382,0.0009500992652213972,3,,exploratory_partial_surface_not_physically_validated
fx17_upper_000454,fx17,454,105792,1,1666,541,1798,0.001306458850549519,3,,exploratory_partial_surface_not_physically_validated
fx17_upper_000703,fx17,703,106138,1,1682,563,1865,0.0013645725043072293,3,,exploratory_partial_surface_not_physically_validated
fx17_upper_000190,fx17,190,72485,2,1550,546,252,0.00037313601627991653,3,,exploratory_partial_surface_not_physically_validated
fx17_upper_000647,fx17,647,106068,1,1679,538,1602,0.001116362636558148,3,,exploratory_partial_surface_not_physically_validated
fx17_upper_000201,fx17,201,72578,2,1555,546,1352,0.0009347484143189006,3,,exploratory_partial_surface_not_physically_validated
fx17_upper_000345,fx17,345,97384,1,1655,558,697,0.0005666881563472459,3,,exploratory_partial_surface_not_physically_validated
fx17_upper_000558,fx17,558,105936,1,1673,548,1720,0.0012260597781665545,3,,exploratory_partial_surface_not_physically_validated
fx17_upper_000364,fx17,364,548,1,1656,580,383,0.0004316104064919099,3,,exploratory_partial_surface_not_physically_validated
fx17_upper_000599,fx17,599,105981,1,1676,538,1470,0.0010055110788900828,3,,exploratory_partial_surface_not_physically_validated
fx17_upper_000532,fx17,532,7839,1,1671,530,451,0.0004549169120074707,3,,exploratory_partial_surface_not_physically_validated
fx17_upper_000124,fx17,124,56730,2,1533,574,33,0.00017946254209313364,3,,exploratory_partial_surface_not_physically_validated
fx17_upper_000193,fx17,193,72486,2,1551,545,156,0.0003124613379269125,3,,exploratory_partial_surface_not_physically_validated
fx17_upper_000252,fx17,252,72838,2,1566,541,2101,0.0016911523508597558,3,,exploratory_partial_surface_not_physically_validated
fx17_upper_000016,fx17,16,65459,2,1513,576,2079,0.0016483041764258485,3,,exploratory_partial_surface_not_physically_validated
fx17_upper_000011,fx17,11,37094,2,1512,558,1087,0.0007626299847059847,3,,exploratory_partial_surface_not_physically_validated
fx17_upper_000202,fx17,202,72608,2,1556,546,1163,0.0008161524694718433,3,,exploratory_partial_surface_not_physically_validated
fx17_upper_000336,fx17,336,97392,1,1654,551,1085,0.0007611549238939117,3,,exploratory_partial_surface_not_physically_validated
fx17_upper_000321,fx17,321,511,1,1651,570,555,0.000503951636631446,3,,exploratory_partial_surface_not_physically_validated
fx17_upper_000068,fx17,68,27121,2,1525,541,910,0.0006690106331983466,3,,exploratory_partial_surface_not_physically_validated
fx17_upper_000500,fx17,500,7810,1,1669,531,2123,0.0017538700053523113,3,,exploratory_partial_surface_not_physically_validated
fx17_upper_000078,fx17,78,56570,2,1527,592,1638,0.0011503948399917414,3,,exploratory_partial_surface_not_physically_validated
fx17_upper_000739,fx17,739,106504,1,1686,546,1380,0.0009481067298275419,3,,exploratory_partial_surface_not_physically_validated
fx17_upper_000686,fx17,686,106153,1,1681,554,169,0.0003206960740886459,3,,exploratory_partial_surface_not_physically_validated
fx17_upper_000032,fx17,32,26771,2,1518,547,2253,0.002137560106975653,3,,exploratory_partial_surface_not_physically_validated
fx17_upper_000518,fx17,518,105873,1,1670,547,1823,0.0013275658817823966,3,,exploratory_partial_surface_not_physically_validated
fx17_upper_000630,fx17,630,106069,1,1678,538,1586,0.0011001734306472944,3,,exploratory_partial_surface_not_physically_validated
fx17_upper_000690,fx17,690,106137,1,1681,565,1417,0.0009706710016543146,3,,exploratory_partial_surface_not_physically_validated
fx17_upper_000437,fx17,437,105791,1,1665,542,984,0.0007039986961138889,3,,exploratory_partial_surface_not_physically_validated
fx17_upper_000684,fx17,684,106124,1,1681,549,2072,0.0016352594604916472,3,,exploratory_partial_surface_not_physically_validated
fx17_upper_000325,fx17,325,97320,1,1652,564,854,0.0006358885533217399,3,,exploratory_partial_surface_not_physically_validated
fx17_upper_000315,fx17,315,487,1,1650,568,964,0.000695168189648234,3,,exploratory_partial_surface_not_physically_validated
fx17_upper_000192,fx17,192,72457,2,1551,544,35,0.0001817761241453047,3,,exploratory_partial_surface_not_physically_validated
fx17_upper_000128,fx17,128,56683,2,1534,584,347,0.00041503541500912696,3,,exploratory_partial_surface_not_physically_validated
fx17_upper_000543,fx17,543,105898,1,1672,550,2133,0.0017685653904002928,3,,exploratory_partial_surface_not_physically_validated
fx17_upper_000137,fx17,137,56716,2,1536,584,1835,0.0013367650471911583,3,,exploratory_partial_surface_not_physically_validated
fx17_upper_000516,fx17,516,105907,1,1670,543,755,0.0005906968338891561,3,,exploratory_partial_surface_not_physically_validated
