patch_id,patch_name,source_band_zero_based,wavelength_nm,sample_pixels,raw_DN_mean,raw_DN_median,Q_valid_n,Q_median,Q0_median,suspected_clipped_n,low_signal_n
1,green_tissue_a,0,935.61,81,4666.469135802469,4672.0,81,1.3680000305175781,1.188524603843689,0,0
1,green_tissue_a,1,939.06,81,5283.555555555556,5280.0,81,1.384615421295166,1.2156133651733398,0,0
1,green_tissue_a,2,942.52,81,7204.740740740741,7168.0,81,1.4090908765792847,1.2698863744735718,0,0
1,green_tissue_a,3,945.98,81,9611.654320987655,9568.0,81,1.4142011404037476,1.3063457012176514,0,0
1,green_tissue_a,4,949.43,81,12494.41975308642,12432.0,81,1.4121339321136475,1.3288815021514893,0,0
1,green_tissue_a,5,952.89,81,15496.691358024691,15440.0,81,1.403333306312561,1.336111068725586,0,0
1,green_tissue_a,6,956.35,81,18283.654320987655,18304.0,81,1.3930481672286987,1.3391003608703613,0,0
1,green_tissue_a,7,959.81,81,20578.962962962964,20608.0,81,1.3873978853225708,1.3388601541519165,0,0
1,green_tissue_a,8,963.27,81,22572.83950617284,22544.0,81,1.3812094926834106,1.336832046508789,0,0
1,green_tissue_a,9,966.73,81,24207.012345679013,24208.0,81,1.3774703741073608,1.3368606567382812,0,0
1,green_tissue_a,10,970.19,81,25533.432098765432,25552.0,81,1.3743016719818115,1.3368940353393555,0,0
1,green_tissue_a,11,973.65,81,26524.04938271605,26496.0,81,1.3717604875564575,1.3362411260604858,0,0
1,green_tissue_a,12,977.11,81,27437.62962962963,27392.0,81,1.3703703880310059,1.3354134559631348,0,0
1,green_tissue_a,13,980.58,81,28260.74074074074,28176.0,81,1.3700919151306152,1.3361153602600098,0,0
1,green_tissue_a,14,984.04,81,28951.9012345679,28944.0,81,1.372357726097107,1.3391557931900024,0,0
1,green_tissue_a,15,987.51,81,29606.716049382718,29568.0,81,1.3768924474716187,1.3442503213882446,0,0
1,green_tissue_a,16,990.97,81,30257.777777777777,30320.0,81,1.379766583442688,1.3468372821807861,0,0
1,green_tissue_a,17,994.43,81,30999.30864197531,30960.0,81,1.3879573345184326,1.3547037839889526,0,0
1,green_tissue_a,18,997.9,81,31605.925925925927,31568.0,81,1.389053225517273,1.3573369979858398,0,0
1,green_tissue_a,19,1001.37,81,32220.04938271605,32208.0,81,1.3974833488464355,1.3643147945404053,0,0
1,green_tissue_a,20,1004.83,81,32868.543209876545,32864.0,81,1.4078373908996582,1.3754174709320068,0,0
1,green_tissue_a,21,1008.3,81,33475.555555555555,33392.0,81,1.418670415878296,1.3854166269302368,0,0
1,green_tissue_a,22,1011.77,81,34265.67901234568,34256.0,81,1.420901894569397,1.388118863105774,0,0
1,green_tissue_a,23,1015.24,81,34976.0,34992.0,81,1.4312114715576172,1.3987096548080444,0,0
1,green_tissue_a,24,1018.71,81,35520.79012345679,35488.0,81,1.4383007287979126,1.4043506383895874,0,0
1,green_tissue_a,25,1022.18,81,36359.7037037037,36304.0,81,1.441644549369812,1.4100985527038574,0,0
1,green_tissue_a,26,1025.65,81,36928.39506172839,36816.0,81,1.4471925497055054,1.4149909019470215,0,0
1,green_tissue_a,27,1029.12,81,37734.71604938272,37600.0,81,1.456549882888794,1.4240963459014893,0,0
1,green_tissue_a,28,1032.59,81,38389.72839506173,38304.0,81,1.4639376401901245,1.4303797483444214,0,0
1,green_tissue_a,29,1036.06,81,39104.98765432099,38976.0,81,1.4686894416809082,1.4349910020828247,0,0
1,green_tissue_a,30,1039.53,81,39822.81481481482,39728.0,81,1.4780999422073364,1.4451464414596558,0,0
1,green_tissue_a,31,1043.0,81,40454.32098765432,40352.0,81,1.4859756231307983,1.452698826789856,0,0
1,green_tissue_a,32,1046.48,81,41132.641975308645,40976.0,81,1.4950309991836548,1.4601616859436035,0,0
1,green_tissue_a,33,1049.95,81,41785.08641975309,41600.0,81,1.498485803604126,1.4647326469421387,0,0
1,green_tissue_a,34,1053.43,81,42382.22222222222,42224.0,81,1.5027157068252563,1.469031572341919,0,0
1,green_tissue_a,35,1056.9,81,43131.654320987655,42976.0,81,1.5109273195266724,1.4771097898483276,0,0
1,green_tissue_a,36,1060.38,81,43648.79012345679,43408.0,81,1.5138970613479614,1.4801105260849,0,0
1,green_tissue_a,37,1063.85,81,44315.456790123455,44096.0,81,1.5194427967071533,1.4858849048614502,0,0
1,green_tissue_a,38,1067.33,81,44843.456790123455,44656.0,81,1.5212643146514893,1.487687349319458,0,0
1,green_tissue_a,39,1070.81,81,45376.39506172839,45184.0,81,1.525413990020752,1.4923239946365356,0,0
1,green_tissue_a,40,1074.29,81,45956.543209876545,45760.0,81,1.5302351713180542,1.4965914487838745,0,0
1,green_tissue_a,41,1077.76,81,46493.62962962963,46240.0,81,1.5315614938735962,1.4979252815246582,0,0
1,green_tissue_a,42,1081.24,81,47012.148148148146,46720.0,81,1.5320547819137573,1.4987159967422485,0,0
1,green_tissue_a,43,1084.72,81,47444.148148148146,47200.0,81,1.5317634344100952,1.499228835105896,0,0
1,green_tissue_a,44,1088.2,81,47988.345679012345,47792.0,81,1.5290322303771973,1.4972208738327026,0,0
1,green_tissue_a,45,1091.68,81,48446.02469135803,48256.0,81,1.529191255569458,1.4974874258041382,0,0
1,green_tissue_a,46,1095.17,81,48735.40740740741,48576.0,81,1.5293806791305542,1.4975124597549438,0,0
1,green_tissue_a,47,1098.65,81,49235.555555555555,48992.0,81,1.52761709690094,1.4962890148162842,0,0
1,green_tissue_a,48,1102.13,81,49464.0987654321,49216.0,81,1.527225136756897,1.4960590600967407,0,0
1,green_tissue_a,49,1105.61,81,49887.40740740741,49712.0,81,1.520061731338501,1.4893513917922974,0,0
1,green_tissue_a,50,1109.1,81,50282.864197530864,50128.0,81,1.5178571939468384,1.4875119924545288,0,0
1,green_tissue_a,51,1112.58,81,50569.87654320987,50448.0,81,1.5182926654815674,1.4887398481369019,0,0
1,green_tissue_a,52,1116.07,81,50835.753086419754,50640.0,81,1.5151057243347168,1.4857549667358398,0,0
1,green_tissue_a,53,1119.55,81,51015.50617283951,50912.0,81,1.5143576860427856,1.4848053455352783,0,0
1,green_tissue_a,54,1123.04,81,51118.61728395062,50960.0,81,1.5106805562973022,1.4826290607452393,0,0
1,green_tissue_a,55,1126.52,81,51246.22222222222,51184.0,81,1.5024654865264893,1.4746156930923462,0,0
1,green_tissue_a,56,1130.01,81,51104.0,51056.0,81,1.4905933141708374,1.4641716480255127,0,0
1,green_tissue_a,57,1133.5,81,50775.50617283951,50768.0,81,1.4769452810287476,1.4511970281600952,0,0
1,green_tissue_a,58,1136.99,81,50122.666666666664,50240.0,81,1.4496197700500488,1.4257426261901855,0,0
1,green_tissue_a,59,1140.47,81,49469.432098765436,49568.0,81,1.4213006496429443,1.398573398590088,0,0
1,green_tissue_a,60,1143.96,81,48815.01234567901,48944.0,81,1.394307017326355,1.3732331991195679,0,0
1,green_tissue_a,61,1147.45,81,48151.30864197531,48320.0,81,1.3656163215637207,1.346052646636963,0,0
1,green_tissue_a,62,1150.94,81,47582.02469135803,47712.0,81,1.3424142599105835,1.3238636255264282,0,0
1,green_tissue_a,63,1154.43,81,47160.49382716049,47328.0,81,1.3278688192367554,1.3100088834762573,0,0
1,green_tissue_a,64,1157.93,81,46973.03703703704,47216.0,81,1.3194962739944458,1.3022948503494263,0,0
1,green_tissue_a,65,1161.42,81,46936.69135802469,47216.0,81,1.3139804601669312,1.2971428632736206,0,0
1,green_tissue_a,66,1164.91,81,46946.567901234564,47200.0,81,1.3112244606018066,1.2944273948669434,0,0
1,green_tissue_a,67,1168.4,81,47062.91358024691,47344.0,81,1.3113934993743896,1.2951806783676147,0,0
1,green_tissue_a,68,1171.9,81,47170.37037037037,47552.0,81,1.3121885061264038,1.2960894107818604,0,0
1,green_tissue_a,69,1175.39,81,47330.567901234564,47712.0,81,1.3123853206634521,1.2959582805633545,0,0
1,green_tissue_a,70,1178.89,81,47472.79012345679,47792.0,81,1.3094149827957153,1.2930735349655151,0,0
1,green_tissue_a,71,1182.38,81,47580.83950617284,47920.0,81,1.3006681203842163,1.2852916717529297,0,0
1,green_tissue_a,72,1185.88,81,47800.88888888889,48224.0,81,1.2898551225662231,1.2752293348312378,0,0
1,green_tissue_a,73,1189.37,81,47952.98765432099,48400.0,81,1.2789775133132935,1.2646321058273315,0,0
1,green_tissue_a,74,1192.87,81,48138.07407407407,48464.0,81,1.2676547765731812,1.254244327545166,0,0
1,green_tissue_a,75,1196.37,81,48349.82716049383,48672.0,81,1.2634083032608032,1.2503082752227783,0,0
1,green_tissue_a,76,1199.87,81,48558.02469135803,48960.0,81,1.2638590335845947,1.2510221004486084,0,0
1,green_tissue_a,77,1203.37,81,48985.28395061728,49296.0,81,1.2624627351760864,1.2498985528945923,0,0
1,green_tissue_a,78,1206.87,81,49338.07407407407,49680.0,81,1.2636479139328003,1.2510071992874146,0,0
1,green_tissue_a,79,1210.37,81,49592.49382716049,50032.0,81,1.2675937414169312,1.2548154592514038,0,0
1,green_tissue_a,80,1213.87,81,49939.16049382716,50336.0,81,1.2670572996139526,1.2543859481811523,0,0
1,green_tissue_a,81,1217.37,81,50291.358024691355,50672.0,81,1.2715895175933838,1.2587440013885498,0,0
1,green_tissue_a,82,1220.87,81,50860.049382716046,51328.0,81,1.279850721359253,1.2664824724197388,0,0
1,green_tissue_a,83,1224.37,81,51271.9012345679,51760.0,81,1.2841236591339111,1.270620584487915,0,0
1,green_tissue_a,84,1227.87,81,51677.234567901236,52128.0,81,1.289354681968689,1.2756460905075073,0,0
1,green_tissue_a,85,1231.38,81,52147.753086419754,52624.0,81,1.2951757907867432,1.2812621593475342,0,0
1,green_tissue_a,86,1234.88,81,52564.543209876545,53056.0,81,1.3013029098510742,1.2872670888900757,0,0
1,green_tissue_a,87,1238.39,81,52967.7037037037,53408.0,81,1.3060065507888794,1.2917956113815308,0,0
1,green_tissue_a,88,1241.89,81,53279.60493827161,53728.0,81,1.3113360404968262,1.2970259189605713,0,0
1,green_tissue_a,89,1245.4,81,53645.82716049383,54144.0,81,1.31453537940979,1.3001136779785156,0,0
1,green_tissue_a,90,1248.9,81,54035.555555555555,54592.0,81,1.3199678659439087,1.30527925491333,0,0
1,green_tissue_a,91,1252.41,81,54280.88888888889,54768.0,81,1.3239775896072388,1.3089866638183594,0,0
1,green_tissue_a,92,1255.92,81,54593.97530864197,55024.0,81,1.3265388011932373,1.3115942478179932,0,0
1,green_tissue_a,93,1259.42,81,54711.50617283951,55216.0,81,1.3307055234909058,1.3157696723937988,0,0
1,green_tissue_a,94,1262.93,81,55033.87654320987,55616.0,81,1.3353010416030884,1.3203006982803345,0,0
1,green_tissue_a,95,1266.44,81,55307.25925925926,55904.0,81,1.3358415365219116,1.3204838037490845,0,0
1,green_tissue_a,96,1269.95,81,55420.444444444445,55872.0,81,1.3382235765457153,1.3232284784317017,0,0
1,green_tissue_a,97,1273.46,81,55586.96296296296,56000.0,81,1.3398096561431885,1.324252724647522,0,0
1,green_tissue_a,98,1276.97,81,55640.88888888889,56080.0,81,1.3417922258377075,1.3261445760726929,0,0
1,green_tissue_a,99,1280.48,81,55790.41975308642,56240.0,81,1.3400394916534424,1.3249151706695557,0,0
1,green_tissue_a,100,1283.99,81,55899.851851851854,56432.0,81,1.3381775617599487,1.3229557275772095,0,0
1,green_tissue_a,101,1287.51,81,55820.049382716046,56336.0,81,1.3349038362503052,1.319715142250061,0,0
1,green_tissue_a,102,1291.02,81,55776.39506172839,56304.0,81,1.3338570594787598,1.3184713125228882,0,0
1,green_tissue_a,103,1294.53,81,55559.11111111111,56016.0,81,1.3281127214431763,1.3130370378494263,0,0
1,green_tissue_a,104,1298.05,81,55502.41975308642,55984.0,81,1.3208431005477905,1.306259274482727,0,0
1,green_tissue_a,105,1301.56,81,55256.49382716049,55712.0,81,1.31393563747406,1.3000365495681763,0,0
1,green_tissue_a,106,1305.08,81,54746.46913580247,55200.0,81,1.3041439056396484,1.2904068231582642,0,0
1,green_tissue_a,107,1308.59,81,54369.97530864197,54784.0,81,1.2946916818618774,1.2816113233566284,0,0
1,green_tissue_a,108,1312.11,81,53766.71604938272,54128.0,81,1.2815912961959839,1.2689013481140137,0,0
1,green_tissue_a,109,1315.62,81,53202.37037037037,53616.0,81,1.2693510055541992,1.2572815418243408,0,0
1,green_tissue_a,110,1319.14,81,52459.06172839506,52896.0,81,1.2553870677947998,1.2439024448394775,0,0
1,green_tissue_a,111,1322.66,81,51762.567901234564,52192.0,81,1.2380192279815674,1.2275677919387817,0,0
1,green_tissue_a,112,1326.18,81,51012.93827160494,51392.0,81,1.2203118801116943,1.211192011833191,0,0
1,green_tissue_a,113,1329.7,81,50131.16049382716,50496.0,81,1.200241208076477,1.190950870513916,0,0
1,green_tissue_a,114,1333.22,81,49348.543209876545,49792.0,81,1.1841591596603394,1.1758569478988647,0,0
1,green_tissue_a,115,1336.74,81,48443.654320987655,49072.0,81,1.1696070432662964,1.1618210077285767,0,0
1,green_tissue_a,116,1340.26,81,47663.40740740741,48304.0,81,1.158043622970581,1.1508487462997437,0,0
1,green_tissue_a,117,1343.78,81,46853.72839506173,47536.0,81,1.1468586921691895,1.1402368545532227,0,0
1,green_tissue_a,118,1347.3,81,45895.30864197531,46528.0,81,1.1448979377746582,1.1381323337554932,0,0
1,green_tissue_a,119,1350.82,81,44876.246913580246,45520.0,81,1.1487222909927368,1.1416599750518799,0,0
1,green_tissue_a,120,1354.35,81,43710.81481481482,44272.0,81,1.1574318408966064,1.1495405435562134,0,0
1,green_tissue_a,121,1357.87,81,42637.62962962963,43248.0,81,1.1599817276000977,1.151685357093811,0,0
1,green_tissue_a,122,1361.39,81,41676.83950617284,42272.0,81,1.1603511571884155,1.1519930362701416,0,0
1,green_tissue_a,123,1364.92,81,40806.71604938272,41408.0,81,1.1485557556152344,1.1408696174621582,0,0
1,green_tissue_a,124,1368.44,81,40332.83950617284,40896.0,81,1.1260693073272705,1.1194539070129395,0,0
1,green_tissue_a,125,1371.97,81,39606.32098765432,40192.0,81,1.0968610048294067,1.0918757915496826,0,0
1,green_tissue_a,126,1375.5,81,38472.88888888889,38816.0,81,1.065740704536438,1.0621715784072876,0,0
1,green_tissue_a,127,1379.02,81,36313.48148148148,36704.0,81,1.0338327884674072,1.0319926738739014,0,0
1,green_tissue_a,128,1382.55,81,33610.666666666664,33856.0,81,0.991959810256958,0.9924206733703613,0,0
1,green_tissue_a,129,1386.08,81,30992.79012345679,31040.0,81,0.9270256757736206,0.9313122034072876,0,0
1,green_tissue_a,130,1389.61,81,28043.456790123455,27968.0,81,0.8523560166358948,0.8610837459564209,0,0
1,green_tissue_a,131,1393.14,81,24853.925925925927,24528.0,81,0.7845484018325806,0.7980218529701233,0,0
1,green_tissue_a,132,1396.67,81,21922.765432098764,21424.0,81,0.7244600057601929,0.7420765161514282,0,0
1,green_tissue_a,133,1400.2,81,19652.543209876545,19120.0,81,0.6670761704444885,0.6901086568832397,0,0
1,green_tissue_a,134,1403.73,81,17963.061728395063,17296.0,81,0.6153846383094788,0.6428571343421936,0,0
1,green_tissue_a,135,1407.26,81,16737.777777777777,16048.0,81,0.5759162306785583,0.6074600219726562,0,0
1,green_tissue_a,136,1410.79,81,16030.814814814816,15344.0,81,0.5468238592147827,0.5796329379081726,0,0
1,green_tissue_a,137,1414.32,81,15561.086419753086,14896.0,81,0.5199999809265137,0.554496705532074,0,0
1,green_tissue_a,138,1417.86,81,15349.925925925925,14592.0,81,0.49777212738990784,0.5338036417961121,0,0
1,green_tissue_a,139,1421.39,81,15217.58024691358,14480.0,81,0.48265179991722107,0.5178983807563782,0,0
1,green_tissue_a,140,1424.92,81,15121.382716049382,14352.0,81,0.47143715620040894,0.5072869658470154,0,0
1,green_tissue_a,141,1428.46,81,15068.246913580248,14368.0,81,0.46176645159721375,0.49723145365715027,0,0
1,green_tissue_a,142,1431.99,81,15062.716049382716,14400.0,81,0.45550352334976196,0.49180328845977783,0,0
1,green_tissue_a,143,1435.53,81,15118.222222222223,14448.0,81,0.45005741715431213,0.4852229952812195,0,0
1,green_tissue_a,144,1439.07,81,15156.74074074074,14464.0,81,0.44696539640426636,0.48138296604156494,0,0
1,green_tissue_a,145,1442.6,81,15186.172839506173,14512.0,81,0.44344401359558105,0.4786505103111267,0,0
1,green_tissue_a,146,1446.14,81,15300.345679012345,14576.0,81,0.44228634238243103,0.4768349826335907,0,0
1,green_tissue_a,147,1449.68,81,15386.271604938273,14688.0,81,0.44039735198020935,0.4751552939414978,0,0
1,green_tissue_a,148,1453.22,81,15456.395061728395,14752.0,81,0.43945205211639404,0.47403597831726074,0,0
1,green_tissue_a,149,1456.76,81,15582.222222222223,14960.0,81,0.4440789520740509,0.4796747863292694,0,0
1,green_tissue_a,150,1460.3,81,15612.641975308641,14976.0,81,0.4457111954689026,0.4788157343864441,0,0
1,green_tissue_a,151,1463.84,81,15797.135802469136,15040.0,81,0.4515608251094818,0.48528653383255005,0,0
1,green_tissue_a,152,1467.38,81,15936.395061728395,15168.0,81,0.4573601186275482,0.49056604504585266,0,0
1,green_tissue_a,153,1470.92,81,16169.481481481482,15392.0,81,0.46637508273124695,0.5002560019493103,0,0
1,green_tissue_a,154,1474.46,81,16342.518518518518,15568.0,81,0.47716015577316284,0.5105615854263306,0,0
1,green_tissue_a,155,1478.01,81,16630.320987654322,16096.0,81,0.4908587336540222,0.5225974321365356,0,0
1,green_tissue_a,156,1481.55,81,16941.234567901236,16240.0,81,0.5050392150878906,0.5362014770507812,0,0
1,green_tissue_a,157,1485.09,81,17224.0987654321,16464.0,81,0.5179896950721741,0.5491452813148499,0,0
1,green_tissue_a,158,1488.64,81,17582.814814814814,16864.0,81,0.5314412713050842,0.5613283514976501,0,0
1,green_tissue_a,159,1492.18,81,17892.938271604937,17200.0,81,0.5431182384490967,0.5724211931228638,0,0
1,green_tissue_a,160,1495.73,81,18270.41975308642,17488.0,81,0.5521367788314819,0.5816923975944519,0,0
1,green_tissue_a,161,1499.27,81,18574.024691358023,17888.0,81,0.5634920597076416,0.5910780429840088,0,0
1,green_tissue_a,162,1502.82,81,18932.543209876545,18352.0,81,0.576080858707428,0.6030493974685669,0,0
1,green_tissue_a,163,1506.37,81,19256.296296296296,18560.0,81,0.5823429822921753,0.6091101765632629,0,0
1,green_tissue_a,164,1509.91,81,19572.543209876545,18896.0,81,0.5928853750228882,0.6189217567443848,0,0
1,green_tissue_a,165,1513.46,81,19939.35802469136,19184.0,81,0.6003363132476807,0.6253284215927124,0,0
1,green_tissue_a,166,1517.01,81,20280.88888888889,19584.0,81,0.613534688949585,0.6378406882286072,0,0
1,green_tissue_a,167,1520.56,81,20574.222222222223,19824.0,81,0.624228835105896,0.648662805557251,0,0
1,green_tissue_a,168,1524.11,81,20856.296296296296,20192.0,81,0.6377864480018616,0.6604155898094177,0,0
1,green_tissue_a,169,1527.66,81,21215.604938271605,20576.0,81,0.6487092971801758,0.6705263257026672,0,0
1,green_tissue_a,170,1531.21,81,21476.543209876545,20896.0,81,0.6574525833129883,0.6785351037979126,0,0
1,green_tissue_a,171,1534.76,81,21750.51851851852,21184.0,81,0.6686550974845886,0.6889002323150635,0,0
1,green_tissue_a,172,1538.32,81,22000.987654320987,21456.0,81,0.6813246607780457,0.701424241065979,0,0
1,green_tissue_a,173,1541.87,81,22280.0987654321,21936.0,81,0.6935036182403564,0.7129485011100769,0,0
1,green_tissue_a,174,1545.42,81,22449.777777777777,22128.0,81,0.7072625756263733,0.7259414196014404,0,0
1,green_tissue_a,175,1548.98,81,22660.938271604937,22304.0,81,0.7206047177314758,0.7381951808929443,0,0
1,green_tissue_a,176,1552.53,81,22840.0987654321,22528.0,81,0.7311586141586304,0.7482885718345642,0,0
1,green_tissue_a,177,1556.09,81,23007.20987654321,22688.0,81,0.7399204969406128,0.7565125226974487,0,0
1,green_tissue_a,178,1559.64,81,23178.46913580247,22928.0,81,0.752136766910553,0.7681236863136292,0,0
1,green_tissue_a,179,1563.2,81,23307.85185185185,23056.0,81,0.7643678188323975,0.7796883583068848,0,0
1,green_tissue_a,180,1566.75,81,23432.0987654321,23264.0,81,0.7765461206436157,0.7911668419837952,0,0
1,green_tissue_a,181,1570.31,81,23548.246913580246,23456.0,81,0.7850087285041809,0.7988036870956421,0,0
1,green_tissue_a,182,1573.87,81,23672.88888888889,23616.0,81,0.7946324348449707,0.807860255241394,0,0
1,green_tissue_a,183,1577.43,81,23764.543209876545,23680.0,81,0.8041666746139526,0.8172222375869751,0,0
1,green_tissue_a,184,1580.99,81,23830.716049382718,23808.0,81,0.814748227596283,0.8272222280502319,0,0
1,green_tissue_a,185,1584.55,81,23913.283950617282,23936.0,81,0.824455201625824,0.8365276455879211,0,0
1,green_tissue_a,186,1588.11,81,23937.975308641977,23920.0,81,0.8341434001922607,0.8453893065452576,0,0
1,green_tissue_a,187,1591.67,81,24023.9012345679,24080.0,81,0.8439975380897522,0.8546280264854431,0,0
1,green_tissue_a,188,1595.23,81,24076.64197530864,24112.0,81,0.8557692170143127,0.8655462265014648,0,0
1,green_tissue_a,189,1598.79,81,24053.333333333332,24160.0,81,0.8657927513122559,0.875290036201477,0,0
1,green_tissue_a,190,1602.35,81,24031.012345679013,24224.0,81,0.8793317079544067,0.8874133825302124,0,0
1,green_tissue_a,191,1605.92,81,23980.64197530864,24176.0,81,0.8945665955543518,0.9021608829498291,0,0
1,green_tissue_a,192,1609.48,81,23906.37037037037,24096.0,81,0.9057087898254395,0.9124175310134888,0,0
1,green_tissue_a,193,1613.04,81,23793.58024691358,24032.0,81,0.9128440618515015,0.919296145439148,0,0
1,green_tissue_a,194,1616.61,81,23652.345679012345,23904.0,81,0.9149771332740784,0.9210686087608337,0,0
1,green_tissue_a,195,1620.17,81,23498.46913580247,23776.0,81,0.9179556369781494,0.9241293668746948,0,0
1,green_tissue_a,196,1623.74,81,23295.802469135804,23568.0,81,0.9244652390480042,0.9300309419631958,0,0
1,green_tissue_a,197,1627.31,81,23122.172839506173,23376.0,81,0.9309868812561035,0.9362651109695435,0,0
1,green_tissue_a,198,1630.87,81,22910.024691358023,23136.0,81,0.9389045238494873,0.9436163306236267,0,0
1,green_tissue_a,199,1634.44,81,22697.086419753086,22928.0,81,0.9456754922866821,0.949967086315155,0,0
1,green_tissue_a,200,1638.01,81,22443.456790123455,22672.0,81,0.9532641172409058,0.9570552110671997,0,0
1,green_tissue_a,201,1641.58,81,22144.197530864196,22384.0,81,0.9645494818687439,0.9674134254455566,0,0
1,green_tissue_a,202,1645.15,81,21853.432098765432,22064.0,81,0.97420334815979,0.976356029510498,0,0
1,green_tissue_a,203,1648.71,81,21474.765432098764,21712.0,81,0.9888178706169128,0.9897884726524353,0,0
1,green_tissue_a,204,1652.29,81,21020.04938271605,21280.0,81,1.0051238536834717,1.0046439170837402,0,0
1,green_tissue_a,205,1655.86,81,20486.716049382718,20736.0,81,1.021949052810669,1.0198413133621216,0,0
1,green_tissue_a,206,1659.43,81,19813.333333333332,20064.0,81,1.040816307067871,1.036758542060852,0,0
1,green_tissue_a,207,1663.0,81,18985.876543209877,19232.0,81,1.0647773742675781,1.0576575994491577,0,0
1,green_tissue_a,208,1666.57,81,17969.185185185186,18176.0,81,1.0941306352615356,1.0830078125,0,0
1,green_tissue_a,209,1670.14,81,16710.51851851852,16896.0,81,1.1316770315170288,1.114594578742981,0,0
1,green_tissue_a,210,1673.72,81,15071.407407407407,15296.0,81,1.162123441696167,1.1384804248809814,0,0
1,green_tissue_a,211,1677.29,81,13205.925925925925,13360.0,81,1.1764706373214722,1.1468530893325806,0,0
1,green_tissue_a,212,1680.87,81,11288.493827160493,11472.0,81,1.1730382442474365,1.1391586065292358,0,0
1,green_tissue_a,213,1684.44,81,9494.32098765432,9584.0,81,1.1687041521072388,1.1301887035369873,0,0
1,green_tissue_a,214,1688.02,81,7971.753086419753,8080.0,81,1.1564416885375977,1.1143497228622437,0,0
1,green_tissue_a,215,1691.59,81,6712.691358024691,6784.0,81,1.137546420097351,1.0953608751296997,0,0
1,green_tissue_a,216,1695.17,81,5765.333333333333,5824.0,81,1.1136363744735718,1.0735293626785278,0,0
1,green_tissue_a,217,1698.75,81,5066.469135802469,5120.0,81,1.1043956279754639,1.0631228685379028,0,0
1,green_tissue_a,218,1702.33,81,4519.7037037037035,4560.0,81,1.1066666841506958,1.059259295463562,0,0
1,green_tissue_a,219,1705.91,81,4109.037037037037,4128.0,81,1.109375,1.0564515590667725,0,0
1,green_tissue_a,220,1709.49,81,3800.4938271604938,3824.0,81,1.118181824684143,1.0570175647735596,0,0
1,green_tissue_a,221,1713.07,81,3535.4074074074074,3552.0,81,1.1182795763015747,1.0516431331634521,0,0
1,green_tissue_a,222,1716.65,81,3313.58024691358,3328.0,81,1.1282051801681519,1.0505050420761108,0,0
1,green_tissue_a,223,1720.23,81,3169.58024691358,3168.0,81,1.1111111640930176,1.0423280000686646,0,0
2,green_tissue_b,0,935.61,50,3061.44,3056.0,50,0.5278638005256653,0.7514630556106567,0,0
2,green_tissue_b,1,939.06,50,3295.36,3288.0,50,0.5258314609527588,0.7251760959625244,0,0
2,green_tissue_b,2,942.52,50,3963.52,3920.0,50,0.5145228505134583,0.6758978366851807,0,0
2,green_tissue_b,3,945.98,50,4922.88,4880.0,50,0.5110804438591003,0.6342734098434448,0,0
2,green_tissue_b,4,949.43,50,6040.0,6008.0,50,0.5116677284240723,0.6083008050918579,0,0
2,green_tissue_b,5,952.89,50,7189.12,7120.0,50,0.5078716278076172,0.5866844654083252,0,0
2,green_tissue_b,6,956.35,50,8234.88,8128.0,50,0.5042569637298584,0.5723932981491089,0,0
2,green_tissue_b,7,959.81,50,9219.52,9072.0,50,0.5005643367767334,0.5618804693222046,0,0
2,green_tissue_b,8,963.27,50,10010.56,9784.0,50,0.49949032068252563,0.5538395643234253,0,0
2,green_tissue_b,9,966.73,50,10637.12,10440.0,50,0.4988245368003845,0.5493248701095581,0,0
2,green_tissue_b,10,970.19,50,11138.56,10912.0,50,0.4991142749786377,0.5467681884765625,0,0
2,green_tissue_b,11,973.65,50,11541.76,11328.0,50,0.49936455488204956,0.5452109575271606,0,0
2,green_tissue_b,12,977.11,50,11916.48,11704.0,50,0.49836498498916626,0.5431526303291321,0,0
2,green_tissue_b,13,980.58,50,12240.32,12048.0,50,0.4992053806781769,0.5428363084793091,0,0
2,green_tissue_b,14,984.04,50,12480.64,12232.0,50,0.49961209297180176,0.5422285795211792,0,0
2,green_tissue_b,15,987.51,50,12785.28,12536.0,50,0.5003764629364014,0.5419840812683105,0,0
2,green_tissue_b,16,990.97,50,13039.36,12776.0,50,0.5007413029670715,0.5420911312103271,0,0
2,green_tissue_b,17,994.43,50,13294.72,13024.0,50,0.5039886832237244,0.543958842754364,0,0
2,green_tissue_b,18,997.9,50,13478.4,13216.0,50,0.5046651363372803,0.5445536375045776,0,0
2,green_tissue_b,19,1001.37,50,13718.08,13424.0,50,0.5059854388237,0.5444800853729248,0,0
2,green_tissue_b,20,1004.83,50,13959.36,13696.0,50,0.5077855587005615,0.5457435846328735,0,0
2,green_tissue_b,21,1008.3,50,14163.2,13880.0,50,0.5073215961456299,0.5448464155197144,0,0
2,green_tissue_b,22,1011.77,50,14432.64,14248.0,50,0.5156953930854797,0.5513591766357422,0,0
2,green_tissue_b,23,1015.24,50,14681.6,14392.0,50,0.5129193067550659,0.5486626625061035,0,0
2,green_tissue_b,24,1018.71,50,14853.44,14600.0,50,0.5156713128089905,0.5507164001464844,0,0
2,green_tissue_b,25,1022.18,50,15160.96,14880.0,50,0.5167796611785889,0.5523809194564819,0,0
2,green_tissue_b,26,1025.65,50,15311.04,15064.0,50,0.5202372074127197,0.5538007020950317,0,0
2,green_tissue_b,27,1029.12,50,15572.8,15392.0,50,0.5215796232223511,0.5552692413330078,0,0
2,green_tissue_b,28,1032.59,50,15776.0,15600.0,50,0.5235927104949951,0.5566039085388184,0,0
2,green_tissue_b,29,1036.06,50,16017.92,15792.0,50,0.5248215198516846,0.5575021505355835,0,0
2,green_tissue_b,30,1039.53,50,16239.68,16000.0,50,0.5262835025787354,0.5579714775085449,0,0
2,green_tissue_b,31,1043.0,50,16451.52,16256.0,50,0.5305390357971191,0.561465322971344,0,0
2,green_tissue_b,32,1046.48,50,16672.32,16360.0,50,0.532598614692688,0.5633724331855774,0,0
2,green_tissue_b,33,1049.95,50,16925.44,16672.0,50,0.5336176156997681,0.5637072324752808,0,0
2,green_tissue_b,34,1053.43,50,17101.12,16872.0,50,0.5333251953125,0.5634266138076782,0,0
2,green_tissue_b,35,1056.9,50,17327.68,17048.0,50,0.5338863730430603,0.5632468461990356,0,0
2,green_tissue_b,36,1060.38,50,17531.2,17288.0,50,0.5360361337661743,0.5655133128166199,0,0
2,green_tissue_b,37,1063.85,50,17726.72,17464.0,50,0.5362364649772644,0.5651013851165771,0,0
2,green_tissue_b,38,1067.33,50,17922.24,17664.0,50,0.5382450819015503,0.5663127303123474,0,0
2,green_tissue_b,39,1070.81,50,18104.32,17848.0,50,0.5370394587516785,0.5652227401733398,0,0
2,green_tissue_b,40,1074.29,50,18330.88,18088.0,50,0.5387311577796936,0.5663012862205505,0,0
2,green_tissue_b,41,1077.76,50,18529.92,18280.0,50,0.5388721823692322,0.566604495048523,0,0
2,green_tissue_b,42,1081.24,50,18728.64,18456.0,50,0.5389804840087891,0.566632866859436,0,0
2,green_tissue_b,43,1084.72,50,18883.52,18624.0,50,0.5383162498474121,0.5655073523521423,0,0
2,green_tissue_b,44,1088.2,50,19082.56,18824.0,50,0.5388659834861755,0.5653959512710571,0,0
2,green_tissue_b,45,1091.68,50,19282.24,19024.0,50,0.5388195514678955,0.5651822090148926,0,0
2,green_tissue_b,46,1095.17,50,19424.64,19152.0,50,0.5397448539733887,0.565739631652832,0,0
2,green_tissue_b,47,1098.65,50,19599.36,19328.0,50,0.5381464958190918,0.5639070272445679,0,0
2,green_tissue_b,48,1102.13,50,19717.44,19496.0,50,0.5390667915344238,0.564684271812439,0,0
2,green_tissue_b,49,1105.61,50,19889.92,19648.0,50,0.5394386649131775,0.5652024745941162,0,0
2,green_tissue_b,50,1109.1,50,20049.6,19776.0,50,0.5385949611663818,0.563981831073761,0,0
2,green_tissue_b,51,1112.58,50,20186.56,19912.0,50,0.5389909744262695,0.564162015914917,0,0
2,green_tissue_b,52,1116.07,50,20296.96,20104.0,50,0.5396380424499512,0.5647777318954468,0,0
2,green_tissue_b,53,1119.55,50,20347.52,20192.0,50,0.5395382046699524,0.5641025304794312,0,0
2,green_tissue_b,54,1123.04,50,20415.04,20280.0,50,0.5360676050186157,0.5607014298439026,0,0
2,green_tissue_b,55,1126.52,50,20506.24,20328.0,50,0.533216118812561,0.5578752756118774,0,0
2,green_tissue_b,56,1130.01,50,20568.0,20368.0,50,0.5301221013069153,0.5546908378601074,0,0
2,green_tissue_b,57,1133.5,50,20577.92,20320.0,50,0.5252140760421753,0.5496677160263062,0,0
2,green_tissue_b,58,1136.99,50,20524.8,20184.0,50,0.521019697189331,0.5458920001983643,0,0
2,green_tissue_b,59,1140.47,50,20498.88,20160.0,50,0.5161252021789551,0.5407174825668335,0,0
2,green_tissue_b,60,1143.96,50,20445.12,19984.0,50,0.5090323686599731,0.5336973667144775,0,0
2,green_tissue_b,61,1147.45,50,20357.44,19840.0,50,0.503483772277832,0.5287861824035645,0,0
2,green_tissue_b,62,1150.94,50,20270.4,19880.0,50,0.5013251304626465,0.5265200138092041,0,0
2,green_tissue_b,63,1154.43,50,20245.76,19888.0,50,0.4979029893875122,0.5235778093338013,0,0
2,green_tissue_b,64,1157.93,50,20305.92,19896.0,50,0.4946945309638977,0.5203539133071899,0,0
2,green_tissue_b,65,1161.42,50,20351.68,19944.0,50,0.4953564405441284,0.5208905935287476,0,0
2,green_tissue_b,66,1164.91,50,20417.6,19952.0,50,0.49691706895828247,0.5219765305519104,0,0
2,green_tissue_b,67,1168.4,50,20511.36,20072.0,50,0.49659615755081177,0.5221914052963257,0,0
2,green_tissue_b,68,1171.9,50,20569.6,20112.0,50,0.4976997375488281,0.5229872465133667,0,0
2,green_tissue_b,69,1175.39,50,20649.28,20160.0,50,0.49793583154678345,0.522836446762085,0,0
2,green_tissue_b,70,1178.89,50,20743.04,20264.0,50,0.49816572666168213,0.5229020714759827,0,0
2,green_tissue_b,71,1182.38,50,20832.96,20360.0,50,0.49635928869247437,0.5211718082427979,0,0
2,green_tissue_b,72,1185.88,50,20930.56,20488.0,50,0.4932858645915985,0.5179808139801025,0,0
2,green_tissue_b,73,1189.37,50,21007.04,20552.0,50,0.49113786220550537,0.5155903100967407,0,0
2,green_tissue_b,74,1192.87,50,21121.92,20680.0,50,0.4888840317726135,0.5132814049720764,0,0
2,green_tissue_b,75,1196.37,50,21246.08,20792.0,50,0.4885956645011902,0.5129306316375732,0,0
2,green_tissue_b,76,1199.87,50,21354.56,20896.0,50,0.4875449538230896,0.5117233991622925,0,0
2,green_tissue_b,77,1203.37,50,21523.2,21064.0,50,0.4874420166015625,0.5113890767097473,0,0
2,green_tissue_b,78,1206.87,50,21656.0,21240.0,50,0.4883766174316406,0.5124491453170776,0,0
2,green_tissue_b,79,1210.37,50,21766.4,21352.0,50,0.48942339420318604,0.5131544470787048,0,0
2,green_tissue_b,80,1213.87,50,21893.76,21512.0,50,0.4903363883495331,0.5141030550003052,0,0
2,green_tissue_b,81,1217.37,50,21995.52,21576.0,50,0.4920070171356201,0.5148859024047852,0,0
2,green_tissue_b,82,1220.87,50,22182.72,21688.0,50,0.4923560619354248,0.515810489654541,0,0
2,green_tissue_b,83,1224.37,50,22345.92,21840.0,50,0.4927777647972107,0.5162336826324463,0,0
2,green_tissue_b,84,1227.87,50,22465.28,21976.0,50,0.4938875138759613,0.5169360637664795,0,0
2,green_tissue_b,85,1231.38,50,22620.16,22120.0,50,0.4952857792377472,0.5180938243865967,0,0
2,green_tissue_b,86,1234.88,50,22766.08,22264.0,50,0.496281236410141,0.5192525386810303,0,0
2,green_tissue_b,87,1238.39,50,22901.76,22392.0,50,0.49834510684013367,0.5206393003463745,0,0
2,green_tissue_b,88,1241.89,50,22972.8,22480.0,50,0.49970880150794983,0.5218201875686646,0,0
2,green_tissue_b,89,1245.4,50,23115.2,22632.0,50,0.4997103214263916,0.5219971537590027,0,0
2,green_tissue_b,90,1248.9,50,23256.0,22896.0,50,0.5006743669509888,0.5226046442985535,0,0
2,green_tissue_b,91,1252.41,50,23334.08,22944.0,50,0.5011558532714844,0.5231082439422607,0,0
2,green_tissue_b,92,1255.92,50,23432.64,22992.0,50,0.5021159648895264,0.5237634778022766,0,0
2,green_tissue_b,93,1259.42,50,23492.48,23032.0,50,0.5027610063552856,0.5243692398071289,0,0
2,green_tissue_b,94,1262.93,50,23603.52,23144.0,50,0.5034922361373901,0.5251483917236328,0,0
2,green_tissue_b,95,1266.44,50,23704.96,23208.0,50,0.5037652254104614,0.525496244430542,0,0
2,green_tissue_b,96,1269.95,50,23716.48,23184.0,50,0.505178689956665,0.5266233086585999,0,0
2,green_tissue_b,97,1273.46,50,23778.56,23288.0,50,0.5062166452407837,0.5275155305862427,0,0
2,green_tissue_b,98,1276.97,50,23840.64,23320.0,50,0.5059338808059692,0.5273376107215881,0,0
2,green_tissue_b,99,1280.48,50,23905.6,23456.0,50,0.5066624879837036,0.528136134147644,0,0
2,green_tissue_b,100,1283.99,50,23910.08,23456.0,50,0.5065162777900696,0.5275697708129883,0,0
2,green_tissue_b,101,1287.51,50,23907.2,23456.0,50,0.5065395832061768,0.5276094079017639,0,0
2,green_tissue_b,102,1291.02,50,23926.08,23472.0,50,0.5048494338989258,0.5262203812599182,0,0
2,green_tissue_b,103,1294.53,50,23870.72,23368.0,50,0.5033665895462036,0.5249155759811401,0,0
2,green_tissue_b,104,1298.05,50,23886.08,23424.0,50,0.501307487487793,0.5227638483047485,0,0
2,green_tissue_b,105,1301.56,50,23855.36,23352.0,50,0.49832266569137573,0.5195649862289429,0,0
2,green_tissue_b,106,1305.08,50,23673.92,23152.0,50,0.4957089424133301,0.51748126745224,0,0
2,green_tissue_b,107,1308.59,50,23584.96,23024.0,50,0.49239683151245117,0.5142725706100464,0,0
2,green_tissue_b,108,1312.11,50,23405.76,22768.0,50,0.48827511072158813,0.510492205619812,0,0
2,green_tissue_b,109,1315.62,50,23249.92,22640.0,50,0.4862290322780609,0.5086560249328613,0,0
2,green_tissue_b,110,1319.14,50,23027.2,22392.0,50,0.4835017919540405,0.5057193636894226,0,0
2,green_tissue_b,111,1322.66,50,22840.32,22280.0,50,0.47879472374916077,0.5012637972831726,0,0
2,green_tissue_b,112,1326.18,50,22596.48,22048.0,50,0.47383934259414673,0.49649888277053833,0,0
2,green_tissue_b,113,1329.7,50,22308.48,21768.0,50,0.4681057631969452,0.4913114309310913,0,0
2,green_tissue_b,114,1333.22,50,22078.08,21528.0,50,0.46186840534210205,0.48533979058265686,0,0
2,green_tissue_b,115,1336.74,50,21795.2,21296.0,50,0.4578059911727905,0.4815036654472351,0,0
2,green_tissue_b,116,1340.26,50,21517.76,21000.0,50,0.4545493423938751,0.4785026013851166,0,0
2,green_tissue_b,117,1343.78,50,21210.88,20704.0,50,0.4517943263053894,0.4760003089904785,0,0
2,green_tissue_b,118,1347.3,50,20736.64,20216.0,50,0.4486384689807892,0.4731717109680176,0,0
2,green_tissue_b,119,1350.82,50,20257.92,19768.0,50,0.4473789632320404,0.47293925285339355,0,0
2,green_tissue_b,120,1354.35,50,19650.56,19192.0,50,0.4449484646320343,0.4713476002216339,0,0
2,green_tissue_b,121,1357.87,50,19102.72,18632.0,50,0.4429170489311218,0.4703611731529236,0,0
2,green_tissue_b,122,1361.39,50,18589.12,18104.0,50,0.4400157034397125,0.4676225781440735,0,0
2,green_tissue_b,123,1364.92,50,18319.68,17904.0,50,0.437761127948761,0.46590250730514526,0,0
2,green_tissue_b,124,1368.44,50,18227.84,17776.0,50,0.4313417077064514,0.4599030315876007,0,0
2,green_tissue_b,125,1371.97,50,18107.52,17616.0,50,0.4248460531234741,0.45315784215927124,0,0
2,green_tissue_b,126,1375.5,50,17762.56,17240.0,50,0.413188636302948,0.44236698746681213,0,0
2,green_tissue_b,127,1379.02,50,16918.4,16320.0,50,0.4027746915817261,0.43321317434310913,0,0
2,green_tissue_b,128,1382.55,50,15800.96,15216.0,50,0.3871276378631592,0.4198680818080902,0,0
2,green_tissue_b,129,1386.08,50,14893.44,14304.0,50,0.3681899309158325,0.40258365869522095,0,0
2,green_tissue_b,130,1389.61,50,13876.16,13176.0,50,0.3463873565196991,0.38307392597198486,0,0
2,green_tissue_b,131,1393.14,50,12643.52,11840.0,50,0.32427096366882324,0.36438578367233276,0,0
2,green_tissue_b,132,1396.67,50,11489.6,10680.0,50,0.3044447898864746,0.34765806794166565,0,0
2,green_tissue_b,133,1400.2,50,10593.28,9744.0,50,0.28613418340682983,0.3328784704208374,0,0
2,green_tissue_b,134,1403.73,50,9943.04,9152.0,50,0.27138710021972656,0.3205457329750061,0,0
2,green_tissue_b,135,1407.26,50,9503.68,8672.0,50,0.2585189938545227,0.309353232383728,0,0
2,green_tissue_b,136,1410.79,50,9262.72,8392.0,50,0.24731233716011047,0.2990243434906006,0,0
2,green_tissue_b,137,1414.32,50,9143.36,8304.0,50,0.241974338889122,0.29380542039871216,0,0
2,green_tissue_b,138,1417.86,50,9087.04,8200.0,50,0.23485150933265686,0.28514784574508667,0,0
2,green_tissue_b,139,1421.39,50,9130.56,8296.0,50,0.23143841326236725,0.28125816583633423,0,0
2,green_tissue_b,140,1424.92,50,9146.56,8240.0,50,0.22599992156028748,0.2754747271537781,0,0
2,green_tissue_b,141,1428.46,50,9219.2,8304.0,50,0.22323669493198395,0.2724366784095764,0,0
2,green_tissue_b,142,1431.99,50,9208.96,8320.0,50,0.21936094760894775,0.2680482864379883,0,0
2,green_tissue_b,143,1435.53,50,9294.72,8432.0,50,0.21880069375038147,0.2673608064651489,0,0
2,green_tissue_b,144,1439.07,50,9334.72,8400.0,50,0.2166345715522766,0.2641591429710388,0,0
2,green_tissue_b,145,1442.6,50,9362.56,8384.0,50,0.2152967005968094,0.2622745633125305,0,0
2,green_tissue_b,146,1446.14,50,9436.16,8512.0,50,0.21500611305236816,0.2622062563896179,0,0
2,green_tissue_b,147,1449.68,50,9477.76,8552.0,50,0.21492129564285278,0.26137101650238037,0,0
2,green_tissue_b,148,1453.22,50,9545.28,8608.0,50,0.21495497226715088,0.2603519558906555,0,0
2,green_tissue_b,149,1456.76,50,9584.64,8704.0,50,0.21626131236553192,0.2619199752807617,0,0
2,green_tissue_b,150,1460.3,50,9631.68,8680.0,50,0.21609359979629517,0.2611956000328064,0,0
2,green_tissue_b,151,1463.84,50,9672.96,8800.0,50,0.2183145135641098,0.26428553462028503,0,0
2,green_tissue_b,152,1467.38,50,9711.68,8704.0,50,0.2192516028881073,0.26482269167900085,0,0
2,green_tissue_b,153,1470.92,50,9812.48,8880.0,50,0.22265267372131348,0.2705199718475342,0,0
2,green_tissue_b,154,1474.46,50,9848.0,8904.0,50,0.22722120583057404,0.2729188799858093,0,0
2,green_tissue_b,155,1478.01,50,9948.48,8976.0,50,0.23117151856422424,0.2772539556026459,0,0
2,green_tissue_b,156,1481.55,50,10041.28,9104.0,50,0.23703517019748688,0.2829471230506897,0,0
2,green_tissue_b,157,1485.09,50,10168.64,9192.0,50,0.24418669939041138,0.28986120223999023,0,0
2,green_tissue_b,158,1488.64,50,10275.84,9352.0,50,0.24858862161636353,0.2949826121330261,0,0
2,green_tissue_b,159,1492.18,50,10378.56,9504.0,50,0.25307536125183105,0.2984916567802429,0,0
2,green_tissue_b,160,1495.73,50,10531.2,9640.0,50,0.2561371624469757,0.3009800910949707,0,0
2,green_tissue_b,161,1499.27,50,10678.08,9800.0,50,0.25934508442878723,0.30436497926712036,0,0
2,green_tissue_b,162,1502.82,50,10792.32,9952.0,50,0.2646365761756897,0.3091101050376892,0,0
2,green_tissue_b,163,1506.37,50,10950.08,10120.0,50,0.268196165561676,0.31226837635040283,0,0
2,green_tissue_b,164,1509.91,50,11079.04,10232.0,50,0.27241820096969604,0.316066175699234,0,0
2,green_tissue_b,165,1513.46,50,11243.52,10432.0,50,0.27660179138183594,0.3192654252052307,0,0
2,green_tissue_b,166,1517.01,50,11354.24,10536.0,50,0.2814771234989166,0.32436275482177734,0,0
2,green_tissue_b,167,1520.56,50,11459.84,10760.0,50,0.2864581346511841,0.3288518786430359,0,0
2,green_tissue_b,168,1524.11,50,11587.52,10928.0,50,0.2914634346961975,0.3336614966392517,0,0
2,green_tissue_b,169,1527.66,50,11649.92,11024.0,50,0.29477354884147644,0.3368346691131592,0,0
2,green_tissue_b,170,1531.21,50,11752.96,11176.0,50,0.3007318079471588,0.34198614954948425,0,0
2,green_tissue_b,171,1534.76,50,11868.48,11320.0,50,0.30654722452163696,0.3470872640609741,0,0
2,green_tissue_b,172,1538.32,50,11974.08,11424.0,50,0.31079643964767456,0.3518960773944855,0,0
2,green_tissue_b,173,1541.87,50,12082.88,11576.0,50,0.31599724292755127,0.35695478320121765,0,0
2,green_tissue_b,174,1545.42,50,12081.6,11632.0,50,0.3210877776145935,0.3614194691181183,0,0
2,green_tissue_b,175,1548.98,50,12196.8,11792.0,50,0.32609909772872925,0.3659667372703552,0,0
2,green_tissue_b,176,1552.53,50,12253.76,11856.0,50,0.3306589722633362,0.37146320939064026,0,0
2,green_tissue_b,177,1556.09,50,12305.92,11928.0,50,0.33476173877716064,0.37519073486328125,0,0
2,green_tissue_b,178,1559.64,50,12375.68,12064.0,50,0.339072585105896,0.37892091274261475,0,0
2,green_tissue_b,179,1563.2,50,12408.64,12136.0,50,0.3448338508605957,0.38417917490005493,0,0
2,green_tissue_b,180,1566.75,50,12425.92,12160.0,50,0.34763380885124207,0.3869173526763916,0,0
2,green_tissue_b,181,1570.31,50,12452.8,12144.0,50,0.35081249475479126,0.39013785123825073,0,0
2,green_tissue_b,182,1573.87,50,12505.6,12248.0,50,0.35484516620635986,0.39427417516708374,0,0
2,green_tissue_b,183,1577.43,50,12516.8,12296.0,50,0.35902440547943115,0.399013489484787,0,0
2,green_tissue_b,184,1580.99,50,12505.28,12264.0,50,0.36140501499176025,0.40136411786079407,0,0
2,green_tissue_b,185,1584.55,50,12499.2,12272.0,50,0.36468231678009033,0.4046705961227417,0,0
2,green_tissue_b,186,1588.11,50,12501.12,12320.0,50,0.36788153648376465,0.4086307883262634,0,0
2,green_tissue_b,187,1591.67,50,12531.84,12312.0,50,0.37270113825798035,0.4128563702106476,0,0
2,green_tissue_b,188,1595.23,50,12518.4,12368.0,50,0.37644675374031067,0.4172525703907013,0,0
2,green_tissue_b,189,1598.79,50,12482.88,12304.0,50,0.3793204426765442,0.4200875759124756,0,0
2,green_tissue_b,190,1602.35,50,12429.76,12248.0,50,0.3840910792350769,0.4242516756057739,0,0
2,green_tissue_b,191,1605.92,50,12389.44,12272.0,50,0.3893566131591797,0.4305361211299896,0,0
2,green_tissue_b,192,1609.48,50,12350.4,12240.0,50,0.3906536400318146,0.43356049060821533,0,0
2,green_tissue_b,193,1613.04,50,12296.32,12168.0,50,0.3934984505176544,0.43706896901130676,0,0
2,green_tissue_b,194,1616.61,50,12189.76,12032.0,50,0.3934375047683716,0.43641114234924316,0,0
2,green_tissue_b,195,1620.17,50,12104.96,11944.0,50,0.3957675099372864,0.4383441209793091,0,0
2,green_tissue_b,196,1623.74,50,11974.72,11824.0,50,0.3982614278793335,0.4417562782764435,0,0
2,green_tissue_b,197,1627.31,50,11853.12,11704.0,50,0.4000000059604645,0.44410693645477295,0,0
2,green_tissue_b,198,1630.87,50,11722.88,11584.0,50,0.4019933342933655,0.446153849363327,0,0
2,green_tissue_b,199,1634.44,50,11589.76,11424.0,50,0.40417706966400146,0.4487437307834625,0,0
2,green_tissue_b,200,1638.01,50,11456.64,11360.0,50,0.4069979190826416,0.4526854157447815,0,0
2,green_tissue_b,201,1641.58,50,11300.8,11184.0,50,0.40861716866493225,0.45466405153274536,0,0
2,green_tissue_b,202,1645.15,50,11152.0,11008.0,50,0.4114641547203064,0.45836108922958374,0,0
2,green_tissue_b,203,1648.71,50,10951.36,10808.0,50,0.4162507951259613,0.4635680019855499,0,0
2,green_tissue_b,204,1652.29,50,10722.88,10592.0,50,0.4193798303604126,0.46917080879211426,0,0
2,green_tissue_b,205,1655.86,50,10470.72,10336.0,50,0.42452675104141235,0.4753495454788208,0,0
2,green_tissue_b,206,1659.43,50,10136.0,10024.0,50,0.4289379119873047,0.48190099000930786,0,0
2,green_tissue_b,207,1663.0,50,9738.56,9632.0,50,0.4348651170730591,0.4901737570762634,0,0
2,green_tissue_b,208,1666.57,50,9252.16,9120.0,50,0.4455445408821106,0.5039858222007751,0,0
2,green_tissue_b,209,1670.14,50,8689.92,8624.0,50,0.4595896303653717,0.5238136053085327,0,0
2,green_tissue_b,210,1673.72,50,7975.36,7912.0,50,0.47054022550582886,0.5399366617202759,0,0
2,green_tissue_b,211,1677.29,50,7156.48,7072.0,50,0.4760836958885193,0.554573655128479,0,0
2,green_tissue_b,212,1680.87,50,6303.68,6248.0,50,0.47568389773368835,0.5683984756469727,0,0
2,green_tissue_b,213,1684.44,50,5466.88,5432.0,50,0.476981520652771,0.5864133834838867,0,0
2,green_tissue_b,214,1688.02,50,4748.48,4736.0,50,0.47820019721984863,0.6075860261917114,0,0
2,green_tissue_b,215,1691.59,50,4165.76,4144.0,50,0.4748251438140869,0.6269739866256714,0,0
2,green_tissue_b,216,1695.17,50,3730.24,3712.0,50,0.47170358896255493,0.6468905210494995,0,0
2,green_tissue_b,217,1698.75,50,3418.88,3424.0,50,0.4760853052139282,0.6739811897277832,0,0
2,green_tissue_b,218,1702.33,50,3182.72,3184.0,50,0.4845672845840454,0.7033758163452148,0,0
2,green_tissue_b,219,1705.91,50,3003.52,2992.0,50,0.4928053617477417,0.7267475724220276,0,0
2,green_tissue_b,220,1709.49,50,2859.2,2848.0,50,0.5,0.7531914710998535,0,0
2,green_tissue_b,221,1713.07,50,2729.28,2712.0,50,0.5025252103805542,0.7757425308227539,0,0
2,green_tissue_b,222,1716.65,50,2628.48,2608.0,50,0.5085554122924805,0.791766345500946,0,0
2,green_tissue_b,223,1720.23,50,2546.88,2544.0,50,0.5131579041481018,0.8102564215660095,0,0
3,upper_broad_leaf,0,935.61,541,4047.822550831793,4048.0,541,0.949999988079071,0.9729729890823364,0,0
3,upper_broad_leaf,1,939.06,541,4530.691312384473,4528.0,541,0.9534883499145508,0.9725086092948914,0,0
3,upper_broad_leaf,2,942.52,541,6000.26617375231,5984.0,541,0.9653846025466919,0.9762532711029053,0,0
3,upper_broad_leaf,3,945.98,541,7846.7726432532345,7824.0,541,0.9658792614936829,0.974103569984436,0,0
3,upper_broad_leaf,4,949.43,541,10063.290203327171,10016.0,541,0.9676806330680847,0.9736841917037964,0,0
3,upper_broad_leaf,5,952.89,541,12399.792975970426,12336.0,541,0.9640179872512817,0.9695431590080261,0,0
3,upper_broad_leaf,6,956.35,541,14601.286506469502,14528.0,541,0.9591584205627441,0.9644396305084229,0,0
3,upper_broad_leaf,7,959.81,541,16438.447319778188,16336.0,541,0.9570815563201904,0.9620853066444397,0,0
3,upper_broad_leaf,8,963.27,541,18056.51756007394,17968.0,541,0.9545454382896423,0.9592183232307434,0,0
3,upper_broad_leaf,9,966.73,541,19370.321626617377,19264.0,541,0.9543859362602234,0.9587628841400146,0,0
3,upper_broad_leaf,10,970.19,541,20396.86506469501,20304.0,541,0.9529314637184143,0.957175076007843,0,0
3,upper_broad_leaf,11,973.65,541,21214.491682070242,21104.0,541,0.9541139006614685,0.9580621719360352,0,0
3,upper_broad_leaf,12,977.11,541,21942.092421441776,21792.0,541,0.9545804262161255,0.9584214091300964,0,0
3,upper_broad_leaf,13,980.58,541,22594.661737523107,22480.0,541,0.9549483060836792,0.9586160182952881,0,0
3,upper_broad_leaf,14,984.04,541,23131.50462107209,22992.0,541,0.9569657444953918,0.9605351090431213,0,0
3,upper_broad_leaf,15,987.51,541,23664.029574861368,23536.0,541,0.9588068127632141,0.9620419144630432,0,0
3,upper_broad_leaf,16,990.97,541,24137.552680221812,23984.0,541,0.9616457223892212,0.9645846486091614,0,0
3,upper_broad_leaf,17,994.43,541,24699.977818853975,24544.0,541,0.9646324515342712,0.9673495292663574,0,0
3,upper_broad_leaf,18,997.9,541,25159.92606284658,25056.0,541,0.9682432413101196,0.9706433415412903,0,0
3,upper_broad_leaf,19,1001.37,541,25570.30683918669,25472.0,541,0.9722222089767456,0.9742646813392639,0,0
3,upper_broad_leaf,20,1004.83,541,26036.199630314233,25920.0,541,0.9771391153335571,0.9787750244140625,0,0
3,upper_broad_leaf,21,1008.3,541,26486.59519408503,26336.0,541,0.9800771474838257,0.9814704060554504,0,0
3,upper_broad_leaf,22,1011.77,541,26984.07393715342,26864.0,541,0.984157145023346,0.9852594137191772,0,0
3,upper_broad_leaf,23,1015.24,541,27472.56192236599,27360.0,541,0.9864197373390198,0.9873708486557007,0,0
3,upper_broad_leaf,24,1018.71,541,27854.018484288354,27728.0,541,0.9890444278717041,0.989790141582489,0,0
3,upper_broad_leaf,25,1022.18,541,28359.27541589649,28192.0,541,0.9920634627342224,0.9925883412361145,0,0
3,upper_broad_leaf,26,1025.65,541,28749.101663585952,28640.0,541,0.9946364760398865,0.9949944615364075,0,0
3,upper_broad_leaf,27,1029.12,541,29261.072088724584,29152.0,541,0.9964850544929504,0.9967105388641357,0,0
3,upper_broad_leaf,28,1032.59,541,29694.462107208874,29584.0,541,1.0,1.0,0,0
3,upper_broad_leaf,29,1036.06,541,30111.70425138632,29968.0,541,1.000573754310608,1.0005364418029785,0,0
3,upper_broad_leaf,30,1039.53,541,30565.293900184843,30416.0,541,1.0039458274841309,1.00369393825531,0,0
3,upper_broad_leaf,31,1043.0,541,30982.03327171904,30864.0,541,1.00556480884552,1.0052164793014526,0,0
3,upper_broad_leaf,32,1046.48,541,31416.3696857671,31312.0,541,1.0071665048599243,1.0067148208618164,0,0
3,upper_broad_leaf,33,1049.95,541,31859.667282809613,31696.0,541,1.0081300735473633,1.0076297521591187,0,0
3,upper_broad_leaf,34,1053.43,541,32247.748613678374,32128.0,541,1.0101063251495361,1.0094952583312988,0,0
3,upper_broad_leaf,35,1056.9,541,32729.375231053604,32640.0,541,1.012067198753357,1.0113468170166016,0,0
3,upper_broad_leaf,36,1060.38,541,33051.12014787431,32864.0,541,1.012585163116455,1.0118459463119507,0,0
3,upper_broad_leaf,37,1063.85,541,33474.12939001848,33360.0,541,1.014033317565918,1.0132158994674683,0,0
3,upper_broad_leaf,38,1067.33,541,33875.37153419593,33744.0,541,1.0146760940551758,1.013829231262207,0,0
3,upper_broad_leaf,39,1070.81,541,34309.94454713493,34192.0,541,1.0167088508605957,1.0157368183135986,0,0
3,upper_broad_leaf,40,1074.29,541,34648.72458410351,34528.0,541,1.0158809423446655,1.0149812698364258,0,0
3,upper_broad_leaf,41,1077.76,541,34991.43807763401,34832.0,541,1.0168818235397339,1.0159474611282349,0,0
3,upper_broad_leaf,42,1081.24,541,35371.741219963034,35248.0,541,1.0166585445404053,1.015755295753479,0,0
3,upper_broad_leaf,43,1084.72,541,35674.73567467652,35552.0,541,1.016456961631775,1.0155251026153564,0,0
3,upper_broad_leaf,44,1088.2,541,36016.85767097967,35904.0,541,1.0162835121154785,1.0153985023498535,0,0
3,upper_broad_leaf,45,1091.68,541,36440.99075785582,36272.0,541,1.0157443284988403,1.0149050951004028,0,0
3,upper_broad_leaf,46,1095.17,541,36723.874306839185,36576.0,541,1.014137625694275,1.013374924659729,0,0
3,upper_broad_leaf,47,1098.65,541,37107.13493530499,36928.0,541,1.015791893005371,1.0149515867233276,0,0
3,upper_broad_leaf,48,1102.13,541,37325.87060998152,37168.0,541,1.0142791271209717,1.0135252475738525,0,0
3,upper_broad_leaf,49,1105.61,541,37654.476894639556,37504.0,541,1.0146520137786865,1.0138767957687378,0,0
3,upper_broad_leaf,50,1109.1,541,37954.66173752311,37792.0,541,1.014078140258789,1.0133390426635742,0,0
3,upper_broad_leaf,51,1112.58,541,38182.654343807764,38000.0,541,1.014298439025879,1.0135650634765625,0,0
3,upper_broad_leaf,52,1116.07,541,38413.69316081331,38224.0,541,1.014330506324768,1.0135880708694458,0,0
3,upper_broad_leaf,53,1119.55,541,38578.543438077635,38400.0,541,1.015645980834961,1.0148431062698364,0,0
3,upper_broad_leaf,54,1123.04,541,38746.76524953789,38560.0,541,1.0162996053695679,1.0155006647109985,0,0
3,upper_broad_leaf,55,1126.52,541,38980.3179297597,38800.0,541,1.0154730081558228,1.014687418937683,0,0
3,upper_broad_leaf,56,1130.01,541,39065.13863216266,38864.0,541,1.0127696990966797,1.0121338367462158,0,0
3,upper_broad_leaf,57,1133.5,541,39070.63955637708,38832.0,541,1.007887840270996,1.0074968338012695,0,0
3,upper_broad_leaf,58,1136.99,541,38941.48613678374,38736.0,541,0.9973867535591125,0.9975144863128662,0,0
3,upper_broad_leaf,59,1140.47,541,38793.937153419596,38576.0,541,0.9848746657371521,0.9856085777282715,0,0
3,upper_broad_leaf,60,1143.96,541,38601.43438077634,38336.0,541,0.9730902910232544,0.9744330048561096,0,0
3,upper_broad_leaf,61,1147.45,541,38292.58410351202,38080.0,541,0.9619771838188171,0.9638455510139465,0,0
3,upper_broad_leaf,62,1150.94,541,38108.62846580407,37872.0,541,0.9536958336830139,0.9559773802757263,0,0
3,upper_broad_leaf,63,1154.43,541,38026.1146025878,37744.0,541,0.9491956233978271,0.9516323804855347,0,0
3,upper_broad_leaf,64,1157.93,541,38050.89833641405,37760.0,541,0.9468173980712891,0.9493822455406189,0,0
3,upper_broad_leaf,65,1161.42,541,38130.98706099815,37824.0,541,0.947190523147583,0.949738621711731,0,0
3,upper_broad_leaf,66,1164.91,541,38270.63955637708,37984.0,541,0.9491878151893616,0.9515873193740845,0,0
3,upper_broad_leaf,67,1168.4,541,38507.62292051756,38208.0,541,0.9517617225646973,0.95405513048172,0,0
3,upper_broad_leaf,68,1171.9,541,38637.13123844732,38384.0,541,0.9554434418678284,0.9575490355491638,0,0
3,upper_broad_leaf,69,1175.39,541,38834.573012939,38576.0,541,0.9569578170776367,0.9590294361114502,0,0
3,upper_broad_leaf,70,1178.89,541,39010.27726432533,38736.0,541,0.9554908275604248,0.957640528678894,0,0
3,upper_broad_leaf,71,1182.38,541,39130.587800369685,38832.0,541,0.9490627646446228,0.9514563083648682,0,0
3,upper_broad_leaf,72,1185.88,541,39336.5471349353,39024.0,541,0.939831554889679,0.942638635635376,0,0
3,upper_broad_leaf,73,1189.37,541,39515.71164510166,39200.0,541,0.930522084236145,0.9337164759635925,0,0
3,upper_broad_leaf,74,1192.87,541,39764.37707948244,39488.0,541,0.9252446293830872,0.9286514520645142,0,0
3,upper_broad_leaf,75,1196.37,541,39986.66173752311,39728.0,541,0.9216446876525879,0.9251574873924255,0,0
3,upper_broad_leaf,76,1199.87,541,40167.95563770795,39888.0,541,0.9203233122825623,0.9238690733909607,0,0
3,upper_broad_leaf,77,1203.37,541,40499.90388170056,40224.0,541,0.9183282256126404,0.9219208359718323,0,0
3,upper_broad_leaf,78,1206.87,541,40811.563770794826,40512.0,541,0.9180704355239868,0.9217327833175659,0,0
3,upper_broad_leaf,79,1210.37,541,41046.89094269871,40736.0,541,0.9192032814025879,0.9227157831192017,0,0
3,upper_broad_leaf,80,1213.87,541,41323.6820702403,41008.0,541,0.9218399524688721,0.9251432418823242,0,0
3,upper_broad_leaf,81,1217.37,541,41575.06839186692,41280.0,541,0.9229612946510315,0.9263120293617249,0,0
3,upper_broad_leaf,82,1220.87,541,41977.523105360444,41664.0,541,0.9250826239585876,0.9282448291778564,0,0
3,upper_broad_leaf,83,1224.37,541,42291.37153419593,41984.0,541,0.9273866415023804,0.9304624199867249,0,0
3,upper_broad_leaf,84,1227.87,541,42541.39741219963,42224.0,541,0.9307920336723328,0.9337349534034729,0,0
3,upper_broad_leaf,85,1231.38,541,42851.54898336414,42528.0,541,0.9343065619468689,0.9370849132537842,0,0
3,upper_broad_leaf,86,1234.88,541,43104.0,42784.0,541,0.9361233711242676,0.9387826323509216,0,0
3,upper_broad_leaf,87,1238.39,541,43381.67837338262,43040.0,541,0.9389842748641968,0.9415265917778015,0,0
3,upper_broad_leaf,88,1241.89,541,43585.685767097966,43216.0,541,0.9408088326454163,0.9433298110961914,0,0
3,upper_broad_leaf,89,1245.4,541,43849.02033271719,43504.0,541,0.9427852034568787,0.9451156258583069,0,0
3,upper_broad_leaf,90,1248.9,541,44096.17744916821,43744.0,541,0.9449607133865356,0.9472422003746033,0,0
3,upper_broad_leaf,91,1252.41,541,44232.576709796675,43888.0,541,0.9470103979110718,0.9491758346557617,0,0
3,upper_broad_leaf,92,1255.92,541,44422.56561922366,44016.0,541,0.9482697248458862,0.9504104256629944,0,0
3,upper_broad_leaf,93,1259.42,541,44550.53604436229,44192.0,541,0.9489392042160034,0.9510344862937927,0,0
3,upper_broad_leaf,94,1262.93,541,44763.97781885397,44432.0,541,0.9498926401138306,0.9520055055618286,0,0
3,upper_broad_leaf,95,1266.44,541,44873.049907578556,44464.0,541,0.9508371949195862,0.9528205394744873,0,0
3,upper_broad_leaf,96,1269.95,541,44950.32902033272,44576.0,541,0.9504102468490601,0.9524298310279846,0,0
3,upper_broad_leaf,97,1273.46,541,45046.89094269871,44640.0,541,0.9512884020805359,0.9531885981559753,0,0
3,upper_broad_leaf,98,1276.97,541,45095.719038817006,44704.0,541,0.9514426589012146,0.9533626437187195,0,0
3,upper_broad_leaf,99,1280.48,541,45163.0314232902,44800.0,541,0.9502103924751282,0.9522688984870911,0,0
3,upper_broad_leaf,100,1283.99,541,45239.24584103512,44864.0,541,0.9489180445671082,0.9510370492935181,0,0
3,upper_broad_leaf,101,1287.51,541,45101.81146025878,44704.0,541,0.9472379684448242,0.9493885636329651,0,0
3,upper_broad_leaf,102,1291.02,541,45086.314232902034,44688.0,541,0.9429870843887329,0.945307195186615,0,0
3,upper_broad_leaf,103,1294.53,541,44929.12384473198,44608.0,541,0.9394366145133972,0.9418919086456299,0,0
3,upper_broad_leaf,104,1298.05,541,44859.23844731978,44496.0,541,0.9346768856048584,0.9372705817222595,0,0
3,upper_broad_leaf,105,1301.56,541,44662.26987060998,44336.0,541,0.9292570352554321,0.9320945739746094,0,0
3,upper_broad_leaf,106,1305.08,541,44321.567467652494,43968.0,541,0.9237228631973267,0.9267473220825195,0,0
3,upper_broad_leaf,107,1308.59,541,44038.26987060998,43712.0,541,0.9171348214149475,0.9204811453819275,0,0
3,upper_broad_leaf,108,1312.11,541,43604.99815157116,43248.0,541,0.9086115956306458,0.9123398661613464,0,0
3,upper_broad_leaf,109,1315.62,541,43156.465804066545,42800.0,541,0.9000694155693054,0.9039679765701294,0,0
3,upper_broad_leaf,110,1319.14,541,42616.25138632163,42256.0,541,0.8895164132118225,0.8939342498779297,0,0
3,upper_broad_leaf,111,1322.66,541,42110.994454713495,41808.0,541,0.8785014152526855,0.883400559425354,0,0
3,upper_broad_leaf,112,1326.18,541,41542.41774491682,41184.0,541,0.8664563894271851,0.8719654083251953,0,0
3,upper_broad_leaf,113,1329.7,541,40820.67282809612,40480.0,541,0.8554811477661133,0.8614397048950195,0,0
3,upper_broad_leaf,114,1333.22,541,40207.70425138632,39904.0,541,0.8439513444900513,0.8502233028411865,0,0
3,upper_broad_leaf,115,1336.74,541,39485.72273567467,39200.0,541,0.8333931565284729,0.8402754068374634,0,0
3,upper_broad_leaf,116,1340.26,541,38836.49537892791,38528.0,541,0.8246565461158752,0.8318307995796204,0,0
3,upper_broad_leaf,117,1343.78,541,38163.194085027724,37824.0,541,0.8182146549224854,0.8257706761360168,0,0
3,upper_broad_leaf,118,1347.3,541,37285.08687615527,36928.0,541,0.8146470189094543,0.8226548433303833,0,0
3,upper_broad_leaf,119,1350.82,541,36316.71719038817,35952.0,541,0.8125727772712708,0.8205128312110901,0,0
3,upper_broad_leaf,120,1354.35,541,35195.12014787431,34864.0,541,0.811313271522522,0.819917619228363,0,0
3,upper_broad_leaf,121,1357.87,541,34199.48243992606,33808.0,541,0.8094270825386047,0.8183229565620422,0,0
3,upper_broad_leaf,122,1361.39,541,33222.29944547135,32832.0,541,0.803668200969696,0.8129411935806274,0,0
3,upper_broad_leaf,123,1364.92,541,32458.26247689464,32080.0,541,0.7927287817001343,0.802626371383667,0,0
3,upper_broad_leaf,124,1368.44,541,31999.260628465803,31616.0,541,0.7754677534103394,0.7861385941505432,0,0
3,upper_broad_leaf,125,1371.97,541,31288.22181146026,30896.0,541,0.7523128390312195,0.7641169428825378,0,0
3,upper_broad_leaf,126,1375.5,541,30178.011090573014,29840.0,541,0.724896252155304,0.7380481958389282,0,0
3,upper_broad_leaf,127,1379.02,541,28110.107208872458,27808.0,541,0.6944562196731567,0.7094650268554688,0,0
3,upper_broad_leaf,128,1382.55,541,25546.735674676525,25264.0,541,0.6530973315238953,0.6703624725341797,0,0
3,upper_broad_leaf,129,1386.08,541,23088.650646950093,22816.0,541,0.5989060997962952,0.6199740767478943,0,0
3,upper_broad_leaf,130,1389.61,541,20479.46765249538,20256.0,541,0.5425987839698792,0.5673120021820068,0,0
3,upper_broad_leaf,131,1393.14,541,17675.238447319778,17504.0,541,0.4875991940498352,0.5168855786323547,0,0
3,upper_broad_leaf,132,1396.67,541,15162.824399260628,14992.0,541,0.4372362792491913,0.47055888175964355,0,0
3,upper_broad_leaf,133,1400.2,541,13230.195933456562,13104.0,541,0.3906770348548889,0.42902207374572754,0,0
3,upper_broad_leaf,134,1403.73,541,11805.042513863216,11696.0,541,0.3524637818336487,0.3951434791088104,0,0
3,upper_broad_leaf,135,1407.26,541,10808.783733826247,10688.0,541,0.3223915696144104,0.36756452918052673,0,0
3,upper_broad_leaf,136,1410.79,541,10172.362292051756,10080.0,541,0.29895105957984924,0.3446948826313019,0,0
3,upper_broad_leaf,137,1414.32,541,9777.064695009241,9680.0,541,0.2802986800670624,0.32692307233810425,0,0
3,upper_broad_leaf,138,1417.86,541,9555.28280961183,9456.0,541,0.265866219997406,0.3126656115055084,0,0
3,upper_broad_leaf,139,1421.39,541,9415.985212569316,9296.0,541,0.25563496351242065,0.30153846740722656,0,0
3,upper_broad_leaf,140,1424.92,541,9320.517560073937,9200.0,541,0.2473175972700119,0.2926093637943268,0,0
3,upper_broad_leaf,141,1428.46,541,9282.277264325323,9168.0,541,0.24055348336696625,0.28607088327407837,0,0
3,upper_broad_leaf,142,1431.99,541,9257.611829944548,9120.0,541,0.23559938371181488,0.2810920178890228,0,0
3,upper_broad_leaf,143,1435.53,541,9269.412199630315,9136.0,541,0.23206107318401337,0.27660617232322693,0,0
3,upper_broad_leaf,144,1439.07,541,9299.489833641404,9200.0,541,0.22969476878643036,0.2738386392593384,0,0
3,upper_broad_leaf,145,1442.6,541,9321.138632162661,9216.0,541,0.22868606448173523,0.2720485329627991,0,0
3,upper_broad_leaf,146,1446.14,541,9380.998151571164,9264.0,541,0.22653885185718536,0.26997244358062744,0,0
3,upper_broad_leaf,147,1449.68,541,9421.160813308688,9296.0,541,0.22687439620494843,0.26939553022384644,0,0
3,upper_broad_leaf,148,1453.22,541,9499.682070240297,9392.0,541,0.2274719923734665,0.2689873278141022,0,0
3,upper_broad_leaf,149,1456.76,541,9623.423290203327,9504.0,541,0.22814814746379852,0.27051398158073425,0,0
3,upper_broad_leaf,150,1460.3,541,9694.432532347504,9584.0,541,0.23073241114616394,0.27251943945884705,0,0
3,upper_broad_leaf,151,1463.84,541,9831.038817005545,9728.0,541,0.23353861272335052,0.2757672965526581,0,0
3,upper_broad_leaf,152,1467.38,541,9973.146025878004,9888.0,541,0.23811881244182587,0.2810956537723541,0,0
3,upper_broad_leaf,153,1470.92,541,10156.953789279112,10016.0,541,0.24496644735336304,0.2865549921989441,0,0
3,upper_broad_leaf,154,1474.46,541,10388.347504621071,10256.0,541,0.253262460231781,0.29468822479248047,0,0
3,upper_broad_leaf,155,1478.01,541,10664.872458410351,10544.0,541,0.2634146213531494,0.304788202047348,0,0
3,upper_broad_leaf,156,1481.55,541,10920.990757855823,10784.0,541,0.2736220359802246,0.3139427602291107,0,0
3,upper_broad_leaf,157,1485.09,541,11200.354898336414,11072.0,541,0.28403526544570923,0.3243368864059448,0,0
3,upper_broad_leaf,158,1488.64,541,11531.47504621072,11408.0,541,0.29423263669013977,0.33380481600761414,0,0
3,upper_broad_leaf,159,1492.18,541,11877.175600739372,11776.0,541,0.30480480194091797,0.3436776399612427,0,0
3,upper_broad_leaf,160,1495.73,541,12218.025878003697,12112.0,541,0.3141704499721527,0.3524976372718811,0,0
3,upper_broad_leaf,161,1499.27,541,12573.456561922367,12432.0,541,0.32331976294517517,0.36164382100105286,0,0
3,upper_broad_leaf,162,1502.82,541,12928.26617375231,12784.0,541,0.332687646150589,0.3700234293937683,0,0
3,upper_broad_leaf,163,1506.37,541,13288.90203327172,13136.0,541,0.34266409277915955,0.37880855798721313,0,0
3,upper_broad_leaf,164,1509.91,541,13630.255083179298,13488.0,541,0.3522672951221466,0.3878116309642792,0,0
3,upper_broad_leaf,165,1513.46,541,14034.957486136784,13872.0,541,0.36255359649658203,0.39739561080932617,0,0
3,upper_broad_leaf,166,1517.01,541,14383.438077634011,14224.0,541,0.3720252513885498,0.40614959597587585,0,0
3,upper_broad_leaf,167,1520.56,541,14757.796672828095,14576.0,541,0.382381409406662,0.4165523648262024,0,0
3,upper_broad_leaf,168,1524.11,541,15100.125693160813,14960.0,541,0.39172279834747314,0.4252873659133911,0,0
3,upper_broad_leaf,169,1527.66,541,15405.338262476895,15232.0,541,0.4021012485027313,0.4350679814815521,0,0
3,upper_broad_leaf,170,1531.21,541,15764.761552680222,15600.0,541,0.41291865706443787,0.4450998306274414,0,0
3,upper_broad_leaf,171,1534.76,541,16098.661737523105,15952.0,541,0.4234146475791931,0.45520690083503723,0,0
3,upper_broad_leaf,172,1538.32,541,16380.45101663586,16208.0,541,0.4337175786495209,0.4643343985080719,0,0
3,upper_broad_leaf,173,1541.87,541,16707.460258780036,16512.0,541,0.44400978088378906,0.47521600127220154,0,0
3,upper_broad_leaf,174,1545.42,541,16963.4011090573,16784.0,541,0.4542713463306427,0.4846796691417694,0,0
3,upper_broad_leaf,175,1548.98,541,17248.887245841037,17088.0,541,0.464946448802948,0.49502134323120117,0,0
3,upper_broad_leaf,176,1552.53,541,17518.93530499076,17360.0,541,0.47507330775260925,0.5046125650405884,0,0
3,upper_broad_leaf,177,1556.09,541,17759.674676524955,17584.0,541,0.4850563406944275,0.5141080617904663,0,0
3,upper_broad_leaf,178,1559.64,541,17995.179297597042,17808.0,541,0.49496474862098694,0.5233209133148193,0,0
3,upper_broad_leaf,179,1563.2,541,18185.079482439927,17968.0,541,0.504176914691925,0.5324374437332153,0,0
3,upper_broad_leaf,180,1566.75,541,18413.456561922365,18208.0,541,0.5137020349502563,0.5413534045219421,0,0
3,upper_broad_leaf,181,1570.31,541,18616.990757855823,18432.0,541,0.5230379700660706,0.5504060983657837,0,0
3,upper_broad_leaf,182,1573.87,541,18779.475046210722,18592.0,541,0.5321844816207886,0.5590211153030396,0,0
3,upper_broad_leaf,183,1577.43,541,18925.5157116451,18736.0,541,0.5410504937171936,0.5672289133071899,0,0
3,upper_broad_leaf,184,1580.99,541,19049.84842883549,18848.0,541,0.5488250851631165,0.5752212405204773,0,0
3,upper_broad_leaf,185,1584.55,541,19201.271719038818,18960.0,541,0.5577523708343506,0.583414614200592,0,0
3,upper_broad_leaf,186,1588.11,541,19303.186691312385,19104.0,541,0.565517246723175,0.5915212035179138,0,0
3,upper_broad_leaf,187,1591.67,541,19428.288354898337,19216.0,541,0.5734748244285583,0.5991984009742737,0,0
3,upper_broad_leaf,188,1595.23,541,19511.541589648798,19296.0,541,0.5820974707603455,0.6076845526695251,0,0
3,upper_broad_leaf,189,1598.79,541,19561.16820702403,19360.0,541,0.5922818779945374,0.6173340082168579,0,0
3,upper_broad_leaf,190,1602.35,541,19596.5988909427,19392.0,541,0.6021205186843872,0.6274816989898682,0,0
3,upper_broad_leaf,191,1605.92,541,19564.746765249536,19344.0,541,0.612939178943634,0.6377910375595093,0,0
3,upper_broad_leaf,192,1609.48,541,19543.334565619225,19328.0,541,0.6215437650680542,0.6460462808609009,0,0
3,upper_broad_leaf,193,1613.04,541,19499.711645101663,19280.0,541,0.6269185543060303,0.6514161229133606,0,0
3,upper_broad_leaf,194,1616.61,541,19431.837338262478,19200.0,541,0.6301369667053223,0.6544474363327026,0,0
3,upper_broad_leaf,195,1620.17,541,19317.086876155267,19072.0,541,0.6343896985054016,0.6589627861976624,0,0
3,upper_broad_leaf,196,1623.74,541,19161.700554528652,18912.0,541,0.63890540599823,0.6629649996757507,0,0
3,upper_broad_leaf,197,1627.31,541,19029.293900184843,18784.0,541,0.6438848972320557,0.6682161688804626,0,0
3,upper_broad_leaf,198,1630.87,541,18866.98706099815,18608.0,541,0.6503368020057678,0.6742726564407349,0,0
3,upper_broad_leaf,199,1634.44,541,18696.22181146026,18448.0,541,0.6561315059661865,0.680507481098175,0,0
3,upper_broad_leaf,200,1638.01,541,18508.86506469501,18256.0,541,0.6627527475357056,0.6870459914207458,0,0
3,upper_broad_leaf,201,1641.58,541,18295.689463955638,18032.0,541,0.6699346303939819,0.6941031813621521,0,0
3,upper_broad_leaf,202,1645.15,541,18086.062846580407,17840.0,541,0.6782786846160889,0.7023959755897522,0,0
3,upper_broad_leaf,203,1648.71,541,17809.833641404806,17600.0,541,0.6894848346710205,0.7142857313156128,0,0
3,upper_broad_leaf,204,1652.29,541,17492.49537892791,17280.0,541,0.7021433711051941,0.7264086604118347,0,0
3,upper_broad_leaf,205,1655.86,541,17080.783733826247,16880.0,541,0.7170393466949463,0.7409972548484802,0,0
3,upper_broad_leaf,206,1659.43,541,16568.399260628466,16352.0,541,0.7324633002281189,0.7563149929046631,0,0
3,upper_broad_leaf,207,1663.0,541,15918.22550831793,15712.0,541,0.7521440982818604,0.7751938104629517,0,0
3,upper_broad_leaf,208,1666.57,541,15080.34011090573,14896.0,541,0.7779868245124817,0.8003398180007935,0,0
3,upper_broad_leaf,209,1670.14,541,14054.713493530498,13872.0,541,0.8061336278915405,0.8278456926345825,0,0
3,upper_broad_leaf,210,1673.72,541,12784.14787430684,12624.0,541,0.8329238295555115,0.8542336821556091,0,0
3,upper_broad_leaf,211,1677.29,541,11311.231053604437,11200.0,541,0.8464977741241455,0.8696187138557434,0,0
3,upper_broad_leaf,212,1680.87,541,9745.656192236598,9632.0,541,0.8471001982688904,0.8733813166618347,0,0
3,upper_broad_leaf,213,1684.44,541,8239.31977818854,8160.0,541,0.8433476686477661,0.875,0,0
3,upper_broad_leaf,214,1688.02,541,6930.040665434381,6864.0,541,0.8381962776184082,0.8773006200790405,0,0
3,upper_broad_leaf,215,1691.59,541,5868.243992606284,5824.0,541,0.8233333230018616,0.8741092681884766,0,0
3,upper_broad_leaf,216,1695.17,541,5078.033271719039,5040.0,541,0.8041666746139526,0.868852436542511,0,0
3,upper_broad_leaf,217,1698.75,541,4482.7800369685765,4464.0,541,0.7931034564971924,0.8706624507904053,0,0
3,upper_broad_leaf,218,1702.33,541,4035.9334565619224,4016.0,541,0.7904191613197327,0.8780487775802612,0,0
3,upper_broad_leaf,219,1705.91,541,3723.0018484288353,3696.0,541,0.7971014380455017,0.8910505771636963,0,0
3,upper_broad_leaf,220,1709.49,541,3462.033271719039,3440.0,541,0.8067227005958557,0.9037656784057617,0,0
3,upper_broad_leaf,221,1713.07,541,3241.3752310536042,3216.0,541,0.8199999928474426,0.9174311757087708,0,0
3,upper_broad_leaf,222,1716.65,541,3069.3678373382627,3056.0,541,0.8202247023582458,0.9230769276618958,0,0
3,upper_broad_leaf,223,1720.23,541,2921.611829944547,2912.0,541,0.8205128312110901,0.9289340376853943,0,0
4,lower_leaf,0,935.61,265,4971.71320754717,5024.0,265,1.3840579986572266,1.2068965435028076,0,0
4,lower_leaf,1,939.06,265,5684.407547169812,5760.0,265,1.4057142734527588,1.2372881174087524,0,0
4,lower_leaf,2,942.52,265,7867.71320754717,7968.0,265,1.4334601163864136,1.2984293699264526,0,0
4,lower_leaf,3,945.98,265,10571.350943396226,10736.0,265,1.4427083730697632,1.337917447090149,0,0
4,lower_leaf,4,949.43,265,13828.950943396227,14048.0,265,1.4487427473068237,1.364471673965454,0,0
4,lower_leaf,5,952.89,265,17287.728301886793,17616.0,265,1.44674551486969,1.3805969953536987,0,0
4,lower_leaf,6,956.35,265,20565.37358490566,20944.0,265,1.443509578704834,1.3859275579452515,0,0
4,lower_leaf,7,959.81,265,23261.041509433962,23664.0,265,1.444092869758606,1.3938260078430176,0,0
4,lower_leaf,8,963.27,265,25644.135849056605,26096.0,265,1.4401508569717407,1.3947590589523315,0,0
4,lower_leaf,9,966.73,265,27571.01886792453,27984.0,265,1.4400352239608765,1.3971177339553833,0,0
4,lower_leaf,10,970.19,265,29098.203773584904,29616.0,265,1.439267873764038,1.3990929126739502,0,0
4,lower_leaf,11,973.65,265,30290.837735849058,30816.0,265,1.4404103755950928,1.4017279148101807,0,0
4,lower_leaf,12,977.11,265,31350.701886792453,31920.0,265,1.439266562461853,1.4022268056869507,0,0
4,lower_leaf,13,980.58,265,32309.01132075472,32896.0,265,1.4415011405944824,1.4054054021835327,0,0
4,lower_leaf,14,984.04,265,33076.83018867925,33696.0,265,1.4427536725997925,1.4070619344711304,0,0
4,lower_leaf,15,987.51,265,33863.48679245283,34512.0,265,1.4457061290740967,1.4109947681427002,0,0
4,lower_leaf,16,990.97,265,34533.25283018868,35152.0,265,1.4491058588027954,1.4140774011611938,0,0
4,lower_leaf,17,994.43,265,35347.56226415094,36016.0,265,1.4542349576950073,1.4192938804626465,0,0
4,lower_leaf,18,997.9,265,36020.045283018866,36688.0,265,1.458167314529419,1.4240933656692505,0,0
4,lower_leaf,19,1001.37,265,36637.52452830189,37360.0,265,1.4640991687774658,1.4301470518112183,0,0
4,lower_leaf,20,1004.83,265,37308.558490566036,37984.0,265,1.4694805145263672,1.4358047246932983,0,0
4,lower_leaf,21,1008.3,265,37962.14339622641,38688.0,264,1.4736847877502441,1.439797043800354,1,0
4,lower_leaf,22,1011.77,265,38703.63773584906,39376.0,264,1.4803521633148193,1.4473042488098145,1,0
4,lower_leaf,23,1015.24,265,39381.25283018868,40112.0,264,1.4839146137237549,1.4501597881317139,1,0
4,lower_leaf,24,1018.71,265,39917.70566037736,40720.0,264,1.488329291343689,1.454026222229004,1,0
4,lower_leaf,25,1022.18,265,40672.06037735849,41424.0,264,1.4924540519714355,1.4600846767425537,1,0
4,lower_leaf,26,1025.65,265,41228.73962264151,41968.0,264,1.4970130920410156,1.462993860244751,1,0
4,lower_leaf,27,1029.12,265,41986.354716981135,42720.0,264,1.5017662048339844,1.4686825275421143,1,0
4,lower_leaf,28,1032.59,265,42600.15094339623,43472.0,264,1.5024601221084595,1.469543218612671,1,0
4,lower_leaf,29,1036.06,265,43208.39245283019,44048.0,264,1.5062944889068604,1.4735538959503174,1,0
4,lower_leaf,30,1039.53,265,43863.969811320756,44688.0,264,1.5103487968444824,1.478341817855835,1,0
4,lower_leaf,31,1043.0,265,44455.60754716981,45328.0,264,1.5101683139801025,1.478101372718811,1,0
4,lower_leaf,32,1046.48,265,45075.80377358491,45920.0,264,1.5140573978424072,1.4824107885360718,1,0
4,lower_leaf,33,1049.95,265,45717.1320754717,46640.0,264,1.515559196472168,1.484785795211792,1,0
4,lower_leaf,34,1053.43,265,46276.28679245283,47216.0,264,1.517665982246399,1.4866633415222168,1,0
4,lower_leaf,35,1056.9,265,46968.15094339623,47920.0,264,1.5190472602844238,1.488302230834961,1,0
4,lower_leaf,36,1060.38,265,47423.21509433962,48400.0,264,1.519553542137146,1.4894371032714844,1,0
4,lower_leaf,37,1063.85,265,48088.69433962264,49056.0,264,1.5219230651855469,1.491968035697937,1,0
4,lower_leaf,38,1067.33,265,48632.51320754717,49648.0,264,1.523942470550537,1.4936432838439941,1,0
4,lower_leaf,39,1070.81,265,49253.97735849056,50224.0,264,1.525334119796753,1.495347499847412,1,0
4,lower_leaf,40,1074.29,265,49762.777358490566,50704.0,264,1.5235130786895752,1.4942201375961304,1,0
4,lower_leaf,41,1077.76,265,50261.07169811321,51264.0,264,1.5273094177246094,1.4969593286514282,1,0
4,lower_leaf,42,1081.24,265,50801.328301886795,51840.0,264,1.5251884460449219,1.4963185787200928,1,0
4,lower_leaf,43,1084.72,265,51243.47169811321,52288.0,264,1.5250717401504517,1.4962389469146729,1,0
4,lower_leaf,44,1088.2,265,51724.8,52784.0,263,1.5235350131988525,1.4952294826507568,2,0
4,lower_leaf,45,1091.68,265,52337.20754716981,53440.0,263,1.5234302282333374,1.4957834482192993,2,0
4,lower_leaf,46,1095.17,265,52746.20377358491,53824.0,263,1.5228118896484375,1.4953683614730835,2,0
4,lower_leaf,47,1098.65,265,53300.649056603776,54384.0,262,1.5214691162109375,1.4940646886825562,3,0
4,lower_leaf,48,1102.13,265,53605.79622641509,54704.0,262,1.5211658477783203,1.4938621520996094,3,0
4,lower_leaf,49,1105.61,265,54084.70943396226,55200.0,262,1.5220098495483398,1.4946777820587158,3,0
4,lower_leaf,50,1109.1,265,54515.26037735849,55664.0,261,1.518855094909668,1.4918173551559448,4,0
4,lower_leaf,51,1112.58,265,54865.02641509434,56016.0,261,1.5196387767791748,1.4927226305007935,4,0
4,lower_leaf,52,1116.07,265,55239.54716981132,56448.0,261,1.5233023166656494,1.4968394041061401,4,0
4,lower_leaf,53,1119.55,265,55493.31320754717,56640.0,260,1.5264663696289062,1.5001041889190674,5,0
4,lower_leaf,54,1123.04,265,55750.339622641506,56928.0,260,1.5278093814849854,1.501375436782837,5,0
4,lower_leaf,55,1126.52,265,56108.01509433962,57376.0,259,1.5265251398086548,1.5002108812332153,6,0
4,lower_leaf,56,1130.01,265,56238.007547169815,57456.0,256,1.5212969779968262,1.4946588277816772,9,0
4,lower_leaf,57,1133.5,265,56259.50188679245,57504.0,256,1.5131394863128662,1.4875259399414062,9,0
4,lower_leaf,58,1136.99,265,56089.660377358494,57280.0,258,1.4991333484649658,1.474250078201294,7,0
4,lower_leaf,59,1140.47,265,55877.37358490566,57072.0,258,1.4811222553253174,1.45743727684021,7,0
4,lower_leaf,60,1143.96,265,55596.49811320755,56688.0,260,1.4608795642852783,1.4386441707611084,5,0
4,lower_leaf,61,1147.45,265,55159.54716981132,56224.0,260,1.4428424835205078,1.4214317798614502,5,0
4,lower_leaf,62,1150.94,265,54872.996226415096,55952.0,260,1.4289355278015137,1.408043622970581,5,0
4,lower_leaf,63,1154.43,265,54728.3320754717,55744.0,261,1.421410322189331,1.4011322259902954,4,0
4,lower_leaf,64,1157.93,265,54736.18113207547,55728.0,261,1.4189189672470093,1.3987138271331787,4,0
4,lower_leaf,65,1161.42,265,54829.88679245283,55840.0,261,1.4198052883148193,1.3998388051986694,4,0
4,lower_leaf,66,1164.91,265,54983.60754716981,55936.0,260,1.4208157062530518,1.4007568359375,5,0
4,lower_leaf,67,1168.4,265,55286.64150943396,56320.0,260,1.4244129657745361,1.4040534496307373,5,0
4,lower_leaf,68,1171.9,265,55460.28679245283,56512.0,257,1.426700472831726,1.4062751531600952,8,0
4,lower_leaf,69,1175.39,265,55698.777358490566,56736.0,257,1.4295892715454102,1.4086922407150269,8,0
4,lower_leaf,70,1178.89,265,55888.96603773585,56912.0,257,1.4273146390914917,1.4065364599227905,8,0
4,lower_leaf,71,1182.38,265,56027.532075471696,57088.0,257,1.4170089960098267,1.397260308265686,8,0
4,lower_leaf,72,1185.88,265,56292.22641509434,57312.0,251,1.3994276523590088,1.3812811374664307,14,0
4,lower_leaf,73,1189.37,265,56506.44528301887,57584.0,250,1.3851399421691895,1.3673622608184814,15,0
4,lower_leaf,74,1192.87,265,56797.46415094339,57920.0,250,1.3735017776489258,1.3566555976867676,15,0
4,lower_leaf,75,1196.37,265,57062.762264150944,58256.0,249,1.3679653406143188,1.3515037298202515,16,0
4,lower_leaf,76,1199.87,265,57307.65283018868,58512.0,244,1.3641438484191895,1.3480255603790283,21,0
4,lower_leaf,77,1203.37,265,57733.735849056604,58976.0,236,1.3548178672790527,1.3395543098449707,29,0
4,lower_leaf,78,1206.87,265,58101.916981132075,59424.0,230,1.3492214679718018,1.3337568044662476,35,0
4,lower_leaf,79,1210.37,265,58382.49056603773,59808.0,230,1.3499717712402344,1.3347806930541992,35,0
4,lower_leaf,80,1213.87,265,58732.558490566036,60208.0,220,1.3433221578598022,1.328578233718872,45,0
4,lower_leaf,81,1217.37,265,59041.02641509434,60640.0,220,1.3461170196533203,1.3313313722610474,45,0
4,lower_leaf,82,1220.87,265,59518.61132075472,61296.0,211,1.3414360284805298,1.32677161693573,54,0
4,lower_leaf,83,1224.37,265,59871.516981132074,61712.0,202,1.3455429077148438,1.3304734230041504,63,0
4,lower_leaf,84,1227.87,265,60146.29433962264,62064.0,200,1.349053144454956,1.3339253664016724,65,0
4,lower_leaf,85,1231.38,265,60466.95849056604,62592.0,186,1.3359230756759644,1.321991205215454,79,0
4,lower_leaf,86,1234.88,265,60718.30943396226,63072.0,178,1.3289521932601929,1.3148475885391235,87,0
4,lower_leaf,87,1238.39,265,60967.54716981132,63504.0,176,1.3298931121826172,1.3159195184707642,89,0
4,lower_leaf,88,1241.89,265,61154.95849056604,63728.0,167,1.326936960220337,1.3132153749465942,98,0
4,lower_leaf,89,1245.4,265,61360.18113207547,64272.0,163,1.3280384540557861,1.3142250776290894,102,0
4,lower_leaf,90,1248.9,265,61553.02641509434,64720.0,152,1.3082659244537354,1.2953664064407349,113,0
4,lower_leaf,91,1252.41,265,61641.11698113207,64720.0,151,1.3094638586044312,1.296756386756897,114,0
4,lower_leaf,92,1255.92,265,61768.63396226415,64928.0,149,1.311263084411621,1.2982758283615112,116,0
4,lower_leaf,93,1259.42,265,61867.41132075472,65200.0,146,1.3083935976028442,1.295802116394043,119,0
4,lower_leaf,94,1262.93,265,62027.47169811321,65456.0,140,1.3037593364715576,1.291333794593811,125,0
4,lower_leaf,95,1266.44,265,62099.018867924526,65504.0,134,1.2956511974334717,1.2834689617156982,131,0
4,lower_leaf,96,1269.95,265,62163.07924528302,65520.0,131,1.2939296960830688,1.282016396522522,134,0
4,lower_leaf,97,1273.46,265,62223.57735849057,65520.0,124,1.2867963314056396,1.2748463153839111,141,0
4,lower_leaf,98,1276.97,265,62252.49811320755,65520.0,124,1.287674903869629,1.2757437229156494,141,0
4,lower_leaf,99,1280.48,265,62295.788679245285,65520.0,123,1.2838224172592163,1.2719478607177734,142,0
4,lower_leaf,100,1283.99,265,62338.71698113208,65520.0,122,1.2779653072357178,1.2667802572250366,143,0
4,lower_leaf,101,1287.51,265,62280.030188679244,65520.0,124,1.278558373451233,1.2672288417816162,141,0
4,lower_leaf,102,1291.02,265,62279.54716981132,65520.0,127,1.2780710458755493,1.266711711883545,138,0
4,lower_leaf,103,1294.53,265,62182.339622641506,65520.0,127,1.2728873491287231,1.261824369430542,138,0
4,lower_leaf,104,1298.05,265,62129.87169811321,65488.0,133,1.2760562896728516,1.2646070718765259,132,0
4,lower_leaf,105,1301.56,265,61998.188679245286,65360.0,138,1.2720179557800293,1.260941743850708,127,0
4,lower_leaf,106,1305.08,265,61786.98867924528,65072.0,144,1.2730140686035156,1.2619214057922363,121,0
4,lower_leaf,107,1308.59,265,61571.92452830189,64544.0,154,1.2777693271636963,1.2664785385131836,111,0
4,lower_leaf,108,1312.11,265,61230.49056603773,63680.0,167,1.2832106351852417,1.2715966701507568,98,0
4,lower_leaf,109,1315.62,265,60853.675471698116,63072.0,179,1.2829794883728027,1.2713652849197388,86,0
4,lower_leaf,110,1319.14,265,60348.43773584906,62320.0,193,1.2841354608535767,1.2724785804748535,72,0
4,lower_leaf,111,1322.66,265,59841.38867924528,61664.0,204,1.281567096710205,1.2700715065002441,61,0
4,lower_leaf,112,1326.18,265,59216.483018867926,60768.0,218,1.2718915939331055,1.2607923746109009,47,0
4,lower_leaf,113,1329.7,265,58380.135849056605,59696.0,224,1.2570648193359375,1.2466309070587158,41,0
4,lower_leaf,114,1333.22,265,57653.494339622644,58864.0,240,1.256502389907837,1.2460005283355713,25,0
4,lower_leaf,115,1336.74,265,56737.569811320755,57888.0,248,1.247178316116333,1.2371450662612915,17,0
4,lower_leaf,116,1340.26,265,55900.61886792453,56896.0,256,1.23783540725708,1.228020191192627,9,0
4,lower_leaf,117,1343.78,265,54974.007547169815,55888.0,258,1.2325708866119385,1.2226308584213257,7,0
4,lower_leaf,118,1347.3,265,53806.852830188676,54672.0,258,1.2283093929290771,1.2183085680007935,7,0
4,lower_leaf,119,1350.82,265,52525.70566037736,53232.0,261,1.2295899391174316,1.2195748090744019,4,0
4,lower_leaf,120,1354.35,265,51035.89433962264,51760.0,262,1.2307395935058594,1.220285177230835,3,0
4,lower_leaf,121,1357.87,265,49685.55471698113,50288.0,263,1.2286298274993896,1.2178294658660889,2,0
4,lower_leaf,122,1361.39,265,48352.0,48992.0,264,1.2228758335113525,1.212122917175293,1,0
4,lower_leaf,123,1364.92,265,47274.92830188679,47920.0,264,1.2080647945404053,1.197917103767395,1,0
4,lower_leaf,124,1368.44,265,46621.58490566038,47184.0,264,1.1797282695770264,1.1710762977600098,1,0
4,lower_leaf,125,1371.97,265,45618.11320754717,46096.0,264,1.1459459066390991,1.1389548778533936,1,0
4,lower_leaf,126,1375.5,265,44077.10188679245,44512.0,264,1.1048002243041992,1.09976065158844,1,0
4,lower_leaf,127,1379.02,265,41231.63773584906,41584.0,264,1.0633885860443115,1.0602328777313232,1,0
4,lower_leaf,128,1382.55,265,37695.21509433962,37824.0,264,1.0051285028457642,1.004868984222412,1,0
4,lower_leaf,129,1386.08,265,34227.98490566038,34464.0,264,0.9280377626419067,0.9318269491195679,1,0
4,lower_leaf,130,1389.61,265,30483.381132075472,30528.0,264,0.8434038162231445,0.8520379066467285,1,0
4,lower_leaf,131,1393.14,265,26456.090566037736,26336.0,264,0.763671875,0.7767123579978943,1,0
4,lower_leaf,132,1396.67,265,22793.720754716982,22592.0,265,0.6899632215499878,0.7085601091384888,0,0
4,lower_leaf,133,1400.2,265,19936.784905660377,19696.0,265,0.6192893385887146,0.6439276337623596,0,0
4,lower_leaf,134,1403.73,265,17824.483018867926,17504.0,265,0.5624643564224243,0.5909090638160706,0,0
4,lower_leaf,135,1407.26,265,16328.090566037736,15968.0,265,0.5170990824699402,0.5492570400238037,0,0
4,lower_leaf,136,1410.79,265,15392.0,14960.0,265,0.478723406791687,0.5135135054588318,0,0
4,lower_leaf,137,1414.32,265,14799.154716981133,14336.0,265,0.44968733191490173,0.4845024347305298,0,0
4,lower_leaf,138,1417.86,265,14473.781132075472,14000.0,265,0.428002268075943,0.4641372263431549,0,0
4,lower_leaf,139,1421.39,265,14278.822641509434,13856.0,265,0.4098360538482666,0.44670847058296204,0,0
4,lower_leaf,140,1424.92,265,14150.098113207547,13648.0,265,0.39902278780937195,0.43520408868789673,0,0
4,lower_leaf,141,1428.46,265,14107.471698113208,13584.0,265,0.3873350918292999,0.42398393154144287,0,0
4,lower_leaf,142,1431.99,265,14088.211320754717,13552.0,265,0.37909185886383057,0.41608738899230957,0,0
4,lower_leaf,143,1435.53,265,14127.516981132076,13600.0,265,0.3742871880531311,0.41064453125,0,0
4,lower_leaf,144,1439.07,265,14201.66037735849,13680.0,265,0.37099236249923706,0.4082590341567993,0,0
4,lower_leaf,145,1442.6,265,14253.947169811321,13680.0,265,0.3684738874435425,0.4037914574146271,0,0
4,lower_leaf,146,1446.14,265,14357.31320754717,13776.0,265,0.36734694242477417,0.4024781882762909,0,0
4,lower_leaf,147,1449.68,265,14438.943396226416,13904.0,265,0.365041047334671,0.39972078800201416,0,0
4,lower_leaf,148,1453.22,265,14563.622641509433,13920.0,265,0.3653372824192047,0.39926233887672424,0,0
4,lower_leaf,149,1456.76,265,14743.547169811322,14128.0,265,0.3680981695652008,0.4023776948451996,0,0
4,lower_leaf,150,1460.3,265,14859.350943396226,14272.0,265,0.3699226379394531,0.40458714962005615,0,0
4,lower_leaf,151,1463.84,265,15057.02641509434,14464.0,265,0.3759652376174927,0.4098585247993469,0,0
4,lower_leaf,152,1467.38,265,15267.864150943396,14608.0,265,0.3821098804473877,0.4156321883201599,0,0
4,lower_leaf,153,1470.92,265,15523.683018867925,14912.0,265,0.3934824764728546,0.42708802223205566,0,0
4,lower_leaf,154,1474.46,265,15833.418867924529,15232.0,265,0.4058823585510254,0.43862900137901306,0,0
4,lower_leaf,155,1478.01,265,16207.335849056604,15568.0,265,0.41929134726524353,0.4519275426864624,0,0
4,lower_leaf,156,1481.55,265,16587.109433962265,15920.0,265,0.43442222476005554,0.46568402647972107,0,0
4,lower_leaf,157,1485.09,265,16981.916981132075,16320.0,265,0.4505169987678528,0.48181387782096863,0,0
4,lower_leaf,158,1488.64,265,17436.015094339622,16816.0,265,0.46496495604515076,0.4950401484966278,0,0
4,lower_leaf,159,1492.18,265,17904.06037735849,17296.0,265,0.47919726371765137,0.5083179473876953,0,0
4,lower_leaf,160,1495.73,265,18374.883018867924,17824.0,265,0.49131274223327637,0.5195943117141724,0,0
4,lower_leaf,161,1499.27,265,18847.215094339623,18368.0,265,0.5040885210037231,0.5318650603294373,0,0
4,lower_leaf,162,1502.82,265,19324.67924528302,18848.0,265,0.5155428051948547,0.5425779223442078,0,0
4,lower_leaf,163,1506.37,265,19803.77358490566,19344.0,265,0.5286747217178345,0.5545243620872498,0,0
4,lower_leaf,164,1509.91,265,20251.471698113208,19792.0,265,0.5422670245170593,0.5676043629646301,0,0
4,lower_leaf,165,1513.46,265,20768.784905660377,20288.0,265,0.5546099543571472,0.5791168212890625,0,0
4,lower_leaf,166,1517.01,265,21216.241509433963,20768.0,265,0.568128228187561,0.5912538766860962,0,0
4,lower_leaf,167,1520.56,265,21702.279245283018,21280.0,265,0.5826044678688049,0.6057824492454529,0,0
4,lower_leaf,168,1524.11,265,22141.283018867925,21696.0,265,0.5961164832115173,0.6178227066993713,0,0
4,lower_leaf,169,1527.66,265,22510.309433962266,22096.0,265,0.6107871532440186,0.6317241191864014,0,0
4,lower_leaf,170,1531.21,265,22963.622641509435,22656.0,265,0.6228070259094238,0.6436464190483093,0,0
4,lower_leaf,171,1534.76,265,23359.69811320755,22992.0,265,0.6365853548049927,0.6568401455879211,0,0
4,lower_leaf,172,1538.32,265,23706.384905660376,23376.0,265,0.6520038843154907,0.6708275675773621,0,0
4,lower_leaf,173,1541.87,265,24099.01886792453,23808.0,265,0.6650318503379822,0.6837962865829468,0,0
4,lower_leaf,174,1545.42,265,24394.98867924528,24080.0,265,0.6783424019813538,0.6963204741477966,0,0
4,lower_leaf,175,1548.98,265,24726.64150943396,24480.0,265,0.6920415163040161,0.7094216346740723,0,0
4,lower_leaf,176,1552.53,265,25033.901886792453,24832.0,265,0.7048937082290649,0.7215484976768494,0,0
4,lower_leaf,177,1556.09,265,25310.611320754717,25120.0,265,0.7198211550712585,0.7355836629867554,0,0
4,lower_leaf,178,1559.64,265,25574.943396226416,25376.0,265,0.7319276928901672,0.7470280528068542,0,0
4,lower_leaf,179,1563.2,265,25782.15849056604,25632.0,265,0.7426693439483643,0.7572723031044006,0,0
4,lower_leaf,180,1566.75,265,26052.709433962264,25888.0,265,0.7552056908607483,0.769304096698761,0,0
4,lower_leaf,181,1570.31,265,26287.275471698114,26112.0,265,0.7671641707420349,0.780281662940979,0,0
4,lower_leaf,182,1573.87,265,26467.864150943395,26368.0,265,0.7782782912254333,0.7907416224479675,0,0
4,lower_leaf,183,1577.43,265,26613.554716981133,26560.0,265,0.7894206643104553,0.8017492890357971,0,0
4,lower_leaf,184,1580.99,265,26754.958490566038,26640.0,265,0.8007117509841919,0.8121705651283264,0,0
4,lower_leaf,185,1584.55,265,26934.581132075473,26816.0,265,0.8116780519485474,0.8228599429130554,0,0
4,lower_leaf,186,1588.11,265,27050.324528301888,26944.0,265,0.8222811818122864,0.8329176902770996,0,0
4,lower_leaf,187,1591.67,265,27215.637735849057,27120.0,265,0.8346666693687439,0.8446893692016602,0,0
4,lower_leaf,188,1595.23,265,27326.00754716981,27216.0,265,0.8491379022598267,0.8584428429603577,0,0
4,lower_leaf,189,1598.79,265,27374.490566037737,27296.0,265,0.8640829920768738,0.8726342916488647,0,0
4,lower_leaf,190,1602.35,265,27415.54716981132,27376.0,265,0.8783482313156128,0.8861023783683777,0,0
4,lower_leaf,191,1605.92,265,27379.562264150944,27296.0,265,0.8929784893989563,0.8998410105705261,0,0
4,lower_leaf,192,1609.48,265,27345.08679245283,27312.0,265,0.905202329158783,0.9113034009933472,0,0
4,lower_leaf,193,1613.04,265,27279.87924528302,27232.0,265,0.9143356680870056,0.9199346303939819,0,0
4,lower_leaf,194,1616.61,265,27190.21886792453,27136.0,265,0.9194591641426086,0.9247716069221497,0,0
4,lower_leaf,195,1620.17,265,27024.483018867926,26992.0,265,0.9246615767478943,0.9295154213905334,0,0
4,lower_leaf,196,1623.74,265,26807.849056603773,26848.0,265,0.9318456053733826,0.9364811778068542,0,0
4,lower_leaf,197,1627.31,265,26635.95471698113,26704.0,265,0.9406364560127258,0.9446662664413452,0,0
4,lower_leaf,198,1630.87,265,26427.83396226415,26480.0,265,0.9512646794319153,0.9546775221824646,0,0
4,lower_leaf,199,1634.44,265,26206.91320754717,26256.0,265,0.9623243808746338,0.9649643898010254,0,0
4,lower_leaf,200,1638.01,265,25959.245283018867,25968.0,265,0.9739921689033508,0.9758453965187073,0,0
4,lower_leaf,201,1641.58,265,25685.796226415096,25728.0,265,0.9860372543334961,0.9870769381523132,0,0
4,lower_leaf,202,1645.15,265,25417.53962264151,25472.0,265,1.001366138458252,1.0012626647949219,0,0
4,lower_leaf,203,1648.71,265,25050.56603773585,25104.0,265,1.0204657316207886,1.0188311338424683,0,0
4,lower_leaf,204,1652.29,265,24615.969811320756,24656.0,265,1.0400296449661255,1.0367847681045532,0,0
4,lower_leaf,205,1655.86,265,24042.203773584904,24064.0,265,1.062355637550354,1.057002067565918,0,0
4,lower_leaf,206,1659.43,265,23318.701886792453,23360.0,265,1.0876623392105103,1.0797911882400513,0,0
4,lower_leaf,207,1663.0,265,22381.464150943397,22400.0,265,1.1176470518112183,1.106349229812622,0,0
4,lower_leaf,208,1666.57,265,21165.766037735848,21168.0,265,1.1558685302734375,1.1403212547302246,0,0
4,lower_leaf,209,1670.14,265,19661.94716981132,19680.0,265,1.2002164125442505,1.1775431632995605,0,0
4,lower_leaf,210,1673.72,265,17788.920754716983,17808.0,265,1.2345079183578491,1.2043715715408325,0,0
4,lower_leaf,211,1677.29,265,15626.928301886792,15632.0,265,1.2529411315917969,1.215000033378601,0,0
4,lower_leaf,212,1680.87,265,13324.8,13328.0,265,1.2504440546035767,1.2063953876495361,0,0
4,lower_leaf,213,1684.44,265,11103.516981132076,11104.0,265,1.2434210777282715,1.192374348640442,0,0
4,lower_leaf,214,1688.02,265,9167.879245283018,9152.0,265,1.228116750717163,1.1717791557312012,0,0
4,lower_leaf,215,1691.59,265,7594.988679245283,7584.0,265,1.2000000476837158,1.1431981325149536,0,0
4,lower_leaf,216,1695.17,265,6442.505660377358,6448.0,265,1.1646090745925903,1.110192894935608,0,0
4,lower_leaf,217,1698.75,265,5576.754716981132,5584.0,265,1.140703558921814,1.088050365447998,0,0
4,lower_leaf,218,1702.33,265,4934.641509433963,4928.0,265,1.1385542154312134,1.0807017087936401,0,0
4,lower_leaf,219,1705.91,265,4468.407547169812,4464.0,265,1.1398601531982422,1.0763359069824219,0,0
4,lower_leaf,220,1709.49,265,4089.3584905660377,4080.0,265,1.147826075553894,1.072649598121643,0,0
4,lower_leaf,221,1713.07,265,3763.8641509433965,3760.0,265,1.1515151262283325,1.068493127822876,0,0
4,lower_leaf,222,1716.65,265,3517.9471698113207,3504.0,265,1.1573033332824707,1.067307710647583,0,0
4,lower_leaf,223,1720.23,265,3313.147169811321,3312.0,265,1.1538461446762085,1.0609136819839478,0,0
5,upper_left_leaf,0,935.61,336,3819.0476190476193,3920.0,336,0.8873239159584045,0.9391635060310364,0,0
5,upper_left_leaf,1,939.06,336,4250.190476190476,4384.0,336,0.8959503173828125,0.9385665655136108,0,0
5,upper_left_leaf,2,942.52,336,5543.428571428572,5808.0,336,0.9174701571464539,0.9428571462631226,0,0
5,upper_left_leaf,3,945.98,336,7209.714285714285,7560.0,336,0.9231809973716736,0.9413554072380066,0,0
5,upper_left_leaf,4,949.43,336,9230.190476190477,9736.0,336,0.9285827875137329,0.9418603181838989,0,0
5,upper_left_leaf,5,952.89,336,11323.333333333334,12000.0,336,0.9292553663253784,0.9398496150970459,0,0
5,upper_left_leaf,6,956.35,336,13254.42857142857,14120.0,336,0.9271095991134644,0.9364172220230103,0,0
5,upper_left_leaf,7,959.81,336,14910.095238095239,15896.0,336,0.9227102398872375,0.9314553737640381,0,0
5,upper_left_leaf,8,963.27,336,16380.42857142857,17464.0,336,0.9220161437988281,0.9300639629364014,0,0
5,upper_left_leaf,9,966.73,336,17538.619047619046,18720.0,336,0.9224677085876465,0.9299092292785645,0,0
5,upper_left_leaf,10,970.19,336,18431.47619047619,19656.0,336,0.9195168018341064,0.9268112182617188,0,0
5,upper_left_leaf,11,973.65,336,19180.095238095237,20456.0,336,0.9213577508926392,0.9282858371734619,0,0
5,upper_left_leaf,12,977.11,336,19795.809523809523,21128.0,336,0.9214235544204712,0.9280935525894165,0,0
5,upper_left_leaf,13,980.58,336,20371.571428571428,21768.0,336,0.920983076095581,0.9275209307670593,0,0
5,upper_left_leaf,14,984.04,336,20839.285714285714,22248.0,336,0.9233564734458923,0.929478645324707,0,0
5,upper_left_leaf,15,987.51,336,21313.52380952381,22776.0,336,0.9252836108207703,0.9312033653259277,0,0
5,upper_left_leaf,16,990.97,336,21744.285714285714,23216.0,336,0.9273494482040405,0.9330336451530457,0,0
5,upper_left_leaf,17,994.43,336,22260.04761904762,23824.0,336,0.9306918382644653,0.9359920024871826,0,0
5,upper_left_leaf,18,997.9,336,22663.761904761905,24232.0,336,0.9336015582084656,0.9385282397270203,0,0
5,upper_left_leaf,19,1001.37,336,23005.285714285714,24560.0,336,0.9366998076438904,0.9413004517555237,0,0
5,upper_left_leaf,20,1004.83,336,23414.571428571428,25040.0,336,0.939028263092041,0.9434533715248108,0,0
5,upper_left_leaf,21,1008.3,336,23846.333333333332,25472.0,336,0.9432692527770996,0.9473834037780762,0,0
5,upper_left_leaf,22,1011.77,336,24262.809523809523,25920.0,336,0.9471707344055176,0.9507714509963989,0,0
5,upper_left_leaf,23,1015.24,336,24712.380952380954,26416.0,336,0.9494891166687012,0.952958345413208,0,0
5,upper_left_leaf,24,1018.71,336,25033.285714285714,26728.0,336,0.9529933929443359,0.9562145471572876,0,0
5,upper_left_leaf,25,1022.18,336,25505.095238095237,27280.0,336,0.9556822776794434,0.9587423801422119,0,0
5,upper_left_leaf,26,1025.65,336,25846.666666666668,27616.0,336,0.9570531845092773,0.9599112272262573,0,0
5,upper_left_leaf,27,1029.12,336,26306.619047619046,28096.0,336,0.9594987034797668,0.9621357321739197,0,0
5,upper_left_leaf,28,1032.59,336,26695.761904761905,28512.0,336,0.9623187780380249,0.9647313952445984,0,0
5,upper_left_leaf,29,1036.06,336,27070.714285714286,28912.0,336,0.9631296396255493,0.9654796123504639,0,0
5,upper_left_leaf,30,1039.53,336,27463.666666666668,29328.0,336,0.9661350846290588,0.9682585000991821,0,0
5,upper_left_leaf,31,1043.0,336,27848.333333333332,29792.0,336,0.9693458080291748,0.9712439775466919,0,0
5,upper_left_leaf,32,1046.48,336,28223.619047619046,30096.0,336,0.9683637022972107,0.9703154563903809,0,0
5,upper_left_leaf,33,1049.95,336,28631.238095238095,30568.0,336,0.970903754234314,0.9726917147636414,0,0
5,upper_left_leaf,34,1053.43,336,28978.380952380954,30960.0,336,0.9715204238891602,0.9732103943824768,0,0
5,upper_left_leaf,35,1056.9,336,29440.761904761905,31440.0,336,0.9731594920158386,0.9747477173805237,0,0
5,upper_left_leaf,36,1060.38,336,29704.52380952381,31704.0,336,0.9736378192901611,0.9751675128936768,0,0
5,upper_left_leaf,37,1063.85,336,30072.761904761905,32224.0,336,0.9748219847679138,0.9762158393859863,0,0
5,upper_left_leaf,38,1067.33,336,30436.04761904762,32536.0,336,0.9758810997009277,0.9772772192955017,0,0
5,upper_left_leaf,39,1070.81,336,30823.904761904763,32896.0,336,0.9762327671051025,0.9776002168655396,0,0
5,upper_left_leaf,40,1074.29,336,31143.333333333332,33264.0,336,0.9773349761962891,0.9786028861999512,0,0
5,upper_left_leaf,41,1077.76,336,31413.85714285714,33576.0,336,0.9789958000183105,0.9801762104034424,0,0
5,upper_left_leaf,42,1081.24,336,31747.238095238095,33960.0,336,0.9767321348190308,0.9780137538909912,0,0
5,upper_left_leaf,43,1084.72,336,32052.47619047619,34272.0,336,0.9783446788787842,0.9795321226119995,0,0
5,upper_left_leaf,44,1088.2,336,32347.666666666668,34568.0,336,0.977900505065918,0.9791146516799927,0,0
5,upper_left_leaf,45,1091.68,336,32712.714285714286,34936.0,336,0.9775190353393555,0.9787272214889526,0,0
5,upper_left_leaf,46,1095.17,336,32957.142857142855,35184.0,336,0.9760565757751465,0.9773232340812683,0,0
5,upper_left_leaf,47,1098.65,336,33299.333333333336,35584.0,336,0.9765020608901978,0.9777380228042603,0,0
5,upper_left_leaf,48,1102.13,336,33497.95238095238,35792.0,336,0.9757262468338013,0.9769909381866455,0,0
5,upper_left_leaf,49,1105.61,336,33776.23809523809,36080.0,336,0.9752049446105957,0.9764834642410278,0,0
5,upper_left_leaf,50,1109.1,336,34037.42857142857,36352.0,336,0.9741311073303223,0.9754667282104492,0,0
5,upper_left_leaf,51,1112.58,336,34229.857142857145,36600.0,336,0.9741122722625732,0.9754283428192139,0,0
5,upper_left_leaf,52,1116.07,336,34428.19047619047,36800.0,336,0.9744445085525513,0.9757486581802368,0,0
5,upper_left_leaf,53,1119.55,336,34572.09523809524,36984.0,336,0.9763157367706299,0.9775093793869019,0,0
5,upper_left_leaf,54,1123.04,336,34719.04761904762,37144.0,336,0.9767038822174072,0.9778769016265869,0,0
5,upper_left_leaf,55,1126.52,336,34922.57142857143,37328.0,336,0.9764053821563721,0.9775865077972412,0,0
5,upper_left_leaf,56,1130.01,336,34988.90476190476,37392.0,336,0.9725834131240845,0.9739714860916138,0,0
5,upper_left_leaf,57,1133.5,336,34975.23809523809,37416.0,336,0.9677770137786865,0.969402551651001,0,0
5,upper_left_leaf,58,1136.99,336,34835.52380952381,37304.0,336,0.958885669708252,0.9609090089797974,0,0
5,upper_left_leaf,59,1140.47,336,34668.76190476191,37128.0,336,0.9467123746871948,0.9493359327316284,0,0
5,upper_left_leaf,60,1143.96,336,34486.47619047619,36960.0,336,0.9334613084793091,0.9367139935493469,0,0
5,upper_left_leaf,61,1147.45,336,34189.57142857143,36688.0,336,0.9236171245574951,0.9273280501365662,0,0
5,upper_left_leaf,62,1150.94,336,34003.0,36496.0,336,0.9150927662849426,0.9192249774932861,0,0
5,upper_left_leaf,63,1154.43,336,33898.0,36352.0,336,0.9090523719787598,0.9133857488632202,0,0
5,upper_left_leaf,64,1157.93,336,33879.42857142857,36328.0,336,0.9062108993530273,0.9106464385986328,0,0
5,upper_left_leaf,65,1161.42,336,33922.52380952381,36440.0,336,0.9064277410507202,0.9109147787094116,0,0
5,upper_left_leaf,66,1164.91,336,34042.857142857145,36544.0,336,0.9081759452819824,0.9125666618347168,0,0
5,upper_left_leaf,67,1168.4,336,34220.52380952381,36728.0,336,0.9100769758224487,0.9143818616867065,0,0
5,upper_left_leaf,68,1171.9,336,34297.19047619047,36816.0,336,0.9120654463768005,0.916286826133728,0,0
5,upper_left_leaf,69,1175.39,336,34452.52380952381,36976.0,336,0.9135339260101318,0.9176587462425232,0,0
5,upper_left_leaf,70,1178.89,336,34597.619047619046,37136.0,336,0.9121430516242981,0.9163382649421692,0,0
5,upper_left_leaf,71,1182.38,336,34679.0,37248.0,336,0.906718909740448,0.9111373424530029,0,0
5,upper_left_leaf,72,1185.88,336,34830.09523809524,37392.0,336,0.8969225287437439,0.9016432762145996,0,0
5,upper_left_leaf,73,1189.37,336,34956.619047619046,37504.0,336,0.8871820569038391,0.8923413753509521,0,0
5,upper_left_leaf,74,1192.87,336,35151.142857142855,37760.0,336,0.8813223838806152,0.8866965174674988,0,0
5,upper_left_leaf,75,1196.37,336,35337.42857142857,37936.0,336,0.8783625960350037,0.8838421106338501,0,0
5,upper_left_leaf,76,1199.87,336,35495.80952380953,38080.0,336,0.8757245540618896,0.8812990188598633,0,0
5,upper_left_leaf,77,1203.37,336,35788.42857142857,38424.0,336,0.8752162456512451,0.8807479739189148,0,0
5,upper_left_leaf,78,1206.87,336,36075.04761904762,38744.0,336,0.8757122159004211,0.881195604801178,0,0
5,upper_left_leaf,79,1210.37,336,36285.71428571428,38952.0,336,0.8765621185302734,0.8819698095321655,0,0
5,upper_left_leaf,80,1213.87,336,36535.19047619047,39232.0,336,0.878530740737915,0.8838464617729187,0,0
5,upper_left_leaf,81,1217.37,336,36777.76190476191,39496.0,336,0.8807954788208008,0.8859755396842957,0,0
5,upper_left_leaf,82,1220.87,336,37157.857142857145,39888.0,336,0.8833269476890564,0.8883545398712158,0,0
5,upper_left_leaf,83,1224.37,336,37441.90476190476,40248.0,336,0.8859097957611084,0.8907384872436523,0,0
5,upper_left_leaf,84,1227.87,336,37672.23809523809,40528.0,336,0.8894246816635132,0.8941870927810669,0,0
5,upper_left_leaf,85,1231.38,336,37959.90476190476,40760.0,336,0.8933972120285034,0.8979555368423462,0,0
5,upper_left_leaf,86,1234.88,336,38201.57142857143,41056.0,336,0.8959325551986694,0.9002983570098877,0,0
5,upper_left_leaf,87,1238.39,336,38479.0,41344.0,336,0.8981751203536987,0.9024474620819092,0,0
5,upper_left_leaf,88,1241.89,336,38660.19047619047,41536.0,336,0.9003468155860901,0.9045475125312805,0,0
5,upper_left_leaf,89,1245.4,336,38899.333333333336,41736.0,336,0.9030166864395142,0.9070742130279541,0,0
5,upper_left_leaf,90,1248.9,336,39118.380952380954,41992.0,336,0.9030629396438599,0.907102644443512,0,0
5,upper_left_leaf,91,1252.41,336,39259.857142857145,42088.0,336,0.9057066440582275,0.9096091985702515,0,0
5,upper_left_leaf,92,1255.92,336,39429.04761904762,42256.0,336,0.9071017503738403,0.9108737707138062,0,0
5,upper_left_leaf,93,1259.42,336,39528.857142857145,42432.0,336,0.9073926210403442,0.9111103415489197,0,0
5,upper_left_leaf,94,1262.93,336,39730.380952380954,42600.0,336,0.9080989360809326,0.9117748141288757,0,0
5,upper_left_leaf,95,1266.44,336,39849.380952380954,42656.0,336,0.9086217880249023,0.9124049544334412,0,0
5,upper_left_leaf,96,1269.95,336,39911.76190476191,42752.0,336,0.9084903001785278,0.9122101664543152,0,0
5,upper_left_leaf,97,1273.46,336,39976.52380952381,42864.0,336,0.9095582962036133,0.9132276773452759,0,0
5,upper_left_leaf,98,1276.97,336,40028.09523809524,42888.0,336,0.9096879959106445,0.9133613109588623,0,0
5,upper_left_leaf,99,1280.48,336,40115.380952380954,42968.0,336,0.9089310765266418,0.9126526117324829,0,0
5,upper_left_leaf,100,1283.99,336,40212.95238095238,43024.0,336,0.9080324172973633,0.9117554426193237,0,0
5,upper_left_leaf,101,1287.51,336,40095.52380952381,42928.0,336,0.905199408531189,0.9090595245361328,0,0
5,upper_left_leaf,102,1291.02,336,40085.04761904762,42992.0,336,0.902536928653717,0.9065238237380981,0,0
5,upper_left_leaf,103,1294.53,336,39953.71428571428,42848.0,336,0.9004572629928589,0.9045118093490601,0,0
5,upper_left_leaf,104,1298.05,336,39912.57142857143,42736.0,336,0.8961153030395508,0.9003036618232727,0,0
5,upper_left_leaf,105,1301.56,336,39743.0,42592.0,336,0.890699028968811,0.8950732946395874,0,0
5,upper_left_leaf,106,1305.08,336,39435.28571428572,42328.0,336,0.8861639499664307,0.8907374143600464,0,0
5,upper_left_leaf,107,1308.59,336,39197.42857142857,42016.0,336,0.878815233707428,0.8836897611618042,0,0
5,upper_left_leaf,108,1312.11,336,38827.380952380954,41648.0,336,0.8712685704231262,0.8764328956604004,0,0
5,upper_left_leaf,109,1315.62,336,38449.47619047619,41208.0,336,0.863023042678833,0.868547260761261,0,0
5,upper_left_leaf,110,1319.14,336,37961.80952380953,40688.0,336,0.8539642095565796,0.8598778247833252,0,0
5,upper_left_leaf,111,1322.66,336,37517.71428571428,40320.0,336,0.8436794281005859,0.8499928712844849,0,0
5,upper_left_leaf,112,1326.18,336,37033.47619047619,39768.0,336,0.831957221031189,0.8388477563858032,0,0
5,upper_left_leaf,113,1329.7,336,36389.666666666664,39088.0,336,0.8213411569595337,0.8287122249603271,0,0
5,upper_left_leaf,114,1333.22,336,35850.857142857145,38496.0,336,0.8115357160568237,0.8191422820091248,0,0
5,upper_left_leaf,115,1336.74,336,35204.333333333336,37856.0,336,0.8015033006668091,0.8097038269042969,0,0
5,upper_left_leaf,116,1340.26,336,34625.42857142857,37240.0,336,0.7930095195770264,0.801613450050354,0,0
5,upper_left_leaf,117,1343.78,336,34031.380952380954,36592.0,336,0.7882978916168213,0.7971445322036743,0,0
5,upper_left_leaf,118,1347.3,336,33217.76190476191,35672.0,336,0.7844080924987793,0.7936204671859741,0,0
5,upper_left_leaf,119,1350.82,336,32337.95238095238,34664.0,336,0.7818702459335327,0.791309118270874,0,0
5,upper_left_leaf,120,1354.35,336,31300.14285714286,33600.0,336,0.7784323692321777,0.7883672714233398,0,0
5,upper_left_leaf,121,1357.87,336,30385.619047619046,32576.0,336,0.7740962505340576,0.7844414710998535,0,0
5,upper_left_leaf,122,1361.39,336,29500.666666666668,31648.0,336,0.7681612372398376,0.7789761424064636,0,0
5,upper_left_leaf,123,1364.92,336,28857.095238095237,30904.0,336,0.7585412859916687,0.7700600028038025,0,0
5,upper_left_leaf,124,1368.44,336,28526.619047619046,30520.0,336,0.741581916809082,0.7539604902267456,0,0
5,upper_left_leaf,125,1371.97,336,27988.571428571428,29968.0,336,0.7211254835128784,0.7339739799499512,0,0
5,upper_left_leaf,126,1375.5,336,27094.428571428572,28960.0,336,0.6983240842819214,0.7127094864845276,0,0
5,upper_left_leaf,127,1379.02,336,25338.714285714286,27072.0,336,0.6713268756866455,0.6876531839370728,0,0
5,upper_left_leaf,128,1382.55,336,23170.761904761905,24736.0,336,0.6337685585021973,0.6524568796157837,0,0
5,upper_left_leaf,129,1386.08,336,21161.904761904763,22424.0,336,0.584686815738678,0.605772078037262,0,0
5,upper_left_leaf,130,1389.61,336,18992.0,20000.0,336,0.533660888671875,0.5589091777801514,0,0
5,upper_left_leaf,131,1393.14,336,16617.619047619046,17464.0,336,0.4826987385749817,0.5119783878326416,0,0
5,upper_left_leaf,132,1396.67,336,14463.714285714286,15080.0,336,0.4352527856826782,0.4686949849128723,0,0
5,upper_left_leaf,133,1400.2,336,12782.142857142857,13248.0,336,0.39330801367759705,0.43122628331184387,0,0
5,upper_left_leaf,134,1403.73,336,11569.333333333334,11936.0,336,0.35798126459121704,0.3994627594947815,0,0
5,upper_left_leaf,135,1407.26,336,10710.952380952382,11064.0,336,0.3314911127090454,0.3759223222732544,0,0
5,upper_left_leaf,136,1410.79,336,10165.47619047619,10480.0,336,0.31044477224349976,0.35580286383628845,0,0
5,upper_left_leaf,137,1414.32,336,9857.47619047619,10112.0,336,0.29312312602996826,0.3387832045555115,0,0
5,upper_left_leaf,138,1417.86,336,9703.047619047618,9936.0,336,0.28017735481262207,0.3261476159095764,0,0
5,upper_left_leaf,139,1421.39,336,9595.857142857143,9832.0,336,0.27137911319732666,0.31635627150535583,0,0
5,upper_left_leaf,140,1424.92,336,9537.0,9760.0,336,0.2635412812232971,0.30823978781700134,0,0
5,upper_left_leaf,141,1428.46,336,9523.952380952382,9792.0,336,0.2593083381652832,0.3037976026535034,0,0
5,upper_left_leaf,142,1431.99,336,9535.904761904761,9808.0,336,0.25511282682418823,0.298706591129303,0,0
5,upper_left_leaf,143,1435.53,336,9567.52380952381,9840.0,336,0.2514641284942627,0.29497796297073364,0,0
5,upper_left_leaf,144,1439.07,336,9600.666666666666,9872.0,336,0.24836941063404083,0.29168593883514404,0,0
5,upper_left_leaf,145,1442.6,336,9633.857142857143,9920.0,336,0.2485719621181488,0.2905263304710388,0,0
5,upper_left_leaf,146,1446.14,336,9706.095238095239,9936.0,336,0.2463167905807495,0.28777024149894714,0,0
5,upper_left_leaf,147,1449.68,336,9758.142857142857,10008.0,336,0.24574659764766693,0.28692951798439026,0,0
5,upper_left_leaf,148,1453.22,336,9847.047619047618,10072.0,336,0.2471255660057068,0.2865642309188843,0,0
5,upper_left_leaf,149,1456.76,336,9967.52380952381,10232.0,336,0.2479671835899353,0.288638710975647,0,0
5,upper_left_leaf,150,1460.3,336,10016.142857142857,10272.0,336,0.2494056224822998,0.2889639735221863,0,0
5,upper_left_leaf,151,1463.84,336,10137.333333333334,10416.0,336,0.252017080783844,0.29232150316238403,0,0
5,upper_left_leaf,152,1467.38,336,10266.52380952381,10552.0,336,0.2566744387149811,0.29768192768096924,0,0
5,upper_left_leaf,153,1470.92,336,10398.142857142857,10664.0,336,0.2625758647918701,0.3026859760284424,0,0
5,upper_left_leaf,154,1474.46,336,10594.047619047618,10944.0,336,0.27119386196136475,0.31065744161605835,0,0
5,upper_left_leaf,155,1478.01,336,10826.047619047618,11184.0,336,0.280489981174469,0.31976473331451416,0,0
5,upper_left_leaf,156,1481.55,336,11035.761904761905,11400.0,336,0.2884204387664795,0.3275994658470154,0,0
5,upper_left_leaf,157,1485.09,336,11243.095238095239,11632.0,336,0.29779672622680664,0.33702945709228516,0,0
5,upper_left_leaf,158,1488.64,336,11503.619047619048,11912.0,336,0.3068639636039734,0.3446410894393921,0,0
5,upper_left_leaf,159,1492.18,336,11794.47619047619,12200.0,336,0.31508755683898926,0.35275161266326904,0,0
5,upper_left_leaf,160,1495.73,336,12049.190476190477,12480.0,336,0.32257387042045593,0.359719455242157,0,0
5,upper_left_leaf,161,1499.27,336,12327.333333333334,12776.0,336,0.3304878771305084,0.3678029775619507,0,0
5,upper_left_leaf,162,1502.82,336,12612.190476190477,13096.0,336,0.338024765253067,0.37445491552352905,0,0
5,upper_left_leaf,163,1506.37,336,12892.333333333334,13440.0,336,0.34618183970451355,0.3820585608482361,0,0
5,upper_left_leaf,164,1509.91,336,13140.619047619048,13760.0,336,0.3532799482345581,0.3888247609138489,0,0
5,upper_left_leaf,165,1513.46,336,13466.666666666666,14056.0,336,0.36189645528793335,0.3962862193584442,0,0
5,upper_left_leaf,166,1517.01,336,13730.190476190477,14336.0,336,0.36986321210861206,0.40415263175964355,0,0
5,upper_left_leaf,167,1520.56,336,14012.42857142857,14576.0,336,0.3776237964630127,0.41119396686553955,0,0
5,upper_left_leaf,168,1524.11,336,14252.904761904761,14840.0,336,0.38467085361480713,0.4182519316673279,0,0
5,upper_left_leaf,169,1527.66,336,14470.666666666666,15064.0,336,0.39362096786499023,0.42649951577186584,0,0
5,upper_left_leaf,170,1531.21,336,14726.285714285714,15376.0,336,0.40182191133499146,0.4344947338104248,0,0
5,upper_left_leaf,171,1534.76,336,14980.666666666666,15616.0,336,0.4103977084159851,0.4422030746936798,0,0
5,upper_left_leaf,172,1538.32,336,15188.095238095239,15824.0,336,0.41875946521759033,0.450675368309021,0,0
5,upper_left_leaf,173,1541.87,336,15407.57142857143,16104.0,336,0.4276355504989624,0.45953482389450073,0,0
5,upper_left_leaf,174,1545.42,336,15568.714285714286,16232.0,336,0.43472936749458313,0.4661911129951477,0,0
5,upper_left_leaf,175,1548.98,336,15777.952380952382,16440.0,336,0.44327831268310547,0.4740586280822754,0,0
5,upper_left_leaf,176,1552.53,336,15971.809523809523,16672.0,336,0.4517863988876343,0.48228752613067627,0,0
5,upper_left_leaf,177,1556.09,336,16119.333333333334,16864.0,336,0.45962008833885193,0.489620178937912,0,0
5,upper_left_leaf,178,1559.64,336,16281.952380952382,17016.0,336,0.46721136569976807,0.49696677923202515,0,0
5,upper_left_leaf,179,1563.2,336,16406.333333333332,17152.0,336,0.47476089000701904,0.5045949220657349,0,0
5,upper_left_leaf,180,1566.75,336,16564.0,17344.0,336,0.48269033432006836,0.5119537115097046,0,0
5,upper_left_leaf,181,1570.31,336,16697.95238095238,17488.0,336,0.48950475454330444,0.5186098217964172,0,0
5,upper_left_leaf,182,1573.87,336,16795.95238095238,17592.0,336,0.4961796998977661,0.5252044200897217,0,0
5,upper_left_leaf,183,1577.43,336,16892.380952380954,17680.0,336,0.504104733467102,0.5330777764320374,0,0
5,upper_left_leaf,184,1580.99,336,16975.761904761905,17784.0,336,0.5112327337265015,0.5399566292762756,0,0
5,upper_left_leaf,185,1584.55,336,17082.666666666668,17912.0,336,0.5194635987281799,0.5479651093482971,0,0
5,upper_left_leaf,186,1588.11,336,17158.285714285714,17976.0,336,0.5250015258789062,0.5533306002616882,0,0
5,upper_left_leaf,187,1591.67,336,17239.714285714286,18088.0,336,0.5321140289306641,0.5602474212646484,0,0
5,upper_left_leaf,188,1595.23,336,17303.380952380954,18152.0,336,0.5390148162841797,0.5669085383415222,0,0
5,upper_left_leaf,189,1598.79,336,17341.095238095237,18176.0,336,0.5473856925964355,0.5752884745597839,0,0
5,upper_left_leaf,190,1602.35,336,17357.285714285714,18272.0,336,0.5574980974197388,0.5850223302841187,0,0
5,upper_left_leaf,191,1605.92,336,17331.14285714286,18256.0,336,0.5683916807174683,0.5954378843307495,0,0
5,upper_left_leaf,192,1609.48,336,17321.380952380954,18248.0,336,0.5762377977371216,0.6031790971755981,0,0
5,upper_left_leaf,193,1613.04,336,17282.095238095237,18176.0,336,0.5817142724990845,0.608346700668335,0,0
5,upper_left_leaf,194,1616.61,336,17215.904761904763,18136.0,336,0.5857688188552856,0.6127641797065735,0,0
5,upper_left_leaf,195,1620.17,336,17119.333333333332,18064.0,336,0.5901784896850586,0.6170446872711182,0,0
5,upper_left_leaf,196,1623.74,336,16985.761904761905,17912.0,336,0.5941875576972961,0.6213014125823975,0,0
5,upper_left_leaf,197,1627.31,336,16868.809523809523,17792.0,336,0.5996367931365967,0.6266592741012573,0,0
5,upper_left_leaf,198,1630.87,336,16741.571428571428,17688.0,336,0.6054089069366455,0.6325128078460693,0,0
5,upper_left_leaf,199,1634.44,336,16609.095238095237,17528.0,336,0.6112854480743408,0.6383787393569946,0,0
5,upper_left_leaf,200,1638.01,336,16450.095238095237,17312.0,336,0.6170145273208618,0.6444113254547119,0,0
5,upper_left_leaf,201,1641.58,336,16276.904761904761,17152.0,336,0.625123918056488,0.6528623700141907,0,0
5,upper_left_leaf,202,1645.15,336,16112.095238095239,17032.0,336,0.6350762844085693,0.6629295349121094,0,0
5,upper_left_leaf,203,1648.71,336,15865.47619047619,16672.0,336,0.6445825099945068,0.6721620559692383,0,0
5,upper_left_leaf,204,1652.29,336,15606.095238095239,16392.0,336,0.6572901010513306,0.6853416562080383,0,0
5,upper_left_leaf,205,1655.86,336,15255.285714285714,16088.0,336,0.6698217391967773,0.6977471709251404,0,0
5,upper_left_leaf,206,1659.43,336,14804.809523809523,15640.0,336,0.6854969263076782,0.7129330635070801,0,0
5,upper_left_leaf,207,1663.0,336,14242.714285714286,15040.0,336,0.7026115655899048,0.7302031517028809,0,0
5,upper_left_leaf,208,1666.57,336,13490.904761904761,14240.0,336,0.7250953912734985,0.7529661059379578,0,0
5,upper_left_leaf,209,1670.14,336,12572.333333333334,13288.0,336,0.7535773515701294,0.7812795042991638,0,0
5,upper_left_leaf,210,1673.72,336,11444.809523809523,12080.0,336,0.7764853835105896,0.8048913478851318,0,0
5,upper_left_leaf,211,1677.29,336,10126.761904761905,10632.0,336,0.7861776351928711,0.8176215887069702,0,0
5,upper_left_leaf,212,1680.87,336,8742.904761904761,9184.0,336,0.784042239189148,0.8213779330253601,0,0
5,upper_left_leaf,213,1684.44,336,7414.9047619047615,7776.0,336,0.7787224054336548,0.8238779306411743,0,0
5,upper_left_leaf,214,1688.02,336,6278.285714285715,6560.0,336,0.7681155204772949,0.8236473202705383,0,0
5,upper_left_leaf,215,1691.59,336,5347.619047619048,5576.0,336,0.7524644732475281,0.8229021430015564,0,0
5,upper_left_leaf,216,1695.17,336,4647.190476190476,4832.0,336,0.7379032373428345,0.822403073310852,0,0
5,upper_left_leaf,217,1698.75,336,4107.380952380952,4232.0,336,0.7167454957962036,0.8219804763793945,0,0
5,upper_left_leaf,218,1702.33,336,3728.3809523809523,3840.0,336,0.7109119296073914,0.8304498195648193,0,0
5,upper_left_leaf,219,1705.91,336,3470.0476190476193,3552.0,336,0.7183098793029785,0.8480788469314575,0,0
5,upper_left_leaf,220,1709.49,336,3237.1428571428573,3312.0,336,0.7190082669258118,0.8606557250022888,0,0
5,upper_left_leaf,221,1713.07,336,3038.3333333333335,3104.0,336,0.7254902124404907,0.8733031749725342,0,0
5,upper_left_leaf,222,1716.65,336,2899.2380952380954,2944.0,336,0.7371342778205872,0.8883469104766846,0,0
5,upper_left_leaf,223,1720.23,336,2772.4761904761904,2808.0,336,0.7307692170143127,0.892307698726654,0,0
6,upper_right_leaf,0,935.61,430,3216.1116279069765,3272.0,430,0.6452991962432861,0.8152610659599304,0,0
6,upper_right_leaf,1,939.06,430,3493.767441860465,3568.0,430,0.6538461446762085,0.8021582961082458,0,0
6,upper_right_leaf,2,942.52,430,4342.102325581395,4440.0,430,0.6563812494277954,0.7712687253952026,0,0
6,upper_right_leaf,3,945.98,430,5463.6651162790695,5648.0,430,0.6600566506385803,0.7465543746948242,0,0
6,upper_right_leaf,4,949.43,430,6814.139534883721,7056.0,430,0.6615566611289978,0.7284647226333618,0,0
6,upper_right_leaf,5,952.89,430,8220.353488372093,8528.0,430,0.6598267555236816,0.7147654891014099,0,0
6,upper_right_leaf,6,956.35,430,9512.93023255814,9872.0,430,0.6577721238136292,0.7054764032363892,0,0
6,upper_right_leaf,7,959.81,430,10658.790697674418,11088.0,430,0.653954267501831,0.6964004635810852,0,0
6,upper_right_leaf,8,963.27,430,11645.46976744186,12160.0,430,0.6530109643936157,0.6930060982704163,0,0
6,upper_right_leaf,9,966.73,430,12411.906976744185,12888.0,430,0.6515721082687378,0.6876575350761414,0,0
6,upper_right_leaf,10,970.19,430,13036.167441860465,13568.0,430,0.652179479598999,0.6863683462142944,0,0
6,upper_right_leaf,11,973.65,430,13530.009302325581,14120.0,430,0.6531417369842529,0.6858090162277222,0,0
6,upper_right_leaf,12,977.11,430,13964.167441860465,14536.0,430,0.6546064019203186,0.6860564351081848,0,0
6,upper_right_leaf,13,980.58,430,14376.93023255814,14960.0,430,0.6541239023208618,0.6848500370979309,0,0
6,upper_right_leaf,14,984.04,430,14683.720930232557,15304.0,430,0.656729519367218,0.6868308186531067,0,0
6,upper_right_leaf,15,987.51,430,15020.948837209302,15648.0,430,0.6571311950683594,0.6863526105880737,0,0
6,upper_right_leaf,16,990.97,430,15329.041860465117,16024.0,430,0.6594675779342651,0.6882845163345337,0,0
6,upper_right_leaf,17,994.43,430,15651.758139534884,16328.0,430,0.6615087985992432,0.6892111301422119,0,0
6,upper_right_leaf,18,997.9,430,15904.372093023256,16584.0,430,0.6633440256118774,0.6904444694519043,0,0
6,upper_right_leaf,19,1001.37,430,16185.079069767442,16848.0,430,0.6652266979217529,0.6918245553970337,0,0
6,upper_right_leaf,20,1004.83,430,16461.06046511628,17136.0,430,0.6685315370559692,0.6941814422607422,0,0
6,upper_right_leaf,21,1008.3,430,16715.2,17440.0,430,0.6706976890563965,0.6960135102272034,0,0
6,upper_right_leaf,22,1011.77,430,17037.46976744186,17784.0,430,0.6735944747924805,0.6986678838729858,0,0
6,upper_right_leaf,23,1015.24,430,17314.158139534884,18040.0,430,0.6764340400695801,0.7007192373275757,0,0
6,upper_right_leaf,24,1018.71,430,17551.92558139535,18328.0,430,0.6794087886810303,0.7027223110198975,0,0
6,upper_right_leaf,25,1022.18,430,17923.60930232558,18664.0,430,0.6811409592628479,0.7042383551597595,0,0
6,upper_right_leaf,26,1025.65,430,18126.548837209302,18928.0,430,0.6838515996932983,0.7063341736793518,0,0
6,upper_right_leaf,27,1029.12,430,18453.581395348836,19256.0,430,0.6846835613250732,0.7073286771774292,0,0
6,upper_right_leaf,28,1032.59,430,18720.18604651163,19504.0,430,0.6866246461868286,0.7084438800811768,0,0
6,upper_right_leaf,29,1036.06,430,19000.855813953487,19832.0,430,0.6883481740951538,0.7098181247711182,0,0
6,upper_right_leaf,30,1039.53,430,19289.413953488372,20104.0,430,0.6906760931015015,0.711461067199707,0,0
6,upper_right_leaf,31,1043.0,430,19546.60465116279,20392.0,430,0.6937776803970337,0.7143326997756958,0,0
6,upper_right_leaf,32,1046.48,430,19817.637209302327,20640.0,430,0.6936886310577393,0.7140070199966431,0,0
6,upper_right_leaf,33,1049.95,430,20085.432558139535,20984.0,430,0.6942015886306763,0.7145543098449707,0,0
6,upper_right_leaf,34,1053.43,430,20326.102325581396,21200.0,430,0.6961014866828918,0.7160426378250122,0,0
6,upper_right_leaf,35,1056.9,430,20620.279069767443,21496.0,430,0.69660484790802,0.7161339521408081,0,0
6,upper_right_leaf,36,1060.38,430,20839.25581395349,21680.0,430,0.6986196637153625,0.7175707817077637,0,0
6,upper_right_leaf,37,1063.85,430,21103.81395348837,22008.0,430,0.6989579200744629,0.7181165218353271,0,0
6,upper_right_leaf,38,1067.33,430,21333.61860465116,22272.0,430,0.7001121640205383,0.7186985015869141,0,0
6,upper_right_leaf,39,1070.81,430,21579.386046511627,22528.0,430,0.7009779810905457,0.7192045450210571,0,0
6,upper_right_leaf,40,1074.29,430,21822.958139534883,22704.0,430,0.700728178024292,0.7188451886177063,0,0
6,upper_right_leaf,41,1077.76,430,22048.632558139536,23048.0,430,0.7026455998420715,0.7204716205596924,0,0
6,upper_right_leaf,42,1081.24,430,22280.706976744186,23240.0,430,0.7020370364189148,0.7203178405761719,0,0
6,upper_right_leaf,43,1084.72,430,22476.87441860465,23416.0,430,0.7021621465682983,0.7196847200393677,0,0
6,upper_right_leaf,44,1088.2,430,22757.990697674417,23752.0,430,0.7014353275299072,0.7193891406059265,0,0
6,upper_right_leaf,45,1091.68,430,22948.762790697674,24008.0,430,0.7027384042739868,0.7200842499732971,0,0
6,upper_right_leaf,46,1095.17,430,23113.488372093023,24136.0,430,0.7027775645256042,0.7196300029754639,0,0
6,upper_right_leaf,47,1098.65,430,23336.0,24360.0,430,0.701877236366272,0.7189030051231384,0,0
6,upper_right_leaf,48,1102.13,430,23485.95348837209,24480.0,430,0.7018667459487915,0.7187262773513794,0,0
6,upper_right_leaf,49,1105.61,430,23685.65581395349,24696.0,430,0.7001491785049438,0.7170339822769165,0,0
6,upper_right_leaf,50,1109.1,430,23866.79069767442,24904.0,430,0.701571524143219,0.7181988954544067,0,0
6,upper_right_leaf,51,1112.58,430,24005.95348837209,25024.0,430,0.6991205215454102,0.7158989906311035,0,0
6,upper_right_leaf,52,1116.07,430,24136.297674418605,25176.0,430,0.6985154151916504,0.7151678800582886,0,0
6,upper_right_leaf,53,1119.55,430,24216.93023255814,25264.0,430,0.699901819229126,0.7161896228790283,0,0
6,upper_right_leaf,54,1123.04,430,24298.232558139534,25384.0,430,0.699425220489502,0.7156484127044678,0,0
6,upper_right_leaf,55,1126.52,430,24439.962790697675,25552.0,430,0.6972869634628296,0.7135219573974609,0,0
6,upper_right_leaf,56,1130.01,430,24498.083720930234,25608.0,430,0.6957745552062988,0.7120002508163452,0,0
6,upper_right_leaf,57,1133.5,430,24499.86976744186,25632.0,430,0.691252589225769,0.7075870037078857,0,0
6,upper_right_leaf,58,1136.99,430,24402.976744186046,25544.0,430,0.6858736276626587,0.7025302648544312,0,0
6,upper_right_leaf,59,1140.47,430,24313.525581395348,25456.0,430,0.6780796051025391,0.6950201988220215,0,0
6,upper_right_leaf,60,1143.96,430,24201.78604651163,25336.0,430,0.6689174175262451,0.686369776725769,0,0
6,upper_right_leaf,61,1147.45,430,24041.562790697673,25112.0,430,0.6609978675842285,0.6784363389015198,0,0
6,upper_right_leaf,62,1150.94,430,23924.53953488372,25016.0,430,0.6541707515716553,0.6722983121871948,0,0
6,upper_right_leaf,63,1154.43,430,23855.032558139534,24952.0,430,0.6503012180328369,0.6682963371276855,0,0
6,upper_right_leaf,64,1157.93,430,23860.87441860465,25000.0,430,0.648205578327179,0.6666666865348816,0,0
6,upper_right_leaf,65,1161.42,430,23906.083720930234,24984.0,430,0.6466541290283203,0.6647038459777832,0,0
6,upper_right_leaf,66,1164.91,430,23971.53488372093,25056.0,430,0.6462284326553345,0.6642242670059204,0,0
6,upper_right_leaf,67,1168.4,430,24073.153488372092,25192.0,430,0.6475924849510193,0.6656787395477295,0,0
6,upper_right_leaf,68,1171.9,430,24153.227906976743,25264.0,430,0.6481505036354065,0.6659712195396423,0,0
6,upper_right_leaf,69,1175.39,430,24255.627906976744,25408.0,430,0.6484067440032959,0.6661796569824219,0,0
6,upper_right_leaf,70,1178.89,430,24341.39534883721,25488.0,430,0.6481200456619263,0.6657720804214478,0,0
6,upper_right_leaf,71,1182.38,430,24425.6,25552.0,430,0.6443778276443481,0.6619908809661865,0,0
6,upper_right_leaf,72,1185.88,430,24551.59069767442,25680.0,430,0.6402726173400879,0.6578255891799927,0,0
6,upper_right_leaf,73,1189.37,430,24636.055813953488,25776.0,430,0.6364785432815552,0.6540778875350952,0,0
6,upper_right_leaf,74,1192.87,430,24760.818604651162,25840.0,430,0.632155179977417,0.6499810218811035,0,0
6,upper_right_leaf,75,1196.37,430,24905.079069767442,26040.0,430,0.6311859488487244,0.6487866640090942,0,0
6,upper_right_leaf,76,1199.87,430,25028.279069767443,26200.0,430,0.6307573914527893,0.6481887698173523,0,0
6,upper_right_leaf,77,1203.37,430,25235.60930232558,26424.0,430,0.6315786838531494,0.6489111185073853,0,0
6,upper_right_leaf,78,1206.87,430,25438.474418604652,26632.0,430,0.6323932409286499,0.6496878862380981,0,0
6,upper_right_leaf,79,1210.37,430,25605.023255813954,26792.0,430,0.6342157125473022,0.6513280868530273,0,0
6,upper_right_leaf,80,1213.87,430,25769.86046511628,26944.0,430,0.6364238262176514,0.6531878709793091,0,0
6,upper_right_leaf,81,1217.37,430,25921.227906976743,27112.0,430,0.6381595134735107,0.655066967010498,0,0
6,upper_right_leaf,82,1220.87,430,26184.18604651163,27320.0,430,0.6400398015975952,0.6568552851676941,0,0
6,upper_right_leaf,83,1224.37,430,26396.279069767443,27648.0,430,0.6422320604324341,0.6588679552078247,0,0
6,upper_right_leaf,84,1227.87,430,26559.33023255814,27824.0,430,0.6445846557617188,0.6609272956848145,0,0
6,upper_right_leaf,85,1231.38,430,26783.144186046513,28032.0,430,0.6467278003692627,0.6629111766815186,0,0
6,upper_right_leaf,86,1234.88,430,26988.948837209304,28280.0,430,0.6496124267578125,0.6655322313308716,0,0
6,upper_right_leaf,87,1238.39,430,27146.306976744185,28448.0,430,0.6520254611968994,0.6676744222640991,0,0
6,upper_right_leaf,88,1241.89,430,27260.46511627907,28600.0,430,0.6540249586105347,0.6695384979248047,0,0
6,upper_right_leaf,89,1245.4,430,27426.93953488372,28720.0,430,0.655957818031311,0.6713176369667053,0,0
6,upper_right_leaf,90,1248.9,430,27593.562790697673,28928.0,430,0.6570325493812561,0.6723120212554932,0,0
6,upper_right_leaf,91,1252.41,430,27673.562790697673,29040.0,430,0.6582627296447754,0.6735843420028687,0,0
6,upper_right_leaf,92,1255.92,430,27797.767441860466,29152.0,430,0.6594963073730469,0.6746046543121338,0,0
6,upper_right_leaf,93,1259.42,430,27860.576744186048,29264.0,430,0.6605735421180725,0.6757739186286926,0,0
6,upper_right_leaf,94,1262.93,430,27997.32093023256,29344.0,430,0.6613520383834839,0.6765685081481934,0,0
6,upper_right_leaf,95,1266.44,430,28115.12558139535,29448.0,430,0.6628789901733398,0.6780259609222412,0,0
6,upper_right_leaf,96,1269.95,430,28148.91162790698,29544.0,430,0.6639996767044067,0.678746223449707,0,0
6,upper_right_leaf,97,1273.46,430,28226.083720930234,29568.0,430,0.6637488603591919,0.6784906387329102,0,0
6,upper_right_leaf,98,1276.97,430,28270.437209302327,29560.0,430,0.6629800796508789,0.6783334016799927,0,0
6,upper_right_leaf,99,1280.48,430,28331.46046511628,29664.0,430,0.662287712097168,0.677166759967804,0,0
6,upper_right_leaf,100,1283.99,430,28373.65581395349,29712.0,430,0.6621785163879395,0.6769514679908752,0,0
6,upper_right_leaf,101,1287.51,430,28344.40930232558,29648.0,430,0.6600338816642761,0.6752309799194336,0,0
6,upper_right_leaf,102,1291.02,430,28332.576744186048,29688.0,430,0.6577877998352051,0.6730978488922119,0,0
6,upper_right_leaf,103,1294.53,430,28231.51627906977,29600.0,430,0.6556714773178101,0.6707859039306641,0,0
6,upper_right_leaf,104,1298.05,430,28225.674418604653,29560.0,430,0.6542734503746033,0.6694153547286987,0,0
6,upper_right_leaf,105,1301.56,430,28120.297674418605,29464.0,430,0.6513112187385559,0.6662420034408569,0,0
6,upper_right_leaf,106,1305.08,430,27890.45581395349,29224.0,430,0.6468209028244019,0.6624710559844971,0,0
6,upper_right_leaf,107,1308.59,430,27743.144186046513,29032.0,430,0.6418416500091553,0.6574224233627319,0,0
6,upper_right_leaf,108,1312.11,430,27485.358139534885,28752.0,430,0.6363532543182373,0.6526145935058594,0,0
6,upper_right_leaf,109,1315.62,430,27228.46511627907,28488.0,430,0.6305712461471558,0.6465914845466614,0,0
6,upper_right_leaf,110,1319.14,430,26900.91162790698,28120.0,430,0.6245765686035156,0.6410250067710876,0,0
6,upper_right_leaf,111,1322.66,430,26572.316279069768,27784.0,430,0.6170136332511902,0.6340661644935608,0,0
6,upper_right_leaf,112,1326.18,430,26232.18604651163,27424.0,430,0.6079765558242798,0.6251398324966431,0,0
6,upper_right_leaf,113,1329.7,430,25805.841860465116,27016.0,430,0.5985939502716064,0.6162610054016113,0,0
6,upper_right_leaf,114,1333.22,430,25406.586046511628,26584.0,430,0.5904943943023682,0.6084926724433899,0,0
6,upper_right_leaf,115,1336.74,430,24969.748837209303,26128.0,430,0.5816073417663574,0.600078284740448,0,0
6,upper_right_leaf,116,1340.26,430,24574.846511627908,25760.0,430,0.5742424726486206,0.5929675102233887,0,0
6,upper_right_leaf,117,1343.78,430,24132.613953488373,25288.0,430,0.5672891139984131,0.5869063138961792,0,0
6,upper_right_leaf,118,1347.3,430,23563.944186046512,24688.0,430,0.5628073215484619,0.5824258923530579,0,0
6,upper_right_leaf,119,1350.82,430,22903.106976744188,23944.0,430,0.5597019791603088,0.5797884464263916,0,0
6,upper_right_leaf,120,1354.35,430,22133.841860465116,23120.0,430,0.554633617401123,0.5763027667999268,0,0
6,upper_right_leaf,121,1357.87,430,21450.34418604651,22440.0,430,0.5509412288665771,0.5731987357139587,0,0
6,upper_right_leaf,122,1361.39,430,20836.13023255814,21792.0,430,0.5457500219345093,0.5687596797943115,0,0
6,upper_right_leaf,123,1364.92,430,20418.418604651164,21376.0,430,0.5397047996520996,0.5634007453918457,0,0
6,upper_right_leaf,124,1368.44,430,20202.976744186046,21112.0,430,0.5284386873245239,0.5520267486572266,0,0
6,upper_right_leaf,125,1371.97,430,19860.53953488372,20744.0,430,0.5152860879898071,0.5397789478302002,0,0
6,upper_right_leaf,126,1375.5,430,19248.93023255814,20088.0,430,0.4983212351799011,0.5235612988471985,0,0
6,upper_right_leaf,127,1379.02,430,18017.562790697673,18784.0,430,0.47913819551467896,0.5060214996337891,0,0
6,upper_right_leaf,128,1382.55,430,16467.683720930232,17296.0,430,0.4584488868713379,0.48792004585266113,0,0
6,upper_right_leaf,129,1386.08,430,15104.297674418605,15872.0,430,0.4269229769706726,0.4588167667388916,0,0
6,upper_right_leaf,130,1389.61,430,13619.572093023256,14192.0,430,0.3892424702644348,0.42408257722854614,0,0
6,upper_right_leaf,131,1393.14,430,11958.958139534883,12344.0,430,0.3501112461090088,0.3889177441596985,0,0
6,upper_right_leaf,132,1396.67,430,10438.586046511628,10720.0,430,0.3138602375984192,0.3577568531036377,0,0
6,upper_right_leaf,133,1400.2,430,9290.53023255814,9416.0,430,0.2817663550376892,0.3296257257461548,0,0
6,upper_right_leaf,134,1403.73,430,8447.144186046511,8536.0,430,0.2549557089805603,0.3064064383506775,0,0
6,upper_right_leaf,135,1407.26,430,7840.7441860465115,7808.0,430,0.23336362838745117,0.28714054822921753,0,0
6,upper_right_leaf,136,1410.79,430,7470.176744186047,7392.0,430,0.21545898914337158,0.2704920768737793,0,0
6,upper_right_leaf,137,1414.32,430,7229.618604651163,7104.0,430,0.20222687721252441,0.2576805055141449,0,0
6,upper_right_leaf,138,1417.86,430,7107.3488372093025,6960.0,430,0.19184286892414093,0.24687854945659637,0,0
6,upper_right_leaf,139,1421.39,430,7017.488372093023,6832.0,430,0.18377110362052917,0.23754583299160004,0,0
6,upper_right_leaf,140,1424.92,430,6985.26511627907,6784.0,430,0.1778818666934967,0.23119008541107178,0,0
6,upper_right_leaf,141,1428.46,430,6975.069767441861,6784.0,430,0.17361119389533997,0.2270779013633728,0,0
6,upper_right_leaf,142,1431.99,430,6961.525581395349,6736.0,430,0.16938264667987823,0.22295835614204407,0,0
6,upper_right_leaf,143,1435.53,430,6983.739534883721,6752.0,430,0.16712479293346405,0.21964535117149353,0,0
6,upper_right_leaf,144,1439.07,430,6986.232558139535,6752.0,430,0.16598299145698547,0.21780413389205933,0,0
6,upper_right_leaf,145,1442.6,430,7002.381395348837,6768.0,430,0.1642589271068573,0.2153814136981964,0,0
6,upper_right_leaf,146,1446.14,430,7031.962790697675,6768.0,430,0.16341497004032135,0.21364682912826538,0,0
6,upper_right_leaf,147,1449.68,430,7085.432558139535,6840.0,430,0.16370923817157745,0.21400120854377747,0,0
6,upper_right_leaf,148,1453.22,430,7131.1255813953485,6880.0,430,0.1634284257888794,0.21384337544441223,0,0
6,upper_right_leaf,149,1456.76,430,7178.567441860465,6928.0,430,0.16462785005569458,0.2141089141368866,0,0
6,upper_right_leaf,150,1460.3,430,7191.627906976744,6960.0,430,0.16658076643943787,0.21502217650413513,0,0
6,upper_right_leaf,151,1463.84,430,7249.711627906977,7016.0,430,0.16806282103061676,0.21672387421131134,0,0
6,upper_right_leaf,152,1467.38,430,7366.176744186047,7160.0,430,0.17207995057106018,0.22158533334732056,0,0
6,upper_right_leaf,153,1470.92,430,7471.181395348837,7264.0,430,0.17735931277275085,0.22640080749988556,0,0
6,upper_right_leaf,154,1474.46,430,7587.944186046511,7416.0,430,0.18405267596244812,0.23310700058937073,0,0
6,upper_right_leaf,155,1478.01,430,7750.437209302326,7600.0,430,0.19089683890342712,0.24041876196861267,0,0
6,upper_right_leaf,156,1481.55,430,7892.46511627907,7760.0,430,0.19811560213565826,0.24705880880355835,0,0
6,upper_right_leaf,157,1485.09,430,8052.688372093024,7952.0,430,0.2063683569431305,0.25573062896728516,0,0
6,upper_right_leaf,158,1488.64,430,8248.446511627906,8176.0,430,0.21393495798110962,0.2625865340232849,0,0
6,upper_right_leaf,159,1492.18,430,8430.623255813953,8360.0,430,0.22002777457237244,0.26875030994415283,0,0
6,upper_right_leaf,160,1495.73,430,8641.748837209303,8624.0,430,0.22794944047927856,0.2762213945388794,0,0
6,upper_right_leaf,161,1499.27,430,8832.260465116278,8832.0,430,0.2336890995502472,0.2810274064540863,0,0
6,upper_right_leaf,162,1502.82,430,9029.655813953488,9048.0,430,0.24102506041526794,0.28738564252853394,0,0
6,upper_right_leaf,163,1506.37,430,9237.581395348838,9280.0,430,0.24798060953617096,0.2941763401031494,0,0
6,upper_right_leaf,164,1509.91,430,9420.427906976744,9488.0,430,0.254305362701416,0.299551784992218,0,0
6,upper_right_leaf,165,1513.46,430,9636.502325581396,9728.0,430,0.26117196679115295,0.3055974841117859,0,0
6,upper_right_leaf,166,1517.01,430,9819.609302325582,9952.0,430,0.26726648211479187,0.3109326958656311,0,0
6,upper_right_leaf,167,1520.56,430,10001.823255813953,10184.0,430,0.2743820548057556,0.31805771589279175,0,0
6,upper_right_leaf,168,1524.11,430,10184.632558139534,10384.0,430,0.281117707490921,0.32398223876953125,0,0
6,upper_right_leaf,169,1527.66,430,10373.841860465116,10608.0,430,0.2883845269680023,0.3310254216194153,0,0
6,upper_right_leaf,170,1531.21,430,10524.20465116279,10760.0,430,0.29459330439567566,0.3365597128868103,0,0
6,upper_right_leaf,171,1534.76,430,10695.962790697675,10968.0,430,0.3015018701553345,0.3429282307624817,0,0
6,upper_right_leaf,172,1538.32,430,10864.93023255814,11152.0,430,0.3083840310573578,0.3496122658252716,0,0
6,upper_right_leaf,173,1541.87,430,11026.93953488372,11336.0,430,0.31556540727615356,0.35660743713378906,0,0
6,upper_right_leaf,174,1545.42,430,11144.744186046511,11472.0,430,0.32219457626342773,0.36372753977775574,0,0
6,upper_right_leaf,175,1548.98,430,11297.6,11640.0,430,0.3291803002357483,0.3705896735191345,0,0
6,upper_right_leaf,176,1552.53,430,11423.627906976744,11792.0,430,0.33598387241363525,0.37691962718963623,0,0
6,upper_right_leaf,177,1556.09,430,11533.172093023255,11920.0,430,0.34302836656570435,0.3841025233268738,0,0
6,upper_right_leaf,178,1559.64,430,11649.748837209303,12080.0,430,0.3496405780315399,0.38994020223617554,0,0
6,upper_right_leaf,179,1563.2,430,11737.451162790698,12184.0,430,0.3547689914703369,0.3948954641819,0,0
6,upper_right_leaf,180,1566.75,430,11830.73488372093,12272.0,430,0.3614656329154968,0.40204671025276184,0,0
6,upper_right_leaf,181,1570.31,430,11914.53023255814,12360.0,430,0.36805224418640137,0.40761011838912964,0,0
6,upper_right_leaf,182,1573.87,430,12022.32558139535,12504.0,430,0.3747200071811676,0.4139747619628906,0,0
6,upper_right_leaf,183,1577.43,430,12103.813953488372,12608.0,430,0.37906116247177124,0.4187973737716675,0,0
6,upper_right_leaf,184,1580.99,430,12160.223255813953,12672.0,430,0.3854323625564575,0.42500680685043335,0,0
6,upper_right_leaf,185,1584.55,430,12217.116279069767,12768.0,430,0.39097458124160767,0.4302229583263397,0,0
6,upper_right_leaf,186,1588.11,430,12273.748837209303,12824.0,430,0.39701831340789795,0.4363533556461334,0,0
6,upper_right_leaf,187,1591.67,430,12335.479069767442,12872.0,430,0.40250056982040405,0.4417836666107178,0,0
6,upper_right_leaf,188,1595.23,430,12385.153488372092,12936.0,430,0.40848737955093384,0.4478580355644226,0,0
6,upper_right_leaf,189,1598.79,430,12395.051162790698,12952.0,430,0.4144461154937744,0.4540368616580963,0,0
6,upper_right_leaf,190,1602.35,430,12402.306976744187,12976.0,430,0.4211004376411438,0.4603986144065857,0,0
6,upper_right_leaf,191,1605.92,430,12394.60465116279,12960.0,430,0.428051233291626,0.4675833582878113,0,0
6,upper_right_leaf,192,1609.48,430,12394.976744186046,12984.0,430,0.43282079696655273,0.4731408953666687,0,0
6,upper_right_leaf,193,1613.04,430,12365.097674418605,12968.0,430,0.43648573756217957,0.47686389088630676,0,0
6,upper_right_leaf,194,1616.61,430,12308.427906976744,12904.0,430,0.4393983483314514,0.4799378514289856,0,0
6,upper_right_leaf,195,1620.17,430,12263.330232558139,12856.0,430,0.4422474205493927,0.4825790524482727,0,0
6,upper_right_leaf,196,1623.74,430,12166.80930232558,12784.0,430,0.4468724727630615,0.4878924787044525,0,0
6,upper_right_leaf,197,1627.31,430,12080.744186046511,12688.0,430,0.4502682089805603,0.4911196827888489,0,0
6,upper_right_leaf,198,1630.87,430,11992.781395348837,12560.0,430,0.45428115129470825,0.4953293204307556,0,0
6,upper_right_leaf,199,1634.44,430,11903.776744186047,12464.0,430,0.45887142419815063,0.49968433380126953,0,0
6,upper_right_leaf,200,1638.01,430,11798.80930232558,12392.0,430,0.464337557554245,0.5059016942977905,0,0
6,upper_right_leaf,201,1641.58,430,11664.446511627906,12232.0,430,0.468965083360672,0.5102040767669678,0,0
6,upper_right_leaf,202,1645.15,430,11557.023255813954,12112.0,430,0.47418126463890076,0.5164798498153687,0,0
6,upper_right_leaf,203,1648.71,430,11399.330232558139,11976.0,430,0.48045113682746887,0.5235718488693237,0,0
6,upper_right_leaf,204,1652.29,430,11185.562790697675,11728.0,430,0.48715952038764954,0.5317633152008057,0,0
6,upper_right_leaf,205,1655.86,430,10948.613953488371,11488.0,430,0.4948838949203491,0.5402384996414185,0,0
6,upper_right_leaf,206,1659.43,430,10650.86511627907,11176.0,430,0.5028555393218994,0.5502181053161621,0,0
6,upper_right_leaf,207,1663.0,430,10261.990697674419,10768.0,430,0.5131005048751831,0.5626895427703857,0,0
6,upper_right_leaf,208,1666.57,430,9763.423255813954,10208.0,430,0.5264530181884766,0.5790929198265076,0,0
6,upper_right_leaf,209,1670.14,430,9142.995348837208,9568.0,430,0.5433899164199829,0.598320722579956,0,0
6,upper_right_leaf,210,1673.72,430,8360.632558139534,8736.0,430,0.5571162700653076,0.6171492338180542,0,0
6,upper_right_leaf,211,1677.29,430,7480.186046511628,7808.0,430,0.5646394491195679,0.6329858303070068,0,0
6,upper_right_leaf,212,1680.87,430,6553.26511627907,6832.0,430,0.5643187761306763,0.6432415843009949,0,0
6,upper_right_leaf,213,1684.44,430,5667.497674418604,5888.0,430,0.5614210367202759,0.6558547019958496,0,0
6,upper_right_leaf,214,1688.02,430,4906.902325581395,5080.0,430,0.5564855337142944,0.6687638759613037,0,0
6,upper_right_leaf,215,1691.59,430,4277.953488372093,4416.0,430,0.5481593012809753,0.6815920472145081,0,0
6,upper_right_leaf,216,1695.17,430,3797.4697674418603,3904.0,430,0.5361728072166443,0.6934097409248352,0,0
6,upper_right_leaf,217,1698.75,430,3447.5162790697673,3520.0,430,0.5294151306152344,0.7124600410461426,0,0
6,upper_right_leaf,218,1702.33,430,3188.0558139534883,3248.0,430,0.5301411151885986,0.7327263355255127,0,0
6,upper_right_leaf,219,1705.91,430,2992.5953488372093,3040.0,430,0.5333333611488342,0.7540333271026611,0,0
6,upper_right_leaf,220,1709.49,430,2847.032558139535,2880.0,430,0.5398229956626892,0.7772925496101379,0,0
6,upper_right_leaf,221,1713.07,430,2720.0744186046513,2752.0,430,0.5421099662780762,0.7962962985038757,0,0
6,upper_right_leaf,222,1716.65,430,2614.920930232558,2640.0,430,0.5476190447807312,0.8129695653915405,0,0
6,upper_right_leaf,223,1720.23,430,2544.1116279069765,2576.0,430,0.5502883791923523,0.8274111747741699,0,0
7,lower_right_leaf,0,935.61,551,3552.7840290381127,3424.0,551,0.7153846025466919,0.8509804010391235,0,0
7,lower_right_leaf,1,939.06,551,3900.050816696915,3760.0,551,0.7169811129570007,0.8387096524238586,0,0
7,lower_right_leaf,2,942.52,551,4936.653357531761,4688.0,551,0.7172130942344666,0.8111110925674438,0,0
7,lower_right_leaf,3,945.98,551,6331.121597096188,5984.0,551,0.7170868515968323,0.7881355881690979,0,0
7,lower_right_leaf,4,949.43,551,7989.517241379311,7536.0,551,0.7175257802009583,0.7728758454322815,0,0
7,lower_right_leaf,5,952.89,551,9705.059891107077,9120.0,551,0.7118380069732666,0.7585752010345459,0,0
7,lower_right_leaf,6,956.35,551,11269.749546279492,10592.0,551,0.7116155028343201,0.7519909143447876,0,0
7,lower_right_leaf,7,959.81,551,12682.947368421053,11952.0,551,0.7077100276947021,0.7436159253120422,0,0
7,lower_right_leaf,8,963.27,551,13876.384754990926,12992.0,551,0.7051546573638916,0.7371273636817932,0,0
7,lower_right_leaf,9,966.73,551,14805.546279491833,13856.0,551,0.7043314576148987,0.7338982820510864,0,0
7,lower_right_leaf,10,970.19,551,15551.24500907441,14528.0,551,0.7041629552841187,0.7319422364234924,0,0
7,lower_right_leaf,11,973.65,551,16153.234119782213,15120.0,551,0.7035436630249023,0.730980396270752,0,0
7,lower_right_leaf,12,977.11,551,16694.272232304902,15648.0,551,0.7048242092132568,0.731198787689209,0,0
7,lower_right_leaf,13,980.58,551,17179.32486388385,16096.0,551,0.7061159610748291,0.7320781946182251,0,0
7,lower_right_leaf,14,984.04,551,17543.607985480943,16352.0,551,0.7060222029685974,0.7313961982727051,0,0
7,lower_right_leaf,15,987.51,551,17975.898366606172,16816.0,551,0.7061538696289062,0.7309859395027161,0,0
7,lower_right_leaf,16,990.97,551,18337.07441016334,17120.0,551,0.7077151536941528,0.7319728136062622,0,0
7,lower_right_leaf,17,994.43,551,18731.78947368421,17488.0,551,0.710487425327301,0.7340570092201233,0,0
7,lower_right_leaf,18,997.9,551,19038.954627949184,17792.0,551,0.7137655019760132,0.7365951538085938,0,0
7,lower_right_leaf,19,1001.37,551,19391.738656987294,18096.0,551,0.7159172296524048,0.7385019659996033,0,0
7,lower_right_leaf,20,1004.83,551,19739.005444646096,18448.0,551,0.7187278866767883,0.7407166361808777,0,0
7,lower_right_leaf,21,1008.3,551,20062.083484573504,18752.0,551,0.7213114500045776,0.7420986294746399,0,0
7,lower_right_leaf,22,1011.77,551,20443.847549909256,19104.0,551,0.7256220579147339,0.746110737323761,0,0
7,lower_right_leaf,23,1015.24,551,20789.139745916516,19456.0,551,0.728723406791687,0.7487684488296509,0,0
7,lower_right_leaf,24,1018.71,551,21073.335753176045,19712.0,551,0.7295350432395935,0.749088704586029,0,0
7,lower_right_leaf,25,1022.18,551,21530.3666061706,20208.0,551,0.733077883720398,0.7531009912490845,0,0
7,lower_right_leaf,26,1025.65,551,21780.820326678764,20304.0,551,0.7350698709487915,0.7534003257751465,0,0
7,lower_right_leaf,27,1029.12,551,22180.500907441015,20720.0,551,0.7387217879295349,0.7569929957389832,0,0
7,lower_right_leaf,28,1032.59,551,22502.127041742286,21040.0,551,0.7398022413253784,0.7574370503425598,0,0
7,lower_right_leaf,29,1036.06,551,22854.50453720508,21376.0,551,0.7406955361366272,0.758659839630127,0,0
7,lower_right_leaf,30,1039.53,551,23181.996370235935,21632.0,551,0.7432513236999512,0.7603583335876465,0,0
7,lower_right_leaf,31,1043.0,551,23520.43557168784,21968.0,551,0.7464622855186462,0.7632158398628235,0,0
7,lower_right_leaf,32,1046.48,551,23832.392014519057,22192.0,551,0.7467761039733887,0.7634173035621643,0,0
7,lower_right_leaf,33,1049.95,551,24175.56442831216,22592.0,551,0.7481224536895752,0.7647058963775635,0,0
7,lower_right_leaf,34,1053.43,551,24457.785843920145,22864.0,551,0.7494279146194458,0.7655246257781982,0,0
7,lower_right_leaf,35,1056.9,551,24807.201451905625,23200.0,551,0.7507050037384033,0.7663847804069519,0,0
7,lower_right_leaf,36,1060.38,551,25071.79673321234,23392.0,551,0.7505567669868469,0.7659352421760559,0,0
7,lower_right_leaf,37,1063.85,551,25394.29401088929,23712.0,551,0.7517926096916199,0.7672012448310852,0,0
7,lower_right_leaf,38,1067.33,551,25680.31941923775,23952.0,551,0.7533949017524719,0.7686034440994263,0,0
7,lower_right_leaf,39,1070.81,551,25971.687840290382,24256.0,551,0.752966582775116,0.7677484750747681,0,0
7,lower_right_leaf,40,1074.29,551,26267.963702359346,24512.0,551,0.7528150081634521,0.7675239443778992,0,0
7,lower_right_leaf,41,1077.76,551,26538.221415607986,24736.0,551,0.7525172233581543,0.767198383808136,0,0
7,lower_right_leaf,42,1081.24,551,26813.560798548093,25008.0,551,0.7535101175308228,0.7683284282684326,0,0
7,lower_right_leaf,43,1084.72,551,27047.753176043556,25248.0,551,0.7551652789115906,0.7694552540779114,0,0
7,lower_right_leaf,44,1088.2,551,27366.272232304902,25536.0,551,0.7547266483306885,0.7691197395324707,0,0
7,lower_right_leaf,45,1091.68,551,27615.709618874775,25776.0,551,0.7542972564697266,0.7684611678123474,0,0
7,lower_right_leaf,46,1095.17,551,27809.74228675136,26000.0,551,0.7552238702774048,0.7693389654159546,0,0
7,lower_right_leaf,47,1098.65,551,28073.814882032668,26256.0,551,0.752970278263092,0.7670401334762573,0,0
7,lower_right_leaf,48,1102.13,551,28247.491833030854,26352.0,551,0.751598596572876,0.7654662728309631,0,0
7,lower_right_leaf,49,1105.61,551,28489.059891107077,26560.0,551,0.7527872323989868,0.7666971683502197,0,0
7,lower_right_leaf,50,1109.1,551,28717.647912885663,26800.0,551,0.7531400918960571,0.7668795585632324,0,0
7,lower_right_leaf,51,1112.58,551,28891.12159709619,26960.0,551,0.7534772157669067,0.7669990658760071,0,0
7,lower_right_leaf,52,1116.07,551,29052.486388384754,27168.0,551,0.752739429473877,0.7661108374595642,0,0
7,lower_right_leaf,53,1119.55,551,29153.568058076224,27216.0,551,0.7511803507804871,0.7646270394325256,0,0
7,lower_right_leaf,54,1123.04,551,29248.20326678766,27344.0,551,0.7510608434677124,0.7643908858299255,0,0
7,lower_right_leaf,55,1126.52,551,29404.515426497277,27472.0,551,0.7501170039176941,0.7632978558540344,0,0
7,lower_right_leaf,56,1130.01,551,29455.33212341198,27504.0,551,0.7467411756515503,0.7602468132972717,0,0
7,lower_right_leaf,57,1133.5,551,29422.548094373866,27440.0,551,0.7406206727027893,0.7543859481811523,0,0
7,lower_right_leaf,58,1136.99,551,29258.80217785844,27280.0,551,0.7331113219261169,0.747290849685669,0,0
7,lower_right_leaf,59,1140.47,551,29111.520871143377,27120.0,551,0.7217592597007751,0.7362878322601318,0,0
7,lower_right_leaf,60,1143.96,551,28917.19782214156,26896.0,551,0.7112128138542175,0.7262473106384277,0,0
7,lower_right_leaf,61,1147.45,551,28668.86388384755,26720.0,551,0.7006960511207581,0.7159914970397949,0,0
7,lower_right_leaf,62,1150.94,551,28466.99092558984,26528.0,551,0.6927199363708496,0.7079796195030212,0,0
7,lower_right_leaf,63,1154.43,551,28347.03448275862,26384.0,551,0.6853832602500916,0.7008074522018433,0,0
7,lower_right_leaf,64,1157.93,551,28334.112522686024,26304.0,551,0.681898832321167,0.6982323527336121,0,0
7,lower_right_leaf,65,1161.42,551,28363.063520871143,26384.0,551,0.679929256439209,0.6961812973022461,0,0
7,lower_right_leaf,66,1164.91,551,28420.588021778585,26448.0,551,0.678398609161377,0.6945257186889648,0,0
7,lower_right_leaf,67,1168.4,551,28532.994555353904,26544.0,551,0.6780402660369873,0.694005012512207,0,0
7,lower_right_leaf,68,1171.9,551,28622.17059891107,26608.0,551,0.6784777045249939,0.6943867206573486,0,0
7,lower_right_leaf,69,1175.39,551,28729.727767695098,26688.0,551,0.6780402660369873,0.6941224932670593,0,0
7,lower_right_leaf,70,1178.89,551,28817.451905626134,26768.0,551,0.6764833331108093,0.6924660205841064,0,0
7,lower_right_leaf,71,1182.38,551,28910.69328493648,26864.0,551,0.673373281955719,0.6894586682319641,0,0
7,lower_right_leaf,72,1185.88,551,29046.38838475499,26960.0,551,0.6673728823661804,0.6835952997207642,0,0
7,lower_right_leaf,73,1189.37,551,29132.602540834847,26976.0,551,0.6640067100524902,0.6801279783248901,0,0
7,lower_right_leaf,74,1192.87,551,29261.328493647914,27120.0,551,0.6601415872573853,0.6764472723007202,0,0
7,lower_right_leaf,75,1196.37,551,29421.764065335752,27296.0,551,0.6587697267532349,0.6748514771461487,0,0
7,lower_right_leaf,76,1199.87,551,29576.74047186933,27472.0,551,0.6586974263191223,0.6747839450836182,0,0
7,lower_right_leaf,77,1203.37,551,29827.04900181488,27712.0,551,0.6590538620948792,0.6749610900878906,0,0
7,lower_right_leaf,78,1206.87,551,30061.21234119782,27904.0,551,0.6604613661766052,0.6759366393089294,0,0
7,lower_right_leaf,79,1210.37,551,30246.15607985481,28064.0,551,0.6610169410705566,0.6771714091300964,0,0
7,lower_right_leaf,80,1213.87,551,30445.647912885663,28256.0,551,0.6631790995597839,0.6790643930435181,0,0
7,lower_right_leaf,81,1217.37,551,30631.724137931036,28464.0,551,0.6665332317352295,0.6814531683921814,0,0
7,lower_right_leaf,82,1220.87,551,30943.56442831216,28720.0,551,0.6691908836364746,0.6844106316566467,0,0
7,lower_right_leaf,83,1224.37,551,31201.74228675136,28960.0,551,0.6703777313232422,0.6856275796890259,0,0
7,lower_right_leaf,84,1227.87,551,31401.75680580762,29168.0,551,0.6727272868156433,0.6876650452613831,0,0
7,lower_right_leaf,85,1231.38,551,31664.43557168784,29472.0,551,0.6761941909790039,0.6907255053520203,0,0
7,lower_right_leaf,86,1234.88,551,31902.519056261342,29600.0,551,0.6781789660453796,0.6927688121795654,0,0
7,lower_right_leaf,87,1238.39,551,32093.73502722323,29792.0,551,0.6803278923034668,0.6946308612823486,0,0
7,lower_right_leaf,88,1241.89,551,32235.963702359346,30000.0,551,0.6844565868377686,0.6984363198280334,0,0
7,lower_right_leaf,89,1245.4,551,32438.649727767694,30192.0,551,0.6866769790649414,0.7004438042640686,0,0
7,lower_right_leaf,90,1248.9,551,32635.353901996372,30352.0,551,0.6871616244316101,0.7009242177009583,0,0
7,lower_right_leaf,91,1252.41,551,32728.595281306716,30496.0,551,0.6882216930389404,0.7019867300987244,0,0
7,lower_right_leaf,92,1255.92,551,32887.25952813067,30608.0,551,0.6894433498382568,0.7029011845588684,0,0
7,lower_right_leaf,93,1259.42,551,32966.59165154265,30688.0,551,0.6916248798370361,0.7052748203277588,0,0
7,lower_right_leaf,94,1262.93,551,33130.56987295826,30880.0,551,0.6925714015960693,0.7062249779701233,0,0
7,lower_right_leaf,95,1266.44,551,33263.854809437384,30976.0,551,0.6939243674278259,0.7072368264198303,0,0
7,lower_right_leaf,96,1269.95,551,33302.18511796733,31008.0,551,0.6948052048683167,0.7080745100975037,0,0
7,lower_right_leaf,97,1273.46,551,33371.23774954628,31024.0,551,0.6933078169822693,0.7066569328308105,0,0
7,lower_right_leaf,98,1276.97,551,33415.69509981851,31136.0,551,0.6937381625175476,0.7068652510643005,0,0
7,lower_right_leaf,99,1280.48,551,33481.030852994554,31168.0,551,0.6937925815582275,0.7072023153305054,0,0
7,lower_right_leaf,100,1283.99,551,33506.38112522686,31152.0,551,0.692570149898529,0.7057329416275024,0,0
7,lower_right_leaf,101,1287.51,551,33456.43557168784,31104.0,551,0.6904761791229248,0.7036902904510498,0,0
7,lower_right_leaf,102,1291.02,551,33424.784029038114,31024.0,551,0.6869301199913025,0.70071941614151,0,0
7,lower_right_leaf,103,1294.53,551,33283.13611615245,30960.0,551,0.6828442215919495,0.6965442895889282,0,0
7,lower_right_leaf,104,1298.05,551,33264.81306715064,30896.0,551,0.6806282997131348,0.6945636868476868,0,0
7,lower_right_leaf,105,1301.56,551,33124.96551724138,30640.0,551,0.6760242581367493,0.6900181770324707,0,0
7,lower_right_leaf,106,1305.08,551,32818.64246823957,30320.0,551,0.6697971224784851,0.6840028762817383,0,0
7,lower_right_leaf,107,1308.59,551,32610.642468239563,30112.0,551,0.6640625,0.6784946322441101,0,0
7,lower_right_leaf,108,1312.11,551,32270.606170598912,29808.0,551,0.657207727432251,0.672048807144165,0,0
7,lower_right_leaf,109,1315.62,551,31934.17059891107,29536.0,551,0.6491360068321228,0.6643909215927124,0,0
7,lower_right_leaf,110,1319.14,551,31500.137931034482,29072.0,551,0.6408987045288086,0.6565914154052734,0,0
7,lower_right_leaf,111,1322.66,551,31064.65335753176,28672.0,551,0.6337448358535767,0.6496062874794006,0,0
7,lower_right_leaf,112,1326.18,551,30619.38294010889,28288.0,551,0.6243426203727722,0.6405463814735413,0,0
7,lower_right_leaf,113,1329.7,551,30055.317604355718,27648.0,551,0.6148830056190491,0.6318298578262329,0,0
7,lower_right_leaf,114,1333.22,551,29531.353901996372,27088.0,551,0.6031501889228821,0.6206148266792297,0,0
7,lower_right_leaf,115,1336.74,551,28968.33393829401,26528.0,551,0.5929824709892273,0.6110283136367798,0,0
7,lower_right_leaf,116,1340.26,551,28457.117967332124,26016.0,551,0.5848759412765503,0.6035177707672119,0,0
7,lower_right_leaf,117,1343.78,551,27892.036297640654,25472.0,551,0.5788667798042297,0.5973645448684692,0,0
7,lower_right_leaf,118,1347.3,551,27188.67513611615,24816.0,551,0.5721134543418884,0.59163498878479,0,0
7,lower_right_leaf,119,1350.82,551,26412.42831215971,24080.0,551,0.5677187442779541,0.5876168012619019,0,0
7,lower_right_leaf,120,1354.35,551,25515.353901996372,23296.0,551,0.563223123550415,0.58445143699646,0,0
7,lower_right_leaf,121,1357.87,551,24709.28493647913,22576.0,551,0.5587204098701477,0.5804196000099182,0,0
7,lower_right_leaf,122,1361.39,551,23961.69872958258,21904.0,551,0.5523481369018555,0.5743547677993774,0,0
7,lower_right_leaf,123,1364.92,551,23431.37568058076,21408.0,551,0.544018030166626,0.5672665238380432,0,0
7,lower_right_leaf,124,1368.44,551,23119.825771324864,21248.0,551,0.5312225222587585,0.5548200011253357,0,0
7,lower_right_leaf,125,1371.97,551,22639.941923774953,20752.0,551,0.5152466297149658,0.5397419929504395,0,0
7,lower_right_leaf,126,1375.5,551,21846.562613430127,20000.0,551,0.49597856402397156,0.5212677121162415,0,0
7,lower_right_leaf,127,1379.02,551,20351.24500907441,18624.0,551,0.4733542203903198,0.5006374716758728,0,0
7,lower_right_leaf,128,1382.55,551,18470.38838475499,16912.0,551,0.4436652660369873,0.47370827198028564,0,0
7,lower_right_leaf,129,1386.08,551,16769.887477313976,15376.0,551,0.4074784219264984,0.43970987200737,0,0
7,lower_right_leaf,130,1389.61,551,14941.154264972776,13664.0,551,0.3681541681289673,0.4046242833137512,0,0
7,lower_right_leaf,131,1393.14,551,12959.099818511797,11824.0,551,0.32903918623924255,0.3697732985019684,0,0
7,lower_right_leaf,132,1396.67,551,11182.05444646098,10240.0,551,0.29269662499427795,0.3380952477455139,0,0
7,lower_right_leaf,133,1400.2,551,9827.107078039928,8992.0,551,0.2614302337169647,0.3106849193572998,0,0
7,lower_right_leaf,134,1403.73,551,8847.709618874773,8064.0,551,0.23507462441921234,0.2875560522079468,0,0
7,lower_right_leaf,135,1407.26,551,8139.005444646098,7424.0,551,0.2137121707201004,0.2688787281513214,0,0
7,lower_right_leaf,136,1410.79,551,7696.522686025409,6992.0,551,0.19653894007205963,0.25236406922340393,0,0
7,lower_right_leaf,137,1414.32,551,7404.660617059891,6688.0,551,0.1836857944726944,0.23954154551029205,0,0
7,lower_right_leaf,138,1417.86,551,7235.194192377496,6528.0,551,0.17417782545089722,0.22922636568546295,0,0
7,lower_right_leaf,139,1421.39,551,7126.243194192378,6432.0,551,0.16656926274299622,0.22136136889457703,0,0
7,lower_right_leaf,140,1424.92,551,7061.575317604355,6368.0,551,0.16078658401966095,0.21519659459590912,0,0
7,lower_right_leaf,141,1428.46,551,7048.246823956443,6384.0,551,0.15750707685947418,0.21117021143436432,0,0
7,lower_right_leaf,142,1431.99,551,7004.254083484573,6320.0,551,0.15341545641422272,0.20711296796798706,0,0
7,lower_right_leaf,143,1435.53,551,7017.205081669691,6336.0,551,0.15057915449142456,0.2033468633890152,0,0
7,lower_right_leaf,144,1439.07,551,7013.0526315789475,6336.0,551,0.1488763988018036,0.2018117755651474,0,0
7,lower_right_leaf,145,1442.6,551,7019.092558983666,6304.0,551,0.14755839109420776,0.1990024894475937,0,0
7,lower_right_leaf,146,1446.14,551,7044.617059891107,6336.0,551,0.1471204161643982,0.19798995554447174,0,0
7,lower_right_leaf,147,1449.68,551,7094.911070780399,6400.0,551,0.14753246307373047,0.19804401695728302,0,0
7,lower_right_leaf,148,1453.22,551,7137.858439201452,6448.0,551,0.14705882966518402,0.19753694534301758,0,0
7,lower_right_leaf,149,1456.76,551,7166.199637023594,6464.0,551,0.14747263491153717,0.19693978130817413,0,0
7,lower_right_leaf,150,1460.3,551,7204.791288566244,6480.0,551,0.14812889695167542,0.1976856291294098,0,0
7,lower_right_leaf,151,1463.84,551,7259.731397459165,6528.0,551,0.15046535432338715,0.1997077465057373,0,0
7,lower_right_leaf,152,1467.38,551,7377.045372050817,6640.0,551,0.15351352095603943,0.20358701050281525,0,0
7,lower_right_leaf,153,1470.92,551,7494.446460980036,6704.0,551,0.1570545881986618,0.20770356059074402,0,0
7,lower_right_leaf,154,1474.46,551,7616.609800362977,6848.0,551,0.16260592639446259,0.2139352262020111,0,0
7,lower_right_leaf,155,1478.01,551,7800.508166969147,7024.0,551,0.1684100478887558,0.21954886615276337,0,0
7,lower_right_leaf,156,1481.55,551,7955.920145190563,7168.0,551,0.175930917263031,0.22591857612133026,0,0
7,lower_right_leaf,157,1485.09,551,8145.045372050817,7328.0,551,0.18336887657642365,0.23310984671115875,0,0
7,lower_right_leaf,158,1488.64,551,8357.226860254084,7504.0,551,0.18996798992156982,0.23961980640888214,0,0
7,lower_right_leaf,159,1492.18,551,8558.780399274046,7712.0,551,0.19565217196941376,0.24528302252292633,0,0
7,lower_right_leaf,160,1495.73,551,8792.014519056262,7936.0,551,0.20148462057113647,0.2508978843688965,0,0
7,lower_right_leaf,161,1499.27,551,9011.774954627948,8160.0,551,0.2083333283662796,0.256736159324646,0,0
7,lower_right_leaf,162,1502.82,551,9230.083484573503,8352.0,551,0.21381936967372894,0.2622706890106201,0,0
7,lower_right_leaf,163,1506.37,551,9466.511796733212,8544.0,551,0.21995820105075836,0.2675126791000366,0,0
7,lower_right_leaf,164,1509.91,551,9683.920145190563,8768.0,551,0.2263748049736023,0.27295535802841187,0,0
7,lower_right_leaf,165,1513.46,551,9936.464609800363,8992.0,551,0.23270776867866516,0.2787610590457916,0,0
7,lower_right_leaf,166,1517.01,551,10148.84936479129,9216.0,551,0.2391870766878128,0.28456512093544006,0,0
7,lower_right_leaf,167,1520.56,551,10360.798548094373,9408.0,551,0.24639999866485596,0.2908366620540619,0,0
7,lower_right_leaf,168,1524.11,551,10582.9110707804,9616.0,551,0.2524471879005432,0.2964407503604889,0,0
7,lower_right_leaf,169,1527.66,551,10803.049001814881,9824.0,551,0.2599896192550659,0.3037593960762024,0,0
7,lower_right_leaf,170,1531.21,551,10989.996370235935,10000.0,551,0.2654486894607544,0.30990099906921387,0,0
7,lower_right_leaf,171,1534.76,551,11200.522686025408,10176.0,551,0.27361035346984863,0.3164370059967041,0,0
7,lower_right_leaf,172,1538.32,551,11410.70054446461,10384.0,551,0.28088077902793884,0.3231976330280304,0,0
7,lower_right_leaf,173,1541.87,551,11605.691470054446,10560.0,551,0.287278413772583,0.3304392099380493,0,0
7,lower_right_leaf,174,1545.42,551,11751.317604355718,10672.0,551,0.2938620448112488,0.3363095223903656,0,0
7,lower_right_leaf,175,1548.98,551,11937.568058076225,10864.0,551,0.30042240023612976,0.34308379888534546,0,0
7,lower_right_leaf,176,1552.53,551,12106.018148820327,11024.0,551,0.30814576148986816,0.3506036102771759,0,0
7,lower_right_leaf,177,1556.09,551,12249.669691470055,11216.0,551,0.31518781185150146,0.35717934370040894,0,0
7,lower_right_leaf,178,1559.64,551,12401.364791288566,11360.0,551,0.32192158699035645,0.36406007409095764,0,0
7,lower_right_leaf,179,1563.2,551,12525.589836660618,11456.0,551,0.3280044198036194,0.369035542011261,0,0
7,lower_right_leaf,180,1566.75,551,12649.931034482759,11568.0,551,0.3331509828567505,0.37447917461395264,0,0
7,lower_right_leaf,181,1570.31,551,12765.038112522687,11696.0,551,0.3398546576499939,0.3807026743888855,0,0
7,lower_right_leaf,182,1573.87,551,12903.520871143375,11808.0,551,0.34507429599761963,0.3861702084541321,0,0
7,lower_right_leaf,183,1577.43,551,13007.738656987296,11888.0,551,0.3520320653915405,0.39314407110214233,0,0
7,lower_right_leaf,184,1580.99,551,13090.38112522686,11984.0,551,0.3578185737133026,0.398703396320343,0,0
7,lower_right_leaf,185,1584.55,551,13167.912885662432,12080.0,551,0.3625218868255615,0.4035850167274475,0,0
7,lower_right_leaf,186,1588.11,551,13242.424682395644,12128.0,551,0.36851415038108826,0.4092664122581482,0,0
7,lower_right_leaf,187,1591.67,551,13333.575317604356,12208.0,551,0.37456241250038147,0.41486412286758423,0,0
7,lower_right_leaf,188,1595.23,551,13404.399274047188,12256.0,551,0.37998807430267334,0.42157402634620667,0,0
7,lower_right_leaf,189,1598.79,551,13438.80943738657,12320.0,551,0.38614457845687866,0.42737895250320435,0,0
7,lower_right_leaf,190,1602.35,551,13457.277676950998,12320.0,551,0.39251208305358887,0.43337005376815796,0,0
7,lower_right_leaf,191,1605.92,551,13462.998185117967,12336.0,551,0.39939939975738525,0.439461886882782,0,0
7,lower_right_leaf,192,1609.48,551,13483.237749546279,12400.0,551,0.40634921193122864,0.4470854699611664,0,0
7,lower_right_leaf,193,1613.04,551,13470.05444646098,12384.0,551,0.40984615683555603,0.451838880777359,0,0
7,lower_right_leaf,194,1616.61,551,13414.243194192377,12320.0,551,0.4128091335296631,0.454439252614975,0,0
7,lower_right_leaf,195,1620.17,551,13372.457350272232,12272.0,551,0.41584157943725586,0.4574095606803894,0,0
7,lower_right_leaf,196,1623.74,551,13282.323049001814,12160.0,551,0.4199106693267822,0.4618593454360962,0,0
7,lower_right_leaf,197,1627.31,551,13198.548094373866,12112.0,551,0.42391303181648254,0.4663432240486145,0,0
7,lower_right_leaf,198,1630.87,551,13113.466424682396,12064.0,551,0.42896175384521484,0.47149261832237244,0,0
7,lower_right_leaf,199,1634.44,551,13027.833030852995,11984.0,551,0.4339878261089325,0.47727271914482117,0,0
7,lower_right_leaf,200,1638.01,551,12920.798548094373,11888.0,551,0.4383070170879364,0.4821544587612152,0,0
7,lower_right_leaf,201,1641.58,551,12790.185117967332,11760.0,551,0.44348451495170593,0.48761409521102905,0,0
7,lower_right_leaf,202,1645.15,551,12681.234119782213,11680.0,551,0.4489346146583557,0.49358540773391724,0,0
7,lower_right_leaf,203,1648.71,551,12515.4555353902,11520.0,551,0.4552294909954071,0.5014285445213318,0,0
7,lower_right_leaf,204,1652.29,551,12296.275862068966,11328.0,551,0.4635499119758606,0.5101302266120911,0,0
7,lower_right_leaf,205,1655.86,551,12039.46279491833,11088.0,551,0.47146400809288025,0.5186813473701477,0,0
7,lower_right_leaf,206,1659.43,551,11707.586206896553,10752.0,551,0.4799658954143524,0.52900230884552,0,0
7,lower_right_leaf,207,1663.0,551,11281.19056261343,10384.0,551,0.49005424976348877,0.5418719053268433,0,0
7,lower_right_leaf,208,1666.57,551,10721.539019963702,9888.0,551,0.5041493773460388,0.5573476552963257,0,0
7,lower_right_leaf,209,1670.14,551,10034.671506352088,9264.0,551,0.5202702879905701,0.5770020484924316,0,0
7,lower_right_leaf,210,1673.72,551,9169.103448275862,8464.0,551,0.5327102541923523,0.5955967307090759,0,0
7,lower_right_leaf,211,1677.29,551,8183.578947368421,7584.0,551,0.5397058725357056,0.6113306879997253,0,0
7,lower_right_leaf,212,1680.87,551,7148.050816696915,6672.0,551,0.5418182015419006,0.625,0,0
7,lower_right_leaf,213,1684.44,551,6160.261343012704,5776.0,551,0.541304349899292,0.6385321021080017,0,0
7,lower_right_leaf,214,1688.02,551,5301.459165154265,4992.0,551,0.5384615659713745,0.6543967127799988,0,0
7,lower_right_leaf,215,1691.59,551,4602.511796733213,4368.0,551,0.5323740839958191,0.6698794960975647,0,0
7,lower_right_leaf,216,1695.17,551,4068.733212341198,3872.0,551,0.5271966457366943,0.6861110925674438,0,0
7,lower_right_leaf,217,1698.75,551,3681.4519056261342,3520.0,551,0.5243242979049683,0.7066246271133423,0,0
7,lower_right_leaf,218,1702.33,551,3393.742286751361,3264.0,551,0.5279502868652344,0.731448769569397,0,0
7,lower_right_leaf,219,1705.91,551,3172.820326678766,3072.0,551,0.5348837375640869,0.7549406886100769,0,0
7,lower_right_leaf,220,1709.49,551,3007.186932849365,2912.0,551,0.5438596606254578,0.7777777910232544,0,0
7,lower_right_leaf,221,1713.07,551,2864.929219600726,2784.0,551,0.5555555820465088,0.800000011920929,0,0
7,lower_right_leaf,222,1716.65,551,2749.502722323049,2688.0,551,0.5647059082984924,0.8195121884346008,0,0
7,lower_right_leaf,223,1720.23,551,2670.606170598911,2624.0,551,0.5810810923576355,0.8402062058448792,0,0
8,upper_leaf,0,935.61,254,3604.3464566929133,3584.0,254,0.7323943376541138,0.855237603187561,0,0
8,upper_leaf,1,939.06,254,3963.3385826771655,3952.0,254,0.7306568026542664,0.8406779766082764,0,0
8,upper_leaf,2,942.52,254,4984.881889763779,4960.0,254,0.7307692170143127,0.8157894611358643,0,0
8,upper_leaf,3,945.98,254,6431.811023622047,6384.0,254,0.7328042387962341,0.7967979907989502,0,0
8,upper_leaf,4,949.43,254,8108.6614173228345,8056.0,254,0.7309894561767578,0.7810559272766113,0,0
8,upper_leaf,5,952.89,254,9758.299212598426,9680.0,254,0.7286356687545776,0.7697200775146484,0,0
8,upper_leaf,6,956.35,254,11405.48031496063,11312.0,254,0.7236146926879883,0.759172797203064,0,0
8,upper_leaf,7,959.81,254,12841.322834645669,12768.0,254,0.7230745553970337,0.7544451951980591,0,0
8,upper_leaf,8,963.27,254,14074.07874015748,14016.0,254,0.721957266330719,0.7508575916290283,0,0
8,upper_leaf,9,966.73,254,14991.622047244095,14896.0,254,0.7197493314743042,0.7468804121017456,0,0
8,upper_leaf,10,970.19,254,15779.527559055117,15712.0,254,0.7206010818481445,0.7459173202514648,0,0
8,upper_leaf,11,973.65,254,16416.56692913386,16320.0,254,0.7208466529846191,0.7452625036239624,0,0
8,upper_leaf,12,977.11,254,16947.023622047243,16888.0,254,0.7205708026885986,0.7438082695007324,0,0
8,upper_leaf,13,980.58,254,17410.3937007874,17320.0,254,0.7214717268943787,0.7438719868659973,0,0
8,upper_leaf,14,984.04,254,17838.48818897638,17688.0,254,0.7226508855819702,0.7448915839195251,0,0
8,upper_leaf,15,987.51,254,18275.40157480315,18160.0,254,0.725615382194519,0.7475460767745972,0,0
8,upper_leaf,16,990.97,254,18643.464566929135,18536.0,254,0.7261651754379272,0.7474318742752075,0,0
8,upper_leaf,17,994.43,254,19030.67716535433,18896.0,254,0.7297221422195435,0.7504804134368896,0,0
8,upper_leaf,18,997.9,254,19381.03937007874,19280.0,254,0.7319689989089966,0.7519423961639404,0,0
8,upper_leaf,19,1001.37,254,19710.614173228347,19600.0,254,0.7347230911254883,0.753986120223999,0,0
8,upper_leaf,20,1004.83,254,20097.826771653545,20000.0,254,0.7376836538314819,0.7569531202316284,0,0
8,upper_leaf,21,1008.3,254,20414.929133858266,20264.0,254,0.7403479218482971,0.7588990926742554,0,0
8,upper_leaf,22,1011.77,254,20824.12598425197,20704.0,254,0.7425302267074585,0.7612028121948242,0,0
8,upper_leaf,23,1015.24,254,21161.196850393702,21008.0,254,0.7454986572265625,0.7630981206893921,0,0
8,upper_leaf,24,1018.71,254,21465.952755905513,21288.0,254,0.7494590878486633,0.7668397426605225,0,0
8,upper_leaf,25,1022.18,254,21863.748031496063,21768.0,254,0.7494684457778931,0.7666105031967163,0,0
8,upper_leaf,26,1025.65,254,22125.228346456694,21984.0,254,0.7526084184646606,0.7692527770996094,0,0
8,upper_leaf,27,1029.12,254,22491.27559055118,22352.0,254,0.7549067735671997,0.7711746096611023,0,0
8,upper_leaf,28,1032.59,254,22848.503937007874,22736.0,254,0.7573657035827637,0.7729608416557312,0,0
8,upper_leaf,29,1036.06,254,23165.48031496063,23056.0,254,0.7594727277755737,0.774813175201416,0,0
8,upper_leaf,30,1039.53,254,23509.354330708662,23368.0,254,0.7610923647880554,0.776333212852478,0,0
8,upper_leaf,31,1043.0,254,23819.464566929135,23688.0,254,0.7616903781890869,0.776847779750824,0,0
8,upper_leaf,32,1046.48,254,24140.15748031496,23984.0,254,0.7636970281600952,0.7782378196716309,0,0
8,upper_leaf,33,1049.95,254,24490.141732283464,24352.0,254,0.7648502588272095,0.7792573571205139,0,0
8,upper_leaf,34,1053.43,254,24793.826771653545,24648.0,254,0.7663888931274414,0.780259370803833,0,0
8,upper_leaf,35,1056.9,254,25137.007874015748,24976.0,254,0.7669061422348022,0.7807432413101196,0,0
8,upper_leaf,36,1060.38,254,25378.07874015748,25184.0,254,0.7676321268081665,0.7811652421951294,0,0
8,upper_leaf,37,1063.85,254,25747.590551181103,25584.0,254,0.7689908742904663,0.7826097011566162,0,0
8,upper_leaf,38,1067.33,254,26041.32283464567,25880.0,254,0.7706516981124878,0.7838492393493652,0,0
8,upper_leaf,39,1070.81,254,26342.67716535433,26144.0,254,0.7713263630867004,0.7844970226287842,0,0
8,upper_leaf,40,1074.29,254,26595.905511811023,26432.0,254,0.7713338136672974,0.784276008605957,0,0
8,upper_leaf,41,1077.76,254,26839.685039370077,26664.0,254,0.7708016633987427,0.7835797667503357,0,0
8,upper_leaf,42,1081.24,254,27124.91338582677,26944.0,254,0.7709896564483643,0.7837184071540833,0,0
8,upper_leaf,43,1084.72,254,27402.20472440945,27232.0,254,0.7720362544059753,0.7845250368118286,0,0
8,upper_leaf,44,1088.2,254,27664.44094488189,27440.0,254,0.7707477807998657,0.783260703086853,0,0
8,upper_leaf,45,1091.68,254,27965.48031496063,27800.0,254,0.7706894874572754,0.7830172777175903,0,0
8,upper_leaf,46,1095.17,254,28184.12598425197,27960.0,254,0.7704796195030212,0.7828418016433716,0,0
8,upper_leaf,47,1098.65,254,28430.425196850392,28192.0,254,0.7697497010231018,0.7819932699203491,0,0
8,upper_leaf,48,1102.13,254,28625.76377952756,28432.0,254,0.7703827619552612,0.7823623418807983,0,0
8,upper_leaf,49,1105.61,254,28885.48031496063,28688.0,254,0.7701079845428467,0.7820988893508911,0,0
8,upper_leaf,50,1109.1,254,29110.48818897638,28920.0,254,0.770193338394165,0.7819517850875854,0,0
8,upper_leaf,51,1112.58,254,29270.55118110236,29024.0,254,0.768987774848938,0.7808867692947388,0,0
8,upper_leaf,52,1116.07,254,29426.897637795275,29160.0,254,0.7688539624214172,0.7805420160293579,0,0
8,upper_leaf,53,1119.55,254,29559.055118110235,29352.0,254,0.769282341003418,0.7810637950897217,0,0
8,upper_leaf,54,1123.04,254,29658.07874015748,29440.0,254,0.7685954570770264,0.7802294492721558,0,0
8,upper_leaf,55,1126.52,254,29817.51181102362,29584.0,254,0.7662861347198486,0.7780810594558716,0,0
8,upper_leaf,56,1130.01,254,29882.771653543306,29664.0,254,0.7635738849639893,0.7753750085830688,0,0
8,upper_leaf,57,1133.5,254,29880.251968503937,29640.0,254,0.7585611343383789,0.770618200302124,0,0
8,upper_leaf,58,1136.99,254,29751.370078740158,29520.0,254,0.7507070302963257,0.7630274295806885,0,0
8,upper_leaf,59,1140.47,254,29586.3937007874,29344.0,254,0.7401002049446106,0.7529196739196777,0,0
8,upper_leaf,60,1143.96,254,29414.803149606298,29192.0,254,0.729325532913208,0.7424451112747192,0,0
8,upper_leaf,61,1147.45,254,29186.015748031496,28960.0,254,0.7191267609596252,0.7328764200210571,0,0
8,upper_leaf,62,1150.94,254,29037.79527559055,28816.0,254,0.7112751603126526,0.7254512310028076,0,0
8,upper_leaf,63,1154.43,254,28957.291338582676,28744.0,254,0.7065997123718262,0.720856249332428,0,0
8,upper_leaf,64,1157.93,254,28978.20472440945,28736.0,254,0.7041395902633667,0.7181946635246277,0,0
8,upper_leaf,65,1161.42,254,29053.66929133858,28840.0,254,0.7048386931419373,0.7188369035720825,0,0
8,upper_leaf,66,1164.91,254,29159.11811023622,28968.0,254,0.705830991268158,0.719822883605957,0,0
8,upper_leaf,67,1168.4,254,29332.72440944882,29112.0,254,0.7050727605819702,0.719191312789917,0,0
8,upper_leaf,68,1171.9,254,29434.897637795275,29216.0,254,0.7065465450286865,0.72069251537323,0,0
8,upper_leaf,69,1175.39,254,29548.472440944883,29320.0,254,0.7074086666107178,0.7214553356170654,0,0
8,upper_leaf,70,1178.89,254,29690.645669291338,29448.0,254,0.7069599628448486,0.7208166122436523,0,0
8,upper_leaf,71,1182.38,254,29811.716535433072,29560.0,254,0.7044121026992798,0.7181625366210938,0,0
8,upper_leaf,72,1185.88,254,29975.622047244095,29752.0,254,0.699699342250824,0.7134637236595154,0,0
8,upper_leaf,73,1189.37,254,30101.6062992126,29848.0,254,0.6953754425048828,0.7091150283813477,0,0
8,upper_leaf,74,1192.87,254,30252.535433070865,30024.0,254,0.6919312477111816,0.705905556678772,0,0
8,upper_leaf,75,1196.37,254,30447.87401574803,30192.0,254,0.6912612915039062,0.7052397727966309,0,0
8,upper_leaf,76,1199.87,254,30636.661417322834,30392.0,254,0.6909229755401611,0.7047115564346313,0,0
8,upper_leaf,77,1203.37,254,30917.228346456694,30672.0,254,0.6912558078765869,0.7047882080078125,0,0
8,upper_leaf,78,1206.87,254,31145.700787401576,30872.0,254,0.692249059677124,0.7058396339416504,0,0
8,upper_leaf,79,1210.37,254,31308.91338582677,31040.0,254,0.6938273906707764,0.7071883678436279,0,0
8,upper_leaf,80,1213.87,254,31530.3937007874,31296.0,254,0.694717288017273,0.7078897953033447,0,0
8,upper_leaf,81,1217.37,254,31712.818897637797,31448.0,254,0.6967336535453796,0.7099530696868896,0,0
8,upper_leaf,82,1220.87,254,32010.015748031496,31696.0,254,0.6994360685348511,0.7124100923538208,0,0
8,upper_leaf,83,1224.37,254,32224.377952755905,31984.0,254,0.7014923691749573,0.714336633682251,0,0
8,upper_leaf,84,1227.87,254,32436.535433070865,32120.0,254,0.703917920589447,0.716738224029541,0,0
8,upper_leaf,85,1231.38,254,32682.015748031496,32368.0,254,0.7056968212127686,0.7183948755264282,0,0
8,upper_leaf,86,1234.88,254,32892.09448818897,32616.0,254,0.7077293395996094,0.7203556895256042,0,0
8,upper_leaf,87,1238.39,254,33079.55905511811,32800.0,254,0.7100972533226013,0.7222328186035156,0,0
8,upper_leaf,88,1241.89,254,33230.92913385827,32968.0,254,0.7125231027603149,0.7245665788650513,0,0
8,upper_leaf,89,1245.4,254,33427.464566929135,33128.0,254,0.7136015892028809,0.7257672548294067,0,0
8,upper_leaf,90,1248.9,254,33631.62204724409,33328.0,254,0.715378999710083,0.7273518443107605,0,0
8,upper_leaf,91,1252.41,254,33730.20472440945,33424.0,254,0.715642511844635,0.7278289198875427,0,0
8,upper_leaf,92,1255.92,254,33903.811023622045,33592.0,254,0.7171537280082703,0.7290222644805908,0,0
8,upper_leaf,93,1259.42,254,33989.35433070866,33680.0,254,0.7187557220458984,0.7303175926208496,0,0
8,upper_leaf,94,1262.93,254,34140.97637795276,33864.0,254,0.7187835574150085,0.7304319143295288,0,0
8,upper_leaf,95,1266.44,254,34257.95275590551,33952.0,254,0.7196198105812073,0.7311532497406006,0,0
8,upper_leaf,96,1269.95,254,34307.90551181103,33984.0,254,0.7201967835426331,0.7320096492767334,0,0
8,upper_leaf,97,1273.46,254,34367.18110236221,34024.0,254,0.719782292842865,0.7314281463623047,0,0
8,upper_leaf,98,1276.97,254,34343.87401574803,34056.0,254,0.7190450429916382,0.7306115627288818,0,0
8,upper_leaf,99,1280.48,254,34419.84251968504,34088.0,254,0.719367265701294,0.7307166457176208,0,0
8,upper_leaf,100,1283.99,254,34465.82677165354,34160.0,254,0.7169675230979919,0.7287197113037109,0,0
8,upper_leaf,101,1287.51,254,34412.66141732284,34080.0,254,0.7161320447921753,0.7276585698127747,0,0
8,upper_leaf,102,1291.02,254,34396.15748031496,34056.0,254,0.7133266925811768,0.7249455451965332,0,0
8,upper_leaf,103,1294.53,254,34237.85826771653,33968.0,254,0.7102164626121521,0.7221044898033142,0,0
8,upper_leaf,104,1298.05,254,34177.32283464567,33848.0,254,0.7060893177986145,0.7179053425788879,0,0
8,upper_leaf,105,1301.56,254,34042.89763779528,33736.0,254,0.7027701139450073,0.7150635719299316,0,0
8,upper_leaf,106,1305.08,254,33770.89763779528,33464.0,254,0.698145866394043,0.710772693157196,0,0
8,upper_leaf,107,1308.59,254,33520.81889763779,33176.0,254,0.6928657293319702,0.7054327726364136,0,0
8,upper_leaf,108,1312.11,254,33198.740157480315,32816.0,254,0.6864844560623169,0.6991223096847534,0,0
8,upper_leaf,109,1315.62,254,32877.03937007874,32528.0,254,0.6798014640808105,0.6928343772888184,0,0
8,upper_leaf,110,1319.14,254,32448.377952755905,32136.0,254,0.6712206602096558,0.6844527721405029,0,0
8,upper_leaf,111,1322.66,254,32008.062992125986,31704.0,254,0.662488579750061,0.6762725114822388,0,0
8,upper_leaf,112,1326.18,254,31576.251968503937,31264.0,254,0.6533032655715942,0.6675252914428711,0,0
8,upper_leaf,113,1329.7,254,31011.338582677166,30648.0,254,0.6426663398742676,0.6572650671005249,0,0
8,upper_leaf,114,1333.22,254,30527.24409448819,30176.0,254,0.6332974433898926,0.6485556960105896,0,0
8,upper_leaf,115,1336.74,254,29944.0,29672.0,254,0.6238319873809814,0.6395108699798584,0,0
8,upper_leaf,116,1340.26,254,29457.952755905513,29128.0,254,0.614841103553772,0.630893886089325,0,0
8,upper_leaf,117,1343.78,254,28891.905511811023,28584.0,254,0.607932448387146,0.6245420575141907,0,0
8,upper_leaf,118,1347.3,254,28169.133858267716,27840.0,254,0.601745069026947,0.6186683177947998,0,0
8,upper_leaf,119,1350.82,254,27354.456692913387,27040.0,254,0.5969595909118652,0.6146767139434814,0,0
8,upper_leaf,120,1354.35,254,26421.03937007874,26096.0,254,0.5920513868331909,0.6104186177253723,0,0
8,upper_leaf,121,1357.87,254,25557.732283464567,25240.0,254,0.5868566632270813,0.60596764087677,0,0
8,upper_leaf,122,1361.39,254,24762.141732283464,24496.0,254,0.5793501734733582,0.5987818837165833,0,0
8,upper_leaf,123,1364.92,254,24237.48031496063,23944.0,254,0.5700353384017944,0.5906399488449097,0,0
8,upper_leaf,124,1368.44,254,23900.472440944883,23576.0,254,0.5563554167747498,0.5780714750289917,0,0
8,upper_leaf,125,1371.97,254,23367.11811023622,23008.0,254,0.5401130318641663,0.5616458654403687,0,0
8,upper_leaf,126,1375.5,254,22502.67716535433,22128.0,254,0.5201554894447327,0.5424588322639465,0,0
8,upper_leaf,127,1379.02,254,20961.889763779527,20592.0,254,0.4950360655784607,0.5196540951728821,0,0
8,upper_leaf,128,1382.55,254,19051.779527559054,18680.0,254,0.46347421407699585,0.4905773103237152,0,0
8,upper_leaf,129,1386.08,254,17240.69291338583,16888.0,254,0.4235997200012207,0.45354557037353516,0,0
8,upper_leaf,130,1389.61,254,15344.251968503937,15016.0,254,0.38256555795669556,0.4156157970428467,0,0
8,upper_leaf,131,1393.14,254,13353.322834645669,13104.0,254,0.34391146898269653,0.38088536262512207,0,0
8,upper_leaf,132,1396.67,254,11511.622047244095,11272.0,254,0.30706799030303955,0.34785816073417664,0,0
8,upper_leaf,133,1400.2,254,10110.299212598426,9912.0,254,0.27542680501937866,0.32062673568725586,0,0
8,upper_leaf,134,1403.73,254,9115.023622047243,8936.0,254,0.24950076639652252,0.2977427840232849,0,0
8,upper_leaf,135,1407.26,254,8389.48031496063,8208.0,254,0.22820739448070526,0.278323233127594,0,0
8,upper_leaf,136,1410.79,254,7936.0,7744.0,254,0.2110597789287567,0.26183396577835083,0,0
8,upper_leaf,137,1414.32,254,7691.212598425197,7512.0,254,0.20005649328231812,0.2511390447616577,0,0
8,upper_leaf,138,1417.86,254,7554.456692913386,7368.0,254,0.19112715125083923,0.242177352309227,0,0
8,upper_leaf,139,1421.39,254,7465.007874015748,7280.0,254,0.18413129448890686,0.23394982516765594,0,0
8,upper_leaf,140,1424.92,254,7421.417322834645,7248.0,254,0.17889650166034698,0.22820737957954407,0,0
8,upper_leaf,141,1428.46,254,7412.913385826771,7216.0,254,0.17421060800552368,0.22364774346351624,0,0
8,upper_leaf,142,1431.99,254,7398.740157480315,7192.0,254,0.17111045122146606,0.21994534134864807,0,0
8,upper_leaf,143,1435.53,254,7427.653543307087,7232.0,254,0.1698017567396164,0.21748527884483337,0,0
8,upper_leaf,144,1439.07,254,7456.818897637795,7248.0,254,0.1680043339729309,0.2153516709804535,0,0
8,upper_leaf,145,1442.6,254,7473.700787401574,7264.0,254,0.16600298881530762,0.21359461545944214,0,0
8,upper_leaf,146,1446.14,254,7532.157480314961,7312.0,254,0.16600985825061798,0.21259883046150208,0,0
8,upper_leaf,147,1449.68,254,7584.0,7360.0,254,0.1664201021194458,0.2121986448764801,0,0
8,upper_leaf,148,1453.22,254,7632.44094488189,7432.0,254,0.16694898903369904,0.21255157887935638,0,0
8,upper_leaf,149,1456.76,254,7711.181102362205,7504.0,254,0.16782590746879578,0.2134036272764206,0,0
8,upper_leaf,150,1460.3,254,7767.433070866142,7552.0,254,0.16886214911937714,0.21431970596313477,0,0
8,upper_leaf,151,1463.84,254,7860.472440944882,7632.0,254,0.17170941829681396,0.2168944925069809,0,0
8,upper_leaf,152,1467.38,254,7946.645669291339,7696.0,254,0.17534974217414856,0.21977491676807404,0,0
8,upper_leaf,153,1470.92,254,8103.55905511811,7856.0,254,0.18003937602043152,0.22560074925422668,0,0
8,upper_leaf,154,1474.46,254,8275.71653543307,8032.0,254,0.18641597032546997,0.23188751935958862,0,0
8,upper_leaf,155,1478.01,254,8467.653543307086,8256.0,254,0.19466903805732727,0.239381343126297,0,0
8,upper_leaf,156,1481.55,254,8654.866141732284,8424.0,254,0.20108579099178314,0.24631479382514954,0,0
8,upper_leaf,157,1485.09,254,8854.677165354331,8624.0,254,0.20858144760131836,0.2532802224159241,0,0
8,upper_leaf,158,1488.64,254,9103.055118110236,8872.0,254,0.21644803881645203,0.26056337356567383,0,0
8,upper_leaf,159,1492.18,254,9372.787401574804,9112.0,254,0.22415509819984436,0.2683212459087372,0,0
8,upper_leaf,160,1495.73,254,9643.338582677165,9408.0,254,0.2311881184577942,0.2749709188938141,0,0
8,upper_leaf,161,1499.27,254,9918.36220472441,9664.0,254,0.23840054869651794,0.28114038705825806,0,0
8,upper_leaf,162,1502.82,254,10129.448818897637,9864.0,254,0.24542278051376343,0.28741198778152466,0,0
8,upper_leaf,163,1506.37,254,10405.92125984252,10168.0,254,0.2525140047073364,0.29411768913269043,0,0
8,upper_leaf,164,1509.91,254,10677.228346456694,10432.0,254,0.25943028926849365,0.3004133999347687,0,0
8,upper_leaf,165,1513.46,254,10976.503937007874,10704.0,254,0.2673913240432739,0.30788591504096985,0,0
8,upper_leaf,166,1517.01,254,11215.685039370079,10984.0,254,0.2746052145957947,0.31437772512435913,0,0
8,upper_leaf,167,1520.56,254,11486.866141732284,11240.0,254,0.28291410207748413,0.32274293899536133,0,0
8,upper_leaf,168,1524.11,254,11754.771653543306,11504.0,254,0.2907801866531372,0.32937753200531006,0,0
8,upper_leaf,169,1527.66,254,11999.181102362205,11744.0,254,0.298525333404541,0.33703720569610596,0,0
8,upper_leaf,170,1531.21,254,12264.377952755905,11992.0,254,0.30585041642189026,0.34454116225242615,0,0
8,upper_leaf,171,1534.76,254,12505.133858267716,12232.0,254,0.314167857170105,0.35221266746520996,0,0
8,upper_leaf,172,1538.32,254,12735.685039370079,12440.0,254,0.32147207856178284,0.3589458465576172,0,0
8,upper_leaf,173,1541.87,254,13005.48031496063,12728.0,254,0.33028483390808105,0.3673800230026245,0,0
8,upper_leaf,174,1545.42,254,13197.795275590552,12928.0,254,0.3379536271095276,0.375206857919693,0,0
8,upper_leaf,175,1548.98,254,13427.968503937007,13160.0,254,0.3461160659790039,0.3827364444732666,0,0
8,upper_leaf,176,1552.53,254,13598.173228346457,13320.0,254,0.35409796237945557,0.3906761109828949,0,0
8,upper_leaf,177,1556.09,254,13808.88188976378,13552.0,254,0.36141854524612427,0.3980308473110199,0,0
8,upper_leaf,178,1559.64,254,13996.28346456693,13696.0,254,0.36924999952316284,0.40519416332244873,0,0
8,upper_leaf,179,1563.2,254,14138.582677165354,13848.0,254,0.3768261969089508,0.41278454661369324,0,0
8,upper_leaf,180,1566.75,254,14292.787401574804,14008.0,254,0.38376420736312866,0.4188156723976135,0,0
8,upper_leaf,181,1570.31,254,14462.992125984252,14192.0,254,0.3910509943962097,0.4260084629058838,0,0
8,upper_leaf,182,1573.87,254,14600.88188976378,14336.0,254,0.3984711766242981,0.43257421255111694,0,0
8,upper_leaf,183,1577.43,254,14699.653543307086,14416.0,254,0.4048060178756714,0.43888890743255615,0,0
8,upper_leaf,184,1580.99,254,14810.771653543306,14560.0,254,0.4116101562976837,0.44649505615234375,0,0
8,upper_leaf,185,1584.55,254,14941.354330708662,14704.0,254,0.41820934414863586,0.45262205600738525,0,0
8,upper_leaf,186,1588.11,254,14996.28346456693,14720.0,254,0.42376887798309326,0.4583936333656311,0,0
8,upper_leaf,187,1591.67,254,15071.874015748032,14808.0,254,0.43043410778045654,0.4646338224411011,0,0
8,upper_leaf,188,1595.23,254,15126.110236220473,14856.0,254,0.43582847714424133,0.47052842378616333,0,0
8,upper_leaf,189,1598.79,254,15166.677165354331,14904.0,254,0.4423823058605194,0.47637367248535156,0,0
8,upper_leaf,190,1602.35,254,15196.976377952757,14920.0,254,0.44856613874435425,0.4825964868068695,0,0
8,upper_leaf,191,1605.92,254,15189.03937007874,14920.0,254,0.45560210943222046,0.4897637665271759,0,0
8,upper_leaf,192,1609.48,254,15168.251968503937,14928.0,254,0.4612775146961212,0.49536651372909546,0,0
8,upper_leaf,193,1613.04,254,15134.110236220473,14880.0,254,0.46580201387405396,0.5005384683609009,0,0
8,upper_leaf,194,1616.61,254,15062.425196850394,14792.0,254,0.46736612915992737,0.5024545788764954,0,0
8,upper_leaf,195,1620.17,254,14956.28346456693,14712.0,254,0.46984604001045227,0.5046480894088745,0,0
8,upper_leaf,196,1623.74,254,14820.031496062993,14592.0,254,0.4732569456100464,0.508635401725769,0,0
8,upper_leaf,197,1627.31,254,14722.51968503937,14496.0,254,0.4775039255619049,0.5123268365859985,0,0
8,upper_leaf,198,1630.87,254,14607.874015748032,14400.0,254,0.4830440282821655,0.5189578533172607,0,0
8,upper_leaf,199,1634.44,254,14488.188976377953,14216.0,254,0.4868921637535095,0.5224146842956543,0,0
8,upper_leaf,200,1638.01,254,14363.464566929133,14128.0,254,0.4908216595649719,0.5260027647018433,0,0
8,upper_leaf,201,1641.58,254,14210.204724409448,14000.0,254,0.4965610206127167,0.5328419208526611,0,0
8,upper_leaf,202,1645.15,254,14057.511811023622,13824.0,254,0.5020107626914978,0.538653552532196,0,0
8,upper_leaf,203,1648.71,254,13837.102362204725,13600.0,254,0.5078253746032715,0.5457475185394287,0,0
8,upper_leaf,204,1652.29,254,13577.63779527559,13384.0,254,0.5162456035614014,0.554968535900116,0,0
8,upper_leaf,205,1655.86,254,13272.566929133858,13072.0,254,0.5233815908432007,0.5627998113632202,0,0
8,upper_leaf,206,1659.43,254,12867.023622047243,12640.0,254,0.5309916734695435,0.5716353058815002,0,0
8,upper_leaf,207,1663.0,254,12393.007874015748,12200.0,254,0.5415087342262268,0.5833977460861206,0,0
8,upper_leaf,208,1666.57,254,11779.27559055118,11616.0,254,0.5548394322395325,0.599502444267273,0,0
8,upper_leaf,209,1670.14,254,11016.44094488189,10880.0,254,0.5708460807800293,0.6183136701583862,0,0
8,upper_leaf,210,1673.72,254,10042.51968503937,9944.0,254,0.5844907164573669,0.6354261636734009,0,0
8,upper_leaf,211,1677.29,254,8909.03937007874,8800.0,254,0.5934723615646362,0.6508335471153259,0,0
8,upper_leaf,212,1680.87,254,7750.614173228347,7648.0,254,0.593752384185791,0.6624559760093689,0,0
8,upper_leaf,213,1684.44,254,6642.582677165355,6560.0,254,0.5944234728813171,0.6746731400489807,0,0
8,upper_leaf,214,1688.02,254,5687.118110236221,5632.0,254,0.5923076868057251,0.6875007152557373,0,0
8,upper_leaf,215,1691.59,254,4940.59842519685,4880.0,254,0.5879548788070679,0.7028564214706421,0,0
8,upper_leaf,216,1695.17,254,4351.433070866142,4304.0,254,0.5772972106933594,0.7129652500152588,0,0
8,upper_leaf,217,1698.75,254,3888.503937007874,3856.0,254,0.5778318643569946,0.731117844581604,0,0
8,upper_leaf,218,1702.33,254,3551.9370078740158,3536.0,254,0.5826050043106079,0.7529603838920593,0,0
8,upper_leaf,219,1705.91,254,3300.850393700787,3280.0,254,0.5902777910232544,0.7760902643203735,0,0
8,upper_leaf,220,1709.49,254,3098.3937007874015,3088.0,254,0.6008130311965942,0.797520637512207,0,0
8,upper_leaf,221,1713.07,254,2949.0393700787404,2936.0,254,0.6095238327980042,0.8169642686843872,0,0
8,upper_leaf,222,1716.65,254,2837.8582677165355,2816.0,254,0.6195651888847351,0.8349056839942932,0,0
8,upper_leaf,223,1720.23,254,2738.015748031496,2720.0,254,0.6219512224197388,0.8465346693992615,0,0
9,lower_leaf,0,935.61,274,5068.788321167884,5120.0,274,1.3958333730697632,1.2150943279266357,0,0
9,lower_leaf,1,939.06,274,5783.299270072993,5856.0,274,1.4137930870056152,1.2457337379455566,0,0
9,lower_leaf,2,942.52,274,7822.306569343065,7952.0,274,1.4444444179534912,1.3052631616592407,0,0
9,lower_leaf,3,945.98,274,10712.058394160584,10896.0,274,1.463350772857666,1.351888656616211,0,0
9,lower_leaf,4,949.43,274,14069.60583941606,14320.0,274,1.4698113203048706,1.3830113410949707,0,0
9,lower_leaf,5,952.89,274,17583.532846715327,17904.0,274,1.4690721035003662,1.3987445831298828,0,0
9,lower_leaf,6,956.35,274,20677.19708029197,21056.0,274,1.4651602506637573,1.4053195714950562,0,0
9,lower_leaf,7,959.81,274,23571.85401459854,24016.0,274,1.4641153812408447,1.4117929935455322,0,0
9,lower_leaf,8,963.27,274,26007.357664233576,26504.0,274,1.4619388580322266,1.4141151905059814,0,0
9,lower_leaf,9,966.73,274,27962.160583941604,28512.0,274,1.4571465253829956,1.4133561849594116,0,0
9,lower_leaf,10,970.19,274,29452.729927007298,29992.0,274,1.45907723903656,1.4179267883300781,0,0
9,lower_leaf,11,973.65,274,30723.678832116788,31272.0,274,1.4594060182571411,1.4196490049362183,0,0
9,lower_leaf,12,977.11,274,31815.182481751825,32368.0,274,1.4608862400054932,1.4223179817199707,0,0
9,lower_leaf,13,980.58,274,32821.60583941606,33416.0,274,1.4635224342346191,1.4258406162261963,0,0
9,lower_leaf,14,984.04,274,33551.59124087591,34160.0,274,1.4668378829956055,1.4289578199386597,0,0
9,lower_leaf,15,987.51,274,34466.97810218978,35136.0,274,1.4717185497283936,1.4323357343673706,0,0
9,lower_leaf,16,990.97,274,35134.71532846715,35744.0,274,1.4749665260314941,1.4389538764953613,0,0
9,lower_leaf,17,994.43,274,35922.335766423355,36544.0,274,1.4801912307739258,1.4446905851364136,0,0
9,lower_leaf,18,997.9,274,36611.44525547445,37272.0,274,1.4852741956710815,1.4485845565795898,0,0
9,lower_leaf,19,1001.37,274,37258.45255474452,37904.0,274,1.4902870655059814,1.45485258102417,0,0
9,lower_leaf,20,1004.83,274,38014.890510948906,38656.0,274,1.4961063861846924,1.460024118423462,0,0
9,lower_leaf,21,1008.3,274,38700.379562043796,39384.0,274,1.5025668144226074,1.466487169265747,0,0
9,lower_leaf,22,1011.77,274,39407.88321167883,40096.0,274,1.5059864521026611,1.4705716371536255,0,0
9,lower_leaf,23,1015.24,274,40108.788321167885,40824.0,274,1.5127876996994019,1.4769883155822754,0,0
9,lower_leaf,24,1018.71,274,40664.0,41368.0,274,1.5153815746307373,1.4801251888275146,0,0
9,lower_leaf,25,1022.18,274,41485.664233576645,42216.0,274,1.5208024978637695,1.4855537414550781,0,0
9,lower_leaf,26,1025.65,274,42024.93430656935,42744.0,274,1.5219097137451172,1.4872004985809326,0,0
9,lower_leaf,27,1029.12,274,42668.7299270073,43416.0,274,1.5265183448791504,1.4923033714294434,0,0
9,lower_leaf,28,1032.59,274,43365.95620437956,44104.0,274,1.5304574966430664,1.496062994003296,0,0
9,lower_leaf,29,1036.06,274,44038.07299270073,44824.0,274,1.5328580141067505,1.498000144958496,0,0
9,lower_leaf,30,1039.53,274,44730.16058394161,45488.0,274,1.5362764596939087,1.502779245376587,0,0
9,lower_leaf,31,1043.0,274,45248.175182481755,46016.0,274,1.537109136581421,1.5034157037734985,0,0
9,lower_leaf,32,1046.48,274,45903.766423357665,46672.0,274,1.5402790307998657,1.5070958137512207,0,0
9,lower_leaf,33,1049.95,274,46586.9197080292,47376.0,274,1.541395664215088,1.5085173845291138,0,0
9,lower_leaf,34,1053.43,274,47166.48175182482,47936.0,274,1.5446444749832153,1.5125350952148438,0,0
9,lower_leaf,35,1056.9,274,47872.99270072993,48680.0,274,1.5468673706054688,1.5147457122802734,0,0
9,lower_leaf,36,1060.38,274,48278.48175182482,49080.0,274,1.547166347503662,1.515143871307373,0,0
9,lower_leaf,37,1063.85,274,48976.233576642335,49752.0,274,1.548095941543579,1.5171067714691162,0,0
9,lower_leaf,38,1067.33,274,49519.6496350365,50344.0,274,1.5499870777130127,1.51804518699646,0,0
9,lower_leaf,39,1070.81,274,50096.233576642335,50928.0,274,1.5484275817871094,1.517496109008789,0,0
9,lower_leaf,40,1074.29,274,50597.54744525548,51456.0,274,1.550724744796753,1.519744873046875,0,0
9,lower_leaf,41,1077.76,274,51108.26277372263,51944.0,274,1.5504558086395264,1.5195616483688354,0,0
9,lower_leaf,42,1081.24,274,51640.93430656935,52504.0,274,1.5506751537322998,1.5198891162872314,0,0
9,lower_leaf,43,1084.72,274,52124.26277372263,52976.0,274,1.5504118204116821,1.519898772239685,0,0
9,lower_leaf,44,1088.2,274,52645.83941605839,53560.0,274,1.5501803159713745,1.5201361179351807,0,0
9,lower_leaf,45,1091.68,274,53265.051094890514,54104.0,274,1.5502835512161255,1.5206561088562012,0,0
9,lower_leaf,46,1095.17,274,53658.04379562044,54568.0,274,1.5472438335418701,1.5179749727249146,0,0
9,lower_leaf,47,1098.65,274,54200.46715328467,55152.0,274,1.5469624996185303,1.5178056955337524,0,0
9,lower_leaf,48,1102.13,274,54545.459854014596,55456.0,274,1.5462721586227417,1.5174291133880615,0,0
9,lower_leaf,49,1105.61,274,55003.153284671534,55928.0,274,1.54606032371521,1.5178189277648926,0,0
9,lower_leaf,50,1109.1,274,55481.75182481752,56384.0,274,1.5447092056274414,1.516615867614746,0,0
9,lower_leaf,51,1112.58,274,55840.233576642335,56776.0,274,1.5449637174606323,1.516737937927246,0,0
9,lower_leaf,52,1116.07,274,56193.75182481752,57104.0,274,1.5450878143310547,1.5171749591827393,0,0
9,lower_leaf,53,1119.55,274,56407.766423357665,57328.0,274,1.5469361543655396,1.5194017887115479,0,0
9,lower_leaf,54,1123.04,274,56669.43065693431,57552.0,274,1.544928789138794,1.517423391342163,0,0
9,lower_leaf,55,1126.52,274,56997.43065693431,57968.0,274,1.5458956956863403,1.518074870109558,0,0
9,lower_leaf,56,1130.01,274,57060.20437956204,58024.0,274,1.5410480499267578,1.5138945579528809,0,0
9,lower_leaf,57,1133.5,274,57028.20437956204,57968.0,274,1.529373049736023,1.502915382385254,0,0
9,lower_leaf,58,1136.99,274,56759.766423357665,57664.0,274,1.5128824710845947,1.4877498149871826,0,0
9,lower_leaf,59,1140.47,274,56455.299270072996,57304.0,274,1.493955135345459,1.4696223735809326,0,0
9,lower_leaf,60,1143.96,274,56132.61313868613,57048.0,274,1.4717742204666138,1.4485472440719604,0,0
9,lower_leaf,61,1147.45,274,55656.93430656935,56592.0,274,1.452193260192871,1.4304568767547607,0,0
9,lower_leaf,62,1150.94,274,55323.38686131387,56184.0,274,1.4391489028930664,1.417898416519165,0,0
9,lower_leaf,63,1154.43,274,55174.71532846715,56040.0,274,1.431722640991211,1.4110000133514404,0,0
9,lower_leaf,64,1157.93,274,55224.700729927004,56144.0,274,1.4280903339385986,1.407607078552246,0,0
9,lower_leaf,65,1161.42,274,55382.131386861314,56288.0,274,1.4308929443359375,1.410287618637085,0,0
9,lower_leaf,66,1164.91,274,55577.051094890514,56528.0,274,1.434169054031372,1.413191795349121,0,0
9,lower_leaf,67,1168.4,274,55945.92700729927,56872.0,274,1.4368706941604614,1.4161181449890137,0,0
9,lower_leaf,68,1171.9,274,56211.50364963504,57104.0,274,1.4419138431549072,1.4208118915557861,0,0
9,lower_leaf,69,1175.39,274,56445.37226277372,57376.0,274,1.4462119340896606,1.4252179861068726,0,0
9,lower_leaf,70,1178.89,274,56723.562043795624,57696.0,274,1.4455918073654175,1.424384593963623,0,0
9,lower_leaf,71,1182.38,274,56944.175182481755,57904.0,274,1.4361133575439453,1.415360450744629,0,0
9,lower_leaf,72,1185.88,274,57244.67153284672,58168.0,274,1.4226138591766357,1.403425931930542,0,0
9,lower_leaf,73,1189.37,274,57490.16058394161,58416.0,274,1.4111533164978027,1.3924026489257812,0,0
9,lower_leaf,74,1192.87,274,57806.48175182482,58784.0,274,1.4020931720733643,1.383922815322876,0,0
9,lower_leaf,75,1196.37,274,58213.02189781022,59168.0,272,1.3967602252960205,1.3790239095687866,2,0
9,lower_leaf,76,1199.87,274,58547.38686131387,59488.0,271,1.3957773447036743,1.3782098293304443,3,0
9,lower_leaf,77,1203.37,274,59061.313868613135,59984.0,270,1.3939629793167114,1.3765854835510254,4,0
9,lower_leaf,78,1206.87,274,59533.95620437956,60584.0,265,1.3932112455368042,1.3760029077529907,9,0
9,lower_leaf,79,1210.37,274,59826.10218978102,60848.0,265,1.3958253860473633,1.378732681274414,9,0
9,lower_leaf,80,1213.87,274,60192.3503649635,61232.0,252,1.391575574874878,1.374727487564087,22,0
9,lower_leaf,81,1217.37,274,60543.12408759124,61672.0,246,1.3921235799789429,1.3752682209014893,28,0
9,lower_leaf,82,1220.87,274,61027.211678832115,62216.0,234,1.3905168771743774,1.3739049434661865,40,0
9,lower_leaf,83,1224.37,274,61383.70802919708,62672.0,223,1.3916759490966797,1.375044822692871,51,0
9,lower_leaf,84,1227.87,274,61687.47445255474,63008.0,220,1.395998477935791,1.3792791366577148,54,0
9,lower_leaf,85,1231.38,274,62045.13868613139,63576.0,205,1.3928440809249878,1.3762238025665283,69,0
9,lower_leaf,86,1234.88,274,62298.86131386861,63984.0,191,1.3911304473876953,1.3745213747024536,83,0
9,lower_leaf,87,1238.39,274,62562.51094890511,64424.0,181,1.3886029720306396,1.3720520734786987,93,0
9,lower_leaf,88,1241.89,274,62752.0,64704.0,171,1.3858238458633423,1.3697478771209717,103,0
9,lower_leaf,89,1245.4,274,62942.83211678832,65064.0,159,1.373542308807373,1.3577661514282227,115,0
9,lower_leaf,90,1248.9,274,63132.379562043796,65512.0,137,1.366739273071289,1.3516713380813599,137,0
9,lower_leaf,91,1252.41,274,63228.788321167885,65520.0,131,1.3623605966567993,1.3472414016723633,143,0
9,lower_leaf,92,1255.92,274,63376.05839416059,65520.0,116,1.3445922136306763,1.3305696249008179,158,0
9,lower_leaf,93,1259.42,274,63421.37226277372,65520.0,115,1.3444924354553223,1.3300000429153442,159,0
9,lower_leaf,94,1262.93,274,63541.722627737225,65520.0,107,1.336917519569397,1.3233574628829956,167,0
9,lower_leaf,95,1266.44,274,63612.49635036496,65520.0,101,1.3326157331466675,1.3187757730484009,173,0
9,lower_leaf,96,1269.95,274,63643.562043795624,65520.0,99,1.3309683799743652,1.3174549341201782,175,0
9,lower_leaf,97,1273.46,274,63675.912408759126,65520.0,95,1.3252496719360352,1.312114953994751,179,0
9,lower_leaf,98,1276.97,274,63677.48905109489,65520.0,95,1.3242954015731812,1.3114080429077148,179,0
9,lower_leaf,99,1280.48,274,63716.96350364963,65520.0,93,1.3182300329208374,1.3052631616592407,181,0
9,lower_leaf,100,1283.99,274,63755.67883211679,65520.0,92,1.3109079599380493,1.298325538635254,182,0
9,lower_leaf,101,1287.51,274,63694.48175182482,65520.0,95,1.313670039176941,1.300915002822876,179,0
9,lower_leaf,102,1291.02,274,63655.00729927007,65520.0,107,1.325157642364502,1.3119328022003174,167,0
9,lower_leaf,103,1294.53,274,63546.10218978102,65520.0,107,1.3199009895324707,1.3069877624511719,167,0
9,lower_leaf,104,1298.05,274,63536.81751824817,65520.0,110,1.3153190612792969,1.3025259971618652,164,0
9,lower_leaf,105,1301.56,274,63404.20437956204,65520.0,127,1.3281906843185425,1.3148335218429565,147,0
9,lower_leaf,106,1305.08,274,63143.766423357665,65432.0,144,1.3313930034637451,1.3181641101837158,130,0
9,lower_leaf,107,1308.59,274,62891.67883211679,65056.0,171,1.3408135175704956,1.3274933099746704,103,0
9,lower_leaf,108,1312.11,274,62535.824817518245,64360.0,192,1.3383771181106567,1.325007677078247,82,0
9,lower_leaf,109,1315.62,274,62085.19708029197,63568.0,218,1.3390734195709229,1.3254700899124146,56,0
9,lower_leaf,110,1319.14,274,61382.24817518248,62648.0,234,1.3266313076019287,1.3137123584747314,40,0
9,lower_leaf,111,1322.66,274,60698.10218978102,61832.0,249,1.3170212507247925,1.304495930671692,25,0
9,lower_leaf,112,1326.18,274,59964.846715328466,60992.0,268,1.3043484687805176,1.2918825149536133,6,0
9,lower_leaf,113,1329.7,274,58916.846715328466,59864.0,270,1.2860944271087646,1.2742915153503418,4,0
9,lower_leaf,114,1333.22,274,58048.40875912409,58888.0,274,1.2718017101287842,1.260758399963379,0,0
9,lower_leaf,115,1336.74,274,56946.686131386865,57808.0,274,1.254112720489502,1.2437738180160522,0,0
9,lower_leaf,116,1340.26,274,56012.20437956204,56808.0,274,1.2413736581802368,1.2312517166137695,0,0
9,lower_leaf,117,1343.78,274,54995.50364963504,55824.0,274,1.2309229373931885,1.2212306261062622,0,0
9,lower_leaf,118,1347.3,274,53807.357664233576,54608.0,274,1.2240355014801025,1.214526653289795,0,0
9,lower_leaf,119,1350.82,274,52468.26277372263,53248.0,274,1.2241144180297852,1.214350700378418,0,0
9,lower_leaf,120,1354.35,274,50948.67153284672,51632.0,274,1.2236276865005493,1.2136667966842651,0,0
9,lower_leaf,121,1357.87,274,49600.81751824817,50184.0,274,1.2200106382369995,1.209743857383728,0,0
9,lower_leaf,122,1361.39,274,48225.401459854016,48792.0,274,1.2113544940948486,1.2015011310577393,0,0
9,lower_leaf,123,1364.92,274,47081.810218978106,47624.0,274,1.1944990158081055,1.1851643323898315,0,0
9,lower_leaf,124,1368.44,274,46270.948905109486,46736.0,274,1.1640574932098389,1.1562001705169678,0,0
9,lower_leaf,125,1371.97,274,45136.58394160584,45496.0,274,1.1237818002700806,1.1178677082061768,0,0
9,lower_leaf,126,1375.5,274,43307.620437956204,43568.0,274,1.078799843788147,1.075073480606079,0,0
9,lower_leaf,127,1379.02,274,40269.255474452555,40504.0,274,1.0299742221832275,1.0285460948944092,0,0
9,lower_leaf,128,1382.55,274,36609.92700729927,36728.0,274,0.9671365022659302,0.9687855243682861,0,0
9,lower_leaf,129,1386.08,274,32935.357664233576,32928.0,274,0.8867487907409668,0.8924679160118103,0,0
9,lower_leaf,130,1389.61,274,29041.868613138686,28920.0,274,0.7973937392234802,0.8081675171852112,0,0
9,lower_leaf,131,1393.14,274,25076.554744525547,24848.0,274,0.7141783237457275,0.7304695248603821,0,0
9,lower_leaf,132,1396.67,274,21501.89781021898,21232.0,274,0.6380636692047119,0.6597141027450562,0,0
9,lower_leaf,133,1400.2,274,18709.31386861314,18384.0,274,0.5710288286209106,0.5981155037879944,0,0
9,lower_leaf,134,1403.73,274,16679.474452554743,16264.0,274,0.5152287483215332,0.5465052723884583,0,0
9,lower_leaf,135,1407.26,274,15287.007299270073,14896.0,274,0.4750293493270874,0.5098738670349121,0,0
9,lower_leaf,136,1410.79,274,14421.48905109489,14056.0,274,0.44044023752212524,0.47669675946235657,0,0
9,lower_leaf,137,1414.32,274,13881.693430656935,13504.0,274,0.41501644253730774,0.4524693489074707,0,0
9,lower_leaf,138,1417.86,274,13659.85401459854,13280.0,274,0.39703845977783203,0.4348965287208557,0,0
9,lower_leaf,139,1421.39,274,13507.094890510949,13088.0,274,0.3832695484161377,0.42094457149505615,0,0
9,lower_leaf,140,1424.92,274,13463.824817518249,13024.0,274,0.37348419427871704,0.4113922119140625,0,0
9,lower_leaf,141,1428.46,274,13462.94890510949,13056.0,274,0.366362601518631,0.4039132297039032,0,0
9,lower_leaf,142,1431.99,274,13479.649635036496,13064.0,274,0.3613535761833191,0.39853861927986145,0,0
9,lower_leaf,143,1435.53,274,13572.905109489051,13136.0,274,0.35719558596611023,0.39421671628952026,0,0
9,lower_leaf,144,1439.07,274,13701.48905109489,13248.0,274,0.3534697890281677,0.3911612629890442,0,0
9,lower_leaf,145,1442.6,274,13768.525547445255,13304.0,274,0.3530454635620117,0.38964319229125977,0,0
9,lower_leaf,146,1446.14,274,13855.766423357663,13408.0,274,0.35314226150512695,0.3892889618873596,0,0
9,lower_leaf,147,1449.68,274,13983.240875912408,13528.0,274,0.35366910696029663,0.389575719833374,0,0
9,lower_leaf,148,1453.22,274,14111.474452554745,13664.0,274,0.3540358543395996,0.38902854919433594,0,0
9,lower_leaf,149,1456.76,274,14264.058394160584,13792.0,274,0.3561520576477051,0.3910081684589386,0,0
9,lower_leaf,150,1460.3,274,14426.39416058394,13976.0,274,0.36019039154052734,0.39467737078666687,0,0
9,lower_leaf,151,1463.84,274,14624.408759124088,14176.0,274,0.36612668633461,0.40054067969322205,0,0
9,lower_leaf,152,1467.38,274,14869.48905109489,14424.0,274,0.3737717866897583,0.408113956451416,0,0
9,lower_leaf,153,1470.92,274,15169.693430656935,14728.0,274,0.38496434688568115,0.4181531071662903,0,0
9,lower_leaf,154,1474.46,274,15480.759124087592,15080.0,274,0.3980085253715515,0.4310504198074341,0,0
9,lower_leaf,155,1478.01,274,15903.240875912408,15448.0,274,0.41253626346588135,0.44500479102134705,0,0
9,lower_leaf,156,1481.55,274,16337.693430656935,15880.0,274,0.42829182744026184,0.4597111642360687,0,0
9,lower_leaf,157,1485.09,274,16802.861313868612,16368.0,274,0.44597670435905457,0.476657897233963,0,0
9,lower_leaf,158,1488.64,274,17318.890510948906,16864.0,274,0.4610225558280945,0.4915887713432312,0,0
9,lower_leaf,159,1492.18,274,17808.87591240876,17360.0,274,0.4760732054710388,0.5053588151931763,0,0
9,lower_leaf,160,1495.73,274,18314.80291970803,17880.0,274,0.48997971415519714,0.5183555483818054,0,0
9,lower_leaf,161,1499.27,274,18866.160583941604,18424.0,274,0.5058537721633911,0.533287525177002,0,0
9,lower_leaf,162,1502.82,274,19368.992700729927,18944.0,274,0.5199493169784546,0.5462909936904907,0,0
9,lower_leaf,163,1506.37,274,19889.284671532845,19488.0,274,0.5337071418762207,0.5591664910316467,0,0
9,lower_leaf,164,1509.91,274,20412.43795620438,20000.0,274,0.5469517707824707,0.5719196796417236,0,0
9,lower_leaf,165,1513.46,274,21043.795620437955,20672.0,274,0.5644470453262329,0.5882351398468018,0,0
9,lower_leaf,166,1517.01,274,21530.569343065694,21232.0,274,0.5796518325805664,0.6026725769042969,0,0
9,lower_leaf,167,1520.56,274,22012.846715328466,21776.0,274,0.5943598747253418,0.6161820888519287,0,0
9,lower_leaf,168,1524.11,274,22547.328467153286,22320.0,274,0.6102457642555237,0.6313401460647583,0,0
9,lower_leaf,169,1527.66,274,23065.63503649635,22816.0,274,0.6270325183868408,0.6473109722137451,0,0
9,lower_leaf,170,1531.21,274,23581.66423357664,23376.0,274,0.6423742771148682,0.6618019938468933,0,0
9,lower_leaf,171,1534.76,274,24057.343065693432,23880.0,274,0.6594827771186829,0.6781349182128906,0,0
9,lower_leaf,172,1538.32,274,24503.941605839416,24280.0,274,0.675505518913269,0.693393349647522,0,0
9,lower_leaf,173,1541.87,274,24943.357664233576,24744.0,274,0.6920828223228455,0.709158182144165,0,0
9,lower_leaf,174,1545.42,274,25315.036496350363,25168.0,274,0.7086670398712158,0.7250060439109802,0,0
9,lower_leaf,175,1548.98,274,25773.372262773722,25632.0,274,0.7251103520393372,0.7406293153762817,0,0
9,lower_leaf,176,1552.53,274,26146.33576642336,26040.0,274,0.7406578063964844,0.7553061246871948,0,0
9,lower_leaf,177,1556.09,274,26488.992700729927,26408.0,274,0.757192850112915,0.7709946632385254,0,0
9,lower_leaf,178,1559.64,274,26805.19708029197,26784.0,274,0.77287358045578,0.785581648349762,0,0
9,lower_leaf,179,1563.2,274,27065.518248175184,27080.0,274,0.7886961698532104,0.8008546829223633,0,0
9,lower_leaf,180,1566.75,274,27378.919708029196,27448.0,274,0.8038372993469238,0.8151320815086365,0,0
9,lower_leaf,181,1570.31,274,27708.204379562045,27752.0,274,0.8152914047241211,0.825796902179718,0,0
9,lower_leaf,182,1573.87,274,27958.715328467155,27952.0,274,0.8289803266525269,0.8387936353683472,0,0
9,lower_leaf,183,1577.43,274,28127.065693430657,28240.0,274,0.8427292108535767,0.8518795967102051,0,0
9,lower_leaf,184,1580.99,274,28353.75182481752,28440.0,274,0.8563295602798462,0.864780843257904,0,0
9,lower_leaf,185,1584.55,274,28552.934306569343,28664.0,274,0.8697007894515991,0.8774898648262024,0,0
9,lower_leaf,186,1588.11,274,28651.912408759123,28760.0,274,0.8805372714996338,0.8876813054084778,0,0
9,lower_leaf,187,1591.67,274,28804.905109489053,28928.0,274,0.8955066204071045,0.901799201965332,0,0
9,lower_leaf,188,1595.23,274,28896.817518248175,29048.0,274,0.9082363843917847,0.9138034582138062,0,0
9,lower_leaf,189,1598.79,274,28932.554744525547,29112.0,274,0.9205219745635986,0.9253572225570679,0,0
9,lower_leaf,190,1602.35,274,28969.05109489051,29160.0,274,0.9365729093551636,0.9405249357223511,0,0
9,lower_leaf,191,1605.92,274,28928.17518248175,29176.0,274,0.952631413936615,0.955600380897522,0,0
9,lower_leaf,192,1609.48,274,28861.722627737225,29016.0,274,0.9635123014450073,0.9658217430114746,0,0
9,lower_leaf,193,1613.04,274,28711.12408759124,28912.0,274,0.9702431559562683,0.9721550941467285,0,0
9,lower_leaf,194,1616.61,274,28593.518248175184,28816.0,274,0.9750434756278992,0.9766557812690735,0,0
9,lower_leaf,195,1620.17,274,28433.109489051094,28656.0,274,0.9796806573867798,0.9809936881065369,0,0
9,lower_leaf,196,1623.74,274,28150.014598540147,28376.0,274,0.9846563935279846,0.9856714010238647,0,0
9,lower_leaf,197,1627.31,274,27931.328467153286,28168.0,274,0.9933922290802002,0.9938399791717529,0,0
9,lower_leaf,198,1630.87,274,27690.80291970803,27912.0,274,1.0027589797973633,1.0025670528411865,0,0
9,lower_leaf,199,1634.44,274,27411.21167883212,27664.0,274,1.0100696086883545,1.0093543529510498,0,0
9,lower_leaf,200,1638.01,274,27127.357664233576,27384.0,274,1.0202605724334717,1.0188202857971191,0,0
9,lower_leaf,201,1641.58,274,26825.92700729927,27040.0,274,1.0319530963897705,1.029643177986145,0,0
9,lower_leaf,202,1645.15,274,26518.306569343065,26784.0,274,1.046280026435852,1.0427696704864502,0,0
9,lower_leaf,203,1648.71,274,26065.518248175184,26288.0,274,1.0631290674209595,1.058333396911621,0,0
9,lower_leaf,204,1652.29,274,25525.547445255474,25776.0,274,1.0821353197097778,1.0755482912063599,0,0
9,lower_leaf,205,1655.86,274,24950.014598540147,25152.0,274,1.1014115810394287,1.092909812927246,0,0
9,lower_leaf,206,1659.43,274,24191.007299270073,24408.0,274,1.1223987340927124,1.1116777658462524,0,0
9,lower_leaf,207,1663.0,274,23197.722627737225,23456.0,274,1.1498278379440308,1.1359214782714844,0,0
9,lower_leaf,208,1666.57,274,21932.26277372263,22160.0,274,1.1853588819503784,1.166596531867981,0,0
9,lower_leaf,209,1670.14,274,20369.518248175184,20592.0,274,1.224607229232788,1.1993496417999268,0,0
9,lower_leaf,210,1673.72,274,18289.284671532845,18496.0,274,1.2593281269073486,1.2263753414154053,0,0
9,lower_leaf,211,1677.29,274,16007.824817518249,16128.0,274,1.275713324546814,1.2346827983856201,0,0
9,lower_leaf,212,1680.87,274,13639.591240875912,13792.0,274,1.2744553089141846,1.227984070777893,0,0
9,lower_leaf,213,1684.44,274,11372.788321167884,11488.0,274,1.2670832872390747,1.2128846645355225,0,0
9,lower_leaf,214,1688.02,274,9423.70802919708,9520.0,274,1.2540125846862793,1.191919207572937,0,0
9,lower_leaf,215,1691.59,274,7858.919708029197,7936.0,274,1.230271339416504,1.1654846668243408,0,0
9,lower_leaf,216,1695.17,274,6649.751824817518,6704.0,274,1.1971838474273682,1.1335150003433228,0,0
9,lower_leaf,217,1698.75,274,5693.138686131387,5744.0,274,1.178041934967041,1.112823247909546,0,0
9,lower_leaf,218,1702.33,274,5030.890510948905,5064.0,274,1.1735188961029053,1.101724624633789,0,0
9,lower_leaf,219,1705.91,274,4553.109489051095,4576.0,274,1.170820713043213,1.0926222801208496,0,0
9,lower_leaf,220,1709.49,274,4143.41605839416,4160.0,274,1.1749999523162842,1.0869569778442383,0,0
9,lower_leaf,221,1713.07,274,3830.4817518248174,3856.0,274,1.1747572422027588,1.0807174444198608,0,0
9,lower_leaf,222,1716.65,274,3587.5620437956204,3600.0,274,1.16853928565979,1.0721170902252197,0,0
9,lower_leaf,223,1720.23,274,3367.5328467153286,3376.0,274,1.162500023841858,1.065000057220459,0,0
10,lower_left_leaf,0,935.61,1325,4434.656603773585,4464.0,1325,1.1594202518463135,1.0852713584899902,0,0
10,lower_left_leaf,1,939.06,1325,4994.040754716981,5024.0,1325,1.1637426614761353,1.0957447290420532,0,0
10,lower_left_leaf,2,942.52,1325,6691.236226415094,6752.0,1325,1.174242377281189,1.118733525276184,0,0
10,lower_left_leaf,3,945.98,1325,8870.701886792453,8992.0,1325,1.1758530139923096,1.133466124534607,0,0
10,lower_left_leaf,4,949.43,1325,11426.572075471699,11568.0,1325,1.1727447509765625,1.140625,0,0
10,lower_left_leaf,5,952.89,1325,14113.364528301887,14256.0,1325,1.1697819232940674,1.143034815788269,0,0
10,lower_left_leaf,6,956.35,1325,16672.024150943394,16896.0,1325,1.164071798324585,1.1428571939468384,0,0
10,lower_left_leaf,7,959.81,1325,18837.578867924527,19088.0,1325,1.1603375673294067,1.1420612335205078,0,0
10,lower_left_leaf,8,963.27,1325,20680.211320754715,20944.0,1325,1.1590908765792847,1.1421005725860596,0,0
10,lower_left_leaf,9,966.73,1325,22188.522264150943,22464.0,1325,1.1581395864486694,1.1423921585083008,0,0
10,lower_left_leaf,10,970.19,1325,23402.69886792453,23728.0,1325,1.1571675539016724,1.142630696296692,0,0
10,lower_left_leaf,11,973.65,1325,24356.129811320756,24688.0,1325,1.1579831838607788,1.1432926654815674,0,0
10,lower_left_leaf,12,977.11,1325,25189.68754716981,25552.0,1325,1.157814860343933,1.1442029476165771,0,0
10,lower_left_leaf,13,980.58,1325,25935.49283018868,26320.0,1325,1.159940242767334,1.1465637683868408,0,0
10,lower_left_leaf,14,984.04,1325,26551.716226415094,26944.0,1325,1.1608442068099976,1.1475964784622192,0,0
10,lower_left_leaf,15,987.51,1325,27187.34490566038,27600.0,1325,1.1637426614761353,1.1505588293075562,0,0
10,lower_left_leaf,16,990.97,1325,27715.2120754717,28112.0,1325,1.1666666269302368,1.15312922000885,0,0
10,lower_left_leaf,17,994.43,1325,28353.195471698113,28768.0,1325,1.1699258089065552,1.1566646099090576,0,0
10,lower_left_leaf,18,997.9,1325,28893.596981132076,29312.0,1325,1.174153447151184,1.1608695983886719,0,0
10,lower_left_leaf,19,1001.37,1325,29382.798490566038,29792.0,1325,1.177097201347351,1.163862943649292,0,0
10,lower_left_leaf,20,1004.83,1325,29917.935094339624,30320.0,1325,1.1826543807983398,1.169305682182312,0,0
10,lower_left_leaf,21,1008.3,1325,30424.573584905662,30880.0,1325,1.1870967149734497,1.1734449863433838,0,0
10,lower_left_leaf,22,1011.77,1325,31012.238490566036,31488.0,1325,1.1912428140640259,1.1779816150665283,0,0
10,lower_left_leaf,23,1015.24,1325,31548.413584905662,32000.0,1325,1.1950128078460693,1.181331753730774,0,0
10,lower_left_leaf,24,1018.71,1325,31988.79396226415,32448.0,1325,1.1983979940414429,1.1845272779464722,0,0
10,lower_left_leaf,25,1022.18,1325,32582.086037735848,33056.0,1325,1.2013142108917236,1.1874637603759766,0,0
10,lower_left_leaf,26,1025.65,1325,33017.696603773584,33472.0,1325,1.2041820287704468,1.1901733875274658,0,0
10,lower_left_leaf,27,1029.12,1325,33612.42566037736,34080.0,1325,1.2067307233810425,1.1928250789642334,0,0
10,lower_left_leaf,28,1032.59,1325,34113.79924528302,34560.0,1325,1.2084574699401855,1.1949243545532227,0,0
10,lower_left_leaf,29,1036.06,1325,34590.99773584906,35072.0,1325,1.2113401889801025,1.1976935863494873,0,0
10,lower_left_leaf,30,1039.53,1325,35106.97056603774,35552.0,1325,1.213400959968567,1.1997891664505005,0,0
10,lower_left_leaf,31,1043.0,1325,35573.7720754717,36064.0,1325,1.2152040004730225,1.2017680406570435,0,0
10,lower_left_leaf,32,1046.48,1325,36072.006037735846,36560.0,1325,1.2163677215576172,1.202837586402893,0,0
10,lower_left_leaf,33,1049.95,1325,36579.34490566038,37072.0,1325,1.2184035778045654,1.2047816514968872,0,0
10,lower_left_leaf,34,1053.43,1325,37016.51320754717,37504.0,1325,1.2190735340118408,1.2053431272506714,0,0
10,lower_left_leaf,35,1056.9,1325,37567.57735849057,38064.0,1325,1.2202223539352417,1.206791639328003,0,0
10,lower_left_leaf,36,1060.38,1325,37918.39396226415,38432.0,1325,1.222047209739685,1.2089699506759644,0,0
10,lower_left_leaf,37,1063.85,1325,38444.02716981132,38960.0,1325,1.2230889797210693,1.2098039388656616,0,0
10,lower_left_leaf,38,1067.33,1325,38879.81886792453,39392.0,1325,1.223904013633728,1.2106038331985474,0,0
10,lower_left_leaf,39,1070.81,1325,39371.314716981135,39904.0,1325,1.2242943048477173,1.2112047672271729,0,0
10,lower_left_leaf,40,1074.29,1325,39756.46188679245,40272.0,1325,1.2244259119033813,1.2113207578659058,0,0
10,lower_left_leaf,41,1077.76,1325,40135.95773584906,40640.0,1325,1.2246520519256592,1.2120208740234375,0,0
10,lower_left_leaf,42,1081.24,1325,40564.23849056604,41088.0,1325,1.2244597673416138,1.2115740776062012,0,0
10,lower_left_leaf,43,1084.72,1325,40925.87471698113,41440.0,1325,1.2244304418563843,1.2118923664093018,0,0
10,lower_left_leaf,44,1088.2,1325,41319.148679245285,41872.0,1325,1.2238357067108154,1.211319088935852,0,0
10,lower_left_leaf,45,1091.68,1325,41798.66566037736,42304.0,1325,1.2231842279434204,1.2112866640090942,0,0
10,lower_left_leaf,46,1095.17,1325,42104.48905660377,42672.0,1325,1.2236084938049316,1.2114615440368652,0,0
10,lower_left_leaf,47,1098.65,1325,42537.46716981132,43088.0,1325,1.2227399349212646,1.2106728553771973,0,0
10,lower_left_leaf,48,1102.13,1325,42801.08679245283,43376.0,1325,1.2225821018218994,1.2107644081115723,0,0
10,lower_left_leaf,49,1105.61,1325,43178.517735849055,43776.0,1325,1.2213636636734009,1.2097840309143066,0,0
10,lower_left_leaf,50,1109.1,1325,43526.3758490566,44160.0,1325,1.2210144996643066,1.2095937728881836,0,0
10,lower_left_leaf,51,1112.58,1325,43788.40150943396,44384.0,1325,1.2211668491363525,1.2095115184783936,0,0
10,lower_left_leaf,52,1116.07,1325,44041.12905660377,44672.0,1325,1.2222739458084106,1.2107279300689697,0,0
10,lower_left_leaf,53,1119.55,1325,44206.45433962264,44816.0,1325,1.2227767705917358,1.2114555835723877,0,0
10,lower_left_leaf,54,1123.04,1325,44390.46037735849,45024.0,1325,1.2241992950439453,1.2124947309494019,0,0
10,lower_left_leaf,55,1126.52,1325,44672.350188679244,45312.0,1325,1.2238532304763794,1.212266206741333,0,0
10,lower_left_leaf,56,1130.01,1325,44749.97132075472,45360.0,1325,1.2204514741897583,1.2091814279556274,0,0
10,lower_left_leaf,57,1133.5,1325,44739.2,45424.0,1325,1.2134063243865967,1.2023460865020752,0,0
10,lower_left_leaf,58,1136.99,1325,44560.20528301887,45264.0,1325,1.2023447751998901,1.192092776298523,0,0
10,lower_left_leaf,59,1140.47,1325,44361.74490566038,45104.0,1325,1.1864556074142456,1.177168607711792,0,0
10,lower_left_leaf,60,1143.96,1325,44096.59169811321,44864.0,1325,1.169726848602295,1.161237120628357,0,0
10,lower_left_leaf,61,1147.45,1325,43695.9637735849,44448.0,1325,1.1566104888916016,1.1486941576004028,0,0
10,lower_left_leaf,62,1150.94,1325,43462.00150943396,44288.0,1325,1.1448888778686523,1.1376993656158447,0,0
10,lower_left_leaf,63,1154.43,1325,43346.390943396225,44176.0,1325,1.1398074626922607,1.1331100463867188,0,0
10,lower_left_leaf,64,1157.93,1325,43365.24075471698,44208.0,1325,1.137483835220337,1.1307320594787598,0,0
10,lower_left_leaf,65,1161.42,1325,43465.841509433965,44304.0,1325,1.1376965045928955,1.1310149431228638,0,0
10,lower_left_leaf,66,1164.91,1325,43620.22641509434,44480.0,1325,1.1400336027145386,1.1332794427871704,0,0
10,lower_left_leaf,67,1168.4,1325,43883.18188679245,44800.0,1325,1.1436829566955566,1.1367589235305786,0,0
10,lower_left_leaf,68,1171.9,1325,44033.159245283015,44928.0,1325,1.1475120782852173,1.140482783317566,0,0
10,lower_left_leaf,69,1175.39,1325,44249.73283018868,45168.0,1325,1.1491667032241821,1.1420023441314697,0,0
10,lower_left_leaf,70,1178.89,1325,44433.42490566038,45296.0,1325,1.147650957107544,1.1404517889022827,0,0
10,lower_left_leaf,71,1182.38,1325,44568.04226415094,45472.0,1325,1.1405868530273438,1.1338363885879517,0,0
10,lower_left_leaf,72,1185.88,1325,44804.32301886792,45744.0,1325,1.1289775371551514,1.1228681802749634,0,0
10,lower_left_leaf,73,1189.37,1325,44995.57433962264,45920.0,1325,1.1181854009628296,1.1126654148101807,0,0
10,lower_left_leaf,74,1192.87,1325,45249.78716981132,46176.0,1325,1.1108354330062866,1.105553388595581,0,0
10,lower_left_leaf,75,1196.37,1325,45513.648301886795,46432.0,1325,1.1056944131851196,1.1007781028747559,0,0
10,lower_left_leaf,76,1199.87,1325,45750.339622641506,46704.0,1325,1.104077696800232,1.0995352268218994,0,0
10,lower_left_leaf,77,1203.37,1325,46150.110188679246,47120.0,1325,1.1036392450332642,1.0989052057266235,0,0
10,lower_left_leaf,78,1206.87,1325,46502.23094339623,47472.0,1325,1.1040462255477905,1.0996309518814087,0,0
10,lower_left_leaf,79,1210.37,1325,46772.83018867925,47696.0,1325,1.1055618524551392,1.1010137796401978,0,0
10,lower_left_leaf,80,1213.87,1325,47094.134339622644,48048.0,1325,1.1079051494598389,1.1029800176620483,0,0
10,lower_left_leaf,81,1217.37,1325,47414.77433962264,48384.0,1325,1.110629916191101,1.105639100074768,0,0
10,lower_left_leaf,82,1220.87,1325,47907.441509433964,48896.0,1325,1.1137880086898804,1.108888864517212,0,0
10,lower_left_leaf,83,1224.37,1325,48273.23169811321,49280.0,1325,1.1164761781692505,1.1114639043807983,0,0
10,lower_left_leaf,84,1227.87,1325,48574.188679245286,49568.0,1325,1.1205646991729736,1.1153284311294556,0,0
10,lower_left_leaf,85,1231.38,1325,48948.96301886792,49952.0,1323,1.125137209892273,1.1197898387908936,2,0
10,lower_left_leaf,86,1234.88,1325,49252.41962264151,50256.0,1322,1.1275027990341187,1.122072458267212,3,0
10,lower_left_leaf,87,1238.39,1325,49569.3041509434,50544.0,1321,1.1308785676956177,1.1253929138183594,4,0
10,lower_left_leaf,88,1241.89,1325,49807.81886792453,50800.0,1320,1.1331136226654053,1.1275099515914917,5,0
10,lower_left_leaf,89,1245.4,1325,50106.63849056604,51088.0,1319,1.1359003782272339,1.1301754713058472,6,0
10,lower_left_leaf,90,1248.9,1325,50394.529811320754,51376.0,1319,1.1381256580352783,1.1321477890014648,6,0
10,lower_left_leaf,91,1252.41,1325,50549.60301886792,51552.0,1319,1.1403636932373047,1.1344947814941406,6,0
10,lower_left_leaf,92,1255.92,1325,50771.212075471696,51776.0,1318,1.14261794090271,1.1366050243377686,7,0
10,lower_left_leaf,93,1259.42,1325,50919.11245283019,51920.0,1317,1.1430107355117798,1.1369960308074951,8,0
10,lower_left_leaf,94,1262.93,1325,51146.34867924528,52160.0,1316,1.142545461654663,1.1367895603179932,9,0
10,lower_left_leaf,95,1266.44,1325,51258.505660377356,52256.0,1315,1.1435120105743408,1.1376395225524902,10,0
10,lower_left_leaf,96,1269.95,1325,51349.02339622642,52320.0,1314,1.1446584463119507,1.1386772394180298,11,0
10,lower_left_leaf,97,1273.46,1325,51462.71396226415,52448.0,1313,1.144959568977356,1.1388790607452393,12,0
10,lower_left_leaf,98,1276.97,1325,51518.98566037736,52512.0,1312,1.1447618007659912,1.1387906074523926,13,0
10,lower_left_leaf,99,1280.48,1325,51614.88905660377,52656.0,1312,1.143899917602539,1.1379778385162354,13,0
10,lower_left_leaf,100,1283.99,1325,51690.493584905664,52688.0,1313,1.1418989896774292,1.1361327171325684,12,0
10,lower_left_leaf,101,1287.51,1325,51553.20754716981,52592.0,1313,1.139819860458374,1.1339316368103027,12,0
10,lower_left_leaf,102,1291.02,1325,51529.6241509434,52560.0,1315,1.1359223127365112,1.1299999952316284,10,0
10,lower_left_leaf,103,1294.53,1325,51343.263396226415,52352.0,1313,1.1308510303497314,1.1255528926849365,12,0
10,lower_left_leaf,104,1298.05,1325,51268.009056603776,52320.0,1313,1.1253530979156494,1.120216727256775,12,0
10,lower_left_leaf,105,1301.56,1325,51045.84452830189,52080.0,1315,1.1195346117019653,1.1147208213806152,10,0
10,lower_left_leaf,106,1305.08,1325,50675.75547169811,51728.0,1316,1.1118879318237305,1.1073687076568604,9,0
10,lower_left_leaf,107,1308.59,1325,50342.91924528302,51360.0,1320,1.1043630838394165,1.099948525428772,5,0
10,lower_left_leaf,108,1312.11,1325,49841.569811320755,50864.0,1321,1.0962283611297607,1.0923545360565186,4,0
10,lower_left_leaf,109,1315.62,1325,49318.67773584906,50336.0,1321,1.086463451385498,1.0829367637634277,4,0
10,lower_left_leaf,110,1319.14,1325,48697.841509433965,49744.0,1323,1.0751657485961914,1.071932315826416,2,0
10,lower_left_leaf,111,1322.66,1325,48104.597735849056,49136.0,1325,1.062071442604065,1.0595155954360962,0,0
10,lower_left_leaf,112,1326.18,1325,47423.79471698113,48416.0,1325,1.0480256080627441,1.0460666418075562,0,0
10,lower_left_leaf,113,1329.7,1325,46574.11622641509,47552.0,1325,1.0337717533111572,1.0323790311813354,0,0
10,lower_left_leaf,114,1333.22,1325,45840.76075471698,46816.0,1325,1.019593596458435,1.0187760591506958,0,0
10,lower_left_leaf,115,1336.74,1325,44983.7162264151,45968.0,1325,1.0064888000488281,1.0062240362167358,0,0
10,lower_left_leaf,116,1340.26,1325,44208.6279245283,45168.0,1325,0.9953337907791138,0.9955295920372009,0,0
10,lower_left_leaf,117,1343.78,1325,43377.23169811321,44352.0,1325,0.9858336448669434,0.9864206314086914,0,0
10,lower_left_leaf,118,1347.3,1325,42328.658113207544,43280.0,1325,0.979127824306488,0.9800427556037903,0,0
10,lower_left_leaf,119,1350.82,1325,41147.82188679245,42080.0,1325,0.9754002094268799,0.9765188097953796,0,0
10,lower_left_leaf,120,1354.35,1325,39781.82037735849,40688.0,1325,0.9721459150314331,0.9734082221984863,0,0
10,lower_left_leaf,121,1357.87,1325,38546.74113207547,39472.0,1325,0.9668711423873901,0.9683964252471924,0,0
10,lower_left_leaf,122,1361.39,1325,37364.95094339622,38240.0,1325,0.957931637763977,0.9600316286087036,0,0
10,lower_left_leaf,123,1364.92,1325,36482.87396226415,37312.0,1325,0.9437265396118164,0.9465004205703735,0,0
10,lower_left_leaf,124,1368.44,1325,35945.53962264151,36752.0,1325,0.9232456088066101,0.9271137118339539,0,0
10,lower_left_leaf,125,1371.97,1325,35179.91849056604,36016.0,1325,0.8948261141777039,0.8999192714691162,0,0
10,lower_left_leaf,126,1375.5,1325,33901.87471698113,34688.0,1325,0.8623853325843811,0.8690146207809448,0,0
10,lower_left_leaf,127,1379.02,1325,31517.452075471698,32208.0,1325,0.8248270153999329,0.833538830280304,0,0
10,lower_left_leaf,128,1382.55,1325,28561.400754716982,29136.0,1325,0.7733089327812195,0.7848812341690063,0,0
10,lower_left_leaf,129,1386.08,1325,25779.52603773585,26272.0,1325,0.7088435292243958,0.7244367599487305,0,0
10,lower_left_leaf,130,1389.61,1325,22791.957735849057,23168.0,1325,0.6393752694129944,0.6588720679283142,0,0
10,lower_left_leaf,131,1393.14,1325,19590.073962264152,19888.0,1325,0.5712151527404785,0.5959548354148865,0,0
10,lower_left_leaf,132,1396.67,1325,16709.071698113206,16912.0,1325,0.507119357585907,0.5374743342399597,0,0
10,lower_left_leaf,133,1400.2,1325,14471.498867924529,14624.0,1325,0.4498848021030426,0.4852941036224365,0,0
10,lower_left_leaf,134,1403.73,1325,12810.614339622642,12864.0,1325,0.4027446210384369,0.4420529901981354,0,0
10,lower_left_leaf,135,1407.26,1325,11639.631698113208,11648.0,1325,0.3656361401081085,0.40753233432769775,0,0
10,lower_left_leaf,136,1410.79,1325,10890.75924528302,10896.0,1325,0.3348729908466339,0.3790278434753418,0,0
10,lower_left_leaf,137,1414.32,1325,10415.516981132076,10400.0,1325,0.3122484087944031,0.35683298110961914,0,0
10,lower_left_leaf,138,1417.86,1325,10139.77358490566,10096.0,1325,0.2945326268672943,0.3399357497692108,0,0
10,lower_left_leaf,139,1421.39,1325,9958.194716981132,9920.0,1325,0.2815990447998047,0.32669538259506226,0,0
10,lower_left_leaf,140,1424.92,1325,9841.714716981132,9808.0,1325,0.27194398641586304,0.31625258922576904,0,0
10,lower_left_leaf,141,1428.46,1325,9801.201509433962,9760.0,1325,0.26475197076797485,0.3090364336967468,0,0
10,lower_left_leaf,142,1431.99,1325,9770.807547169812,9712.0,1325,0.259470671415329,0.30385375022888184,0,0
10,lower_left_leaf,143,1435.53,1325,9792.796981132076,9728.0,1325,0.25605902075767517,0.29995185136795044,0,0
10,lower_left_leaf,144,1439.07,1325,9835.00075471698,9776.0,1325,0.2531645596027374,0.2965743839740753,0,0
10,lower_left_leaf,145,1442.6,1325,9871.118490566038,9824.0,1325,0.2516900599002838,0.29417383670806885,0,0
10,lower_left_leaf,146,1446.14,1325,9945.91396226415,9888.0,1325,0.250867635011673,0.2931596040725708,0,0
10,lower_left_leaf,147,1449.68,1325,10007.957735849057,9936.0,1325,0.2513291537761688,0.2930528521537781,0,0
10,lower_left_leaf,148,1453.22,1325,10113.183396226415,10048.0,1325,0.2520242929458618,0.2931506931781769,0,0
10,lower_left_leaf,149,1456.76,1325,10256.796981132076,10192.0,1325,0.25445783138275146,0.2958579957485199,0,0
10,lower_left_leaf,150,1460.3,1325,10359.027924528302,10304.0,1325,0.25708603858947754,0.29768916964530945,0,0
10,lower_left_leaf,151,1463.84,1325,10526.58716981132,10496.0,1325,0.2618251442909241,0.3026192784309387,0,0
10,lower_left_leaf,152,1467.38,1325,10707.26037735849,10656.0,1325,0.2679769992828369,0.3091239333152771,0,0
10,lower_left_leaf,153,1470.92,1325,10938.662641509434,10896.0,1325,0.27655503153800964,0.3169398903846741,0,0
10,lower_left_leaf,154,1474.46,1325,11226.276226415095,11200.0,1325,0.2873855531215668,0.3278457224369049,0,0
10,lower_left_leaf,155,1478.01,1325,11554.789433962264,11552.0,1325,0.29990068078041077,0.33966636657714844,0,0
10,lower_left_leaf,156,1481.55,1325,11881.998490566039,11904.0,1325,0.31359222531318665,0.3525313436985016,0,0
10,lower_left_leaf,157,1485.09,1325,12231.981886792453,12256.0,1325,0.3281096816062927,0.3661840260028839,0,0
10,lower_left_leaf,158,1488.64,1325,12634.976603773584,12688.0,1325,0.3409205973148346,0.37868934869766235,0,0
10,lower_left_leaf,159,1492.18,1325,13060.141886792453,13136.0,1325,0.3539910614490509,0.3904585540294647,0,0
10,lower_left_leaf,160,1495.73,1325,13494.061886792453,13600.0,1325,0.36676499247550964,0.4022556245326996,0,0
10,lower_left_leaf,161,1499.27,1325,13918.72,14032.0,1325,0.3792761564254761,0.4141366183757782,0,0
10,lower_left_leaf,162,1502.82,1325,14349.63320754717,14480.0,1325,0.3915632665157318,0.4257611334323883,0,0
10,lower_left_leaf,163,1506.37,1325,14782.454339622642,14928.0,1325,0.4037171006202698,0.4371740221977234,0,0
10,lower_left_leaf,164,1509.91,1325,15199.154716981133,15360.0,1325,0.41614606976509094,0.4486691951751709,0,0
10,lower_left_leaf,165,1513.46,1325,15677.24679245283,15888.0,1325,0.4294060468673706,0.4607977867126465,0,0
10,lower_left_leaf,166,1517.01,1325,16086.84679245283,16320.0,1325,0.4424514174461365,0.4733700752258301,0,0
10,lower_left_leaf,167,1520.56,1325,16527.335849056602,16768.0,1325,0.4556471109390259,0.4858299493789673,0,0
10,lower_left_leaf,168,1524.11,1325,16935.414339622643,17216.0,1325,0.46839621663093567,0.49773961305618286,0,0
10,lower_left_leaf,169,1527.66,1325,17295.420377358492,17552.0,1325,0.4809197783470154,0.5096652507781982,0,0
10,lower_left_leaf,170,1531.21,1325,17697.738867924527,17984.0,1325,0.4937500059604645,0.5218380093574524,0,0
10,lower_left_leaf,171,1534.76,1325,18081.424905660377,18384.0,1325,0.5061792135238647,0.5339407920837402,0,0
10,lower_left_leaf,172,1538.32,1325,18422.46037735849,18768.0,1325,0.519583523273468,0.5459558963775635,0,0
10,lower_left_leaf,173,1541.87,1325,18791.30566037736,19152.0,1325,0.5323120951652527,0.5584594011306763,0,0
10,lower_left_leaf,174,1545.42,1325,19075.477735849057,19440.0,1325,0.544277548789978,0.5699411630630493,0,0
10,lower_left_leaf,175,1548.98,1325,19389.065660377357,19760.0,1325,0.5566527843475342,0.581818163394928,0,0
10,lower_left_leaf,176,1552.53,1325,19680.82113207547,20064.0,1325,0.5687894821166992,0.5929203629493713,0,0
10,lower_left_leaf,177,1556.09,1325,19954.68075471698,20336.0,1325,0.5808936953544617,0.6048462390899658,0,0
10,lower_left_leaf,178,1559.64,1325,20207.625660377358,20624.0,1325,0.5928608179092407,0.6164122223854065,0,0
10,lower_left_leaf,179,1563.2,1325,20410.964528301887,20832.0,1325,0.6042835116386414,0.6265912055969238,0,0
10,lower_left_leaf,180,1566.75,1325,20668.582641509434,21104.0,1325,0.6148480176925659,0.6369863152503967,0,0
10,lower_left_leaf,181,1570.31,1325,20889.40679245283,21312.0,1325,0.6257606744766235,0.6474359035491943,0,0
10,lower_left_leaf,182,1573.87,1325,21065.00830188679,21520.0,1325,0.6366428136825562,0.6580284833908081,0,0
10,lower_left_leaf,183,1577.43,1325,21225.756981132075,21664.0,1325,0.6470907926559448,0.6682027578353882,0,0
10,lower_left_leaf,184,1580.99,1325,21369.40679245283,21808.0,1325,0.6576477289199829,0.6779577732086182,0,0
10,lower_left_leaf,185,1584.55,1325,21545.00830188679,22016.0,1325,0.6678986549377441,0.6874074339866638,0,0
10,lower_left_leaf,186,1588.11,1325,21668.371320754715,22160.0,1325,0.6774535775184631,0.697091281414032,0,0
10,lower_left_leaf,187,1591.67,1325,21814.907169811322,22272.0,1325,0.6885941624641418,0.7074018716812134,0,0
10,lower_left_leaf,188,1595.23,1325,21915.218113207546,22400.0,1325,0.6986228823661804,0.7169338464736938,0,0
10,lower_left_leaf,189,1598.79,1325,21974.96754716981,22464.0,1325,0.711244523525238,0.7291886210441589,0,0
10,lower_left_leaf,190,1602.35,1325,22027.568301886793,22512.0,1325,0.724847137928009,0.7420349717140198,0,0
10,lower_left_leaf,191,1605.92,1325,22016.0,22496.0,1325,0.738095223903656,0.7549019455909729,0,0
10,lower_left_leaf,192,1609.48,1325,22015.444528301887,22496.0,1325,0.7495701909065247,0.7660151720046997,0,0
10,lower_left_leaf,193,1613.04,1325,21975.54716981132,22464.0,1325,0.7559926509857178,0.7720627784729004,0,0
10,lower_left_leaf,194,1616.61,1325,21901.343396226413,22400.0,1325,0.7599761486053467,0.7756445407867432,0,0
10,lower_left_leaf,195,1620.17,1325,21788.48603773585,22288.0,1325,0.7642517685890198,0.7799227833747864,0,0
10,lower_left_leaf,196,1623.74,1325,21624.537358490565,22128.0,1325,0.7696897387504578,0.7855555415153503,0,0
10,lower_left_leaf,197,1627.31,1325,21488.84528301887,21968.0,1325,0.7762669920921326,0.7915946841239929,0,0
10,lower_left_leaf,198,1630.87,1325,21319.124528301887,21824.0,1325,0.7847008109092712,0.8001132607460022,0,0
10,lower_left_leaf,199,1634.44,1325,21141.941132075473,21648.0,1325,0.7929032444953918,0.807737410068512,0,0
10,lower_left_leaf,200,1638.01,1325,20954.94037735849,21440.0,1325,0.8019108176231384,0.8164400458335876,0,0
10,lower_left_leaf,201,1641.58,1325,20747.556226415094,21232.0,1325,0.8125,0.8266078233718872,0,0
10,lower_left_leaf,202,1645.15,1325,20539.00075471698,21024.0,1325,0.8253751993179321,0.8385876417160034,0,0
10,lower_left_leaf,203,1648.71,1325,20239.118490566038,20720.0,1325,0.8406205773353577,0.8530927896499634,0,0
10,lower_left_leaf,204,1652.29,1325,19879.36603773585,20352.0,1325,0.8568181991577148,0.8683155179023743,0,0
10,lower_left_leaf,205,1655.86,1325,19417.85358490566,19872.0,1325,0.8743335604667664,0.8846960067749023,0,0
10,lower_left_leaf,206,1659.43,1325,18830.01962264151,19264.0,1325,0.894518256187439,0.9042056202888489,0,0
10,lower_left_leaf,207,1663.0,1325,18073.47924528302,18512.0,1325,0.9173126816749573,0.9250585436820984,0,0
10,lower_left_leaf,208,1666.57,1325,17099.580377358492,17504.0,1325,0.9480769038200378,0.9536784887313843,0,0
10,lower_left_leaf,209,1670.14,1325,15905.47320754717,16272.0,1325,0.9828326106071472,0.9847908616065979,0,0
10,lower_left_leaf,210,1673.72,1325,14418.511698113207,14752.0,1325,1.0133819580078125,1.0116896629333496,0,0
10,lower_left_leaf,211,1677.29,1325,12707.055094339623,12992.0,1325,1.027616262435913,1.0234568119049072,0,0
10,lower_left_leaf,212,1680.87,1325,10898.898113207548,11120.0,1325,1.0265957117080688,1.0219941139221191,0,0
10,lower_left_leaf,213,1684.44,1325,9167.396226415094,9360.0,1325,1.022271752357483,1.017543911933899,0,0
10,lower_left_leaf,214,1688.02,1325,7639.800754716981,7792.0,1325,1.0141643285751343,1.0105931758880615,0,0
10,lower_left_leaf,215,1691.59,1325,6443.121509433962,6544.0,1325,0.9932885766029358,0.9952152967453003,0,0
10,lower_left_leaf,216,1695.17,1325,5546.855849056604,5632.0,1325,0.9708333611488342,0.9805014133453369,0,0
10,lower_left_leaf,217,1698.75,1325,4869.518490566038,4928.0,1325,0.9576719403266907,0.9741100072860718,0,0
10,lower_left_leaf,218,1702.33,1325,4363.737358490566,4416.0,1325,0.9578313231468201,0.9754385948181152,0,0
10,lower_left_leaf,219,1705.91,1325,4003.7313207547168,4048.0,1325,0.970588207244873,0.984375,0,0
10,lower_left_leaf,220,1709.49,1325,3711.6256603773586,3760.0,1325,0.9826086759567261,0.9914893507957458,0,0
10,lower_left_leaf,221,1713.07,1325,3461.615094339623,3488.0,1325,1.0,1.0,0,0
10,lower_left_leaf,222,1716.65,1325,3267.8520754716983,3296.0,1325,1.0,1.0,0,0
10,lower_left_leaf,223,1720.23,1325,3104.3381132075474,3120.0,1325,1.0,1.0,0,0
11,upper_left_leaf,0,935.61,638,4492.137931034483,4560.0,638,1.2629657983779907,1.1370967626571655,0,0
11,upper_left_leaf,1,939.06,638,5102.068965517241,5192.0,638,1.2687499523162842,1.1542539596557617,0,0
11,upper_left_leaf,2,942.52,638,6831.122257053292,6944.0,638,1.2777796983718872,1.186301350593567,0,0
11,upper_left_leaf,3,945.98,638,9138.633228840125,9328.0,638,1.2789130210876465,1.2095435857772827,0,0
11,upper_left_leaf,4,949.43,638,11821.742946708464,12080.0,638,1.2768466472625732,1.2235476970672607,0,0
11,upper_left_leaf,5,952.89,638,14598.344827586207,14944.0,638,1.2740048170089722,1.229961633682251,0,0
11,upper_left_leaf,6,956.35,638,17213.166144200626,17600.0,638,1.2706573009490967,1.233971118927002,0,0
11,upper_left_leaf,7,959.81,638,19537.931034482757,19968.0,638,1.2665371894836426,1.2348170280456543,0,0
11,upper_left_leaf,8,963.27,638,21456.326018808777,21936.0,638,1.2644684314727783,1.2353477478027344,0,0
11,upper_left_leaf,9,966.73,638,23023.79937304075,23536.0,638,1.2630364894866943,1.2360870838165283,0,0
11,upper_left_leaf,10,970.19,638,24309.692789968653,24880.0,638,1.2628536224365234,1.2373288869857788,0,0
11,upper_left_leaf,11,973.65,638,25329.6802507837,25912.0,638,1.26218843460083,1.2375402450561523,0,0
11,upper_left_leaf,12,977.11,638,26222.01880877743,26848.0,638,1.262965202331543,1.2394938468933105,0,0
11,upper_left_leaf,13,980.58,638,26991.899686520377,27608.0,638,1.2659573554992676,1.2428057193756104,0,0
11,upper_left_leaf,14,984.04,638,27643.41065830721,28288.0,638,1.2677576541900635,1.2445162534713745,0,0
11,upper_left_leaf,15,987.51,638,28309.84326018809,28968.0,638,1.2708039283752441,1.248287558555603,0,0
11,upper_left_leaf,16,990.97,638,28864.952978056426,29552.0,638,1.2754038572311401,1.2527472972869873,0,0
11,upper_left_leaf,17,994.43,638,29491.711598746082,30184.0,638,1.279867172241211,1.2573912143707275,0,0
11,upper_left_leaf,18,997.9,638,30070.796238244515,30784.0,638,1.2827497720718384,1.2605198621749878,0,0
11,upper_left_leaf,19,1001.37,638,30605.542319749216,31320.0,638,1.2880916595458984,1.265737771987915,0,0
11,upper_left_leaf,20,1004.83,638,31206.470219435738,31936.0,638,1.2944831848144531,1.2718877792358398,0,0
11,upper_left_leaf,21,1008.3,638,31724.76489028213,32488.0,638,1.299901008605957,1.2770781517028809,0,0
11,upper_left_leaf,22,1011.77,638,32341.76802507837,33088.0,638,1.30514657497406,1.2825746536254883,0,0
11,upper_left_leaf,23,1015.24,638,32884.664576802505,33688.0,638,1.307363510131836,1.2849719524383545,0,0
11,upper_left_leaf,24,1018.71,638,33354.608150470216,34176.0,638,1.3117263317108154,1.2889492511749268,0,0
11,upper_left_leaf,25,1022.18,638,33981.24137931035,34864.0,638,1.3149687051773071,1.2926914691925049,0,0
11,upper_left_leaf,26,1025.65,638,34433.755485893416,35280.0,638,1.3201770782470703,1.2980397939682007,0,0
11,upper_left_leaf,27,1029.12,638,35087.12225705329,35936.0,638,1.3204102516174316,1.2980469465255737,0,0
11,upper_left_leaf,28,1032.59,638,35600.200626959246,36528.0,638,1.3252787590026855,1.3029372692108154,0,0
11,upper_left_leaf,29,1036.06,638,36102.620689655174,37016.0,638,1.328115463256836,1.3060779571533203,0,0
11,upper_left_leaf,30,1039.53,638,36669.793103448275,37552.0,638,1.3291834592819214,1.3075838088989258,0,0
11,upper_left_leaf,31,1043.0,638,37130.70846394984,38040.0,638,1.331169605255127,1.309201717376709,0,0
11,upper_left_leaf,32,1046.48,638,37663.799373040754,38608.0,638,1.3354650735855103,1.3137574195861816,0,0
11,upper_left_leaf,33,1049.95,638,38222.29467084639,39152.0,638,1.3374497890472412,1.315690517425537,0,0
11,upper_left_leaf,34,1053.43,638,38663.89968652037,39600.0,638,1.3380298614501953,1.3164573907852173,0,0
11,upper_left_leaf,35,1056.9,638,39245.64263322884,40216.0,638,1.3405994176864624,1.3189924955368042,0,0
11,upper_left_leaf,36,1060.38,638,39604.08777429467,40576.0,638,1.342394232749939,1.3212260007858276,0,0
11,upper_left_leaf,37,1063.85,638,40182.84639498433,41168.0,638,1.3429527282714844,1.3222109079360962,0,0
11,upper_left_leaf,38,1067.33,638,40658.40752351097,41680.0,638,1.3446602821350098,1.323305606842041,0,0
11,upper_left_leaf,39,1070.81,638,41166.84639498433,42200.0,638,1.34585702419281,1.325284481048584,0,0
11,upper_left_leaf,40,1074.29,638,41572.38871473354,42592.0,638,1.344937801361084,1.3243669271469116,0,0
11,upper_left_leaf,41,1077.76,638,41970.48275862069,43040.0,638,1.3451696634292603,1.3246562480926514,0,0
11,upper_left_leaf,42,1081.24,638,42401.98119122257,43456.0,638,1.3465032577514648,1.326409101486206,0,0
11,upper_left_leaf,43,1084.72,638,42799.92476489028,43832.0,638,1.3463799953460693,1.3265403509140015,0,0
11,upper_left_leaf,44,1088.2,638,43239.5736677116,44304.0,638,1.3453795909881592,1.3252589702606201,0,0
11,upper_left_leaf,45,1091.68,638,43754.05642633229,44856.0,638,1.345578908920288,1.3256967067718506,0,0
11,upper_left_leaf,46,1095.17,638,44041.05329153605,45208.0,638,1.3462400436401367,1.3264491558074951,0,0
11,upper_left_leaf,47,1098.65,638,44510.87147335423,45640.0,638,1.3445446491241455,1.3256604671478271,0,0
11,upper_left_leaf,48,1102.13,638,44789.793103448275,45896.0,638,1.343658685684204,1.3247073888778687,0,0
11,upper_left_leaf,49,1105.61,638,45200.47648902822,46360.0,638,1.3434569835662842,1.324528694152832,0,0
11,upper_left_leaf,50,1109.1,638,45592.32601880878,46744.0,638,1.3424136638641357,1.3236958980560303,0,0
11,upper_left_leaf,51,1112.58,638,45899.761755485895,47040.0,638,1.3425993919372559,1.3239725828170776,0,0
11,upper_left_leaf,52,1116.07,638,46176.92789968652,47320.0,638,1.3459534645080566,1.3272035121917725,0,0
11,upper_left_leaf,53,1119.55,638,46346.13166144201,47504.0,638,1.346550703048706,1.3280175924301147,0,0
11,upper_left_leaf,54,1123.04,638,46553.454545454544,47712.0,638,1.3471953868865967,1.3285578489303589,0,0
11,upper_left_leaf,55,1126.52,638,46901.26645768025,48064.0,638,1.3477460145950317,1.329432725906372,0,0
11,upper_left_leaf,56,1130.01,638,47006.620689655174,48176.0,638,1.344517469406128,1.3261175155639648,0,0
11,upper_left_leaf,57,1133.5,638,47028.86520376176,48184.0,638,1.3359674215316772,1.3182806968688965,0,0
11,upper_left_leaf,58,1136.99,638,46882.75862068965,48016.0,638,1.3218326568603516,1.304992914199829,0,0
11,upper_left_leaf,59,1140.47,638,46759.74921630094,47912.0,638,1.3071613311767578,1.2912025451660156,0,0
11,upper_left_leaf,60,1143.96,638,46536.72727272727,47632.0,638,1.2923614978790283,1.2771897315979004,0,0
11,upper_left_leaf,61,1147.45,638,46195.761755485895,47272.0,638,1.2784061431884766,1.2638344764709473,0,0
11,upper_left_leaf,62,1150.94,638,46058.5329153605,47120.0,638,1.270319938659668,1.2563328742980957,0,0
11,upper_left_leaf,63,1154.43,638,46042.35736677116,47080.0,638,1.2679896354675293,1.2542083263397217,0,0
11,upper_left_leaf,64,1157.93,638,46136.37617554859,47168.0,638,1.2684135437011719,1.254601240158081,0,0
11,upper_left_leaf,65,1161.42,638,46308.68965517241,47432.0,638,1.270640254020691,1.2567193508148193,0,0
11,upper_left_leaf,66,1164.91,638,46518.79623824451,47680.0,638,1.2744560241699219,1.2605352401733398,0,0
11,upper_left_leaf,67,1168.4,638,46831.021943573665,47952.0,638,1.2795346975326538,1.2650928497314453,0,0
11,upper_left_leaf,68,1171.9,638,47034.257053291534,48160.0,638,1.2843676805496216,1.2695744037628174,0,0
11,upper_left_leaf,69,1175.39,638,47297.65517241379,48440.0,638,1.2874058485031128,1.272629976272583,0,0
11,upper_left_leaf,70,1178.89,638,47516.43887147336,48672.0,638,1.2864172458648682,1.271611213684082,0,0
11,upper_left_leaf,71,1182.38,638,47715.91222570533,48864.0,638,1.2796361446380615,1.265731930732727,0,0
11,upper_left_leaf,72,1185.88,638,48029.86833855799,49240.0,638,1.2690825462341309,1.2557194232940674,0,0
11,upper_left_leaf,73,1189.37,638,48256.92789968652,49472.0,638,1.2574632167816162,1.244794249534607,0,0
11,upper_left_leaf,74,1192.87,638,48519.09717868338,49744.0,638,1.2490932941436768,1.2371375560760498,0,0
11,upper_left_leaf,75,1196.37,638,48828.78996865204,50056.0,638,1.2442113161087036,1.2326674461364746,0,0
11,upper_left_leaf,76,1199.87,638,49128.8275862069,50384.0,638,1.2422679662704468,1.2308027744293213,0,0
11,upper_left_leaf,77,1203.37,638,49569.85579937304,50824.0,638,1.2415199279785156,1.2301640510559082,0,0
11,upper_left_leaf,78,1206.87,638,49888.952978056426,51144.0,638,1.2419676780700684,1.2306489944458008,0,0
11,upper_left_leaf,79,1210.37,638,50150.01880877743,51384.0,638,1.2426085472106934,1.2312462329864502,0,0
11,upper_left_leaf,80,1213.87,638,50439.799373040754,51704.0,638,1.2447261810302734,1.233279824256897,0,0
11,upper_left_leaf,81,1217.37,638,50756.16300940439,52056.0,638,1.2477681636810303,1.2364072799682617,0,0
11,upper_left_leaf,82,1220.87,638,51252.84012539185,52544.0,638,1.2495980262756348,1.2379863262176514,0,0
11,upper_left_leaf,83,1224.37,638,51570.40752351097,52920.0,638,1.2524675130844116,1.2410306930541992,0,0
11,upper_left_leaf,84,1227.87,638,51841.15360501567,53176.0,638,1.2565112113952637,1.245028018951416,0,0
11,upper_left_leaf,85,1231.38,638,52226.73354231975,53568.0,638,1.2593731880187988,1.2478556632995605,0,0
11,upper_left_leaf,86,1234.88,638,52544.92789968652,53864.0,638,1.26242995262146,1.2507410049438477,0,0
11,upper_left_leaf,87,1238.39,638,52864.8275862069,54224.0,638,1.2642467021942139,1.252464771270752,0,0
11,upper_left_leaf,88,1241.89,638,53095.44827586207,54464.0,638,1.2675632238388062,1.2557387351989746,0,0
11,upper_left_leaf,89,1245.4,638,53413.86833855799,54768.0,638,1.270369052886963,1.2583072185516357,0,0
11,upper_left_leaf,90,1248.9,638,53704.37617554859,55072.0,637,1.271730899810791,1.2597543001174927,1,0
11,upper_left_leaf,91,1252.41,638,53863.5987460815,55232.0,636,1.273960828781128,1.2619575262069702,2,0
11,upper_left_leaf,92,1255.92,638,54094.39498432602,55456.0,635,1.2756385803222656,1.2635799646377563,3,0
11,upper_left_leaf,93,1259.42,638,54266.83385579937,55656.0,635,1.2767027616500854,1.2646516561508179,3,0
11,upper_left_leaf,94,1262.93,638,54499.811912225705,55888.0,633,1.2772165536880493,1.2653061151504517,5,0
11,upper_left_leaf,95,1266.44,638,54622.79623824451,55992.0,633,1.278438687324524,1.2664520740509033,5,0
11,upper_left_leaf,96,1269.95,638,54724.91536050157,56096.0,632,1.280220627784729,1.267928123474121,6,0
11,upper_left_leaf,97,1273.46,638,54845.64263322884,56240.0,632,1.2811088562011719,1.2690597772598267,6,0
11,upper_left_leaf,98,1276.97,638,54912.92789968652,56312.0,631,1.2799999713897705,1.2677454948425293,7,0
11,upper_left_leaf,99,1280.48,638,55053.16614420063,56504.0,631,1.278814435005188,1.2669293880462646,7,0
11,upper_left_leaf,100,1283.99,638,55129.32915360502,56536.0,631,1.2777372598648071,1.2659001350402832,7,0
11,upper_left_leaf,101,1287.51,638,55020.36363636364,56464.0,631,1.275346040725708,1.2631956338882446,7,0
11,upper_left_leaf,102,1291.02,638,54995.68652037618,56432.0,632,1.2711350917816162,1.2593467235565186,6,0
11,upper_left_leaf,103,1294.53,638,54826.583072100315,56240.0,633,1.2679443359375,1.2564748525619507,5,0
11,upper_left_leaf,104,1298.05,638,54761.028213166144,56176.0,632,1.2627776861190796,1.2513833045959473,6,0
11,upper_left_leaf,105,1301.56,638,54557.742946708466,55968.0,632,1.257469654083252,1.246382474899292,6,0
11,upper_left_leaf,106,1305.08,638,54237.54231974921,55648.0,633,1.25082266330719,1.2401574850082397,5,0
11,upper_left_leaf,107,1308.59,638,53922.70846394984,55320.0,636,1.2424635887145996,1.2318494319915771,2,0
11,upper_left_leaf,108,1312.11,638,53459.03448275862,54880.0,637,1.2339863777160645,1.2237837314605713,1,0
11,upper_left_leaf,109,1315.62,638,52976.952978056426,54384.0,638,1.225949764251709,1.2163634300231934,0,0
11,upper_left_leaf,110,1319.14,638,52402.45768025079,53728.0,638,1.2134296894073486,1.204268217086792,0,0
11,upper_left_leaf,111,1322.66,638,51859.71159874608,53200.0,638,1.2020244598388672,1.1934330463409424,0,0
11,upper_left_leaf,112,1326.18,638,51238.36990595611,52560.0,638,1.1902439594268799,1.182017207145691,0,0
11,upper_left_leaf,113,1329.7,638,50467.98746081505,51760.0,638,1.178006887435913,1.1703147888183594,0,0
11,upper_left_leaf,114,1333.22,638,49808.4263322884,51088.0,638,1.1650662422180176,1.1577589511871338,0,0
11,upper_left_leaf,115,1336.74,638,49029.065830721,50328.0,638,1.1537396907806396,1.1470344066619873,0,0
11,upper_left_leaf,116,1340.26,638,48346.583072100315,49688.0,638,1.1440843343734741,1.1375579833984375,0,0
11,upper_left_leaf,117,1343.78,638,47568.10031347963,48848.0,638,1.1357898712158203,1.1296441555023193,0,0
11,upper_left_leaf,118,1347.3,638,46564.28840125392,47848.0,638,1.1342027187347412,1.1279159784317017,0,0
11,upper_left_leaf,119,1350.82,638,45394.43260188088,46712.0,638,1.1337993144989014,1.1274561882019043,0,0
11,upper_left_leaf,120,1354.35,638,43978.75862068965,45240.0,638,1.1319373846054077,1.1255309581756592,0,0
11,upper_left_leaf,121,1357.87,638,42723.48589341693,43944.0,638,1.1298707723617554,1.123532772064209,0,0
11,upper_left_leaf,122,1361.39,638,41515.08463949843,42712.0,638,1.124971866607666,1.1184773445129395,0,0
11,upper_left_leaf,123,1364.92,638,40698.608150470216,41896.0,638,1.1122684478759766,1.106414556503296,0,0
11,upper_left_leaf,124,1368.44,638,40269.71786833856,41400.0,638,1.0937360525131226,1.0889079570770264,0,0
11,upper_left_leaf,125,1371.97,638,39674.38244514107,40760.0,638,1.0667411088943481,1.0633207559585571,0,0
11,upper_left_leaf,126,1375.5,638,38450.33228840125,39496.0,638,1.035911202430725,1.0340757369995117,0,0
11,upper_left_leaf,127,1379.02,638,35985.60501567398,37048.0,638,1.0,1.0,0,0
11,upper_left_leaf,128,1382.55,638,32939.93730407523,33872.0,638,0.9506856203079224,0.9533984661102295,0,0
11,upper_left_leaf,129,1386.08,638,30168.150470219436,30952.0,638,0.8885869979858398,0.8947737216949463,0,0
11,upper_left_leaf,130,1389.61,638,27093.59247648903,27792.0,638,0.8178648948669434,0.8279813528060913,0,0
11,upper_left_leaf,131,1393.14,638,23692.41379310345,24288.0,638,0.7458451986312866,0.761193573474884,0,0
11,upper_left_leaf,132,1396.67,638,20584.62695924765,20992.0,638,0.6775250434875488,0.6981430053710938,0,0
11,upper_left_leaf,133,1400.2,638,18151.899686520377,18464.0,638,0.6161669492721558,0.6417943835258484,0,0
11,upper_left_leaf,134,1403.73,638,16342.69592476489,16696.0,638,0.5656272172927856,0.5962159633636475,0,0
11,upper_left_leaf,135,1407.26,638,15074.858934169279,15376.0,638,0.5261813998222351,0.5596889853477478,0,0
11,upper_left_leaf,136,1410.79,638,14309.542319749216,14592.0,638,0.49394476413726807,0.5295010805130005,0,0
11,upper_left_leaf,137,1414.32,638,13858.332288401254,14096.0,638,0.4692404270172119,0.5063340663909912,0,0
11,upper_left_leaf,138,1417.86,638,13619.260188087774,13808.0,638,0.45052242279052734,0.4876790940761566,0,0
11,upper_left_leaf,139,1421.39,638,13496.852664576803,13696.0,638,0.4368046224117279,0.4742140769958496,0,0
11,upper_left_leaf,140,1424.92,638,13447.222570532915,13672.0,638,0.42538201808929443,0.4626244604587555,0,0
11,upper_left_leaf,141,1428.46,638,13473.028213166144,13664.0,638,0.41709333658218384,0.4545966386795044,0,0
11,upper_left_leaf,142,1431.99,638,13485.64263322884,13648.0,638,0.4109915494918823,0.44874775409698486,0,0
11,upper_left_leaf,143,1435.53,638,13563.937304075234,13736.0,638,0.40737682580947876,0.44490861892700195,0,0
11,upper_left_leaf,144,1439.07,638,13649.80564263323,13832.0,638,0.4042377173900604,0.4416494369506836,0,0
11,upper_left_leaf,145,1442.6,638,13744.476489028213,13952.0,638,0.40409010648727417,0.44095635414123535,0,0
11,upper_left_leaf,146,1446.14,638,13864.476489028213,14024.0,638,0.40292051434516907,0.4390920400619507,0,0
11,upper_left_leaf,147,1449.68,638,13975.598746081505,14160.0,638,0.4037015438079834,0.4398287534713745,0,0
11,upper_left_leaf,148,1453.22,638,14143.448275862069,14344.0,638,0.40549173951148987,0.44138383865356445,0,0
11,upper_left_leaf,149,1456.76,638,14323.084639498433,14520.0,638,0.4088001251220703,0.44406038522720337,0,0
11,upper_left_leaf,150,1460.3,638,14477.115987460815,14704.0,638,0.41347116231918335,0.4478658139705658,0,0
11,upper_left_leaf,151,1463.84,638,14683.987460815048,14912.0,638,0.421122670173645,0.45563727617263794,0,0
11,upper_left_leaf,152,1467.38,638,14906.984326018808,15128.0,638,0.43009090423583984,0.4640297293663025,0,0
11,upper_left_leaf,153,1470.92,638,15218.48275862069,15440.0,638,0.4427255690097809,0.4757322669029236,0,0
11,upper_left_leaf,154,1474.46,638,15584.827586206897,15840.0,638,0.45621079206466675,0.4891148507595062,0,0
11,upper_left_leaf,155,1478.01,638,16000.902821316615,16288.0,638,0.4741573929786682,0.5064502358436584,0,0
11,upper_left_leaf,156,1481.55,638,16405.692789968653,16712.0,638,0.4924503564834595,0.522456169128418,0,0
11,upper_left_leaf,157,1485.09,638,16850.708463949843,17160.0,638,0.5113154649734497,0.5413272380828857,0,0
11,upper_left_leaf,158,1488.64,638,17322.5329153605,17648.0,638,0.5285872220993042,0.5574644804000854,0,0
11,upper_left_leaf,159,1492.18,638,17812.865203761754,18152.0,638,0.5461429357528687,0.5738587379455566,0,0
11,upper_left_leaf,160,1495.73,638,18335.07210031348,18696.0,638,0.5619760751724243,0.588748574256897,0,0
11,upper_left_leaf,161,1499.27,638,18824.326018808777,19184.0,638,0.5767167806625366,0.6024158000946045,0,0
11,upper_left_leaf,162,1502.82,638,19314.85893416928,19712.0,638,0.5903325080871582,0.6153846383094788,0,0
11,upper_left_leaf,163,1506.37,638,19815.523510971787,20256.0,638,0.6065714359283447,0.6301182508468628,0,0
11,upper_left_leaf,164,1509.91,638,20285.4670846395,20744.0,638,0.6198703646659851,0.6422585248947144,0,0
11,upper_left_leaf,165,1513.46,638,20826.307210031347,21288.0,638,0.6345655918121338,0.656114935874939,0,0
11,upper_left_leaf,166,1517.01,638,21267.03448275862,21808.0,638,0.6484934091567993,0.6691873073577881,0,0
11,upper_left_leaf,167,1520.56,638,21744.702194357367,22272.0,638,0.6642335653305054,0.6836840510368347,0,0
11,upper_left_leaf,168,1524.11,638,22199.673981191223,22760.0,638,0.67845618724823,0.6970574855804443,0,0
11,upper_left_leaf,169,1527.66,638,22590.971786833856,23152.0,638,0.6922718286514282,0.7099629044532776,0,0
11,upper_left_leaf,170,1531.21,638,23012.614420062695,23640.0,638,0.7072855234146118,0.7243293523788452,0,0
11,upper_left_leaf,171,1534.76,638,23434.307210031347,24048.0,638,0.7223688364028931,0.7379034757614136,0,0
11,upper_left_leaf,172,1538.32,638,23794.98432601881,24408.0,638,0.7367226481437683,0.7516738176345825,0,0
11,upper_left_leaf,173,1541.87,638,24194.557993730406,24848.0,638,0.7525759935379028,0.7667051553726196,0,0
11,upper_left_leaf,174,1545.42,638,24489.579937304075,25168.0,638,0.7664297819137573,0.7801740169525146,0,0
11,upper_left_leaf,175,1548.98,638,24810.1065830721,25472.0,638,0.7810752391815186,0.7939140796661377,0,0
11,upper_left_leaf,176,1552.53,638,25084.66457680251,25760.0,638,0.7946782112121582,0.8066697716712952,0,0
11,upper_left_leaf,177,1556.09,638,25372.76489028213,26080.0,638,0.8078372478485107,0.8192110061645508,0,0
11,upper_left_leaf,178,1559.64,638,25616.727272727272,26336.0,638,0.8198587894439697,0.8307461738586426,0,0
11,upper_left_leaf,179,1563.2,638,25804.41379310345,26520.0,638,0.8320175409317017,0.8422408103942871,0,0
11,upper_left_leaf,180,1566.75,638,26066.5329153605,26776.0,638,0.8448435068130493,0.8543122410774231,0,0
11,upper_left_leaf,181,1570.31,638,26265.454545454544,27040.0,638,0.8566231727600098,0.8656197786331177,0,0
11,upper_left_leaf,182,1573.87,638,26423.598746081505,27224.0,638,0.867282509803772,0.8754944801330566,0,0
11,upper_left_leaf,183,1577.43,638,26565.84326018809,27376.0,638,0.8796674609184265,0.8872184753417969,0,0
11,upper_left_leaf,184,1580.99,638,26676.789968652036,27496.0,638,0.8906122446060181,0.8974298238754272,0,0
11,upper_left_leaf,185,1584.55,638,26801.6802507837,27608.0,638,0.9018814563751221,0.908133327960968,0,0
11,upper_left_leaf,186,1588.11,638,26881.329153605016,27704.0,638,0.9139913320541382,0.9194739460945129,0,0
11,upper_left_leaf,187,1591.67,638,26990.545454545456,27784.0,638,0.9235166311264038,0.9283636808395386,0,0
11,upper_left_leaf,188,1595.23,638,27024.20062695925,27832.0,638,0.9356332421302795,0.9398225545883179,0,0
11,upper_left_leaf,189,1598.79,638,27016.25078369906,27856.0,638,0.9482024908065796,0.9516024589538574,0,0
11,upper_left_leaf,190,1602.35,638,26994.131661442007,27792.0,638,0.9610569477081299,0.9636409282684326,0,0
11,upper_left_leaf,191,1605.92,638,26890.758620689656,27696.0,638,0.9759582281112671,0.9775792360305786,0,0
11,upper_left_leaf,192,1609.48,638,26816.050156739813,27640.0,638,0.9879130125045776,0.9887182712554932,0,0
11,upper_left_leaf,193,1613.04,638,26680.4263322884,27488.0,638,0.9918575286865234,0.992426872253418,0,0
11,upper_left_leaf,194,1616.61,638,26502.068965517243,27328.0,638,0.9961438179016113,0.9964231848716736,0,0
11,upper_left_leaf,195,1620.17,638,26290.18181818182,27104.0,638,0.9982153177261353,0.9983360767364502,0,0
11,upper_left_leaf,196,1623.74,638,26027.736677115987,26824.0,638,1.0013175010681152,1.0012199878692627,0,0
11,upper_left_leaf,197,1627.31,638,25807.44827586207,26600.0,638,1.0090579986572266,1.00838303565979,0,0
11,upper_left_leaf,198,1630.87,638,25528.702194357367,26280.0,638,1.0188099145889282,1.0174002647399902,0,0
11,upper_left_leaf,199,1634.44,638,25244.137931034482,25976.0,638,1.0263540744781494,1.0244084596633911,0,0
11,upper_left_leaf,200,1638.01,638,24970.40752351097,25704.0,638,1.0349385738372803,1.032194972038269,0,0
11,upper_left_leaf,201,1641.58,638,24679.19749216301,25416.0,638,1.0463496446609497,1.0426454544067383,0,0
11,upper_left_leaf,202,1645.15,638,24377.60501567398,25104.0,638,1.0609209537506104,1.055971622467041,0,0
11,upper_left_leaf,203,1648.71,638,23947.83699059561,24680.0,638,1.0776058435440063,1.0710787773132324,0,0
11,upper_left_leaf,204,1652.29,638,23456.727272727272,24176.0,638,1.100597620010376,1.0918692350387573,0,0
11,upper_left_leaf,205,1655.86,638,22882.35736677116,23568.0,638,1.1233630180358887,1.112082839012146,0,0
11,upper_left_leaf,206,1659.43,638,22128.100313479623,22768.0,638,1.1483471393585205,1.1340336799621582,0,0
11,upper_left_leaf,207,1663.0,638,21221.84326018809,21824.0,638,1.1794523000717163,1.1611731052398682,0,0
11,upper_left_leaf,208,1666.57,638,20077.692789968653,20672.0,638,1.220712423324585,1.195725679397583,0,0
11,upper_left_leaf,209,1670.14,638,18660.263322884013,19200.0,638,1.267985224723816,1.2346909046173096,0,0
11,upper_left_leaf,210,1673.72,638,16875.96238244514,17376.0,638,1.3090481758117676,1.2651469707489014,0,0
11,upper_left_leaf,211,1677.29,638,14826.081504702195,15256.0,638,1.3284664154052734,1.2757658958435059,0,0
11,upper_left_leaf,212,1680.87,638,12658.181818181818,12992.0,638,1.3300490379333496,1.2674548625946045,0,0
11,upper_left_leaf,213,1684.44,638,10538.407523510972,10800.0,638,1.3236004114151,1.250705361366272,0,0
11,upper_left_leaf,214,1688.02,638,8734.545454545454,8960.0,638,1.3143330812454224,1.2300996780395508,0,0
11,upper_left_leaf,215,1691.59,638,7327.648902821316,7504.0,638,1.2854714393615723,1.1966331005096436,0,0
11,upper_left_leaf,216,1695.17,638,6263.197492163009,6400.0,638,1.2538596391677856,1.164502501487732,0,0
11,upper_left_leaf,217,1698.75,638,5456.175548589342,5568.0,638,1.23369562625885,1.1414474248886108,0,0
11,upper_left_leaf,218,1702.33,638,4846.0188087774295,4944.0,638,1.230263113975525,1.128676414489746,0,0
11,upper_left_leaf,219,1705.91,638,4390.595611285266,4464.0,638,1.2373682260513306,1.1224489212036133,0,0
11,upper_left_leaf,220,1709.49,638,4028.213166144201,4080.0,638,1.2511260509490967,1.1189427375793457,0,0
11,upper_left_leaf,221,1713.07,638,3730.733542319749,3776.0,638,1.259648323059082,1.112412691116333,0,0
11,upper_left_leaf,222,1716.65,638,3503.6990595611287,3552.0,638,1.2625000476837158,1.1050000190734863,0,0
11,upper_left_leaf,223,1720.23,638,3311.1724137931033,3344.0,638,1.2535210847854614,1.0942407846450806,0,0
12,outer_leaf_UNCOVERED,0,935.61,616,4047.090909090909,4080.0,0,,,0,0
12,outer_leaf_UNCOVERED,1,939.06,616,4606.441558441558,4640.0,0,,,0,0
12,outer_leaf_UNCOVERED,2,942.52,616,6036.207792207792,6128.0,0,,,0,0
12,outer_leaf_UNCOVERED,3,945.98,616,7940.337662337663,8064.0,0,,,0,0
12,outer_leaf_UNCOVERED,4,949.43,616,10131.896103896104,10256.0,0,,,0,0
12,outer_leaf_UNCOVERED,5,952.89,616,12417.558441558442,12616.0,0,,,0,0
12,outer_leaf_UNCOVERED,6,956.35,616,14553.532467532468,14784.0,0,,,0,0
12,outer_leaf_UNCOVERED,7,959.81,616,16436.987012987014,16736.0,0,,,0,0
12,outer_leaf_UNCOVERED,8,963.27,616,18024.545454545456,18320.0,0,,,0,0
12,outer_leaf_UNCOVERED,9,966.73,616,19294.25974025974,19576.0,0,,,0,0
12,outer_leaf_UNCOVERED,10,970.19,616,20346.233766233767,20632.0,0,,,0,0
12,outer_leaf_UNCOVERED,11,973.65,616,21182.0,21520.0,0,,,0,0
12,outer_leaf_UNCOVERED,12,977.11,616,21919.79220779221,22288.0,0,,,0,0
12,outer_leaf_UNCOVERED,13,980.58,616,22576.805194805194,22944.0,0,,,0,0
12,outer_leaf_UNCOVERED,14,984.04,616,23133.532467532466,23528.0,0,,,0,0
12,outer_leaf_UNCOVERED,15,987.51,616,23701.844155844155,24120.0,0,,,0,0
12,outer_leaf_UNCOVERED,16,990.97,616,24197.68831168831,24616.0,0,,,0,0
12,outer_leaf_UNCOVERED,17,994.43,616,24778.155844155845,25216.0,0,,,0,0
12,outer_leaf_UNCOVERED,18,997.9,616,25245.506493506495,25664.0,0,,,0,0
12,outer_leaf_UNCOVERED,19,1001.37,616,25741.064935064936,26200.0,0,,,0,0
12,outer_leaf_UNCOVERED,20,1004.83,616,26229.74025974026,26656.0,0,,,0,0
12,outer_leaf_UNCOVERED,21,1008.3,616,26725.766233766233,27192.0,0,,,0,0
12,outer_leaf_UNCOVERED,22,1011.77,616,27257.03896103896,27728.0,0,,,0,0
12,outer_leaf_UNCOVERED,23,1015.24,616,27806.909090909092,28288.0,0,,,0,0
12,outer_leaf_UNCOVERED,24,1018.71,616,28219.376623376622,28720.0,0,,,0,0
12,outer_leaf_UNCOVERED,25,1022.18,616,28804.727272727272,29272.0,0,,,0,0
12,outer_leaf_UNCOVERED,26,1025.65,616,29213.14285714286,29688.0,0,,,0,0
12,outer_leaf_UNCOVERED,27,1029.12,616,29815.03896103896,30312.0,0,,,0,0
12,outer_leaf_UNCOVERED,28,1032.59,616,30262.883116883117,30728.0,0,,,0,0
12,outer_leaf_UNCOVERED,29,1036.06,616,30763.246753246753,31248.0,0,,,0,0
12,outer_leaf_UNCOVERED,30,1039.53,616,31222.7012987013,31752.0,0,,,0,0
12,outer_leaf_UNCOVERED,31,1043.0,616,31732.545454545456,32304.0,0,,,0,0
12,outer_leaf_UNCOVERED,32,1046.48,616,32129.948051948053,32688.0,0,,,0,0
12,outer_leaf_UNCOVERED,33,1049.95,616,32592.545454545456,33152.0,0,,,0,0
12,outer_leaf_UNCOVERED,34,1053.43,616,33009.168831168834,33664.0,0,,,0,0
12,outer_leaf_UNCOVERED,35,1056.9,616,33534.67532467532,34128.0,0,,,0,0
12,outer_leaf_UNCOVERED,36,1060.38,616,33864.28571428572,34480.0,0,,,0,0
12,outer_leaf_UNCOVERED,37,1063.85,616,34387.63636363636,35072.0,0,,,0,0
12,outer_leaf_UNCOVERED,38,1067.33,616,34739.03896103896,35408.0,0,,,0,0
12,outer_leaf_UNCOVERED,39,1070.81,616,35150.38961038961,35840.0,0,,,0,0
12,outer_leaf_UNCOVERED,40,1074.29,616,35542.90909090909,36232.0,0,,,0,0
12,outer_leaf_UNCOVERED,41,1077.76,616,35910.7012987013,36560.0,0,,,0,0
12,outer_leaf_UNCOVERED,42,1081.24,616,36246.02597402597,36896.0,0,,,0,0
12,outer_leaf_UNCOVERED,43,1084.72,616,36589.48051948052,37224.0,0,,,0,0
12,outer_leaf_UNCOVERED,44,1088.2,616,37033.454545454544,37712.0,0,,,0,0
12,outer_leaf_UNCOVERED,45,1091.68,616,37384.44155844156,38160.0,0,,,0,0
12,outer_leaf_UNCOVERED,46,1095.17,616,37617.22077922078,38296.0,0,,,0,0
12,outer_leaf_UNCOVERED,47,1098.65,616,38036.67532467532,38736.0,0,,,0,0
12,outer_leaf_UNCOVERED,48,1102.13,616,38219.37662337662,38936.0,0,,,0,0
12,outer_leaf_UNCOVERED,49,1105.61,616,38640.64935064935,39344.0,0,,,0,0
12,outer_leaf_UNCOVERED,50,1109.1,616,38940.96103896104,39648.0,0,,,0,0
12,outer_leaf_UNCOVERED,51,1112.58,616,39183.01298701299,39872.0,0,,,0,0
12,outer_leaf_UNCOVERED,52,1116.07,616,39419.844155844155,40096.0,0,,,0,0
12,outer_leaf_UNCOVERED,53,1119.55,616,39566.07792207792,40288.0,0,,,0,0
12,outer_leaf_UNCOVERED,54,1123.04,616,39720.28571428572,40432.0,0,,,0,0
12,outer_leaf_UNCOVERED,55,1126.52,616,39946.64935064935,40672.0,0,,,0,0
12,outer_leaf_UNCOVERED,56,1130.01,616,39976.38961038961,40704.0,0,,,0,0
12,outer_leaf_UNCOVERED,57,1133.5,616,39931.22077922078,40608.0,0,,,0,0
12,outer_leaf_UNCOVERED,58,1136.99,616,39646.103896103894,40352.0,0,,,0,0
12,outer_leaf_UNCOVERED,59,1140.47,616,39399.09090909091,40120.0,0,,,0,0
12,outer_leaf_UNCOVERED,60,1143.96,616,39017.35064935065,39696.0,0,,,0,0
12,outer_leaf_UNCOVERED,61,1147.45,616,38642.805194805194,39280.0,0,,,0,0
12,outer_leaf_UNCOVERED,62,1150.94,616,38315.03896103896,38984.0,0,,,0,0
12,outer_leaf_UNCOVERED,63,1154.43,616,38123.818181818184,38808.0,0,,,0,0
12,outer_leaf_UNCOVERED,64,1157.93,616,38099.55844155844,38696.0,0,,,0,0
12,outer_leaf_UNCOVERED,65,1161.42,616,38180.51948051948,38752.0,0,,,0,0
12,outer_leaf_UNCOVERED,66,1164.91,616,38269.37662337662,38856.0,0,,,0,0
12,outer_leaf_UNCOVERED,67,1168.4,616,38458.31168831169,39056.0,0,,,0,0
12,outer_leaf_UNCOVERED,68,1171.9,616,38630.12987012987,39208.0,0,,,0,0
12,outer_leaf_UNCOVERED,69,1175.39,616,38858.05194805195,39472.0,0,,,0,0
12,outer_leaf_UNCOVERED,70,1178.89,616,39002.805194805194,39624.0,0,,,0,0
12,outer_leaf_UNCOVERED,71,1182.38,616,39138.31168831169,39776.0,0,,,0,0
12,outer_leaf_UNCOVERED,72,1185.88,616,39324.44155844156,39920.0,0,,,0,0
12,outer_leaf_UNCOVERED,73,1189.37,616,39479.09090909091,40096.0,0,,,0,0
12,outer_leaf_UNCOVERED,74,1192.87,616,39691.03896103896,40336.0,0,,,0,0
12,outer_leaf_UNCOVERED,75,1196.37,616,39898.64935064935,40512.0,0,,,0,0
12,outer_leaf_UNCOVERED,76,1199.87,616,40119.68831168831,40736.0,0,,,0,0
12,outer_leaf_UNCOVERED,77,1203.37,616,40489.818181818184,41136.0,0,,,0,0
12,outer_leaf_UNCOVERED,78,1206.87,616,40774.181818181816,41400.0,0,,,0,0
12,outer_leaf_UNCOVERED,79,1210.37,616,41042.64935064935,41680.0,0,,,0,0
12,outer_leaf_UNCOVERED,80,1213.87,616,41310.753246753244,41984.0,0,,,0,0
12,outer_leaf_UNCOVERED,81,1217.37,616,41584.25974025974,42288.0,0,,,0,0
12,outer_leaf_UNCOVERED,82,1220.87,616,42010.88311688312,42688.0,0,,,0,0
12,outer_leaf_UNCOVERED,83,1224.37,616,42324.07792207792,43024.0,0,,,0,0
12,outer_leaf_UNCOVERED,84,1227.87,616,42621.48051948052,43272.0,0,,,0,0
12,outer_leaf_UNCOVERED,85,1231.38,616,42955.454545454544,43680.0,0,,,0,0
12,outer_leaf_UNCOVERED,86,1234.88,616,43244.753246753244,43968.0,0,,,0,0
12,outer_leaf_UNCOVERED,87,1238.39,616,43517.844155844155,44224.0,0,,,0,0
12,outer_leaf_UNCOVERED,88,1241.89,616,43728.02597402597,44416.0,0,,,0,0
12,outer_leaf_UNCOVERED,89,1245.4,616,44031.11688311688,44808.0,0,,,0,0
12,outer_leaf_UNCOVERED,90,1248.9,616,44269.4025974026,45016.0,0,,,0,0
12,outer_leaf_UNCOVERED,91,1252.41,616,44429.66233766234,45200.0,0,,,0,0
12,outer_leaf_UNCOVERED,92,1255.92,616,44662.805194805194,45448.0,0,,,0,0
12,outer_leaf_UNCOVERED,93,1259.42,616,44755.194805194806,45504.0,0,,,0,0
12,outer_leaf_UNCOVERED,94,1262.93,616,44946.88311688312,45688.0,0,,,0,0
12,outer_leaf_UNCOVERED,95,1266.44,616,45111.87012987013,45864.0,0,,,0,0
12,outer_leaf_UNCOVERED,96,1269.95,616,45209.66233766234,45992.0,0,,,0,0
12,outer_leaf_UNCOVERED,97,1273.46,616,45291.454545454544,45992.0,0,,,0,0
12,outer_leaf_UNCOVERED,98,1276.97,616,45338.44155844156,46096.0,0,,,0,0
12,outer_leaf_UNCOVERED,99,1280.48,616,45404.31168831169,46184.0,0,,,0,0
12,outer_leaf_UNCOVERED,100,1283.99,616,45470.545454545456,46272.0,0,,,0,0
12,outer_leaf_UNCOVERED,101,1287.51,616,45353.142857142855,46176.0,0,,,0,0
12,outer_leaf_UNCOVERED,102,1291.02,616,45330.12987012987,46112.0,0,,,0,0
12,outer_leaf_UNCOVERED,103,1294.53,616,45120.88311688312,45872.0,0,,,0,0
12,outer_leaf_UNCOVERED,104,1298.05,616,45024.31168831169,45760.0,0,,,0,0
12,outer_leaf_UNCOVERED,105,1301.56,616,44775.42857142857,45560.0,0,,,0,0
12,outer_leaf_UNCOVERED,106,1305.08,616,44379.87012987013,45120.0,0,,,0,0
12,outer_leaf_UNCOVERED,107,1308.59,616,44021.71428571428,44792.0,0,,,0,0
12,outer_leaf_UNCOVERED,108,1312.11,616,43510.33766233766,44232.0,0,,,0,0
12,outer_leaf_UNCOVERED,109,1315.62,616,43004.753246753244,43696.0,0,,,0,0
12,outer_leaf_UNCOVERED,110,1319.14,616,42390.96103896104,43080.0,0,,,0,0
12,outer_leaf_UNCOVERED,111,1322.66,616,41725.246753246756,42376.0,0,,,0,0
12,outer_leaf_UNCOVERED,112,1326.18,616,41063.71428571428,41640.0,0,,,0,0
12,outer_leaf_UNCOVERED,113,1329.7,616,40241.142857142855,40856.0,0,,,0,0
12,outer_leaf_UNCOVERED,114,1333.22,616,39492.155844155845,40040.0,0,,,0,0
12,outer_leaf_UNCOVERED,115,1336.74,616,38671.03896103896,39224.0,0,,,0,0
12,outer_leaf_UNCOVERED,116,1340.26,616,37924.44155844156,38424.0,0,,,0,0
12,outer_leaf_UNCOVERED,117,1343.78,616,37106.77922077922,37624.0,0,,,0,0
12,outer_leaf_UNCOVERED,118,1347.3,616,36147.06493506493,36576.0,0,,,0,0
12,outer_leaf_UNCOVERED,119,1350.82,616,35082.77922077922,35488.0,0,,,0,0
12,outer_leaf_UNCOVERED,120,1354.35,616,33828.90909090909,34176.0,0,,,0,0
12,outer_leaf_UNCOVERED,121,1357.87,616,32652.103896103898,32976.0,0,,,0,0
12,outer_leaf_UNCOVERED,122,1361.39,616,31658.909090909092,31904.0,0,,,0,0
12,outer_leaf_UNCOVERED,123,1364.92,616,30846.623376623378,31128.0,0,,,0,0
12,outer_leaf_UNCOVERED,124,1368.44,616,30377.766233766233,30616.0,0,,,0,0
12,outer_leaf_UNCOVERED,125,1371.97,616,29713.922077922078,29904.0,0,,,0,0
12,outer_leaf_UNCOVERED,126,1375.5,616,28591.012987012986,28680.0,0,,,0,0
12,outer_leaf_UNCOVERED,127,1379.02,616,26393.766233766233,26392.0,0,,,0,0
12,outer_leaf_UNCOVERED,128,1382.55,616,23689.87012987013,23640.0,0,,,0,0
12,outer_leaf_UNCOVERED,129,1386.08,616,21299.402597402597,21152.0,0,,,0,0
12,outer_leaf_UNCOVERED,130,1389.61,616,18762.38961038961,18496.0,0,,,0,0
12,outer_leaf_UNCOVERED,131,1393.14,616,16070.857142857143,15760.0,0,,,0,0
12,outer_leaf_UNCOVERED,132,1396.67,616,13666.363636363636,13328.0,0,,,0,0
12,outer_leaf_UNCOVERED,133,1400.2,616,11885.792207792209,11544.0,0,,,0,0
12,outer_leaf_UNCOVERED,134,1403.73,616,10617.61038961039,10296.0,0,,,0,0
12,outer_leaf_UNCOVERED,135,1407.26,616,9726.103896103896,9392.0,0,,,0,0
12,outer_leaf_UNCOVERED,136,1410.79,616,9157.272727272728,8824.0,0,,,0,0
12,outer_leaf_UNCOVERED,137,1414.32,616,8824.90909090909,8496.0,0,,,0,0
12,outer_leaf_UNCOVERED,138,1417.86,616,8665.116883116883,8320.0,0,,,0,0
12,outer_leaf_UNCOVERED,139,1421.39,616,8546.337662337663,8176.0,0,,,0,0
12,outer_leaf_UNCOVERED,140,1424.92,616,8459.402597402597,8080.0,0,,,0,0
12,outer_leaf_UNCOVERED,141,1428.46,616,8449.87012987013,8088.0,0,,,0,0
12,outer_leaf_UNCOVERED,142,1431.99,616,8435.844155844155,8048.0,0,,,0,0
12,outer_leaf_UNCOVERED,143,1435.53,616,8470.051948051949,8072.0,0,,,0,0
12,outer_leaf_UNCOVERED,144,1439.07,616,8481.272727272728,8080.0,0,,,0,0
12,outer_leaf_UNCOVERED,145,1442.6,616,8490.051948051949,8096.0,0,,,0,0
12,outer_leaf_UNCOVERED,146,1446.14,616,8573.038961038961,8160.0,0,,,0,0
12,outer_leaf_UNCOVERED,147,1449.68,616,8633.948051948051,8224.0,0,,,0,0
12,outer_leaf_UNCOVERED,148,1453.22,616,8688.077922077922,8256.0,0,,,0,0
12,outer_leaf_UNCOVERED,149,1456.76,616,8776.545454545454,8336.0,0,,,0,0
12,outer_leaf_UNCOVERED,150,1460.3,616,8840.0,8432.0,0,,,0,0
12,outer_leaf_UNCOVERED,151,1463.84,616,8946.623376623376,8512.0,0,,,0,0
12,outer_leaf_UNCOVERED,152,1467.38,616,9068.961038961039,8592.0,0,,,0,0
12,outer_leaf_UNCOVERED,153,1470.92,616,9241.558441558442,8776.0,0,,,0,0
12,outer_leaf_UNCOVERED,154,1474.46,616,9435.922077922078,9000.0,0,,,0,0
12,outer_leaf_UNCOVERED,155,1478.01,616,9674.233766233767,9224.0,0,,,0,0
12,outer_leaf_UNCOVERED,156,1481.55,616,9937.42857142857,9432.0,0,,,0,0
12,outer_leaf_UNCOVERED,157,1485.09,616,10193.324675324675,9720.0,0,,,0,0
12,outer_leaf_UNCOVERED,158,1488.64,616,10511.35064935065,10024.0,0,,,0,0
12,outer_leaf_UNCOVERED,159,1492.18,616,10773.792207792209,10312.0,0,,,0,0
12,outer_leaf_UNCOVERED,160,1495.73,616,11091.506493506493,10624.0,0,,,0,0
12,outer_leaf_UNCOVERED,161,1499.27,616,11429.532467532468,10936.0,0,,,0,0
12,outer_leaf_UNCOVERED,162,1502.82,616,11728.441558441558,11256.0,0,,,0,0
12,outer_leaf_UNCOVERED,163,1506.37,616,12051.766233766233,11576.0,0,,,0,0
12,outer_leaf_UNCOVERED,164,1509.91,616,12365.766233766233,11896.0,0,,,0,0
12,outer_leaf_UNCOVERED,165,1513.46,616,12723.792207792209,12296.0,0,,,0,0
12,outer_leaf_UNCOVERED,166,1517.01,616,13069.896103896104,12648.0,0,,,0,0
12,outer_leaf_UNCOVERED,167,1520.56,616,13392.103896103896,13008.0,0,,,0,0
12,outer_leaf_UNCOVERED,168,1524.11,616,13714.64935064935,13344.0,0,,,0,0
12,outer_leaf_UNCOVERED,169,1527.66,616,14003.506493506493,13640.0,0,,,0,0
12,outer_leaf_UNCOVERED,170,1531.21,616,14322.38961038961,14008.0,0,,,0,0
12,outer_leaf_UNCOVERED,171,1534.76,616,14631.116883116883,14328.0,0,,,0,0
12,outer_leaf_UNCOVERED,172,1538.32,616,14893.22077922078,14632.0,0,,,0,0
12,outer_leaf_UNCOVERED,173,1541.87,616,15185.948051948051,14880.0,0,,,0,0
12,outer_leaf_UNCOVERED,174,1545.42,616,15423.896103896104,15136.0,0,,,0,0
12,outer_leaf_UNCOVERED,175,1548.98,616,15678.857142857143,15400.0,0,,,0,0
12,outer_leaf_UNCOVERED,176,1552.53,616,15901.142857142857,15656.0,0,,,0,0
12,outer_leaf_UNCOVERED,177,1556.09,616,16145.142857142857,15928.0,0,,,0,0
12,outer_leaf_UNCOVERED,178,1559.64,616,16346.83116883117,16096.0,0,,,0,0
12,outer_leaf_UNCOVERED,179,1563.2,616,16513.22077922078,16296.0,0,,,0,0
12,outer_leaf_UNCOVERED,180,1566.75,616,16728.805194805194,16504.0,0,,,0,0
12,outer_leaf_UNCOVERED,181,1570.31,616,16905.012987012986,16672.0,0,,,0,0
12,outer_leaf_UNCOVERED,182,1573.87,616,17071.922077922078,16840.0,0,,,0,0
12,outer_leaf_UNCOVERED,183,1577.43,616,17219.22077922078,17000.0,0,,,0,0
12,outer_leaf_UNCOVERED,184,1580.99,616,17317.064935064936,17112.0,0,,,0,0
12,outer_leaf_UNCOVERED,185,1584.55,616,17454.51948051948,17240.0,0,,,0,0
12,outer_leaf_UNCOVERED,186,1588.11,616,17542.883116883117,17360.0,0,,,0,0
12,outer_leaf_UNCOVERED,187,1591.67,616,17640.33766233766,17480.0,0,,,0,0
12,outer_leaf_UNCOVERED,188,1595.23,616,17664.31168831169,17472.0,0,,,0,0
12,outer_leaf_UNCOVERED,189,1598.79,616,17705.03896103896,17544.0,0,,,0,0
12,outer_leaf_UNCOVERED,190,1602.35,616,17714.571428571428,17592.0,0,,,0,0
12,outer_leaf_UNCOVERED,191,1605.92,616,17690.805194805194,17576.0,0,,,0,0
12,outer_leaf_UNCOVERED,192,1609.48,616,17696.33766233766,17592.0,0,,,0,0
12,outer_leaf_UNCOVERED,193,1613.04,616,17649.948051948053,17552.0,0,,,0,0
12,outer_leaf_UNCOVERED,194,1616.61,616,17543.48051948052,17456.0,0,,,0,0
12,outer_leaf_UNCOVERED,195,1620.17,616,17481.68831168831,17384.0,0,,,0,0
12,outer_leaf_UNCOVERED,196,1623.74,616,17327.03896103896,17264.0,0,,,0,0
12,outer_leaf_UNCOVERED,197,1627.31,616,17174.987012987014,17152.0,0,,,0,0
12,outer_leaf_UNCOVERED,198,1630.87,616,17027.48051948052,16960.0,0,,,0,0
12,outer_leaf_UNCOVERED,199,1634.44,616,16871.55844155844,16824.0,0,,,0,0
12,outer_leaf_UNCOVERED,200,1638.01,616,16707.974025974025,16656.0,0,,,0,0
12,outer_leaf_UNCOVERED,201,1641.58,616,16511.766233766233,16464.0,0,,,0,0
12,outer_leaf_UNCOVERED,202,1645.15,616,16318.597402597403,16296.0,0,,,0,0
12,outer_leaf_UNCOVERED,203,1648.71,616,16057.688311688311,16016.0,0,,,0,0
12,outer_leaf_UNCOVERED,204,1652.29,616,15747.454545454546,15744.0,0,,,0,0
12,outer_leaf_UNCOVERED,205,1655.86,616,15356.51948051948,15336.0,0,,,0,0
12,outer_leaf_UNCOVERED,206,1659.43,616,14882.961038961039,14904.0,0,,,0,0
12,outer_leaf_UNCOVERED,207,1663.0,616,14302.051948051949,14296.0,0,,,0,0
12,outer_leaf_UNCOVERED,208,1666.57,616,13537.74025974026,13512.0,0,,,0,0
12,outer_leaf_UNCOVERED,209,1670.14,616,12601.948051948051,12592.0,0,,,0,0
12,outer_leaf_UNCOVERED,210,1673.72,616,11453.22077922078,11464.0,0,,,0,0
12,outer_leaf_UNCOVERED,211,1677.29,616,10110.545454545454,10088.0,0,,,0,0
12,outer_leaf_UNCOVERED,212,1680.87,616,8706.90909090909,8696.0,0,,,0,0
12,outer_leaf_UNCOVERED,213,1684.44,616,7415.688311688312,7432.0,0,,,0,0
12,outer_leaf_UNCOVERED,214,1688.02,616,6349.142857142857,6344.0,0,,,0,0
12,outer_leaf_UNCOVERED,215,1691.59,616,5489.584415584415,5480.0,0,,,0,0
12,outer_leaf_UNCOVERED,216,1695.17,616,4808.103896103896,4824.0,0,,,0,0
12,outer_leaf_UNCOVERED,217,1698.75,616,4308.467532467533,4312.0,0,,,0,0
12,outer_leaf_UNCOVERED,218,1702.33,616,3904.8311688311687,3920.0,0,,,0,0
12,outer_leaf_UNCOVERED,219,1705.91,616,3616.0,3632.0,0,,,0,0
12,outer_leaf_UNCOVERED,220,1709.49,616,3390.5194805194806,3392.0,0,,,0,0
12,outer_leaf_UNCOVERED,221,1713.07,616,3200.2077922077924,3200.0,0,,,0,0
12,outer_leaf_UNCOVERED,222,1716.65,616,3043.714285714286,3040.0,0,,,0,0
12,outer_leaf_UNCOVERED,223,1720.23,616,2931.714285714286,2928.0,0,,,0,0
