patch_id,patch_name,source_band_zero_based,wavelength_nm,sample_pixels,raw_DN_mean,raw_DN_median,Q_valid_n,Q_median,Q0_median,suspected_clipped_n,low_signal_n
1,green_tissue_a,0,397.66,240,4888.533333333334,4880.0,240,0.5409836173057556,0.916167676448822,0,1
1,green_tissue_a,1,400.28,240,4869.866666666667,4864.0,240,0.5322580933570862,0.9126505851745605,0,0
1,green_tissue_a,2,402.9,240,4882.0,4880.0,240,0.5076923370361328,0.9050444960594177,0,0
1,green_tissue_a,3,405.52,240,4880.666666666667,4880.0,240,0.49295774102211,0.8976607918739319,0,0
1,green_tissue_a,4,408.13,240,4902.666666666667,4912.0,240,0.47999998927116394,0.8911764621734619,0,0
1,green_tissue_a,5,410.75,240,4918.4,4896.0,240,0.4736842215061188,0.884393036365509,0,0
1,green_tissue_a,6,413.37,240,4937.133333333333,4928.0,240,0.45679011940956116,0.8778409361839294,0,0
1,green_tissue_a,7,416.0,240,4949.333333333333,4936.0,240,0.45121949911117554,0.8730838298797607,0,0
1,green_tissue_a,8,418.62,240,4955.066666666667,4944.0,240,0.45348837971687317,0.8683463335037231,0,0
1,green_tissue_a,9,421.24,240,4990.2,4976.0,240,0.450549453496933,0.8632582426071167,0,0
1,green_tissue_a,10,423.86,240,4990.2,4992.0,240,0.4432166814804077,0.8583106398582458,0,0
1,green_tissue_a,11,426.49,240,5018.8,5024.0,240,0.4375,0.8517520427703857,0,0
1,green_tissue_a,12,429.12,240,5036.133333333333,5040.0,240,0.42307692766189575,0.8418969511985779,0,0
1,green_tissue_a,13,431.74,240,5054.8,5056.0,240,0.42380261421203613,0.8366243839263916,0,0
1,green_tissue_a,14,434.37,240,5112.0,5104.0,240,0.41228070855140686,0.8265982866287231,0,0
1,green_tissue_a,15,437.0,240,5138.6,5152.0,240,0.4032258093357086,0.8130489587783813,0,0
1,green_tissue_a,16,439.63,240,5171.2,5168.0,240,0.39382827281951904,0.802955687046051,0,0
1,green_tissue_a,17,442.26,240,5229.133333333333,5232.0,240,0.38461539149284363,0.7897310256958008,0,0
1,green_tissue_a,18,444.89,240,5251.333333333333,5248.0,240,0.3754194676876068,0.7764564752578735,0,0
1,green_tissue_a,19,447.52,240,5306.133333333333,5288.0,240,0.372310996055603,0.7668997645378113,0,0
1,green_tissue_a,20,450.16,240,5360.2,5360.0,240,0.37313753366470337,0.759637176990509,0,0
1,green_tissue_a,21,452.79,240,5375.4,5376.0,240,0.37142857909202576,0.7540795803070068,0,0
1,green_tissue_a,22,455.43,240,5412.0,5400.0,240,0.3608834147453308,0.7463696002960205,0,0
1,green_tissue_a,23,458.06,240,5463.133333333333,5472.0,240,0.37026649713516235,0.7451192140579224,0,0
1,green_tissue_a,24,460.7,240,5445.2,5440.0,240,0.3743315637111664,0.7450549602508545,0,0
1,green_tissue_a,25,463.34,240,5465.866666666667,5448.0,240,0.3709677457809448,0.7403755784034729,0,0
1,green_tissue_a,26,465.98,240,5531.466666666666,5536.0,240,0.36880868673324585,0.7297857999801636,0,0
1,green_tissue_a,27,468.62,240,5569.8,5568.0,240,0.3611809015274048,0.7253668904304504,0,0
1,green_tissue_a,28,471.26,240,5577.0,5576.0,240,0.3619047701358795,0.722741961479187,0,0
1,green_tissue_a,29,473.9,240,5666.666666666667,5648.0,240,0.3574534058570862,0.7068790197372437,0,0
1,green_tissue_a,30,476.54,240,5761.2,5744.0,240,0.3560517430305481,0.696073055267334,0,0
1,green_tissue_a,31,479.18,240,5805.133333333333,5776.0,240,0.35083961486816406,0.6889405250549316,0,0
1,green_tissue_a,32,481.83,240,5900.066666666667,5872.0,240,0.35164836049079895,0.6755996942520142,0,0
1,green_tissue_a,33,484.47,240,6054.0,6024.0,240,0.3467339873313904,0.6606249213218689,0,0
1,green_tissue_a,34,487.12,240,6069.533333333334,6048.0,240,0.34733474254608154,0.6496544480323792,0,0
1,green_tissue_a,35,489.77,240,6180.266666666666,6144.0,240,0.34250763058662415,0.6412859559059143,0,0
1,green_tissue_a,36,492.42,240,6320.733333333334,6272.0,240,0.3427433371543884,0.6275138854980469,0,0
1,green_tissue_a,37,495.07,240,6450.6,6384.0,240,0.34277743101119995,0.6193047761917114,0,0
1,green_tissue_a,38,497.72,240,6542.133333333333,6464.0,240,0.34362950921058655,0.6148036122322083,0,0
1,green_tissue_a,39,500.37,240,6679.466666666666,6624.0,240,0.35228705406188965,0.6104962229728699,0,0
1,green_tissue_a,40,503.02,240,6788.2,6736.0,240,0.35560858249664307,0.6085044145584106,0,0
1,green_tissue_a,41,505.67,240,6838.066666666667,6792.0,240,0.3629828691482544,0.6147172451019287,0,0
1,green_tissue_a,42,508.32,240,6978.733333333334,6896.0,240,0.3705398738384247,0.612473726272583,0,0
1,green_tissue_a,43,510.98,240,7235.733333333334,7152.0,240,0.37931033968925476,0.6101809144020081,0,0
1,green_tissue_a,44,513.63,240,7344.666666666667,7288.0,240,0.39081698656082153,0.6172506809234619,0,0
1,green_tissue_a,45,516.29,240,7379.733333333334,7312.0,240,0.4010865092277527,0.6234212517738342,0,0
1,green_tissue_a,46,518.95,240,7597.8,7520.0,240,0.4135802388191223,0.6237665414810181,0,0
1,green_tissue_a,47,521.61,240,8000.133333333333,7904.0,240,0.42563381791114807,0.622085690498352,0,0
1,green_tissue_a,48,524.27,240,8167.6,8072.0,240,0.43568155169487,0.6264771223068237,0,0
1,green_tissue_a,49,526.93,240,8303.666666666666,8176.0,240,0.44682836532592773,0.6331691145896912,0,0
1,green_tissue_a,50,529.59,240,8684.4,8536.0,240,0.453125,0.6292133331298828,0,0
1,green_tissue_a,51,532.25,240,9304.733333333334,9112.0,240,0.4628625810146332,0.6228817105293274,0,0
1,green_tissue_a,52,534.91,240,9739.0,9512.0,240,0.46724778413772583,0.6190475225448608,0,0
1,green_tissue_a,53,537.57,240,9886.8,9696.0,240,0.4749302268028259,0.6226702928543091,0,0
1,green_tissue_a,54,540.24,240,10132.333333333334,9888.0,240,0.4772716462612152,0.6192152500152588,0,0
1,green_tissue_a,55,542.91,240,10661.8,10376.0,240,0.4814969301223755,0.6146514415740967,0,0
1,green_tissue_a,56,545.57,240,11120.266666666666,10848.0,240,0.48532408475875854,0.6108248233795166,0,0
1,green_tissue_a,57,548.24,240,11315.333333333334,11024.0,240,0.48916661739349365,0.6119836568832397,0,0
1,green_tissue_a,58,550.91,240,11548.466666666667,11248.0,240,0.49046987295150757,0.6117512583732605,0,0
1,green_tissue_a,59,553.58,240,12007.533333333333,11640.0,240,0.4942823052406311,0.6097512245178223,0,0
1,green_tissue_a,60,556.25,240,12430.933333333332,12120.0,240,0.49547040462493896,0.607136070728302,0,0
1,green_tissue_a,61,558.92,240,12547.2,12168.0,240,0.49643784761428833,0.6053937077522278,0,0
1,green_tissue_a,62,561.59,240,12608.2,12216.0,240,0.4924728274345398,0.599882960319519,0,0
1,green_tissue_a,63,564.26,240,12850.666666666666,12456.0,240,0.49028271436691284,0.597322940826416,0,0
1,green_tissue_a,64,566.94,240,13042.066666666668,12640.0,240,0.4850045442581177,0.5887219905853271,0,0
1,green_tissue_a,65,569.61,240,12975.666666666666,12576.0,240,0.48103076219558716,0.5855839252471924,0,0
1,green_tissue_a,66,572.29,240,12814.8,12408.0,240,0.4744400382041931,0.5817632675170898,0,0
1,green_tissue_a,67,574.96,240,12921.0,12520.0,240,0.46807557344436646,0.5745708346366882,0,0
1,green_tissue_a,68,577.64,240,13260.666666666666,12880.0,240,0.4665651321411133,0.5683952569961548,0,0
1,green_tissue_a,69,580.32,240,13459.333333333334,12992.0,240,0.46127504110336304,0.5619179606437683,0,0
1,green_tissue_a,70,583.0,240,13240.866666666667,12840.0,240,0.4609391689300537,0.5638584494590759,0,0
1,green_tissue_a,71,585.68,240,12940.6,12512.0,240,0.4550684690475464,0.5614229440689087,0,0
1,green_tissue_a,72,588.36,240,13089.933333333332,12672.0,240,0.45388415455818176,0.5578823089599609,0,0
1,green_tissue_a,73,591.04,240,13713.6,13288.0,240,0.4532201886177063,0.5525163412094116,0,0
1,green_tissue_a,74,593.73,240,14281.466666666667,13808.0,240,0.45309531688690186,0.5461174249649048,0,0
1,green_tissue_a,75,596.41,240,14431.466666666667,13968.0,240,0.4538794159889221,0.5463639497756958,0,0
1,green_tissue_a,76,599.1,240,14308.066666666668,13824.0,240,0.45159992575645447,0.5449371933937073,0,0
1,green_tissue_a,77,601.78,240,14467.0,13984.0,240,0.45014023780822754,0.5431879758834839,0,0
1,green_tissue_a,78,604.47,240,15096.2,14576.0,240,0.45086807012557983,0.5390336513519287,0,0
1,green_tissue_a,79,607.16,240,15879.533333333333,15376.0,240,0.4496867060661316,0.5334275960922241,0,0
1,green_tissue_a,80,609.85,240,16290.933333333332,15832.0,240,0.44930365681648254,0.5304951667785645,0,0
1,green_tissue_a,81,612.53,240,16239.6,15736.0,240,0.4458061754703522,0.5265713930130005,0,0
1,green_tissue_a,82,615.23,240,16054.066666666668,15560.0,240,0.44123655557632446,0.5222759246826172,0,0
1,green_tissue_a,83,617.92,240,16350.133333333333,15808.0,240,0.43923234939575195,0.5173368453979492,0,0
1,green_tissue_a,84,620.61,240,16969.533333333333,16392.0,240,0.43647974729537964,0.5121521949768066,0,0
1,green_tissue_a,85,623.3,240,17625.066666666666,17064.0,240,0.4366738200187683,0.5100191831588745,0,0
1,green_tissue_a,86,626.0,240,17932.533333333333,17456.0,240,0.43902987241744995,0.510797381401062,0,0
1,green_tissue_a,87,628.69,240,18018.666666666668,17584.0,240,0.43998903036117554,0.5103319883346558,0,0
1,green_tissue_a,88,631.39,240,18151.2,17664.0,240,0.438923180103302,0.5090194344520569,0,0
1,green_tissue_a,89,634.08,240,18453.666666666668,17968.0,240,0.4396180212497711,0.5089054107666016,0,0
1,green_tissue_a,90,636.78,240,18707.333333333332,18248.0,240,0.43745172023773193,0.5056358575820923,0,0
1,green_tissue_a,91,639.48,240,18782.066666666666,18320.0,240,0.4351147711277008,0.5015798807144165,0,0
1,green_tissue_a,92,642.18,240,18697.2,18216.0,240,0.427503377199173,0.4945196509361267,0,0
1,green_tissue_a,93,644.88,240,18715.733333333334,18192.0,240,0.41934722661972046,0.4866774082183838,0,0
1,green_tissue_a,94,647.58,240,18973.666666666668,18416.0,240,0.41396254301071167,0.480049192905426,0,0
1,green_tissue_a,95,650.29,240,19368.266666666666,18896.0,240,0.4151548743247986,0.47858405113220215,0,0
1,green_tissue_a,96,652.99,240,19525.533333333333,19128.0,240,0.4132106900215149,0.47602060437202454,0,0
1,green_tissue_a,97,655.69,240,19233.733333333334,18888.0,240,0.4102442264556885,0.4751858413219452,0,0
1,green_tissue_a,98,658.4,240,18575.2,18200.0,240,0.40362268686294556,0.4702583849430084,0,0
1,green_tissue_a,99,661.1,240,18113.066666666666,17744.0,240,0.39622190594673157,0.4651845097541809,0,0
1,green_tissue_a,100,663.81,240,18157.4,17800.0,240,0.389923095703125,0.4580642580986023,0,0
1,green_tissue_a,101,666.52,240,18520.466666666667,18144.0,240,0.3829740285873413,0.44927161931991577,0,0
1,green_tissue_a,102,669.23,240,18955.4,18568.0,240,0.37625518441200256,0.4395937919616699,0,0
1,green_tissue_a,103,671.94,240,19151.866666666665,18872.0,240,0.3755927085876465,0.43834543228149414,0,0
1,green_tissue_a,104,674.65,240,19016.933333333334,18688.0,240,0.37204083800315857,0.43545740842819214,0,0
1,green_tissue_a,105,677.36,240,18824.533333333333,18496.0,240,0.37086552381515503,0.4352400302886963,0,0
1,green_tissue_a,106,680.07,240,19044.133333333335,18744.0,240,0.3748745918273926,0.43816226720809937,0,0
1,green_tissue_a,107,682.79,240,19917.666666666668,19624.0,240,0.38373419642448425,0.44514963030815125,0,0
1,green_tissue_a,108,685.5,240,21347.933333333334,20992.0,240,0.3979218900203705,0.4557076096534729,0,0
1,green_tissue_a,109,688.22,240,22951.8,22488.0,240,0.41879063844680786,0.4716449975967407,0,0
1,green_tissue_a,110,690.93,240,24429.266666666666,23912.0,240,0.44351616501808167,0.49299585819244385,0,0
1,green_tissue_a,111,693.65,240,25510.933333333334,24928.0,240,0.47506722807884216,0.5228325128555298,0,0
1,green_tissue_a,112,696.37,240,26275.8,25592.0,240,0.5113343000411987,0.5567795038223267,0,0
1,green_tissue_a,113,699.09,240,27514.666666666668,26704.0,240,0.5468193888664246,0.591219425201416,0,0
1,green_tissue_a,114,701.81,240,29479.666666666668,28496.0,240,0.5848734378814697,0.6252420544624329,0,0
1,green_tissue_a,115,704.53,240,32231.8,31168.0,240,0.6264561414718628,0.661034107208252,0,0
1,green_tissue_a,116,707.25,240,35278.0,34080.0,240,0.6660672426223755,0.6955808997154236,0,0
1,green_tissue_a,117,709.97,240,38205.066666666666,36928.0,240,0.7046339511871338,0.7299298644065857,0,0
1,green_tissue_a,118,712.7,240,40725.933333333334,39616.0,240,0.7443153858184814,0.7657504677772522,0,0
1,green_tissue_a,119,715.42,240,42484.46666666667,41552.0,240,0.7875272035598755,0.8050128221511841,0,0
1,green_tissue_a,120,718.15,240,44078.53333333333,43488.0,240,0.8343265652656555,0.8484532833099365,0,0
1,green_tissue_a,121,720.87,240,45890.73333333333,45512.0,240,0.8805726766586304,0.8907323479652405,0,0
1,green_tissue_a,122,723.6,240,48284.0,48192.0,240,0.9253134727478027,0.9316705465316772,0,0
1,green_tissue_a,123,726.33,240,51098.933333333334,51168.0,231,0.9613918662071228,0.964562714099884,9,0
1,green_tissue_a,124,729.06,240,53779.8,54216.0,219,0.9941596388816833,0.9946300983428955,21,0
1,green_tissue_a,125,731.79,240,56121.8,57056.0,211,1.0191570520401,1.0176366567611694,29,0
1,green_tissue_a,126,734.52,240,57833.26666666667,59248.0,193,1.0307813882827759,1.028330683708191,47,0
1,green_tissue_a,127,737.25,240,58976.6,61008.0,181,1.0462218523025513,1.0425316095352173,59,0
1,green_tissue_a,128,739.98,240,59768.86666666667,62376.0,161,1.058380365371704,1.0537571907043457,79,0
1,green_tissue_a,129,742.72,240,60295.066666666666,63408.0,153,1.0742621421813965,1.0684410333633423,87,0
1,green_tissue_a,130,745.45,240,60808.933333333334,64624.0,143,1.0833864212036133,1.0767652988433838,97,0
1,green_tissue_a,131,748.19,240,61087.53333333333,65184.0,132,1.0912548303604126,1.084058165550232,108,0
1,green_tissue_a,132,750.93,240,61253.73333333333,65432.0,128,1.0996325016021729,1.0917510986328125,112,0
1,green_tissue_a,133,753.66,240,61335.0,65472.0,126,1.1127872467041016,1.1037958860397339,114,0
1,green_tissue_a,134,756.4,240,61454.0,65520.0,118,1.1120171546936035,1.1029973030090332,122,0
1,green_tissue_a,135,759.14,240,61675.46666666667,65520.0,114,1.10821533203125,1.0995121002197266,126,0
1,green_tissue_a,136,761.88,240,61954.26666666667,65520.0,109,1.1044490337371826,1.096111536026001,131,0
1,green_tissue_a,137,764.62,240,62284.333333333336,65520.0,107,1.1052963733673096,1.097036600112915,133,0
1,green_tissue_a,138,767.36,240,62514.0,65520.0,102,1.1022706031799316,1.0941407680511475,138,0
1,green_tissue_a,139,770.11,240,62489.26666666667,65520.0,105,1.1131865978240967,1.1040302515029907,135,0
1,green_tissue_a,140,772.85,240,62177.73333333333,65520.0,108,1.1187379360198975,1.1093591451644897,132,0
1,green_tissue_a,141,775.6,240,61696.26666666667,65504.0,123,1.1452009677886963,1.1335445642471313,117,0
1,green_tissue_a,142,778.34,240,61145.066666666666,65024.0,135,1.167057991027832,1.153325080871582,105,0
1,green_tissue_a,143,781.09,240,60835.86666666667,64312.0,140,1.174863576889038,1.159999966621399,100,0
1,green_tissue_a,144,783.84,240,60979.066666666666,64928.0,137,1.1705162525177002,1.1561720371246338,103,0
1,green_tissue_a,145,786.58,240,61490.73333333333,65488.0,121,1.1513025760650635,1.1388293504714966,119,0
1,green_tissue_a,146,789.33,240,62111.6,65520.0,109,1.1342653036117554,1.1236157417297363,131,0
1,green_tissue_a,147,792.08,240,62580.933333333334,65520.0,99,1.1209884881973267,1.1113736629486084,141,0
1,green_tissue_a,148,794.84,240,62760.4,65520.0,93,1.111358880996704,1.1027185916900635,147,0
1,green_tissue_a,149,797.59,240,62585.53333333333,65520.0,102,1.1343154907226562,1.1234712600708008,138,0
1,green_tissue_a,150,800.34,240,61948.46666666667,65512.0,120,1.1563624143600464,1.1432273387908936,120,0
1,green_tissue_a,151,803.1,240,60945.333333333336,64456.0,156,1.2162652015686035,1.1980080604553223,84,0
1,green_tissue_a,152,805.85,240,59612.26666666667,62048.0,176,1.2298270463943481,1.2094231843948364,64,0
1,green_tissue_a,153,808.61,240,58554.73333333333,60592.0,195,1.2490206956863403,1.2259265184402466,45,0
1,green_tissue_a,154,811.36,240,58078.46666666667,59912.0,200,1.2515242099761963,1.2281551361083984,40,0
1,green_tissue_a,155,814.12,240,58360.933333333334,60232.0,195,1.248916506767273,1.2259272336959839,45,0
1,green_tissue_a,156,816.88,240,59123.933333333334,61408.0,179,1.240492343902588,1.2192262411117554,61,0
1,green_tissue_a,157,819.64,240,60005.13333333333,62976.0,160,1.2284436225891113,1.2080535888671875,80,0
1,green_tissue_a,158,822.4,240,60621.8,63840.0,147,1.2255319356918335,1.2060058116912842,93,0
1,green_tissue_a,159,825.16,240,60931.6,64720.0,134,1.1992638111114502,1.1819995641708374,106,0
1,green_tissue_a,160,827.92,240,60773.2,64224.0,146,1.2286453247070312,1.2088267803192139,94,0
1,green_tissue_a,161,830.69,240,60247.4,63288.0,160,1.2360515594482422,1.2148839235305786,80,0
1,green_tissue_a,162,833.45,240,59447.13333333333,61952.0,175,1.250137209892273,1.2272727489471436,65,0
1,green_tissue_a,163,836.22,240,58556.6,60608.0,195,1.2632768154144287,1.238892674446106,45,0
1,green_tissue_a,164,838.98,240,57948.46666666667,59712.0,205,1.275038480758667,1.2492146492004395,35,0
1,green_tissue_a,165,841.75,240,57721.6,59552.0,206,1.282958984375,1.2559115886688232,34,0
1,green_tissue_a,166,844.52,240,57993.46666666667,59784.0,203,1.2739146947860718,1.2477320432662964,37,0
1,green_tissue_a,167,847.29,240,58535.666666666664,60560.0,193,1.266729474067688,1.2420872449874878,47,0
1,green_tissue_a,168,850.06,240,59149.13333333333,61480.0,179,1.2614061832427979,1.2372708320617676,61,0
1,green_tissue_a,169,852.83,240,59609.6,62144.0,168,1.2523987293243408,1.2293378114700317,72,0
1,green_tissue_a,170,855.6,240,59847.26666666667,62584.0,159,1.2492679357528687,1.2266976833343506,81,0
1,green_tissue_a,171,858.37,240,59871.666666666664,62672.0,164,1.2553060054779053,1.232040524482727,76,0
1,green_tissue_a,172,861.14,240,59588.0,62264.0,169,1.2592178583145142,1.2351350784301758,71,0
1,green_tissue_a,173,863.92,240,59051.53333333333,61344.0,183,1.272932767868042,1.2476563453674316,57,0
1,green_tissue_a,174,866.69,240,58277.666666666664,60192.0,205,1.2982184886932373,1.2700806856155396,35,0
1,green_tissue_a,175,869.47,240,57245.26666666667,59024.0,214,1.314463496208191,1.2843427658081055,26,0
1,green_tissue_a,176,872.25,240,56213.46666666667,57744.0,223,1.3327968120574951,1.3007272481918335,17,0
1,green_tissue_a,177,875.03,240,55336.4,56760.0,227,1.3351129293441772,1.3017750978469849,13,0
1,green_tissue_a,178,877.8,240,54585.86666666667,55800.0,230,1.339137315750122,1.3039385080337524,10,0
1,green_tissue_a,179,880.58,240,54063.666666666664,55368.0,231,1.3435832262039185,1.3080605268478394,9,0
1,green_tissue_a,180,883.37,240,53730.46666666667,55128.0,234,1.345978021621704,1.3100342750549316,6,0
1,green_tissue_a,181,886.15,240,53582.0,54768.0,233,1.3436226844787598,1.3085659742355347,7,0
1,green_tissue_a,182,888.93,240,53505.26666666667,54776.0,235,1.348426103591919,1.311456322669983,5,0
1,green_tissue_a,183,891.71,240,53373.8,54624.0,234,1.3493890762329102,1.312723159790039,6,0
1,green_tissue_a,184,894.5,240,53103.2,54320.0,236,1.3506368398666382,1.314178466796875,4,0
1,green_tissue_a,185,897.28,240,52602.066666666666,53800.0,237,1.3507739305496216,1.313828706741333,3,0
1,green_tissue_a,186,900.07,240,51822.2,52984.0,240,1.3569746017456055,1.3185575008392334,0,0
1,green_tissue_a,187,902.86,240,50782.26666666667,52016.0,240,1.3579888343811035,1.3191319704055786,0,0
1,green_tissue_a,188,905.64,240,49469.6,50624.0,240,1.357846975326538,1.317623257637024,0,0
1,green_tissue_a,189,908.43,240,47981.6,49056.0,240,1.3569872379302979,1.315314769744873,0,0
1,green_tissue_a,190,911.22,240,46572.13333333333,47584.0,240,1.3619749546051025,1.3186578750610352,0,0
1,green_tissue_a,191,914.02,240,45281.333333333336,46312.0,240,1.3573637008666992,1.3133933544158936,0,0
1,green_tissue_a,192,916.81,240,44269.46666666667,45376.0,240,1.3560211658477783,1.3116111755371094,0,0
1,green_tissue_a,193,919.6,240,43602.6,44624.0,240,1.3548818826675415,1.3092148303985596,0,0
1,green_tissue_a,194,922.39,240,43284.86666666667,44376.0,240,1.3549604415893555,1.3094838857650757,0,0
1,green_tissue_a,195,925.19,240,43137.4,44080.0,240,1.3525673151016235,1.3079755306243896,0,0
1,green_tissue_a,196,927.98,240,42963.8,43920.0,240,1.3527873754501343,1.3068410158157349,0,0
1,green_tissue_a,197,930.78,240,42737.6,43768.0,240,1.3472163677215576,1.302208423614502,0,0
1,green_tissue_a,198,933.58,240,42254.26666666667,43240.0,240,1.3486907482147217,1.3031587600708008,0,0
1,green_tissue_a,199,936.38,240,41564.066666666666,42528.0,240,1.3507585525512695,1.304675817489624,0,0
1,green_tissue_a,200,939.18,240,40553.13333333333,41536.0,240,1.343321681022644,1.2967302799224854,0,0
1,green_tissue_a,201,941.98,240,39089.26666666667,39960.0,240,1.3410797119140625,1.2922673225402832,0,0
1,green_tissue_a,202,944.78,240,37346.6,38224.0,240,1.3319602012634277,1.2830944061279297,0,0
1,green_tissue_a,203,947.58,240,35391.4,36240.0,240,1.3286550045013428,1.2774958610534668,0,0
1,green_tissue_a,204,950.38,240,33418.8,34280.0,240,1.3203818798065186,1.268740177154541,0,0
1,green_tissue_a,205,953.19,240,31524.866666666665,32352.0,240,1.3110449314117432,1.2584282159805298,0,0
1,green_tissue_a,206,955.99,240,29950.133333333335,30688.0,240,1.2990601062774658,1.2471622228622437,0,0
1,green_tissue_a,207,958.8,240,28635.933333333334,29424.0,240,1.2867412567138672,1.2345367670059204,0,0
1,green_tissue_a,208,961.6,240,27627.666666666668,28320.0,240,1.2788907289505005,1.2269253730773926,0,0
1,green_tissue_a,209,964.41,240,26953.4,27592.0,240,1.2769683599472046,1.2244679927825928,0,0
1,green_tissue_a,210,967.22,240,26364.4,27048.0,240,1.270552635192871,1.2176234722137451,0,0
1,green_tissue_a,211,970.03,240,25894.133333333335,26632.0,240,1.2687249183654785,1.2160357236862183,0,0
1,green_tissue_a,212,972.84,240,25464.0,26104.0,240,1.2700430154800415,1.2158114910125732,0,0
1,green_tissue_a,213,975.65,240,24962.8,25648.0,240,1.271073818206787,1.214967131614685,0,0
1,green_tissue_a,214,978.46,240,24388.8,25072.0,240,1.2688651084899902,1.2124485969543457,0,0
1,green_tissue_a,215,981.27,240,23714.933333333334,24360.0,240,1.2685401439666748,1.2105090618133545,0,0
1,green_tissue_a,216,984.09,240,22919.333333333332,23528.0,240,1.2680058479309082,1.209160327911377,0,0
1,green_tissue_a,217,986.9,240,21998.0,22544.0,240,1.2691454887390137,1.2068097591400146,0,0
1,green_tissue_a,218,989.72,240,21111.866666666665,21608.0,240,1.2706592082977295,1.2048701047897339,0,0
1,green_tissue_a,219,992.54,240,20184.133333333335,20712.0,240,1.272902011871338,1.204169511795044,0,0
1,green_tissue_a,220,995.35,240,19288.2,19800.0,240,1.2761013507843018,1.2026293277740479,0,0
1,green_tissue_a,221,998.17,240,18511.666666666668,18992.0,240,1.2780283689498901,1.2023086547851562,0,0
1,green_tissue_a,222,1000.99,240,17849.6,18264.0,240,1.2812036275863647,1.2008397579193115,0,0
1,green_tissue_a,223,1003.81,240,17779.8,18192.0,240,1.2785483598709106,1.200831413269043,0,0
2,green_tissue_b,0,397.66,106,4849.509433962264,4832.0,106,0.46390143036842346,0.8975321650505066,0,1
2,green_tissue_b,1,400.28,106,4827.169811320755,4832.0,106,0.45978838205337524,0.8951255679130554,0,0
2,green_tissue_b,2,402.9,106,4824.301886792453,4816.0,106,0.4397384524345398,0.8852941393852234,0,0
2,green_tissue_b,3,405.52,106,4854.943396226415,4848.0,106,0.4324324429035187,0.8797653913497925,0,0
2,green_tissue_b,4,408.13,106,4848.0,4848.0,106,0.41333332657814026,0.8728323578834534,0,0
2,green_tissue_b,5,410.75,106,4856.1509433962265,4864.0,106,0.39743590354919434,0.8628871440887451,0,0
2,green_tissue_b,6,413.37,106,4884.981132075472,4880.0,106,0.39024388790130615,0.8575458526611328,0,0
2,green_tissue_b,7,416.0,106,4872.1509433962265,4848.0,106,0.3863636255264282,0.8520547747612,0,0
2,green_tissue_b,8,418.62,106,4903.245283018868,4896.0,106,0.375,0.8459383845329285,0,0
2,green_tissue_b,9,421.24,106,4925.433962264151,4928.0,106,0.3723404109477997,0.8403804302215576,0,0
2,green_tissue_b,10,423.86,106,4911.245283018868,4912.0,106,0.3645833432674408,0.8349117636680603,0,0
2,green_tissue_b,11,426.49,106,4966.641509433963,4960.0,106,0.36000001430511475,0.8275397419929504,0,0
2,green_tissue_b,12,429.12,106,4952.1509433962265,4944.0,106,0.349056601524353,0.8177011013031006,0,0
2,green_tissue_b,13,431.74,106,4989.88679245283,4960.0,106,0.3482142984867096,0.8120104670524597,0,0
2,green_tissue_b,14,434.37,106,5028.830188679245,5016.0,106,0.3361344635486603,0.7994858622550964,0,0
2,green_tissue_b,15,437.0,106,5020.981132075472,5016.0,106,0.3255814015865326,0.7844611406326294,0,0
2,green_tissue_b,16,439.63,106,5063.245283018868,5040.0,106,0.31598296761512756,0.7727278470993042,0,0
2,green_tissue_b,17,442.26,106,5093.433962264151,5088.0,106,0.3114224076271057,0.7593611478805542,0,0
2,green_tissue_b,18,444.89,106,5116.981132075472,5120.0,106,0.2971212863922119,0.7439174652099609,0,0
2,green_tissue_b,19,447.52,106,5163.169811320755,5168.0,106,0.28143712878227234,0.7312322854995728,0,0
2,green_tissue_b,20,450.16,106,5177.509433962264,5168.0,106,0.28328514099121094,0.720224142074585,0,0
2,green_tissue_b,21,452.79,106,5179.924528301887,5160.0,106,0.28133341670036316,0.712871789932251,0,0
2,green_tissue_b,22,455.43,106,5200.0,5192.0,106,0.2788223624229431,0.706079363822937,0,0
2,green_tissue_b,23,458.06,106,5217.66037735849,5200.0,106,0.27949029207229614,0.6991341710090637,0,0
2,green_tissue_b,24,460.7,106,5230.943396226415,5232.0,106,0.2731814980506897,0.7006507515907288,0,0
2,green_tissue_b,25,463.34,106,5220.226415094339,5192.0,106,0.27400675415992737,0.6927567720413208,0,0
2,green_tissue_b,26,465.98,106,5283.169811320755,5232.0,106,0.2602424621582031,0.679580807685852,0,0
2,green_tissue_b,27,468.62,106,5320.1509433962265,5296.0,106,0.2666666805744171,0.6813974380493164,0,0
2,green_tissue_b,28,471.26,106,5313.358490566037,5296.0,106,0.2703454792499542,0.676214873790741,0,0
2,green_tissue_b,29,473.9,106,5348.226415094339,5360.0,106,0.2573226988315582,0.65625,0,0
2,green_tissue_b,30,476.54,106,5386.415094339623,5344.0,106,0.24573849141597748,0.6388893723487854,0,0
2,green_tissue_b,31,479.18,106,5384.452830188679,5336.0,106,0.24472768604755402,0.6309856176376343,0,0
2,green_tissue_b,32,481.83,106,5450.566037735849,5408.0,106,0.2378447949886322,0.6151686310768127,0,0
2,green_tissue_b,33,484.47,106,5547.320754716981,5536.0,106,0.2360561490058899,0.5963377952575684,0,0
2,green_tissue_b,34,487.12,106,5572.679245283019,5536.0,106,0.22933095693588257,0.5824191570281982,0,0
2,green_tissue_b,35,489.77,106,5635.924528301887,5616.0,106,0.2269335687160492,0.574402391910553,0,0
2,green_tissue_b,36,492.42,106,5702.037735849057,5632.0,106,0.22372741997241974,0.5539687871932983,0,0
2,green_tissue_b,37,495.07,106,5792.452830188679,5744.0,106,0.22526399791240692,0.547703742980957,0,0
2,green_tissue_b,38,497.72,106,5849.66037735849,5840.0,106,0.22830049693584442,0.5391993522644043,0,0
2,green_tissue_b,39,500.37,106,5896.1509433962265,5888.0,106,0.22289156913757324,0.5300787687301636,0,0
2,green_tissue_b,40,503.02,106,5963.320754716981,5936.0,106,0.22557927668094635,0.5279222726821899,0,0
2,green_tissue_b,41,505.67,106,5989.584905660377,5952.0,106,0.23446691036224365,0.5300901532173157,0,0
2,green_tissue_b,42,508.32,106,6091.924528301887,6024.0,106,0.23379749059677124,0.52281653881073,0,0
2,green_tissue_b,43,510.98,106,6192.0,6136.0,106,0.2326037585735321,0.5126973390579224,0,0
2,green_tissue_b,44,513.63,106,6219.471698113208,6200.0,106,0.2390548288822174,0.5158675909042358,0,0
2,green_tissue_b,45,516.29,106,6264.754716981132,6232.0,106,0.2486695647239685,0.523200511932373,0,0
2,green_tissue_b,46,518.95,106,6384.0,6328.0,106,0.2489919364452362,0.5136896967887878,0,0
2,green_tissue_b,47,521.61,106,6592.754716981132,6528.0,106,0.2575463056564331,0.507472038269043,0,0
2,green_tissue_b,48,524.27,106,6661.2830188679245,6624.0,106,0.26207923889160156,0.5104808807373047,0,0
2,green_tissue_b,49,526.93,106,6728.754716981132,6688.0,106,0.26758497953414917,0.5087770223617554,0,0
2,green_tissue_b,50,529.59,106,6971.018867924528,6968.0,106,0.27381062507629395,0.5031921863555908,0,0
2,green_tissue_b,51,532.25,106,7289.509433962264,7240.0,106,0.273975133895874,0.4858120083808899,0,0
2,green_tissue_b,52,534.91,106,7494.188679245283,7440.0,106,0.2756410241127014,0.47714418172836304,0,0
2,green_tissue_b,53,537.57,106,7563.773584905661,7496.0,106,0.2775050401687622,0.4769814610481262,0,0
2,green_tissue_b,54,540.24,106,7687.8490566037735,7616.0,106,0.2769033908843994,0.4704177975654602,0,0
2,green_tissue_b,55,542.91,106,7983.547169811321,7960.0,106,0.2825004458427429,0.46417978405952454,0,0
2,green_tissue_b,56,545.57,106,8250.11320754717,8192.0,106,0.2813592553138733,0.4554763436317444,0,0
2,green_tissue_b,57,548.24,106,8330.716981132075,8256.0,106,0.28249675035476685,0.4523119032382965,0,0
2,green_tissue_b,58,550.91,106,8454.33962264151,8416.0,106,0.28249868750572205,0.44995683431625366,0,0
2,green_tissue_b,59,553.58,106,8682.264150943396,8664.0,106,0.2818271815776825,0.4416313171386719,0,0
2,green_tissue_b,60,556.25,106,8927.849056603774,8920.0,106,0.2819981575012207,0.4373095631599426,0,0
2,green_tissue_b,61,558.92,106,8985.66037735849,8880.0,106,0.28155460953712463,0.43158411979675293,0,0
2,green_tissue_b,62,561.59,106,9014.792452830188,8952.0,106,0.2800130248069763,0.42924803495407104,0,0
2,green_tissue_b,63,564.26,106,9128.150943396226,9072.0,106,0.277535617351532,0.4234263300895691,0,0
2,green_tissue_b,64,566.94,106,9208.0,9160.0,106,0.2787594795227051,0.42037665843963623,0,0
2,green_tissue_b,65,569.61,106,9155.622641509433,9040.0,106,0.2696577310562134,0.41539299488067627,0,0
2,green_tissue_b,66,572.29,106,9109.132075471698,9000.0,106,0.26752346754074097,0.4147263169288635,0,0
2,green_tissue_b,67,574.96,106,9164.981132075472,9016.0,106,0.26438799500465393,0.40768152475357056,0,0
2,green_tissue_b,68,577.64,106,9325.735849056604,9216.0,106,0.26052701473236084,0.39763766527175903,0,0
2,green_tissue_b,69,580.32,106,9404.075471698114,9344.0,106,0.26061776280403137,0.39713573455810547,0,0
2,green_tissue_b,70,583.0,106,9221.433962264151,9176.0,106,0.25820207595825195,0.3979395031929016,0,0
2,green_tissue_b,71,585.68,106,9105.207547169812,8968.0,106,0.25395429134368896,0.39829033613204956,0,0
2,green_tissue_b,72,588.36,106,9230.037735849057,9112.0,106,0.2532762289047241,0.39168620109558105,0,0
2,green_tissue_b,73,591.04,106,9606.943396226416,9448.0,106,0.24867814779281616,0.38162773847579956,0,0
2,green_tissue_b,74,593.73,106,9835.32075471698,9640.0,106,0.2483089119195938,0.3743289113044739,0,0
2,green_tissue_b,75,596.41,106,9822.641509433963,9672.0,106,0.24742159247398376,0.37461239099502563,0,0
2,green_tissue_b,76,599.1,106,9783.849056603774,9672.0,106,0.2497205138206482,0.3780902624130249,0,0
2,green_tissue_b,77,601.78,106,9894.641509433963,9736.0,106,0.24784156680107117,0.37302809953689575,0,0
2,green_tissue_b,78,604.47,106,10253.735849056604,10120.0,106,0.24646662175655365,0.36434972286224365,0,0
2,green_tissue_b,79,607.16,106,10662.943396226416,10616.0,106,0.24820780754089355,0.3602590262889862,0,0
2,green_tissue_b,80,609.85,106,10815.094339622641,10744.0,106,0.2439422309398651,0.3542148470878601,0,0
2,green_tissue_b,81,612.53,106,10717.584905660377,10592.0,106,0.24208644032478333,0.3530069589614868,0,0
2,green_tissue_b,82,615.23,106,10621.735849056604,10392.0,106,0.23817291855812073,0.3472605347633362,0,0
2,green_tissue_b,83,617.92,106,10843.169811320755,10616.0,106,0.23509058356285095,0.3411426544189453,0,0
2,green_tissue_b,84,620.61,106,11206.33962264151,11048.0,106,0.23686039447784424,0.3389663100242615,0,0
2,green_tissue_b,85,623.3,106,11530.264150943396,11360.0,106,0.23437708616256714,0.3319518566131592,0,0
2,green_tissue_b,86,626.0,106,11673.66037735849,11520.0,106,0.23492595553398132,0.3308688700199127,0,0
2,green_tissue_b,87,628.69,106,11702.188679245282,11544.0,106,0.23577579855918884,0.33073800802230835,0,0
2,green_tissue_b,88,631.39,106,11777.962264150943,11712.0,106,0.23520958423614502,0.3308401107788086,0,0
2,green_tissue_b,89,634.08,106,11936.150943396226,11760.0,106,0.2352365255355835,0.32628026604652405,0,0
2,green_tissue_b,90,636.78,106,12080.754716981131,12048.0,106,0.23554804921150208,0.32554808259010315,0,0
2,green_tissue_b,91,639.48,106,12091.77358490566,12088.0,106,0.23538818955421448,0.3248874545097351,0,0
2,green_tissue_b,92,642.18,106,12018.716981132075,12008.0,106,0.2334507405757904,0.3208557367324829,0,0
2,green_tissue_b,93,644.88,106,12038.188679245282,12016.0,106,0.23081153631210327,0.31635287404060364,0,0
2,green_tissue_b,94,647.58,106,12195.169811320755,12232.0,106,0.22873777151107788,0.31286537647247314,0,0
2,green_tissue_b,95,650.29,106,12417.056603773584,12464.0,106,0.22698038816452026,0.30903053283691406,0,0
2,green_tissue_b,96,652.99,106,12466.566037735849,12560.0,106,0.22532321512699127,0.3071731925010681,0,0
2,green_tissue_b,97,655.69,106,12235.77358490566,12392.0,106,0.22473564743995667,0.30756545066833496,0,0
2,green_tissue_b,98,658.4,106,11955.169811320755,12064.0,106,0.2224569022655487,0.3087966740131378,0,0
2,green_tissue_b,99,661.1,106,11746.11320754717,11832.0,106,0.2165839523077011,0.3053309917449951,0,0
2,green_tissue_b,100,663.81,106,11876.981132075472,11912.0,106,0.21399721503257751,0.3004327416419983,0,0
2,green_tissue_b,101,666.52,106,12118.188679245282,12136.0,106,0.2093546986579895,0.29306918382644653,0,0
2,green_tissue_b,102,669.23,106,12353.509433962265,12448.0,106,0.21013052761554718,0.28970062732696533,0,0
2,green_tissue_b,103,671.94,106,12457.207547169812,12432.0,106,0.20776596665382385,0.28628820180892944,0,0
2,green_tissue_b,104,674.65,106,12336.754716981131,12344.0,106,0.2070690095424652,0.28575798869132996,0,0
2,green_tissue_b,105,677.36,106,12252.981132075472,12160.0,106,0.2044958472251892,0.2850674092769623,0,0
2,green_tissue_b,106,680.07,106,12433.056603773584,12296.0,106,0.2020815759897232,0.28347060084342957,0,0
2,green_tissue_b,107,682.79,106,12874.566037735849,12728.0,106,0.20658710598945618,0.28234317898750305,0,0
2,green_tissue_b,108,685.5,106,13572.075471698114,13624.0,106,0.2156556248664856,0.2884632349014282,0,0
2,green_tissue_b,109,688.22,106,14289.358490566037,14504.0,106,0.22797144949436188,0.29753023386001587,0,0
2,green_tissue_b,110,690.93,106,14875.77358490566,14944.0,106,0.23861081898212433,0.3048405647277832,0,0
2,green_tissue_b,111,693.65,106,15285.584905660377,15280.0,106,0.25325527787208557,0.3205539882183075,0,0
2,green_tissue_b,112,696.37,106,15587.018867924528,15600.0,106,0.2680608034133911,0.3374844193458557,0,0
2,green_tissue_b,113,699.09,106,16265.207547169812,16136.0,106,0.2849314212799072,0.3540274500846863,0,0
2,green_tissue_b,114,701.81,106,17230.037735849055,17032.0,106,0.3043673038482666,0.36855876445770264,0,0
2,green_tissue_b,115,704.53,106,18646.33962264151,18488.0,106,0.32318150997161865,0.3848837912082672,0,0
2,green_tissue_b,116,707.25,106,20132.22641509434,20096.0,106,0.34323567152023315,0.39897164702415466,0,0
2,green_tissue_b,117,709.97,106,21419.471698113208,21464.0,106,0.35549455881118774,0.40918439626693726,0,0
2,green_tissue_b,118,712.7,106,22398.943396226416,22344.0,106,0.37024861574172974,0.42177605628967285,0,0
2,green_tissue_b,119,715.42,106,22981.88679245283,22872.0,106,0.38526439666748047,0.4365367889404297,0,0
2,green_tissue_b,120,718.15,106,23480.0,23360.0,106,0.3962244689464569,0.44775086641311646,0,0
2,green_tissue_b,121,720.87,106,24160.754716981133,24096.0,106,0.4133676588535309,0.46343857049942017,0,0
2,green_tissue_b,122,723.6,106,25131.622641509435,25056.0,106,0.4254058301448822,0.4730644226074219,0,0
2,green_tissue_b,123,726.33,106,26251.77358490566,26264.0,106,0.44104862213134766,0.4856424331665039,0,0
2,green_tissue_b,124,729.06,106,27387.471698113208,27384.0,106,0.4510400891304016,0.4941243529319763,0,0
2,green_tissue_b,125,731.79,106,28302.037735849055,28128.0,106,0.4620651602745056,0.5031921863555908,0,0
2,green_tissue_b,126,734.52,106,28919.094339622643,28808.0,106,0.4723982512950897,0.5135442018508911,0,0
2,green_tissue_b,127,737.25,106,29246.33962264151,29112.0,106,0.47973328828811646,0.5200556516647339,0,0
2,green_tissue_b,128,739.98,106,29460.67924528302,29488.0,106,0.4900190830230713,0.5290682315826416,0,0
2,green_tissue_b,129,742.72,106,29655.849056603773,29784.0,106,0.49622857570648193,0.5353732109069824,0,0
2,green_tissue_b,130,745.45,106,29803.01886792453,30144.0,106,0.5030721426010132,0.5412836670875549,0,0
2,green_tissue_b,131,748.19,106,29909.88679245283,30208.0,106,0.5038154125213623,0.5418043732643127,0,0
2,green_tissue_b,132,750.93,106,29904.150943396227,30248.0,106,0.5070798397064209,0.5455464720726013,0,0
2,green_tissue_b,133,753.66,106,29980.075471698114,30320.0,106,0.51051926612854,0.5485645532608032,0,0
2,green_tissue_b,134,756.4,106,30035.924528301886,30376.0,106,0.5125693678855896,0.5512471795082092,0,0
2,green_tissue_b,135,759.14,106,30244.22641509434,30456.0,106,0.5123875141143799,0.5503187775611877,0,0
2,green_tissue_b,136,761.88,106,30472.603773584906,30768.0,106,0.5127735137939453,0.5506632328033447,0,0
2,green_tissue_b,137,764.62,106,30822.33962264151,31104.0,106,0.5144376158714294,0.552187442779541,0,0
2,green_tissue_b,138,767.36,106,30947.01886792453,31360.0,106,0.5197240710258484,0.5566672086715698,0,0
2,green_tissue_b,139,770.11,106,30806.037735849055,30920.0,106,0.5158222317695618,0.553502082824707,0,0
2,green_tissue_b,140,772.85,106,30394.264150943396,30576.0,106,0.5184335708618164,0.5565041303634644,0,0
2,green_tissue_b,141,775.6,106,29741.132075471698,29896.0,106,0.519708514213562,0.5583428740501404,0,0
2,green_tissue_b,142,778.34,106,29139.169811320753,29264.0,106,0.5203689336776733,0.5592862367630005,0,0
2,green_tissue_b,143,781.09,106,28908.67924528302,29056.0,106,0.5189976692199707,0.5586909651756287,0,0
2,green_tissue_b,144,783.84,106,29159.69811320755,29272.0,106,0.5196289420127869,0.5594372153282166,0,0
2,green_tissue_b,145,786.58,106,29754.56603773585,29784.0,106,0.5221243500709534,0.5607776641845703,0,0
2,green_tissue_b,146,789.33,106,30404.67924528302,30664.0,106,0.521382212638855,0.5593900680541992,0,0
2,green_tissue_b,147,792.08,106,30909.43396226415,31120.0,106,0.5229291915893555,0.5602660179138184,0,0
2,green_tissue_b,148,794.84,106,31006.64150943396,31312.0,106,0.5217791795730591,0.5602979063987732,0,0
2,green_tissue_b,149,797.59,106,30642.716981132075,30856.0,106,0.5250312089920044,0.5622459650039673,0,0
2,green_tissue_b,150,800.34,106,29779.471698113208,29968.0,106,0.5233167409896851,0.5624325275421143,0,0
2,green_tissue_b,151,803.1,106,28639.69811320755,28760.0,106,0.5212455987930298,0.5620080828666687,0,0
2,green_tissue_b,152,805.85,106,27571.32075471698,27720.0,106,0.5216299295425415,0.5632753372192383,0,0
2,green_tissue_b,153,808.61,106,26959.245283018867,27160.0,106,0.5221548080444336,0.5652801394462585,0,0
2,green_tissue_b,154,811.36,106,26770.415094339623,26888.0,106,0.5215208530426025,0.5647904872894287,0,0
2,green_tissue_b,155,814.12,106,27050.415094339623,27128.0,106,0.5220272541046143,0.5641863346099854,0,0
2,green_tissue_b,156,816.88,106,27593.962264150945,27728.0,106,0.5227558612823486,0.5651785135269165,0,0
2,green_tissue_b,157,819.64,106,28182.64150943396,28400.0,106,0.5242396593093872,0.5656658411026001,0,0
2,green_tissue_b,158,822.4,106,28610.56603773585,28792.0,106,0.5260883569717407,0.5665282607078552,0,0
2,green_tissue_b,159,825.16,106,28759.54716981132,28888.0,106,0.5259552001953125,0.5665576457977295,0,0
2,green_tissue_b,160,827.92,106,28553.66037735849,28728.0,106,0.5259034633636475,0.5674675107002258,0,0
2,green_tissue_b,161,830.69,106,27990.64150943396,28080.0,106,0.5261398553848267,0.5666549205780029,0,0
2,green_tissue_b,162,833.45,106,27377.962264150945,27592.0,106,0.5260014533996582,0.5689460039138794,0,0
2,green_tissue_b,163,836.22,106,26860.22641509434,26992.0,106,0.5248553156852722,0.5683166980743408,0,0
2,green_tissue_b,164,838.98,106,26523.471698113208,26688.0,106,0.525261402130127,0.5696389675140381,0,0
2,green_tissue_b,165,841.75,106,26514.264150943396,26664.0,106,0.5251173973083496,0.5691433548927307,0,0
2,green_tissue_b,166,844.52,106,26713.811320754718,26800.0,106,0.5262080430984497,0.569919228553772,0,0
2,green_tissue_b,167,847.29,106,27081.056603773584,27224.0,106,0.526852548122406,0.57000732421875,0,0
2,green_tissue_b,168,850.06,106,27474.11320754717,27576.0,106,0.5274863243103027,0.5695070028305054,0,0
2,green_tissue_b,169,852.83,106,27769.962264150945,27888.0,106,0.5288047790527344,0.5710315704345703,0,0
2,green_tissue_b,170,855.6,106,27900.22641509434,28096.0,106,0.5283876657485962,0.569882333278656,0,0
2,green_tissue_b,171,858.37,106,27851.32075471698,27976.0,106,0.5299150347709656,0.5714508295059204,0,0
2,green_tissue_b,172,861.14,106,27600.45283018868,27752.0,106,0.5324319005012512,0.5742100477218628,0,0
2,green_tissue_b,173,863.92,106,27158.188679245282,27296.0,106,0.5293890237808228,0.5718379020690918,0,0
2,green_tissue_b,174,866.69,106,26619.924528301886,26792.0,106,0.5312142372131348,0.5749051570892334,0,0
2,green_tissue_b,175,869.47,106,26075.01886792453,26152.0,106,0.5293301343917847,0.5751113891601562,0,0
2,green_tissue_b,176,872.25,106,25571.471698113208,25680.0,106,0.5274724960327148,0.5741046667098999,0,0
2,green_tissue_b,177,875.03,106,25196.830188679247,25344.0,106,0.5307369828224182,0.5780516862869263,0,0
2,green_tissue_b,178,877.8,106,24862.64150943396,25056.0,106,0.5270562171936035,0.574671745300293,0,0
2,green_tissue_b,179,880.58,106,24712.45283018868,24784.0,106,0.5301007032394409,0.5775686502456665,0,0
2,green_tissue_b,180,883.37,106,24611.169811320753,24712.0,106,0.5303013324737549,0.5786911845207214,0,0
2,green_tissue_b,181,886.15,106,24561.056603773584,24648.0,106,0.5318742990493774,0.5797138214111328,0,0
2,green_tissue_b,182,888.93,106,24575.396226415094,24648.0,106,0.5299997329711914,0.5786119103431702,0,0
2,green_tissue_b,183,891.71,106,24507.01886792453,24592.0,106,0.5312371253967285,0.5793168544769287,0,0
2,green_tissue_b,184,894.5,106,24381.43396226415,24488.0,106,0.5314361453056335,0.5795911550521851,0,0
2,green_tissue_b,185,897.28,106,24108.22641509434,24168.0,106,0.5318804979324341,0.5799206495285034,0,0
2,green_tissue_b,186,900.07,106,23767.245283018867,23824.0,106,0.5314149856567383,0.5818969011306763,0,0
2,green_tissue_b,187,902.86,106,23285.88679245283,23328.0,106,0.5334528684616089,0.5831658244132996,0,0
2,green_tissue_b,188,905.64,106,22711.245283018867,22832.0,106,0.5351582765579224,0.586740255355835,0,0
2,green_tissue_b,189,908.43,106,22112.754716981133,22224.0,106,0.531231164932251,0.5855906009674072,0,0
2,green_tissue_b,190,911.22,106,21546.415094339623,21616.0,106,0.5292806625366211,0.5870758295059204,0,0
2,green_tissue_b,191,914.02,106,21045.584905660377,21072.0,106,0.5302290916442871,0.5874160528182983,0,0
2,green_tissue_b,192,916.81,106,20614.33962264151,20768.0,106,0.5317666530609131,0.589729905128479,0,0
2,green_tissue_b,193,919.6,106,20391.094339622643,20520.0,106,0.529589056968689,0.5878904461860657,0,0
2,green_tissue_b,194,922.39,106,20279.245283018867,20344.0,106,0.5317495465278625,0.5907066464424133,0,0
2,green_tissue_b,195,925.19,106,20276.528301886792,20352.0,106,0.5316174030303955,0.5901345014572144,0,0
2,green_tissue_b,196,927.98,106,20234.11320754717,20280.0,106,0.5288001298904419,0.5883275270462036,0,0
2,green_tissue_b,197,930.78,106,20168.45283018868,20256.0,106,0.5278658866882324,0.5878764390945435,0,0
2,green_tissue_b,198,933.58,106,19962.716981132075,20128.0,106,0.5294821262359619,0.5911468267440796,0,0
2,green_tissue_b,199,936.38,106,19671.396226415094,19712.0,106,0.5271004438400269,0.5885155200958252,0,0
2,green_tissue_b,200,939.18,106,19246.490566037737,19384.0,106,0.5286029577255249,0.5916283130645752,0,0
2,green_tissue_b,201,941.98,106,18626.264150943396,18680.0,106,0.5282189249992371,0.591179370880127,0,0
2,green_tissue_b,202,944.78,106,17941.584905660377,17976.0,106,0.5244631767272949,0.5921123027801514,0,0
2,green_tissue_b,203,947.58,106,17164.075471698114,17296.0,106,0.5233463644981384,0.5948466062545776,0,0
2,green_tissue_b,204,950.38,106,16312.754716981131,16400.0,106,0.5231027603149414,0.597854495048523,0,0
2,green_tissue_b,205,953.19,106,15622.188679245282,15712.0,106,0.5204269886016846,0.599197506904602,0,0
2,green_tissue_b,206,955.99,106,15027.018867924528,15112.0,106,0.5158044099807739,0.6002546548843384,0,0
2,green_tissue_b,207,958.8,106,14557.132075471698,14704.0,106,0.5151368379592896,0.6022130846977234,0,0
2,green_tissue_b,208,961.6,106,14202.716981132075,14304.0,106,0.514551043510437,0.6037905812263489,0,0
2,green_tissue_b,209,964.41,106,13938.716981132075,14016.0,106,0.515504002571106,0.6061401963233948,0,0
2,green_tissue_b,210,967.22,106,13735.698113207547,13776.0,106,0.513701319694519,0.6068801879882812,0,0
2,green_tissue_b,211,970.03,106,13589.584905660377,13664.0,106,0.5123775005340576,0.6054694652557373,0,0
2,green_tissue_b,212,972.84,106,13392.603773584906,13424.0,106,0.5111349821090698,0.6084930896759033,0,0
2,green_tissue_b,213,975.65,106,13169.811320754718,13280.0,106,0.5138552188873291,0.6093461513519287,0,0
2,green_tissue_b,214,978.46,106,12953.056603773584,13016.0,106,0.5142922401428223,0.6136818528175354,0,0
2,green_tissue_b,215,981.27,106,12656.754716981131,12712.0,106,0.5119755268096924,0.6149955987930298,0,0
2,green_tissue_b,216,984.09,106,12303.849056603774,12336.0,106,0.5115877389907837,0.618125855922699,0,0
2,green_tissue_b,217,986.9,106,11904.452830188678,11952.0,106,0.51176917552948,0.6250263452529907,0,0
2,green_tissue_b,218,989.72,106,11483.622641509433,11504.0,106,0.5117281675338745,0.6277713775634766,0,0
2,green_tissue_b,219,992.54,106,11109.735849056604,11168.0,106,0.5130276083946228,0.6349263787269592,0,0
2,green_tissue_b,220,995.35,106,10760.0,10768.0,106,0.5176534056663513,0.6418523192405701,0,0
2,green_tissue_b,221,998.17,106,10438.037735849057,10496.0,106,0.518152117729187,0.6471686959266663,0,0
2,green_tissue_b,222,1000.99,106,10149.88679245283,10216.0,106,0.5229367017745972,0.6543340682983398,0,0
2,green_tissue_b,223,1003.81,106,10119.094339622641,10192.0,106,0.5196629166603088,0.6531440019607544,0,0
3,upper_broad_leaf,0,397.66,954,4824.922431865828,4816.0,954,0.4492753744125366,0.8882352709770203,0,0
3,upper_broad_leaf,1,400.28,954,4842.180293501048,4832.0,954,0.44285714626312256,0.8843634128570557,0,0
3,upper_broad_leaf,2,402.9,954,4853.4842767295595,4832.0,954,0.4383561611175537,0.8794117569923401,0,0
3,upper_broad_leaf,3,405.52,954,4866.364779874214,4864.0,954,0.4276190400123596,0.8728323578834534,0,0
3,upper_broad_leaf,4,408.13,954,4871.295597484277,4864.0,954,0.4197530746459961,0.8657143115997314,0,0
3,upper_broad_leaf,5,410.75,954,4892.947589098532,4896.0,954,0.4117647111415863,0.8587570786476135,0,0
3,upper_broad_leaf,6,413.37,954,4918.943396226415,4912.0,954,0.40449437499046326,0.8539634943008423,0,0
3,upper_broad_leaf,7,416.0,954,4918.071278825996,4912.0,954,0.4000000059604645,0.8484848737716675,0,0
3,upper_broad_leaf,8,418.62,954,4937.7945492662475,4928.0,954,0.39175257086753845,0.8425414562225342,0,0
3,upper_broad_leaf,9,421.24,954,4948.008385744235,4944.0,954,0.3869468569755554,0.8364611268043518,0,0
3,upper_broad_leaf,10,423.86,954,4957.014675052411,4960.0,954,0.3799999952316284,0.8310992121696472,0,0
3,upper_broad_leaf,11,426.49,954,4983.631027253668,4976.0,954,0.3755868673324585,0.8253968358039856,0,0
3,upper_broad_leaf,12,429.12,954,4989.568134171907,4976.0,954,0.36889520287513733,0.8155844211578369,0,0
3,upper_broad_leaf,13,431.74,954,4995.857442348009,4992.0,954,0.365217387676239,0.8093994855880737,0,0
3,upper_broad_leaf,14,434.37,954,5054.356394129979,5040.0,954,0.35388994216918945,0.7989949584007263,0,0
3,upper_broad_leaf,15,437.0,954,5089.123689727463,5088.0,954,0.3458646535873413,0.7846534848213196,0,0
3,upper_broad_leaf,16,439.63,954,5098.07966457023,5088.0,954,0.3381294906139374,0.7743908166885376,0,0
3,upper_broad_leaf,17,442.26,954,5126.054507337526,5120.0,954,0.3310810923576355,0.758865237236023,0,0
3,upper_broad_leaf,18,444.89,954,5180.058700209644,5184.0,954,0.32121211290359497,0.7448511123657227,0,0
3,upper_broad_leaf,19,447.52,954,5229.953878406709,5232.0,954,0.31578946113586426,0.734716534614563,0,0
3,upper_broad_leaf,20,450.16,954,5268.259958071279,5232.0,954,0.30978259444236755,0.7234513163566589,0,0
3,upper_broad_leaf,21,452.79,954,5243.974842767296,5232.0,954,0.30645161867141724,0.7164502143859863,0,0
3,upper_broad_leaf,22,455.43,954,5273.979035639413,5264.0,954,0.3025641143321991,0.7096773982048035,0,0
3,upper_broad_leaf,23,458.06,954,5307.572327044025,5312.0,954,0.30000001192092896,0.7021844387054443,0,0
3,upper_broad_leaf,24,460.7,954,5309.316561844864,5312.0,954,0.301980197429657,0.7036247253417969,0,0
3,upper_broad_leaf,25,463.34,954,5301.937106918239,5296.0,954,0.2970297038555145,0.6966773867607117,0,0
3,upper_broad_leaf,26,465.98,954,5376.687631027254,5360.0,954,0.290909081697464,0.6845360994338989,0,0
3,upper_broad_leaf,27,468.62,954,5376.855345911949,5360.0,954,0.290909081697464,0.6818652749061584,0,0
3,upper_broad_leaf,28,471.26,954,5373.752620545073,5360.0,954,0.28981804847717285,0.6774193644523621,0,0
3,upper_broad_leaf,29,473.9,954,5471.312368972746,5456.0,954,0.28105905652046204,0.6589595079421997,0,0
3,upper_broad_leaf,30,476.54,954,5507.622641509434,5488.0,954,0.2765151560306549,0.6459510326385498,0,0
3,upper_broad_leaf,31,479.18,954,5512.067085953879,5504.0,954,0.2744360864162445,0.6399253606796265,0,0
3,upper_broad_leaf,32,481.83,954,5586.884696016771,5568.0,954,0.267123281955719,0.6221033930778503,0,0
3,upper_broad_leaf,33,484.47,954,5668.981132075472,5664.0,954,0.2618296444416046,0.6024814248085022,0,0
3,upper_broad_leaf,34,487.12,954,5707.37106918239,5696.0,954,0.2599388360977173,0.5940099954605103,0,0
3,upper_broad_leaf,35,489.77,954,5781.417190775682,5760.0,954,0.2565597593784332,0.5844155550003052,0,0
3,upper_broad_leaf,36,492.42,954,5884.192872117401,5856.0,954,0.25232115387916565,0.5660964250564575,0,0
3,upper_broad_leaf,37,495.07,954,5943.731656184486,5920.0,954,0.2515883147716522,0.5548872351646423,0,0
3,upper_broad_leaf,38,497.72,954,6006.457023060797,5984.0,954,0.2512255311012268,0.5493216514587402,0,0
3,upper_broad_leaf,39,500.37,954,6111.530398322851,6096.0,954,0.25014352798461914,0.5406562089920044,0,0
3,upper_broad_leaf,40,503.02,954,6158.255765199161,6144.0,954,0.25056180357933044,0.534507155418396,0,0
3,upper_broad_leaf,41,505.67,954,6183.798742138365,6160.0,954,0.25416213274002075,0.5356643199920654,0,0
3,upper_broad_leaf,42,508.32,954,6261.601677148847,6240.0,954,0.25649362802505493,0.5303599834442139,0,0
3,upper_broad_leaf,43,510.98,954,6384.452830188679,6352.0,954,0.2585514485836029,0.5221381187438965,0,0
3,upper_broad_leaf,44,513.63,954,6436.7631027253665,6400.0,954,0.2626262605190277,0.523591160774231,0,0
3,upper_broad_leaf,45,516.29,954,6462.809224318658,6416.0,954,0.26734694838523865,0.5274869203567505,0,0
3,upper_broad_leaf,46,518.95,954,6625.392033542977,6592.0,954,0.27146321535110474,0.5224999785423279,0,0
3,upper_broad_leaf,47,521.61,954,6861.433962264151,6800.0,954,0.27697840332984924,0.5144928693771362,0,0
3,upper_broad_leaf,48,524.27,954,6914.012578616353,6848.0,954,0.2806079089641571,0.5144927501678467,0,0
3,upper_broad_leaf,49,526.93,954,6947.4381551362685,6880.0,954,0.2841918170452118,0.5173237919807434,0,0
3,upper_broad_leaf,50,529.59,954,7182.440251572327,7120.0,954,0.28523769974708557,0.5080743432044983,0,0
3,upper_broad_leaf,51,532.25,954,7553.9958071278825,7488.0,954,0.2870771288871765,0.49061471223831177,0,0
3,upper_broad_leaf,52,534.91,954,7713.006289308176,7616.0,954,0.28423261642456055,0.47837018966674805,0,0
3,upper_broad_leaf,53,537.57,954,7768.033542976939,7664.0,954,0.28434064984321594,0.47730082273483276,0,0
3,upper_broad_leaf,54,540.24,954,7899.2368972746335,7824.0,954,0.28338316082954407,0.4713253378868103,0,0
3,upper_broad_leaf,55,542.91,954,8172.176100628931,8064.0,954,0.2806588411331177,0.457859069108963,0,0
3,upper_broad_leaf,56,545.57,954,8383.345911949686,8264.0,954,0.27945375442504883,0.448952853679657,0,0
3,upper_broad_leaf,57,548.24,954,8442.800838574423,8320.0,954,0.27908292412757874,0.4459223747253418,0,0
3,upper_broad_leaf,58,550.91,954,8539.069182389938,8432.0,954,0.2780801057815552,0.4426744878292084,0,0
3,upper_broad_leaf,59,553.58,954,8806.171907756814,8688.0,954,0.27889254689216614,0.4352801442146301,0,0
3,upper_broad_leaf,60,556.25,954,9042.247379454926,8896.0,954,0.2778182327747345,0.4276632070541382,0,0
3,upper_broad_leaf,61,558.92,954,9113.710691823899,8960.0,954,0.2778034806251526,0.42577654123306274,0,0
3,upper_broad_leaf,62,561.59,954,9169.492662473795,9024.0,954,0.27729320526123047,0.42431169748306274,0,0
3,upper_broad_leaf,63,564.26,954,9327.647798742139,9200.0,954,0.27611297369003296,0.42047929763793945,0,0
3,upper_broad_leaf,64,566.94,954,9434.51572327044,9296.0,954,0.2752082347869873,0.41588446497917175,0,0
3,upper_broad_leaf,65,569.61,954,9394.4821802935,9264.0,954,0.27359139919281006,0.4149259328842163,0,0
3,upper_broad_leaf,66,572.29,954,9333.50104821803,9200.0,954,0.2727067470550537,0.41436582803726196,0,0
3,upper_broad_leaf,67,574.96,954,9455.295597484277,9344.0,954,0.27048128843307495,0.40909090638160706,0,0
3,upper_broad_leaf,68,577.64,954,9692.62893081761,9552.0,954,0.2682012617588043,0.4016227126121521,0,0
3,upper_broad_leaf,69,580.32,954,9766.020964360587,9616.0,954,0.2646881937980652,0.3976061940193176,0,0
3,upper_broad_leaf,70,583.0,954,9576.100628930817,9424.0,954,0.26344314217567444,0.39864978194236755,0,0
3,upper_broad_leaf,71,585.68,954,9411.33752620545,9288.0,954,0.26309090852737427,0.4013153314590454,0,0
3,upper_broad_leaf,72,588.36,954,9544.067085953879,9392.0,954,0.26146209239959717,0.3963598608970642,0,0
3,upper_broad_leaf,73,591.04,954,9889.626834381552,9712.0,954,0.2597251534461975,0.38695263862609863,0,0
3,upper_broad_leaf,74,593.73,954,10167.849056603774,10000.0,954,0.25807610154151917,0.380182683467865,0,0
3,upper_broad_leaf,75,596.41,954,10204.310272536688,10048.0,954,0.25851553678512573,0.3809669017791748,0,0
3,upper_broad_leaf,76,599.1,954,10142.75890985325,9968.0,954,0.26001816987991333,0.3830769658088684,0,0
3,upper_broad_leaf,77,601.78,954,10316.561844863732,10160.0,954,0.2609472870826721,0.3803676962852478,0,0
3,upper_broad_leaf,78,604.47,954,10801.358490566037,10632.0,954,0.2624433934688568,0.3741496503353119,0,0
3,upper_broad_leaf,79,607.16,954,11285.148846960168,11072.0,954,0.2624242305755615,0.36769020557403564,0,0
3,upper_broad_leaf,80,609.85,954,11519.949685534591,11328.0,954,0.2615986466407776,0.3649592995643616,0,0
3,upper_broad_leaf,81,612.53,954,11439.463312368973,11248.0,954,0.2618618607521057,0.36507758498191833,0,0
3,upper_broad_leaf,82,615.23,954,11365.735849056604,11184.0,954,0.26146364212036133,0.36511102318763733,0,0
3,upper_broad_leaf,83,617.92,954,11638.926624737946,11424.0,954,0.2607426941394806,0.3616480231285095,0,0
3,upper_broad_leaf,84,620.61,954,12063.077568134171,11840.0,954,0.2600722908973694,0.35613831877708435,0,0
3,upper_broad_leaf,85,623.3,954,12514.129979035639,12328.0,954,0.26032841205596924,0.35264673829078674,0,0
3,upper_broad_leaf,86,626.0,954,12738.817610062893,12520.0,954,0.26117002964019775,0.3520810604095459,0,0
3,upper_broad_leaf,87,628.69,954,12800.251572327044,12560.0,954,0.2626986503601074,0.35226789116859436,0,0
3,upper_broad_leaf,88,631.39,954,12912.587002096436,12672.0,954,0.26262080669403076,0.3524085283279419,0,0
3,upper_broad_leaf,89,634.08,954,13119.798742138364,12880.0,954,0.26180005073547363,0.3488825559616089,0,0
3,upper_broad_leaf,90,636.78,954,13216.368972746332,12968.0,954,0.2581343650817871,0.34438493847846985,0,0
3,upper_broad_leaf,91,639.48,954,13096.82180293501,12832.0,954,0.25193077325820923,0.33813679218292236,0,0
3,upper_broad_leaf,92,642.18,954,12845.299790356394,12592.0,954,0.24438431859016418,0.32950320839881897,0,0
3,upper_broad_leaf,93,644.88,954,12672.01677148847,12456.0,954,0.23517152667045593,0.3208189606666565,0,0
3,upper_broad_leaf,94,647.58,954,12682.683438155136,12464.0,954,0.22879639267921448,0.3111773133277893,0,0
3,upper_broad_leaf,95,650.29,954,12796.1928721174,12576.0,954,0.22227007150650024,0.3032771050930023,0,0
3,upper_broad_leaf,96,652.99,954,12751.077568134171,12528.0,954,0.21818184852600098,0.29805728793144226,0,0
3,upper_broad_leaf,97,655.69,954,12476.59538784067,12232.0,954,0.21390517055988312,0.2962172031402588,0,0
3,upper_broad_leaf,98,658.4,954,12071.17819706499,11872.0,954,0.2089819610118866,0.2951143980026245,0,0
3,upper_broad_leaf,99,661.1,954,11735.547169811322,11520.0,954,0.20250265300273895,0.28907686471939087,0,0
3,upper_broad_leaf,100,663.81,954,11668.410901467505,11440.0,954,0.1955535113811493,0.2810705304145813,0,0
3,upper_broad_leaf,101,666.52,954,11783.312368972747,11552.0,954,0.18902155756950378,0.27153271436691284,0,0
3,upper_broad_leaf,102,669.23,954,11880.318658280923,11680.0,954,0.18477176129817963,0.2644968628883362,0,0
3,upper_broad_leaf,103,671.94,954,11859.069182389938,11664.0,954,0.1820906102657318,0.261355459690094,0,0
3,upper_broad_leaf,104,674.65,954,11693.06498951782,11472.0,954,0.1803758442401886,0.2611920237541199,0,0
3,upper_broad_leaf,105,677.36,954,11579.32075471698,11360.0,954,0.1792890578508377,0.26076480746269226,0,0
3,upper_broad_leaf,106,680.07,954,11757.41719077568,11528.0,954,0.18092340230941772,0.26115620136260986,0,0
3,upper_broad_leaf,107,682.79,954,12309.06498951782,12048.0,954,0.18449120223522186,0.2614096403121948,0,0
3,upper_broad_leaf,108,685.5,954,13284.394129979035,13008.0,954,0.1966511607170105,0.2687513828277588,0,0
3,upper_broad_leaf,109,688.22,954,14597.88679245283,14320.0,954,0.21745248138904572,0.28484952449798584,0,0
3,upper_broad_leaf,110,690.93,954,16182.943396226416,15824.0,954,0.24857810139656067,0.3125103712081909,0,0
3,upper_broad_leaf,111,693.65,954,17846.775681341718,17472.0,954,0.29113584756851196,0.3530758023262024,0,0
3,upper_broad_leaf,112,696.37,954,19574.205450733753,19304.0,954,0.3457223176956177,0.4046628475189209,0,0
3,upper_broad_leaf,113,699.09,954,21671.94968553459,21552.0,954,0.40706056356430054,0.46177607774734497,0,0
3,upper_broad_leaf,114,701.81,954,24502.389937106916,24512.0,954,0.4673883318901062,0.516350507736206,0,0
3,upper_broad_leaf,115,704.53,954,27803.153039832287,27880.0,954,0.5246428847312927,0.5662084817886353,0,0
3,upper_broad_leaf,116,707.25,954,31384.33542976939,31512.0,954,0.5779302716255188,0.6134962439537048,0,0
3,upper_broad_leaf,117,709.97,954,34515.72327044025,34736.0,954,0.6251164674758911,0.6554433107376099,0,0
3,upper_broad_leaf,118,712.7,954,37067.622641509435,37440.0,954,0.670283317565918,0.6969683766365051,0,0
3,upper_broad_leaf,119,715.42,954,38788.86373165619,39104.0,954,0.7105408906936646,0.7337034940719604,0,0
3,upper_broad_leaf,120,718.15,954,40282.264150943396,40536.0,954,0.7473698258399963,0.7678697109222412,0,0
3,upper_broad_leaf,121,720.87,954,41962.482180293504,42032.0,954,0.7810745239257812,0.798829197883606,0,0
3,upper_broad_leaf,122,723.6,954,44175.63102725367,44192.0,954,0.8104540109634399,0.8257483243942261,0,0
3,upper_broad_leaf,123,726.33,954,46645.232704402515,46752.0,954,0.8388999104499817,0.8511608839035034,0,0
3,upper_broad_leaf,124,729.06,954,48995.67295597484,49136.0,954,0.8627868890762329,0.8733636736869812,0,0
3,upper_broad_leaf,125,731.79,954,50852.159329140464,50968.0,954,0.8847410082817078,0.89354407787323,0,0
3,upper_broad_leaf,126,734.52,954,52071.3962264151,52136.0,951,0.9015575647354126,0.9090654850006104,3,0
3,upper_broad_leaf,127,737.25,954,52684.20964360587,52768.0,947,0.9131695628166199,0.9199831485748291,7,0
3,upper_broad_leaf,128,739.98,954,53024.88888888889,53104.0,943,0.9234268665313721,0.9293524026870728,11,0
3,upper_broad_leaf,129,742.72,954,53313.7106918239,53376.0,938,0.9319981336593628,0.9372268915176392,16,0
3,upper_broad_leaf,130,745.45,954,53591.98322851153,53632.0,936,0.9381474256515503,0.9428867101669312,18,0
3,upper_broad_leaf,131,748.19,954,53769.00628930818,53848.0,932,0.9422585964202881,0.9466843605041504,22,0
3,upper_broad_leaf,132,750.93,954,53814.64150943396,53896.0,936,0.9466100931167603,0.9506986141204834,18,0
3,upper_broad_leaf,133,753.66,954,53815.24528301887,53904.0,935,0.9510317444801331,0.954713761806488,19,0
3,upper_broad_leaf,134,756.4,954,53869.97064989518,53968.0,933,0.9518733620643616,0.9555394649505615,21,0
3,upper_broad_leaf,135,759.14,954,54198.909853249475,54288.0,924,0.9538543224334717,0.9573465585708618,30,0
3,upper_broad_leaf,136,761.88,954,54749.93710691824,54864.0,912,0.95359206199646,0.957058310508728,42,0
3,upper_broad_leaf,137,764.62,954,55316.24318658281,55416.0,897,0.9530160427093506,0.956716001033783,57,0
3,upper_broad_leaf,138,767.36,954,55511.36268343816,55720.0,894,0.9535403251647949,0.9571337699890137,60,0
3,upper_broad_leaf,139,770.11,954,55190.6750524109,55376.0,908,0.9572042226791382,0.9604020118713379,46,0
3,upper_broad_leaf,140,772.85,954,54320.73794549266,54448.0,937,0.9626981616020203,0.9655864834785461,17,0
3,upper_broad_leaf,141,775.6,954,53020.092243186584,53040.0,951,0.9656155705451965,0.9683073163032532,3,0
3,upper_broad_leaf,142,778.34,954,51872.97274633124,51824.0,954,0.9675332307815552,0.970150351524353,0,0
3,upper_broad_leaf,143,781.09,954,51368.989517819704,51400.0,954,0.9686684012413025,0.9711725115776062,0,0
3,upper_broad_leaf,144,783.84,954,51788.54507337526,51808.0,954,0.9701984524726868,0.9726138710975647,0,0
3,upper_broad_leaf,145,786.58,954,52903.32914046122,52872.0,949,0.9684677720069885,0.9709531664848328,5,0
3,upper_broad_leaf,146,789.33,954,54188.310272536684,54216.0,932,0.9673366546630859,0.9698704481124878,22,0
3,upper_broad_leaf,147,792.08,954,55206.6750524109,55296.0,900,0.9615771770477295,0.9645277261734009,54,0
3,upper_broad_leaf,148,794.84,954,55482.482180293504,55680.0,895,0.9628048539161682,0.9656918048858643,59,0
3,upper_broad_leaf,149,797.59,954,54839.29559748428,55000.0,925,0.9675833582878113,0.970134437084198,29,0
3,upper_broad_leaf,150,800.34,954,53280.08385744235,53336.0,953,0.9740982055664062,0.9761312007904053,1,0
3,upper_broad_leaf,151,803.1,954,51198.943396226416,51224.0,954,0.9736732840538025,0.9758034348487854,0,0
3,upper_broad_leaf,152,805.85,954,49205.53459119497,49232.0,954,0.9748047590255737,0.9769294261932373,0,0
3,upper_broad_leaf,153,808.61,954,47901.18238993711,47952.0,954,0.9757497310638428,0.9779084920883179,0,0
3,upper_broad_leaf,154,811.36,954,47500.54507337526,47520.0,954,0.9747737050056458,0.9770140051841736,0,0
3,upper_broad_leaf,155,814.12,954,47932.3605870021,47952.0,954,0.9758501052856445,0.9780206680297852,0,0
3,upper_broad_leaf,156,816.88,954,48881.00628930818,48848.0,954,0.9772610664367676,0.9791862964630127,0,0
3,upper_broad_leaf,157,819.64,954,50028.56184486373,50072.0,954,0.9763641357421875,0.9783593416213989,0,0
3,upper_broad_leaf,158,822.4,954,50830.99371069182,50848.0,954,0.9770532250404358,0.9789791703224182,0,0
3,upper_broad_leaf,159,825.16,954,51144.0,51128.0,954,0.9777777194976807,0.9796136617660522,0,0
3,upper_broad_leaf,160,827.92,954,50682.633123689724,50688.0,954,0.9782220125198364,0.9800295829772949,0,0
3,upper_broad_leaf,161,830.69,954,49666.12997903564,49664.0,954,0.9793207049369812,0.9810783267021179,0,0
3,upper_broad_leaf,162,833.45,954,48419.488469601674,48392.0,954,0.9788366556167603,0.9806910157203674,0,0
3,upper_broad_leaf,163,836.22,954,47316.25995807128,47296.0,954,0.9778239727020264,0.9798070192337036,0,0
3,upper_broad_leaf,164,838.98,954,46678.82599580713,46696.0,954,0.9789719581604004,0.9808974862098694,0,0
3,upper_broad_leaf,165,841.75,954,46591.16142557652,46544.0,954,0.9780604839324951,0.9800370335578918,0,0
3,upper_broad_leaf,166,844.52,954,46951.513626834385,46960.0,954,0.9781584739685059,0.9801157116889954,0,0
3,upper_broad_leaf,167,847.29,954,47651.50524109015,47624.0,954,0.9797133803367615,0.9815346002578735,0,0
3,upper_broad_leaf,168,850.06,954,48399.16142557652,48384.0,954,0.9806231260299683,0.9823321104049683,0,0
3,upper_broad_leaf,169,852.83,954,49000.654088050316,49016.0,954,0.9810030460357666,0.9827216863632202,0,0
3,upper_broad_leaf,170,855.6,954,49291.18658280923,49288.0,954,0.9817874431610107,0.9833882451057434,0,0
3,upper_broad_leaf,171,858.37,954,49212.343815513625,49224.0,954,0.9820303320884705,0.9835807085037231,0,0
3,upper_broad_leaf,172,861.14,954,48801.30817610063,48840.0,954,0.981105387210846,0.9827461242675781,0,0
3,upper_broad_leaf,173,863.92,954,48010.59958071279,48000.0,954,0.9827396273612976,0.9842714071273804,0,0
3,upper_broad_leaf,174,866.69,954,47034.448637316564,47024.0,954,0.9825711250305176,0.9841600656509399,0,0
3,upper_broad_leaf,175,869.47,954,46016.3857442348,46024.0,954,0.9824824333190918,0.9841103553771973,0,0
3,upper_broad_leaf,176,872.25,954,44990.20545073375,44984.0,954,0.9830968379974365,0.984685480594635,0,0
3,upper_broad_leaf,177,875.03,954,44209.20754716981,44232.0,954,0.9830273389816284,0.9846701622009277,0,0
3,upper_broad_leaf,178,877.8,954,43611.74004192872,43632.0,954,0.9829627275466919,0.9846211671829224,0,0
3,upper_broad_leaf,179,880.58,954,43230.22222222222,43184.0,954,0.983912467956543,0.9854882955551147,0,0
3,upper_broad_leaf,180,883.37,954,43010.85115303983,42952.0,954,0.9829329252243042,0.9846386313438416,0,0
3,upper_broad_leaf,181,886.15,954,42922.43186582809,42880.0,954,0.9837165474891663,0.9853694438934326,0,0
3,upper_broad_leaf,182,888.93,954,42915.337526205454,42880.0,954,0.985285758972168,0.986733615398407,0,0
3,upper_broad_leaf,183,891.71,954,42849.52620545073,42864.0,954,0.9849387407302856,0.9864128828048706,0,0
3,upper_broad_leaf,184,894.5,954,42642.04612159329,42624.0,954,0.9854190349578857,0.9868907928466797,0,0
3,upper_broad_leaf,185,897.28,954,42199.3962264151,42184.0,954,0.9864909052848816,0.9878681898117065,0,0
3,upper_broad_leaf,186,900.07,954,41502.49056603773,41456.0,954,0.9863539934158325,0.9877839088439941,0,0
3,upper_broad_leaf,187,902.86,954,40598.20545073375,40544.0,954,0.9857056736946106,0.9871925711631775,0,0
3,upper_broad_leaf,188,905.64,954,39491.840670859536,39472.0,954,0.9855292439460754,0.9870932698249817,0,0
3,upper_broad_leaf,189,908.43,954,38250.24737945493,38224.0,954,0.9853735566139221,0.9869896173477173,0,0
3,upper_broad_leaf,190,911.22,954,37092.343815513625,37056.0,954,0.9830597639083862,0.9849742650985718,0,0
3,upper_broad_leaf,191,914.02,954,36091.89098532495,36072.0,954,0.9828559160232544,0.9848904609680176,0,0
3,upper_broad_leaf,192,916.81,954,35315.22012578617,35256.0,954,0.9824601411819458,0.9845772385597229,0,0
3,upper_broad_leaf,193,919.6,954,34828.83018867925,34744.0,954,0.9818960428237915,0.9841866493225098,0,0
3,upper_broad_leaf,194,922.39,954,34614.339622641506,34576.0,954,0.9823376536369324,0.9845314025878906,0,0
3,upper_broad_leaf,195,925.19,954,34545.59329140461,34472.0,954,0.9815672636032104,0.983880341053009,0,0
3,upper_broad_leaf,196,927.98,954,34506.59958071279,34448.0,954,0.9802994132041931,0.9827109575271606,0,0
3,upper_broad_leaf,197,930.78,954,34414.25576519916,34344.0,954,0.9775149822235107,0.9803246259689331,0,0
3,upper_broad_leaf,198,933.58,954,34127.96645702306,34064.0,954,0.9770482778549194,0.9799627065658569,0,0
3,upper_broad_leaf,199,936.38,954,33644.125786163524,33648.0,954,0.976996660232544,0.9798482656478882,0,0
3,upper_broad_leaf,200,939.18,954,32958.121593291406,32936.0,954,0.9749547243118286,0.9781227111816406,0,0
3,upper_broad_leaf,201,941.98,954,31849.19077568134,31808.0,954,0.9708470106124878,0.974767804145813,0,0
3,upper_broad_leaf,202,944.78,954,30507.30398322851,30440.0,954,0.9666022658348083,0.9712386131286621,0,0
3,upper_broad_leaf,203,947.58,954,28986.01257861635,28944.0,954,0.9632655382156372,0.9685826301574707,0,0
3,upper_broad_leaf,204,950.38,954,27445.383647798742,27408.0,954,0.9580918550491333,0.9645012617111206,0,0
3,upper_broad_leaf,205,953.19,954,26063.6142557652,26040.0,954,0.9535630941390991,0.9610612988471985,0,0
3,upper_broad_leaf,206,955.99,954,24853.584905660377,24792.0,954,0.9470784068107605,0.9558711051940918,0,0
3,upper_broad_leaf,207,958.8,954,23885.299790356396,23832.0,954,0.9431373476982117,0.9528658390045166,0,0
3,upper_broad_leaf,208,961.6,954,23166.255765199163,23128.0,954,0.9409425258636475,0.9514151811599731,0,0
3,upper_broad_leaf,209,964.41,954,22587.37106918239,22560.0,954,0.9387068748474121,0.9497965574264526,0,0
3,upper_broad_leaf,210,967.22,954,22185.67714884696,22128.0,954,0.9382402896881104,0.9496550559997559,0,0
3,upper_broad_leaf,211,970.03,954,21832.83857442348,21784.0,954,0.9373233318328857,0.9490979909896851,0,0
3,upper_broad_leaf,212,972.84,954,21507.65618448637,21472.0,954,0.936490535736084,0.9487775564193726,0,0
3,upper_broad_leaf,213,975.65,954,21124.880503144654,21040.0,954,0.9357562065124512,0.9483155012130737,0,0
3,upper_broad_leaf,214,978.46,954,20663.21174004193,20648.0,954,0.9357343912124634,0.948623538017273,0,0
3,upper_broad_leaf,215,981.27,954,20115.505241090148,20112.0,954,0.9390596151351929,0.9514855146408081,0,0
3,upper_broad_leaf,216,984.09,954,19435.85744234801,19408.0,954,0.9372667074203491,0.9505349397659302,0,0
3,upper_broad_leaf,217,986.9,954,18695.63102725367,18656.0,954,0.9379562139511108,0.9514169692993164,0,0
3,upper_broad_leaf,218,989.72,954,17945.006289308178,17904.0,954,0.938018798828125,0.9523199200630188,0,0
3,upper_broad_leaf,219,992.54,954,17165.18238993711,17152.0,954,0.9396250247955322,0.9542638659477234,0,0
3,upper_broad_leaf,220,995.35,954,16431.798742138366,16424.0,954,0.9411035180091858,0.9558755159378052,0,0
3,upper_broad_leaf,221,998.17,954,15774.557651991614,15728.0,954,0.9406349658966064,0.9562690258026123,0,0
3,upper_broad_leaf,222,1000.99,954,15299.270440251572,15280.0,954,0.9418624639511108,0.9575221538543701,0,0
3,upper_broad_leaf,223,1003.81,954,15249.66037735849,15248.0,954,0.9427210688591003,0.9581878185272217,0,0
4,lower_green_leaf,0,397.66,436,4919.412844036698,4928.0,436,0.5362318754196167,0.9061583280563354,0,0
4,lower_green_leaf,1,400.28,436,4945.798165137615,4944.0,436,0.5285714268684387,0.9032257795333862,0,0
4,lower_green_leaf,2,402.9,436,4948.733944954129,4944.0,436,0.5138888955116272,0.8971008062362671,0,0
4,lower_green_leaf,3,405.52,436,4953.871559633028,4960.0,436,0.5064935088157654,0.8908554315567017,0,0
4,lower_green_leaf,4,408.13,436,4985.211009174312,4976.0,436,0.5,0.885672926902771,0,0
4,lower_green_leaf,5,410.75,436,4997.614678899083,4992.0,436,0.488095223903656,0.8788732290267944,0,0
4,lower_green_leaf,6,413.37,436,5012.0,5008.0,436,0.48275861144065857,0.8739495873451233,0,0
4,lower_green_leaf,7,416.0,436,5026.788990825688,5024.0,436,0.47727271914482117,0.8684931397438049,0,0
4,lower_green_leaf,8,418.62,436,5050.422018348624,5040.0,436,0.46739131212234497,0.863760232925415,0,0
4,lower_green_leaf,9,421.24,436,5059.302752293578,5056.0,436,0.45875850319862366,0.8567567467689514,0,0
4,lower_green_leaf,10,423.86,436,5078.788990825688,5072.0,436,0.4591836631298065,0.853723406791687,0,0
4,lower_green_leaf,11,426.49,436,5109.247706422018,5104.0,436,0.4476190507411957,0.8475694060325623,0,0
4,lower_green_leaf,12,429.12,436,5120.0,5120.0,436,0.44144144654273987,0.8379430174827576,0,0
4,lower_green_leaf,13,431.74,436,5134.605504587156,5120.0,436,0.43478259444236755,0.8324607610702515,0,0
4,lower_green_leaf,14,434.37,436,5185.724770642202,5168.0,436,0.4262295067310333,0.8224174976348877,0,0
4,lower_green_leaf,15,437.0,436,5226.899082568807,5216.0,436,0.4166666567325592,0.808695375919342,0,0
4,lower_green_leaf,16,439.63,436,5238.825688073394,5232.0,436,0.4085264205932617,0.7995049357414246,0,0
4,lower_green_leaf,17,442.26,436,5282.422018348624,5280.0,436,0.3986928164958954,0.7856287360191345,0,0
4,lower_green_leaf,18,444.89,436,5349.761467889908,5344.0,436,0.3888888955116272,0.7726218104362488,0,0
4,lower_green_leaf,19,447.52,436,5410.348623853211,5408.0,436,0.38235294818878174,0.7624434232711792,0,0
4,lower_green_leaf,20,450.16,436,5434.128440366972,5424.0,436,0.37362638115882874,0.7511013150215149,0,0
4,lower_green_leaf,21,452.79,436,5427.706422018348,5424.0,436,0.3695652186870575,0.7439559698104858,0,0
4,lower_green_leaf,22,455.43,436,5453.94495412844,5440.0,436,0.3657853901386261,0.737812876701355,0,0
4,lower_green_leaf,23,458.06,436,5497.614678899083,5472.0,436,0.36110758781433105,0.7299044132232666,0,0
4,lower_green_leaf,24,460.7,436,5500.220183486239,5488.0,436,0.36409616470336914,0.731501042842865,0,0
4,lower_green_leaf,25,463.34,436,5511.522935779816,5504.0,436,0.36000001430511475,0.726509153842926,0,0
4,lower_green_leaf,26,465.98,436,5575.522935779816,5568.0,436,0.35011520981788635,0.7128309607505798,0,0
4,lower_green_leaf,27,468.62,436,5591.48623853211,5584.0,436,0.3529411852359772,0.7125502824783325,0,0
4,lower_green_leaf,28,471.26,436,5581.467889908256,5568.0,436,0.35111111402511597,0.7059422135353088,0,0
4,lower_green_leaf,29,473.9,436,5687.926605504587,5664.0,436,0.34166666865348816,0.688349723815918,0,0
4,lower_green_leaf,30,476.54,436,5768.0,5760.0,436,0.3346153795719147,0.6754968166351318,0,0
4,lower_green_leaf,31,479.18,436,5762.605504587156,5728.0,436,0.3320964276790619,0.6701205968856812,0,0
4,lower_green_leaf,32,481.83,436,5832.954128440367,5808.0,436,0.32517483830451965,0.6537443995475769,0,0
4,lower_green_leaf,33,484.47,436,5951.339449541284,5920.0,436,0.3164541721343994,0.6332473754882812,0,0
4,lower_green_leaf,34,487.12,436,5995.926605504587,5968.0,436,0.31354957818984985,0.6241627931594849,0,0
4,lower_green_leaf,35,489.77,436,6064.733944954129,6032.0,436,0.3090378940105438,0.6157635450363159,0,0
4,lower_green_leaf,36,492.42,436,6185.908256880734,6160.0,436,0.3027026951313019,0.5979794859886169,0,0
4,lower_green_leaf,37,495.07,436,6265.981651376147,6224.0,436,0.30166834592819214,0.5865166783332825,0,0
4,lower_green_leaf,38,497.72,436,6338.165137614679,6304.0,436,0.29858124256134033,0.5807633996009827,0,0
4,lower_green_leaf,39,500.37,436,6440.40366972477,6400.0,436,0.299308180809021,0.572143018245697,0,0
4,lower_green_leaf,40,503.02,436,6500.807339449541,6464.0,436,0.2968406677246094,0.5655224323272705,0,0
4,lower_green_leaf,41,505.67,436,6505.321100917431,6464.0,436,0.2993181347846985,0.5664820075035095,0,0
4,lower_green_leaf,42,508.32,436,6596.954128440367,6544.0,436,0.3029637634754181,0.5623297691345215,0,0
4,lower_green_leaf,43,510.98,436,6735.302752293578,6688.0,436,0.30383655428886414,0.5534882545471191,0,0
4,lower_green_leaf,44,513.63,436,6800.440366972477,6768.0,436,0.3107672929763794,0.5557371377944946,0,0
4,lower_green_leaf,45,516.29,436,6830.348623853211,6768.0,436,0.31717580556869507,0.5618737936019897,0,0
4,lower_green_leaf,46,518.95,436,7030.275229357798,6976.0,436,0.3261502981185913,0.5605185627937317,0,0
4,lower_green_leaf,47,521.61,436,7316.036697247707,7280.0,436,0.3345521092414856,0.5548112988471985,0,0
4,lower_green_leaf,48,524.27,436,7458.788990825688,7424.0,436,0.34414446353912354,0.5602877140045166,0,0
4,lower_green_leaf,49,526.93,436,7537.871559633028,7496.0,436,0.354692667722702,0.5658782720565796,0,0
4,lower_green_leaf,50,529.59,436,7856.917431192661,7808.0,436,0.3641717731952667,0.5633503198623657,0,0
4,lower_green_leaf,51,532.25,436,8349.688073394496,8288.0,436,0.3694266378879547,0.5522186756134033,0,0
4,lower_green_leaf,52,534.91,436,8642.128440366972,8600.0,436,0.37101858854293823,0.5442556142807007,0,0
4,lower_green_leaf,53,537.57,436,8761.137614678899,8720.0,436,0.37756574153900146,0.5466399192810059,0,0
4,lower_green_leaf,54,540.24,436,8957.944954128441,8944.0,436,0.3788776397705078,0.5438596606254578,0,0
4,lower_green_leaf,55,542.91,436,9336.11009174312,9296.0,436,0.3798166811466217,0.5329632759094238,0,0
4,lower_green_leaf,56,545.57,436,9667.559633027522,9632.0,436,0.37803468108177185,0.5270538330078125,0,0
4,lower_green_leaf,57,548.24,436,9771.926605504586,9760.0,436,0.38154569268226624,0.5267011523246765,0,0
4,lower_green_leaf,58,550.91,436,9903.009174311926,9872.0,436,0.3807179629802704,0.5233627557754517,0,0
4,lower_green_leaf,59,553.58,436,10226.56880733945,10152.0,436,0.3796289563179016,0.5149073600769043,0,0
4,lower_green_leaf,60,556.25,436,10521.724770642202,10456.0,436,0.37671998143196106,0.5073302388191223,0,0
4,lower_green_leaf,61,558.92,436,10561.504587155963,10536.0,436,0.373256653547287,0.5030555725097656,0,0
4,lower_green_leaf,62,561.59,436,10553.467889908257,10480.0,436,0.3683977425098419,0.49790844321250916,0,0
4,lower_green_leaf,63,564.26,436,10638.385321100917,10600.0,436,0.3612127900123596,0.4902114272117615,0,0
4,lower_green_leaf,64,566.94,436,10697.944954128441,10608.0,436,0.35230353474617004,0.478924423456192,0,0
4,lower_green_leaf,65,569.61,436,10530.935779816513,10424.0,436,0.3426516652107239,0.471521258354187,0,0
4,lower_green_leaf,66,572.29,436,10330.678899082568,10224.0,436,0.334389865398407,0.4660831391811371,0,0
4,lower_green_leaf,67,574.96,436,10347.633027522936,10224.0,436,0.3247627019882202,0.4541453719139099,0,0
4,lower_green_leaf,68,577.64,436,10552.0,10440.0,436,0.3175004720687866,0.44433003664016724,0,0
4,lower_green_leaf,69,580.32,436,10580.697247706423,10448.0,436,0.3119920492172241,0.4357262849807739,0,0
4,lower_green_leaf,70,583.0,436,10339.59633027523,10224.0,436,0.30720362067222595,0.43577873706817627,0,0
4,lower_green_leaf,71,585.68,436,10086.201834862386,9968.0,436,0.30258601903915405,0.4342951476573944,0,0
4,lower_green_leaf,72,588.36,436,10179.59633027523,10064.0,436,0.3001043200492859,0.43011176586151123,0,0
4,lower_green_leaf,73,591.04,436,10526.091743119267,10448.0,436,0.29596051573753357,0.41919711232185364,0,0
4,lower_green_leaf,74,593.73,436,10809.02752293578,10704.0,436,0.29149872064590454,0.41003698110580444,0,0
4,lower_green_leaf,75,596.41,436,10815.522935779816,10680.0,436,0.2910948395729065,0.40866729617118835,0,0
4,lower_green_leaf,76,599.1,436,10681.247706422018,10536.0,436,0.2885337471961975,0.40730947256088257,0,0
4,lower_green_leaf,77,601.78,436,10813.357798165138,10680.0,436,0.2862827181816101,0.40224021673202515,0,0
4,lower_green_leaf,78,604.47,436,11254.97247706422,11096.0,436,0.2836509644985199,0.3936200737953186,0,0
4,lower_green_leaf,79,607.16,436,11656.62385321101,11528.0,436,0.28045547008514404,0.3848302364349365,0,0
4,lower_green_leaf,80,609.85,436,11838.935779816513,11648.0,436,0.27574747800827026,0.37713706493377686,0,0
4,lower_green_leaf,81,612.53,436,11684.440366972478,11496.0,436,0.27188393473625183,0.3762064576148987,0,0
4,lower_green_leaf,82,615.23,436,11517.357798165138,11344.0,436,0.26839694380760193,0.3725886642932892,0,0
4,lower_green_leaf,83,617.92,436,11698.128440366972,11472.0,436,0.26361119747161865,0.36693960428237915,0,0
4,lower_green_leaf,84,620.61,436,12043.412844036697,11784.0,436,0.2605893909931183,0.3577220141887665,0,0
4,lower_green_leaf,85,623.3,436,12417.100917431193,12168.0,436,0.25935688614845276,0.35132935643196106,0,0
4,lower_green_leaf,86,626.0,436,12581.981651376147,12320.0,436,0.25725072622299194,0.3492211699485779,0,0
4,lower_green_leaf,87,628.69,436,12582.532110091743,12376.0,436,0.2570476531982422,0.3482464551925659,0,0
4,lower_green_leaf,88,631.39,436,12640.844036697248,12352.0,436,0.25462740659713745,0.3447050154209137,0,0
4,lower_green_leaf,89,634.08,436,12809.54128440367,12576.0,436,0.2527647912502289,0.34270724654197693,0,0
4,lower_green_leaf,90,636.78,436,12925.724770642202,12656.0,436,0.25072675943374634,0.3382216691970825,0,0
4,lower_green_leaf,91,639.48,436,12881.54128440367,12600.0,436,0.246638223528862,0.33284053206443787,0,0
4,lower_green_leaf,92,642.18,436,12761.981651376147,12456.0,436,0.24364310503005981,0.3292619585990906,0,0
4,lower_green_leaf,93,644.88,436,12739.339449541285,12464.0,436,0.23735597729682922,0.3230038583278656,0,0
4,lower_green_leaf,94,647.58,436,12890.348623853211,12560.0,436,0.2346002608537674,0.3170270323753357,0,0
4,lower_green_leaf,95,650.29,436,13100.880733944954,12800.0,436,0.23110423982143402,0.3110278248786926,0,0
4,lower_green_leaf,96,652.99,436,13155.37614678899,12776.0,436,0.2280745804309845,0.30760324001312256,0,0
4,lower_green_leaf,97,655.69,436,12944.366972477064,12616.0,436,0.225497305393219,0.3069300651550293,0,0
4,lower_green_leaf,98,658.4,436,12616.550458715596,12304.0,436,0.22344648838043213,0.30832764506340027,0,0
4,lower_green_leaf,99,661.1,436,12389.064220183487,12096.0,436,0.22047770023345947,0.3060223162174225,0,0
4,lower_green_leaf,100,663.81,436,12462.055045871559,12184.0,436,0.21808600425720215,0.3004527688026428,0,0
4,lower_green_leaf,101,666.52,436,12772.880733944954,12480.0,436,0.21541059017181396,0.2961849272251129,0,0
4,lower_green_leaf,102,669.23,436,13037.137614678899,12688.0,436,0.21308806538581848,0.29054635763168335,0,0
4,lower_green_leaf,103,671.94,436,13115.08256880734,12784.0,436,0.21190743148326874,0.28897786140441895,0,0
4,lower_green_leaf,104,674.65,436,12984.954128440368,12696.0,436,0.21224728226661682,0.2909068465232849,0,0
4,lower_green_leaf,105,677.36,436,12861.834862385322,12528.0,436,0.21229520440101624,0.2918308973312378,0,0
4,lower_green_leaf,106,680.07,436,13003.229357798165,12712.0,436,0.21322929859161377,0.2916506230831146,0,0
4,lower_green_leaf,107,682.79,436,13476.29357798165,13168.0,436,0.21348312497138977,0.2884887456893921,0,0
4,lower_green_leaf,108,685.5,436,14153.064220183487,13816.0,436,0.21744005382061005,0.28833097219467163,0,0
4,lower_green_leaf,109,688.22,436,14881.321100917432,14504.0,436,0.22468781471252441,0.2917245328426361,0,0
4,lower_green_leaf,110,690.93,436,15563.37614678899,15256.0,436,0.23803669214248657,0.30405545234680176,0,0
4,lower_green_leaf,111,693.65,436,16274.385321100917,15856.0,436,0.25787001848220825,0.32265937328338623,0,0
4,lower_green_leaf,112,696.37,436,17165.577981651375,16856.0,436,0.29005059599876404,0.35574448108673096,0,0
4,lower_green_leaf,113,699.09,436,18725.064220183485,18392.0,436,0.33451467752456665,0.39656537771224976,0,0
4,lower_green_leaf,114,701.81,436,21167.596330275228,20944.0,436,0.3872509300708771,0.4438190162181854,0,0
4,lower_green_leaf,115,704.53,436,24374.275229357798,24216.0,436,0.4483560025691986,0.49766725301742554,0,0
4,lower_green_leaf,116,707.25,436,28153.871559633026,28016.0,436,0.5101291537284851,0.5516153573989868,0,0
4,lower_green_leaf,117,709.97,436,31871.155963302754,31872.0,436,0.5741201639175415,0.6093188524246216,0,0
4,lower_green_leaf,118,712.7,436,35362.78899082569,35568.0,436,0.6401442289352417,0.6690315008163452,0,0
4,lower_green_leaf,119,715.42,436,38285.43119266055,38488.0,436,0.706303596496582,0.7301025390625,0,0
4,lower_green_leaf,120,718.15,436,41106.05504587156,41544.0,436,0.7738244533538818,0.7927654981613159,0,0
4,lower_green_leaf,121,720.87,436,44171.81651376147,44712.0,436,0.8399269580841064,0.8531396985054016,0,0
4,lower_green_leaf,122,723.6,436,47856.44036697248,48632.0,436,0.905498206615448,0.9132327437400818,0,0
4,lower_green_leaf,123,726.33,436,51825.908256880735,52704.0,436,0.9644173383712769,0.9672324657440186,0,0
4,lower_green_leaf,124,729.06,436,55669.394495412846,56704.0,436,1.0180943012237549,1.0166631937026978,0,0
4,lower_green_leaf,125,731.79,436,58794.34862385321,60016.0,412,1.0536878108978271,1.0496151447296143,24,0
4,lower_green_leaf,126,734.52,436,60714.678899082566,62304.0,331,1.060671329498291,1.0559340715408325,105,0
4,lower_green_leaf,127,737.25,436,61710.01834862385,64040.0,270,1.0574519634246826,1.0531059503555298,166,0
4,lower_green_leaf,128,739.98,436,62293.50458715596,65136.0,234,1.0651339292526245,1.060086727142334,202,0
4,lower_green_leaf,129,742.72,436,62730.78899082569,65520.0,211,1.0764282941818237,1.0706498622894287,225,0
4,lower_green_leaf,130,745.45,436,63067.706422018346,65520.0,192,1.0864336490631104,1.0798728466033936,244,0
4,lower_green_leaf,131,748.19,436,63277.61467889908,65520.0,183,1.0966154336929321,1.089229941368103,253,0
4,lower_green_leaf,132,750.93,436,63401.908256880735,65520.0,176,1.0994970798492432,1.091717004776001,260,0
4,lower_green_leaf,133,753.66,436,63469.54128440367,65520.0,172,1.1054288148880005,1.0970029830932617,264,0
4,lower_green_leaf,134,756.4,436,63534.38532110092,65520.0,172,1.1101361513137817,1.1017839908599854,264,0
4,lower_green_leaf,135,759.14,436,63699.30275229358,65520.0,164,1.1098806858062744,1.101270079612732,272,0
4,lower_green_leaf,136,761.88,436,63922.31192660551,65520.0,149,1.106829047203064,1.098563551902771,287,0
4,lower_green_leaf,137,764.62,436,64168.036697247706,65520.0,138,1.0985639095306396,1.090989112854004,298,0
4,lower_green_leaf,138,767.36,436,64247.92660550459,65520.0,129,1.0958693027496338,1.0884779691696167,307,0
4,lower_green_leaf,139,770.11,436,64173.21100917431,65520.0,138,1.1034619808197021,1.0955173969268799,298,0
4,lower_green_leaf,140,772.85,436,63886.31192660551,65520.0,161,1.1237764358520508,1.1141828298568726,275,0
4,lower_green_leaf,141,775.6,436,63376.036697247706,65520.0,187,1.1440582275390625,1.1326090097427368,249,0
4,lower_green_leaf,142,778.34,436,62806.01834862385,65520.0,215,1.1565505266189575,1.1439462900161743,221,0
4,lower_green_leaf,143,781.09,436,62466.605504587154,65368.0,230,1.1639184951782227,1.1507320404052734,206,0
4,lower_green_leaf,144,783.84,436,62622.97247706422,65504.0,220,1.1619125604629517,1.1484785079956055,216,0
4,lower_green_leaf,145,786.58,436,63147.74311926605,65520.0,192,1.1501946449279785,1.1379127502441406,244,0
4,lower_green_leaf,146,789.33,436,63729.50458715596,65520.0,164,1.134803056716919,1.1240135431289673,272,0
4,lower_green_leaf,147,792.08,436,64144.07339449541,65520.0,140,1.11835777759552,1.1092580556869507,296,0
4,lower_green_leaf,148,794.84,436,64279.66972477064,65520.0,129,1.1103554964065552,1.1017093658447266,307,0
4,lower_green_leaf,149,797.59,436,64133.79816513762,65520.0,150,1.1300253868103027,1.11979079246521,286,0
4,lower_green_leaf,150,800.34,436,63574.97247706422,65520.0,195,1.156973958015442,1.1444759368896484,241,0
4,lower_green_leaf,151,803.1,436,62607.779816513765,65256.0,252,1.1847031116485596,1.1695022583007812,184,0
4,lower_green_leaf,152,805.85,436,61250.678899082566,62960.0,338,1.2340152263641357,1.2140870094299316,98,0
4,lower_green_leaf,153,808.61,436,60039.04587155963,61376.0,380,1.2598246335983276,1.2365636825561523,56,0
4,lower_green_leaf,154,811.36,436,59531.30275229358,60664.0,387,1.2631958723068237,1.2397834062576294,49,0
4,lower_green_leaf,155,814.12,436,59894.8256880734,61144.0,374,1.2575154304504395,1.2345006465911865,62,0
4,lower_green_leaf,156,816.88,436,60752.18348623853,62320.0,335,1.2385238409042358,1.2172486782073975,101,0
4,lower_green_leaf,157,819.64,436,61607.706422018346,63728.0,274,1.2057466506958008,1.188306450843811,162,0
4,lower_green_leaf,158,822.4,436,62164.25688073395,64928.0,239,1.18489670753479,1.1692163944244385,197,0
4,lower_green_leaf,159,825.16,436,62416.66055045871,65360.0,232,1.1845605373382568,1.1689728498458862,204,0
4,lower_green_leaf,160,827.92,436,62209.65137614679,64816.0,250,1.193913221359253,1.1774930953979492,186,0
4,lower_green_leaf,161,830.69,436,61560.550458715596,63568.0,304,1.2229063510894775,1.2036648988723755,132,0
4,lower_green_leaf,162,833.45,436,60571.30275229358,62008.0,363,1.259351134300232,1.2366137504577637,73,0
4,lower_green_leaf,163,836.22,436,59469.87155963303,60624.0,402,1.2725776433944702,1.2479664087295532,34,0
4,lower_green_leaf,164,838.98,436,58672.18348623853,59696.0,413,1.2786582708358765,1.2528427839279175,23,0
4,lower_green_leaf,165,841.75,436,58509.87155963303,59528.0,412,1.2808520793914795,1.254922866821289,24,0
4,lower_green_leaf,166,844.52,436,58887.706422018346,59952.0,407,1.2770419120788574,1.2521885633468628,29,0
4,lower_green_leaf,167,847.29,436,59609.247706422015,60824.0,386,1.270795226097107,1.2459921836853027,50,0
4,lower_green_leaf,168,850.06,436,60345.94495412844,61808.0,349,1.2532341480255127,1.2313556671142578,87,0
4,lower_green_leaf,169,852.83,436,60920.5871559633,62696.0,324,1.236915111541748,1.215559720993042,112,0
4,lower_green_leaf,170,855.6,436,61179.4128440367,62976.0,301,1.2247430086135864,1.2051116228103638,135,0
4,lower_green_leaf,171,858.37,436,61166.935779816515,62816.0,300,1.2271630764007568,1.2073968648910522,136,0
4,lower_green_leaf,172,861.14,436,60894.53211009174,62560.0,328,1.2442572116851807,1.222676157951355,108,0
4,lower_green_leaf,173,863.92,436,60242.05504587156,61480.0,368,1.2683767080307007,1.2445508241653442,68,0
4,lower_green_leaf,174,866.69,436,59300.66055045871,60432.0,407,1.2842649221420288,1.2585136890411377,29,0
4,lower_green_leaf,175,869.47,436,58130.752293577985,59112.0,420,1.2918097972869873,1.2645957469940186,16,0
4,lower_green_leaf,176,872.25,436,56937.65137614679,57816.0,427,1.298299789428711,1.2694568634033203,9,0
4,lower_green_leaf,177,875.03,436,55956.62385321101,56824.0,433,1.301700234413147,1.2722419500350952,3,0
4,lower_green_leaf,178,877.8,436,55153.46788990826,55952.0,436,1.304234504699707,1.2742048501968384,0,0
4,lower_green_leaf,179,880.58,436,54621.28440366973,55472.0,436,1.307236671447754,1.2765171527862549,0,0
4,lower_green_leaf,180,883.37,436,54293.98165137615,55152.0,436,1.306821346282959,1.2759296894073486,0,0
4,lower_green_leaf,181,886.15,436,54150.01834862385,54976.0,436,1.3069751262664795,1.2764019966125488,0,0
4,lower_green_leaf,182,888.93,436,54125.98165137615,54936.0,436,1.3085620403289795,1.2773154973983765,0,0
4,lower_green_leaf,183,891.71,436,54052.366972477066,54904.0,436,1.3084359169006348,1.277977466583252,0,0
4,lower_green_leaf,184,894.5,436,53794.49541284404,54600.0,436,1.3100032806396484,1.27882719039917,0,0
4,lower_green_leaf,185,897.28,436,53292.220183486235,54120.0,436,1.3096457719802856,1.2775802612304688,0,0
4,lower_green_leaf,186,900.07,436,52469.394495412846,53248.0,436,1.3123446702957153,1.279688835144043,0,0
4,lower_green_leaf,187,902.86,436,51325.50458715596,52104.0,436,1.312056064605713,1.2789396047592163,0,0
4,lower_green_leaf,188,905.64,436,49926.091743119265,50680.0,436,1.3138551712036133,1.2797194719314575,0,0
4,lower_green_leaf,189,908.43,436,48388.733944954125,49152.0,436,1.313340663909912,1.2782717943191528,0,0
4,lower_green_leaf,190,911.22,436,46859.88990825688,47632.0,436,1.3106783628463745,1.2745540142059326,0,0
4,lower_green_leaf,191,914.02,436,45561.247706422015,46216.0,436,1.312593698501587,1.2749557495117188,0,0
4,lower_green_leaf,192,916.81,436,44540.477064220184,45248.0,436,1.3111313581466675,1.2730754613876343,0,0
4,lower_green_leaf,193,919.6,436,43882.605504587154,44512.0,436,1.3108503818511963,1.2725772857666016,0,0
4,lower_green_leaf,194,922.39,436,43563.706422018346,44208.0,436,1.3100908994674683,1.2711068391799927,0,0
4,lower_green_leaf,195,925.19,436,43464.51376146789,44168.0,436,1.3111286163330078,1.270988941192627,0,0
4,lower_green_leaf,196,927.98,436,43393.61467889908,44048.0,436,1.3093254566192627,1.270984172821045,0,0
4,lower_green_leaf,197,930.78,436,43271.08256880734,44008.0,436,1.3090802431106567,1.270437240600586,0,0
4,lower_green_leaf,198,933.58,436,42968.733944954125,43560.0,436,1.3070876598358154,1.268319845199585,0,0
4,lower_green_leaf,199,936.38,436,42387.48623853211,43056.0,436,1.3058559894561768,1.2670456171035767,0,0
4,lower_green_leaf,200,939.18,436,41558.56880733945,42208.0,436,1.3048295974731445,1.2657500505447388,0,0
4,lower_green_leaf,201,941.98,436,40197.83486238532,40688.0,436,1.2979531288146973,1.2584385871887207,0,0
4,lower_green_leaf,202,944.78,436,38525.46788990826,39008.0,436,1.295703649520874,1.2544810771942139,0,0
4,lower_green_leaf,203,947.58,436,36619.779816513765,37200.0,436,1.290452480316162,1.2479472160339355,0,0
4,lower_green_leaf,204,950.38,436,34656.0,35168.0,436,1.284811019897461,1.2413897514343262,0,0
4,lower_green_leaf,205,953.19,436,32828.18348623853,33256.0,436,1.2791392803192139,1.2347079515457153,0,0
4,lower_green_leaf,206,955.99,436,31226.67889908257,31672.0,436,1.2756257057189941,1.2293701171875,0,0
4,lower_green_leaf,207,958.8,436,29925.688073394496,30320.0,436,1.2666008472442627,1.2195919752120972,0,0
4,lower_green_leaf,208,961.6,436,28981.908256880735,29424.0,436,1.2650532722473145,1.217290997505188,0,0
4,lower_green_leaf,209,964.41,436,28204.22018348624,28624.0,436,1.261378288269043,1.2129285335540771,0,0
4,lower_green_leaf,210,967.22,436,27639.4128440367,28048.0,436,1.2601430416107178,1.2109906673431396,0,0
4,lower_green_leaf,211,970.03,436,27186.16513761468,27584.0,436,1.2607837915420532,1.2111916542053223,0,0
4,lower_green_leaf,212,972.84,436,26743.853211009173,27112.0,436,1.2621910572052002,1.2118192911148071,0,0
4,lower_green_leaf,213,975.65,436,26257.83486238532,26616.0,436,1.2603001594543457,1.2091926336288452,0,0
4,lower_green_leaf,214,978.46,436,25668.954128440368,26024.0,436,1.259469747543335,1.207105040550232,0,0
4,lower_green_leaf,215,981.27,436,24949.394495412846,25248.0,436,1.2594242095947266,1.205556869506836,0,0
4,lower_green_leaf,216,984.09,436,24085.798165137614,24400.0,436,1.2612605094909668,1.2051887512207031,0,0
4,lower_green_leaf,217,986.9,436,23117.394495412846,23392.0,436,1.2608225345611572,1.2029433250427246,0,0
4,lower_green_leaf,218,989.72,436,22136.954128440368,22416.0,436,1.2619843482971191,1.2014744281768799,0,0
4,lower_green_leaf,219,992.54,436,21136.990825688074,21432.0,436,1.2634758949279785,1.1997296810150146,0,0
4,lower_green_leaf,220,995.35,436,20148.22018348624,20392.0,436,1.2634923458099365,1.19692063331604,0,0
4,lower_green_leaf,221,998.17,436,19293.65137614679,19536.0,436,1.2664926052093506,1.1966021060943604,0,0
4,lower_green_leaf,222,1000.99,436,18655.889908256882,18904.0,436,1.263810396194458,1.1918145418167114,0,0
4,lower_green_leaf,223,1003.81,436,18595.155963302754,18832.0,436,1.264472484588623,1.1910802125930786,0,0
5,upper_left_leaf,0,397.66,621,4910.479871175523,4912.0,621,0.5223880410194397,0.9035087823867798,0,0
5,upper_left_leaf,1,400.28,621,4909.500805152979,4912.0,621,0.5174825191497803,0.8991354703903198,0,0
5,upper_left_leaf,2,402.9,621,4923.671497584541,4912.0,621,0.5064935088157654,0.8924418687820435,0,0
5,upper_left_leaf,3,405.52,621,4955.51690821256,4960.0,621,0.49367088079452515,0.8876080513000488,0,0
5,upper_left_leaf,4,408.13,621,4952.682769726248,4944.0,621,0.4878048896789551,0.8811594247817993,0,0
5,upper_left_leaf,5,410.75,621,4977.880837359098,4976.0,621,0.4795321524143219,0.8755244612693787,0,0
5,upper_left_leaf,6,413.37,621,5013.6167471819645,5008.0,621,0.46666666865348816,0.8690807819366455,0,0
5,upper_left_leaf,7,416.0,621,5014.0805152979065,5008.0,621,0.46739131212234497,0.8642659187316895,0,0
5,upper_left_leaf,8,418.62,621,5044.68921095008,5040.0,621,0.4583333432674408,0.8591160178184509,0,0
5,upper_left_leaf,9,421.24,621,5054.093397745572,5056.0,621,0.4522612988948822,0.8528610467910767,0,0
5,upper_left_leaf,10,423.86,621,5056.618357487922,5056.0,621,0.446601927280426,0.849056601524353,0,0
5,upper_left_leaf,11,426.49,621,5077.642512077295,5072.0,621,0.4433962404727936,0.8426666855812073,0,0
5,upper_left_leaf,12,429.12,621,5109.719806763285,5104.0,621,0.4375,0.835106372833252,0,0
5,upper_left_leaf,13,431.74,621,5119.458937198067,5120.0,621,0.43103447556495667,0.8286445140838623,0,0
5,upper_left_leaf,14,434.37,621,5189.359098228663,5184.0,621,0.42399999499320984,0.8190954923629761,0,0
5,upper_left_leaf,15,437.0,621,5241.04347826087,5248.0,621,0.4148148000240326,0.8068459630012512,0,0
5,upper_left_leaf,16,439.63,621,5259.929146537842,5248.0,621,0.4084506928920746,0.7970660328865051,0,0
5,upper_left_leaf,17,442.26,621,5296.721417069243,5296.0,621,0.4025973975658417,0.783847987651825,0,0
5,upper_left_leaf,18,444.89,621,5378.962962962963,5376.0,621,0.3951367735862732,0.7716894745826721,0,0
5,upper_left_leaf,19,447.52,621,5430.286634460547,5424.0,621,0.39080458879470825,0.762749433517456,0,0
5,upper_left_leaf,20,450.16,621,5483.697262479871,5472.0,621,0.3867403268814087,0.7533039450645447,0,0
5,upper_left_leaf,21,452.79,621,5479.7037037037035,5472.0,621,0.3821989595890045,0.7456896305084229,0,0
5,upper_left_leaf,22,455.43,621,5521.545893719806,5520.0,621,0.37755101919174194,0.7394958138465881,0,0
5,upper_left_leaf,23,458.06,621,5554.576489533011,5552.0,621,0.3781094551086426,0.7340425252914429,0,0
5,upper_left_leaf,24,460.7,621,5559.188405797101,5552.0,621,0.3762376308441162,0.7338877320289612,0,0
5,upper_left_leaf,25,463.34,621,5569.004830917875,5552.0,621,0.37378641963005066,0.7280334830284119,0,0
5,upper_left_leaf,26,465.98,621,5652.66344605475,5648.0,621,0.36818182468414307,0.7181069850921631,0,0
5,upper_left_leaf,27,468.62,621,5655.265700483092,5648.0,621,0.3652968108654022,0.7145790457725525,0,0
5,upper_left_leaf,28,471.26,621,5658.821256038647,5648.0,621,0.365217387676239,0.7105262875556946,0,0
5,upper_left_leaf,29,473.9,621,5775.458937198067,5760.0,621,0.3562752902507782,0.6927480697631836,0,0
5,upper_left_leaf,30,476.54,621,5819.748792270531,5808.0,621,0.35428571701049805,0.6828358173370361,0,0
5,upper_left_leaf,31,479.18,621,5843.864734299517,5840.0,621,0.34944239258766174,0.6766355037689209,0,0
5,upper_left_leaf,32,481.83,621,5947.078904991949,5920.0,621,0.34353742003440857,0.6595744490623474,0,0
5,upper_left_leaf,33,484.47,621,6066.37037037037,6064.0,621,0.33850932121276855,0.6428571343421936,0,0
5,upper_left_leaf,34,487.12,621,6113.597423510467,6096.0,621,0.3363914489746094,0.6349999904632568,0,0
5,upper_left_leaf,35,489.77,621,6206.505636070853,6208.0,621,0.33141210675239563,0.625201940536499,0,0
5,upper_left_leaf,36,492.42,621,6333.603864734299,6304.0,621,0.3250327706336975,0.6071428656578064,0,0
5,upper_left_leaf,37,495.07,621,6404.276972624799,6368.0,621,0.32364097237586975,0.5967261791229248,0,0
5,upper_left_leaf,38,497.72,621,6480.206119162641,6464.0,621,0.3223443329334259,0.5911111235618591,0,0
5,upper_left_leaf,39,500.37,621,6607.433172302737,6608.0,621,0.323184996843338,0.583798885345459,0,0
5,upper_left_leaf,40,503.02,621,6652.676328502415,6640.0,621,0.3199999928474426,0.5769764184951782,0,0
5,upper_left_leaf,41,505.67,621,6666.125603864734,6656.0,621,0.3229398727416992,0.5771905183792114,0,0
5,upper_left_leaf,42,508.32,621,6758.054750402576,6720.0,621,0.3234042525291443,0.5718138813972473,0,0
5,upper_left_leaf,43,510.98,621,6885.0499194847025,6880.0,621,0.3245967626571655,0.5635286569595337,0,0
5,upper_left_leaf,44,513.63,621,6933.127214170692,6928.0,621,0.3309929668903351,0.5657894611358643,0,0
5,upper_left_leaf,45,516.29,621,6964.276972624799,6944.0,621,0.33601608872413635,0.5703073740005493,0,0
5,upper_left_leaf,46,518.95,621,7178.821256038647,7184.0,621,0.34307992458343506,0.5681234002113342,0,0
5,upper_left_leaf,47,521.61,621,7456.386473429951,7488.0,621,0.3494623601436615,0.5640408992767334,0,0
5,upper_left_leaf,48,524.27,621,7522.756843800322,7552.0,621,0.3582887649536133,0.5668257474899292,0,0
5,upper_left_leaf,49,526.93,621,7602.499194847021,7648.0,621,0.37017545104026794,0.5738194584846497,0,0
5,upper_left_leaf,50,529.59,621,7930.0225442834135,7984.0,621,0.37378641963005066,0.5675368905067444,0,0
5,upper_left_leaf,51,532.25,621,8432.206119162642,8496.0,621,0.37794119119644165,0.5546833872795105,0,0
5,upper_left_leaf,52,534.91,621,8675.658615136876,8784.0,621,0.3835616409778595,0.5509586334228516,0,0
5,upper_left_leaf,53,537.57,621,8774.9307568438,8880.0,621,0.3864406645298004,0.5506958365440369,0,0
5,upper_left_leaf,54,540.24,621,8975.97423510467,9072.0,621,0.38896188139915466,0.5462427735328674,0,0
5,upper_left_leaf,55,542.91,621,9370.950080515298,9488.0,621,0.3870967626571655,0.5367383360862732,0,0
5,upper_left_leaf,56,545.57,621,9658.305958132045,9808.0,621,0.38789236545562744,0.5310586094856262,0,0
5,upper_left_leaf,57,548.24,621,9741.114331723027,9920.0,621,0.3899441361427307,0.530524492263794,0,0
5,upper_left_leaf,58,550.91,621,9888.438003220612,10080.0,621,0.3883495032787323,0.5270158052444458,0,0
5,upper_left_leaf,59,553.58,621,10249.01771336554,10432.0,621,0.38562753796577454,0.5190778970718384,0,0
5,upper_left_leaf,60,556.25,621,10522.512077294687,10720.0,621,0.38480037450790405,0.5124093294143677,0,0
5,upper_left_leaf,61,558.92,621,10571.929146537843,10736.0,621,0.3796740174293518,0.5063957571983337,0,0
5,upper_left_leaf,62,561.59,621,10574.170692431562,10736.0,621,0.3748238682746887,0.5014970302581787,0,0
5,upper_left_leaf,63,564.26,621,10685.88727858293,10832.0,621,0.36960431933403015,0.49353447556495667,0,0
5,upper_left_leaf,64,566.94,621,10732.470209339775,10864.0,621,0.3606986999511719,0.48366478085517883,0,0
5,upper_left_leaf,65,569.61,621,10591.819645732689,10704.0,621,0.35257548093795776,0.47788873314857483,0,0
5,upper_left_leaf,66,572.29,621,10442.537842190017,10528.0,621,0.3442477881908417,0.47121915221214294,0,0
5,upper_left_leaf,67,574.96,621,10523.05314009662,10592.0,621,0.3353140950202942,0.46105703711509705,0,0
5,upper_left_leaf,68,577.64,621,10736.10305958132,10816.0,621,0.32886722683906555,0.4508279860019684,0,0
5,upper_left_leaf,69,580.32,621,10776.244766505635,10832.0,621,0.3244979977607727,0.4448116421699524,0,0
5,upper_left_leaf,70,583.0,621,10480.515297906602,10544.0,621,0.32059186697006226,0.4450474977493286,0,0
5,upper_left_leaf,71,585.68,621,10258.962962962964,10304.0,621,0.3177017271518707,0.44521257281303406,0,0
5,upper_left_leaf,72,588.36,621,10413.70692431562,10448.0,621,0.31430935859680176,0.4390243887901306,0,0
5,upper_left_leaf,73,591.04,621,10793.14653784219,10832.0,621,0.3100075125694275,0.4273989796638489,0,0
5,upper_left_leaf,74,593.73,621,11060.32850241546,11120.0,621,0.308082640171051,0.4212139844894409,0,0
5,upper_left_leaf,75,596.41,621,11056.180354267311,11088.0,621,0.3058995008468628,0.41913992166519165,0,0
5,upper_left_leaf,76,599.1,621,10933.513687600644,10992.0,621,0.3046846091747284,0.4201110303401947,0,0
5,upper_left_leaf,77,601.78,621,11089.442834138486,11136.0,621,0.3028571307659149,0.4148367941379547,0,0
5,upper_left_leaf,78,604.47,621,11562.692431561996,11632.0,621,0.3002924919128418,0.40646257996559143,0,0
5,upper_left_leaf,79,607.16,621,12028.470209339775,12000.0,621,0.29530200362205505,0.3951655328273773,0,0
5,upper_left_leaf,80,609.85,621,12179.143317230273,12176.0,621,0.2931968569755554,0.3913043439388275,0,0
5,upper_left_leaf,81,612.53,621,12021.204508856683,12016.0,621,0.2894894778728485,0.38952282071113586,0,0
5,upper_left_leaf,82,615.23,621,11884.212560386473,11856.0,621,0.28562766313552856,0.3851386606693268,0,0
5,upper_left_leaf,83,617.92,621,12141.217391304348,12112.0,621,0.2832065522670746,0.38131123781204224,0,0
5,upper_left_leaf,84,620.61,621,12561.262479871175,12496.0,621,0.2804547846317291,0.37319883704185486,0,0
5,upper_left_leaf,85,623.3,621,12970.022544283414,12880.0,621,0.2783188223838806,0.3670598864555359,0,0
5,upper_left_leaf,86,626.0,621,13118.454106280193,12992.0,621,0.27524346113204956,0.3637180030345917,0,0
5,upper_left_leaf,87,628.69,621,13121.082125603865,13024.0,621,0.2750000059604645,0.3632296919822693,0,0
5,upper_left_leaf,88,631.39,621,13194.898550724638,13072.0,621,0.2732793390750885,0.36166444420814514,0,0
5,upper_left_leaf,89,634.08,621,13419.826086956522,13280.0,621,0.2723258137702942,0.3584741950035095,0,0
5,upper_left_leaf,90,636.78,621,13560.96618357488,13392.0,621,0.2709430456161499,0.3539077341556549,0,0
5,upper_left_leaf,91,639.48,621,13541.771336553946,13376.0,621,0.2660028338432312,0.3493768870830536,0,0
5,upper_left_leaf,92,642.18,621,13475.658615136876,13328.0,621,0.26439231634140015,0.34628236293792725,0,0
5,upper_left_leaf,93,644.88,621,13495.574879227053,13360.0,621,0.2593713700771332,0.34065258502960205,0,0
5,upper_left_leaf,94,647.58,621,13703.832528180354,13584.0,621,0.2564332187175751,0.33537429571151733,0,0
5,upper_left_leaf,95,650.29,621,13974.80193236715,13792.0,621,0.2519820034503937,0.33047544956207275,0,0
5,upper_left_leaf,96,652.99,621,14006.132045088567,13840.0,621,0.2514718174934387,0.32913297414779663,0,0
5,upper_left_leaf,97,655.69,621,13748.792270531401,13616.0,621,0.24989210069179535,0.32808297872543335,0,0
5,upper_left_leaf,98,658.4,621,13363.555555555555,13216.0,621,0.24499887228012085,0.3280656039714813,0,0
5,upper_left_leaf,99,661.1,621,13145.30112721417,13008.0,621,0.24269463121891022,0.3245823383331299,0,0
5,upper_left_leaf,100,663.81,621,13274.383252818036,13088.0,621,0.23953388631343842,0.319396048784256,0,0
5,upper_left_leaf,101,666.52,621,13593.919484702094,13472.0,621,0.23615464568138123,0.31352153420448303,0,0
5,upper_left_leaf,102,669.23,621,13873.752012882447,13728.0,621,0.2350565493106842,0.3093447983264923,0,0
5,upper_left_leaf,103,671.94,621,13908.63768115942,13824.0,621,0.233254536986351,0.30569395422935486,0,0
5,upper_left_leaf,104,674.65,621,13724.547504025764,13632.0,621,0.23274162411689758,0.3076370060443878,0,0
5,upper_left_leaf,105,677.36,621,13596.727858293076,13488.0,621,0.23307661712169647,0.3076072931289673,0,0
5,upper_left_leaf,106,680.07,621,13790.737520128825,13680.0,621,0.23293650150299072,0.30711206793785095,0,0
5,upper_left_leaf,107,682.79,621,14314.048309178745,14224.0,621,0.23280423879623413,0.30367207527160645,0,0
5,upper_left_leaf,108,685.5,621,15043.426731078906,14960.0,621,0.23641495406627655,0.3046272397041321,0,0
5,upper_left_leaf,109,688.22,621,15758.505636070853,15600.0,621,0.24322445690631866,0.3073538541793823,0,0
5,upper_left_leaf,110,690.93,621,16316.547504025764,16064.0,621,0.2527322471141815,0.3159542679786682,0,0
5,upper_left_leaf,111,693.65,621,16744.425120772947,16560.0,621,0.26807016134262085,0.33285093307495117,0,0
5,upper_left_leaf,112,696.37,621,17270.57004830918,17072.0,621,0.29220065474510193,0.3560454249382019,0,0
5,upper_left_leaf,113,699.09,621,18288.5152979066,18192.0,621,0.3263849914073944,0.38798919320106506,0,0
5,upper_left_leaf,114,701.81,621,20182.982286634462,20128.0,621,0.36320409178733826,0.420246422290802,0,0
5,upper_left_leaf,115,704.53,621,22674.988727858294,22768.0,621,0.4069828987121582,0.45895880460739136,0,0
5,upper_left_leaf,116,707.25,621,25629.99033816425,25968.0,621,0.45502108335494995,0.5003839731216431,0,0
5,upper_left_leaf,117,709.97,621,28449.90660225443,29056.0,621,0.5025973916053772,0.5424133539199829,0,0
5,upper_left_leaf,118,712.7,621,30993.752012882447,31872.0,621,0.5512514114379883,0.5870910882949829,0,0
5,upper_left_leaf,119,715.42,621,33053.70692431562,34192.0,621,0.6031491160392761,0.6351550817489624,0,0
5,upper_left_leaf,120,718.15,621,35094.157809983895,36464.0,621,0.6544688940048218,0.6822862029075623,0,0
5,upper_left_leaf,121,720.87,621,37416.01288244766,39024.0,621,0.7050593495368958,0.7295277714729309,0,0
5,upper_left_leaf,122,723.6,621,40307.066022544284,42144.0,621,0.7553429007530212,0.774612545967102,0,0
5,upper_left_leaf,123,726.33,621,43484.933977455716,45568.0,621,0.805385947227478,0.8203497529029846,0,0
5,upper_left_leaf,124,729.06,621,46544.12882447665,49008.0,621,0.8480684161186218,0.8597171902656555,0,0
5,upper_left_leaf,125,731.79,621,49095.188405797104,51776.0,621,0.8845011591911316,0.8930731415748596,0,0
5,upper_left_leaf,126,734.52,621,50960.64412238325,53680.0,621,0.9163452982902527,0.922548770904541,0,0
5,upper_left_leaf,127,737.25,621,52165.95169082125,54928.0,621,0.9413163065910339,0.9457216858863831,0,0
5,upper_left_leaf,128,739.98,621,53022.22222222222,55856.0,621,0.9621735215187073,0.9650291204452515,0,0
5,upper_left_leaf,129,742.72,621,53694.995169082125,56528.0,621,0.9813253283500671,0.9827008843421936,0,0
5,upper_left_leaf,130,745.45,621,54321.056360708535,57232.0,621,0.9951807260513306,0.9955406785011292,0,0
5,upper_left_leaf,131,748.19,621,54739.42673107891,57616.0,621,1.0073126554489136,1.0067548751831055,0,0
5,upper_left_leaf,132,750.93,621,54996.97262479871,57904.0,621,1.0158151388168335,1.0146149396896362,0,0
5,upper_left_leaf,133,753.66,621,55161.739130434784,58048.0,621,1.0240384340286255,1.0222779512405396,0,0
5,upper_left_leaf,134,756.4,621,55417.91948470209,58448.0,621,1.0308490991592407,1.0284748077392578,0,0
5,upper_left_leaf,135,759.14,621,55842.24154589372,58864.0,621,1.0342251062393188,1.03166925907135,0,0
5,upper_left_leaf,136,761.88,621,56529.391304347824,59552.0,620,1.0364763736724854,1.0337488651275635,1,0
5,upper_left_leaf,137,764.62,621,57194.718196457325,60320.0,602,1.0349360704421997,1.0323342084884644,19,0
5,upper_left_leaf,138,767.36,621,57400.78582930757,60560.0,589,1.0318547487258911,1.0294359922409058,32,0
5,upper_left_leaf,139,770.11,621,57032.83735909823,60144.0,612,1.040320634841919,1.0373733043670654,9,0
5,upper_left_leaf,140,772.85,621,56107.87761674718,59040.0,621,1.044063687324524,1.0407240390777588,0,0
5,upper_left_leaf,141,775.6,621,54755.86473429952,57712.0,621,1.047619104385376,1.0438926219940186,0,0
5,upper_left_leaf,142,778.34,621,53596.18679549114,56448.0,621,1.0459603071212769,1.0422744750976562,0,0
5,upper_left_leaf,143,781.09,621,53132.65056360709,56032.0,621,1.047387957572937,1.0436336994171143,0,0
5,upper_left_leaf,144,783.84,621,53620.0193236715,56544.0,621,1.0482780933380127,1.0444971323013306,0,0
5,upper_left_leaf,145,786.58,621,54822.698872785826,57776.0,621,1.0500857830047607,1.0462735891342163,0,0
5,upper_left_leaf,146,789.33,621,56173.14009661836,59184.0,621,1.0504988431930542,1.046554446220398,0,0
5,upper_left_leaf,147,792.08,621,57186.44766505636,60288.0,606,1.0479910373687744,1.044382095336914,15,0
5,upper_left_leaf,148,794.84,621,57431.85829307568,60480.0,600,1.0474567413330078,1.0439460277557373,21,0
5,upper_left_leaf,149,797.59,621,56643.066022544284,59664.0,621,1.0532580614089966,1.0491849184036255,0,0
5,upper_left_leaf,150,800.34,621,54915.52979066023,57776.0,621,1.0535968542099,1.0493953227996826,0,0
5,upper_left_leaf,151,803.1,621,52735.63929146538,55504.0,621,1.0540673732757568,1.0496304035186768,0,0
5,upper_left_leaf,152,805.85,621,50697.50724637681,53312.0,621,1.0543947219848633,1.04983389377594,0,0
5,upper_left_leaf,153,808.61,621,49390.402576489534,52000.0,621,1.0550025701522827,1.0502632856369019,0,0
5,upper_left_leaf,154,811.36,621,49039.71658615137,51616.0,621,1.0549803972244263,1.0501139163970947,0,0
5,upper_left_leaf,155,814.12,621,49502.81481481482,52144.0,621,1.0566368103027344,1.0517711639404297,0,0
5,upper_left_leaf,156,816.88,621,50517.719806763285,53216.0,621,1.0584359169006348,1.0535686016082764,0,0
5,upper_left_leaf,157,819.64,621,51712.02576489533,54448.0,621,1.056993007659912,1.0522723197937012,0,0
5,upper_left_leaf,158,822.4,621,52489.81642512077,55296.0,621,1.0572224855422974,1.0525999069213867,0,0
5,upper_left_leaf,159,825.16,621,52784.463768115944,55696.0,621,1.059507966041565,1.0546064376831055,0,0
5,upper_left_leaf,160,827.92,621,52266.51207729468,55072.0,621,1.0581356287002563,1.0533088445663452,0,0
5,upper_left_leaf,161,830.69,621,51200.0,53936.0,621,1.0596321821212769,1.0545854568481445,0,0
5,upper_left_leaf,162,833.45,621,49897.86795491143,52544.0,621,1.0594841241836548,1.0544228553771973,0,0
5,upper_left_leaf,163,836.22,621,48794.97584541063,51376.0,621,1.0609668493270874,1.0554461479187012,0,0
5,upper_left_leaf,164,838.98,621,48163.658615136876,50736.0,621,1.059866189956665,1.0545754432678223,0,0
5,upper_left_leaf,165,841.75,621,48094.3768115942,50656.0,621,1.0591447353363037,1.0539239645004272,0,0
5,upper_left_leaf,166,844.52,621,48485.69404186795,51056.0,621,1.060050368309021,1.0547720193862915,0,0
5,upper_left_leaf,167,847.29,621,49253.74557165861,51888.0,621,1.0602366924285889,1.0549806356430054,0,0
5,upper_left_leaf,168,850.06,621,50006.95652173913,52640.0,621,1.0600866079330444,1.054983377456665,0,0
5,upper_left_leaf,169,852.83,621,50589.88727858293,53264.0,621,1.0606218576431274,1.055493712425232,0,0
5,upper_left_leaf,170,855.6,621,50883.29790660225,53584.0,621,1.060668706893921,1.0554505586624146,0,0
5,upper_left_leaf,171,858.37,621,50754.52495974235,53392.0,621,1.061882495880127,1.0565857887268066,0,0
5,upper_left_leaf,172,861.14,621,50283.38808373591,52912.0,621,1.063513994216919,1.0580624341964722,0,0
5,upper_left_leaf,173,863.92,621,49454.68599033816,52016.0,621,1.0617636442184448,1.0564451217651367,0,0
5,upper_left_leaf,174,866.69,621,48434.34460547504,50944.0,621,1.0638762712478638,1.058122158050537,0,0
5,upper_left_leaf,175,869.47,621,47357.29468599034,49840.0,621,1.0638219118118286,1.0580753087997437,0,0
5,upper_left_leaf,176,872.25,621,46273.8808373591,48704.0,621,1.0630284547805786,1.0571627616882324,0,0
5,upper_left_leaf,177,875.03,621,45507.272141706926,47872.0,621,1.0624268054962158,1.0564972162246704,0,0
5,upper_left_leaf,178,877.8,621,44884.17391304348,47264.0,621,1.0634011030197144,1.0572702884674072,0,0
5,upper_left_leaf,179,880.58,621,44504.99194847021,46768.0,621,1.0626496076583862,1.0565491914749146,0,0
5,upper_left_leaf,180,883.37,621,44299.28502415459,46624.0,621,1.0634028911590576,1.0572255849838257,0,0
5,upper_left_leaf,181,886.15,621,44223.381642512075,46608.0,621,1.0639935731887817,1.0574754476547241,0,0
5,upper_left_leaf,182,888.93,621,44209.159420289856,46560.0,621,1.065837025642395,1.0593987703323364,0,0
5,upper_left_leaf,183,891.71,621,44127.046698872786,46496.0,621,1.0649298429489136,1.0586106777191162,0,0
5,upper_left_leaf,184,894.5,621,43897.45571658615,46208.0,621,1.0654664039611816,1.0588884353637695,0,0
5,upper_left_leaf,185,897.28,621,43381.0499194847,45584.0,621,1.0656071901321411,1.0592129230499268,0,0
5,upper_left_leaf,186,900.07,621,42632.219001610305,44832.0,621,1.0641080141067505,1.0575103759765625,0,0
5,upper_left_leaf,187,902.86,621,41711.94847020934,43840.0,621,1.0659767389297485,1.0590733289718628,0,0
5,upper_left_leaf,188,905.64,621,40540.444444444445,42608.0,621,1.0648601055145264,1.05789053440094,0,0
5,upper_left_leaf,189,908.43,621,39253.307568438,41264.0,621,1.062298059463501,1.0552845001220703,0,0
5,upper_left_leaf,190,911.22,621,38077.57809983897,40064.0,621,1.0621873140335083,1.0547717809677124,0,0
5,upper_left_leaf,191,914.02,621,37049.17230273752,38976.0,621,1.060762643814087,1.0534251928329468,0,0
5,upper_left_leaf,192,916.81,621,36258.44766505636,38096.0,621,1.0589416027069092,1.0519850254058838,0,0
5,upper_left_leaf,193,919.6,621,35790.32528180354,37632.0,621,1.0590920448303223,1.0520902872085571,0,0
5,upper_left_leaf,194,922.39,621,35566.53140096618,37424.0,621,1.0571210384368896,1.0502344369888306,0,0
5,upper_left_leaf,195,925.19,621,35505.004830917875,37360.0,621,1.0566037893295288,1.0498652458190918,0,0
5,upper_left_leaf,196,927.98,621,35472.38647342995,37344.0,621,1.0569230318069458,1.0499324798583984,0,0
5,upper_left_leaf,197,930.78,621,35360.36070853462,37184.0,621,1.054787516593933,1.048133134841919,0,0
5,upper_left_leaf,198,933.58,621,35020.67632850241,36768.0,621,1.0525498390197754,1.0461888313293457,0,0
5,upper_left_leaf,199,936.38,621,34486.72463768116,36240.0,621,1.0499999523162842,1.0438191890716553,0,0
5,upper_left_leaf,200,939.18,621,33707.69726247987,35376.0,621,1.0461875200271606,1.040130615234375,0,0
5,upper_left_leaf,201,941.98,621,32532.81803542673,34048.0,621,1.0415730476379395,1.036097526550293,0,0
5,upper_left_leaf,202,944.78,621,31125.977455716587,32560.0,621,1.0372980833053589,1.0321763753890991,0,0
5,upper_left_leaf,203,947.58,621,29541.900161030597,30864.0,621,1.0315593481063843,1.0270127058029175,0,0
5,upper_left_leaf,204,950.38,621,27968.0,29232.0,621,1.0250990390777588,1.0213123559951782,0,0
5,upper_left_leaf,205,953.19,621,26547.710144927536,27680.0,621,1.019539475440979,1.016412615776062,0,0
5,upper_left_leaf,206,955.99,621,25319.626409017714,26368.0,621,1.0088300704956055,1.0073394775390625,0,0
5,upper_left_leaf,207,958.8,621,24315.80032206119,25280.0,621,1.0015220642089844,1.001264214515686,0,0
5,upper_left_leaf,208,961.6,621,23579.697262479873,24528.0,621,0.9984239339828491,0.9987021684646606,0,0
5,upper_left_leaf,209,964.41,621,23016.88888888889,23936.0,621,0.9951416850090027,0.9960212111473083,0,0
5,upper_left_leaf,210,967.22,621,22614.69887278583,23536.0,621,0.9925062656402588,0.9938900470733643,0,0
5,upper_left_leaf,211,970.03,621,22250.924315619966,23168.0,621,0.9923469424247742,0.9937673211097717,0,0
5,upper_left_leaf,212,972.84,621,21915.90338164251,22816.0,621,0.991416335105896,0.9930021166801453,0,0
5,upper_left_leaf,213,975.65,621,21504.283413848632,22320.0,621,0.9907611012458801,0.9925240278244019,0,0
5,upper_left_leaf,214,978.46,621,21030.62157809984,21840.0,621,0.9909420013427734,0.9927219748497009,0,0
5,upper_left_leaf,215,981.27,621,20441.12077294686,21184.0,621,0.9887111783027649,0.9909774661064148,0,0
5,upper_left_leaf,216,984.09,621,19737.30112721417,20480.0,621,0.992118239402771,0.9938128590583801,0,0
5,upper_left_leaf,217,986.9,621,18984.73429951691,19664.0,621,0.9927536249160767,0.9943227767944336,0,0
5,upper_left_leaf,218,989.72,621,18200.78582930757,18848.0,621,0.991304337978363,0.9932659864425659,0,0
5,upper_left_leaf,219,992.54,621,17396.14814814815,18016.0,621,0.9924985766410828,0.9943206906318665,0,0
5,upper_left_leaf,220,995.35,621,16673.082125603865,17296.0,621,0.9962916970252991,0.997217059135437,0,0
5,upper_left_leaf,221,998.17,621,16016.927536231884,16656.0,621,0.9974160194396973,0.998084306716919,0,0
5,upper_left_leaf,222,1000.99,621,15514.409017713366,16080.0,621,0.9986376166343689,0.9990059733390808,0,0
5,upper_left_leaf,223,1003.81,621,15454.119162640902,16000.0,621,0.9972752332687378,0.9980040192604065,0,0
6,upper_right_leaf,0,397.66,674,4824.118694362018,4816.0,674,0.4838709533214569,0.9055759906768799,0,5
6,upper_right_leaf,1,400.28,674,4816.973293768546,4800.0,674,0.4754098355770111,0.9012160897254944,0,0
6,upper_right_leaf,2,402.9,674,4831.786350148368,4832.0,674,0.469696968793869,0.8967551589012146,0,0
6,upper_right_leaf,3,405.52,674,4840.474777448071,4848.0,674,0.4571428596973419,0.8898550868034363,0,0
6,upper_right_leaf,4,408.13,674,4864.854599406528,4864.0,674,0.4444444477558136,0.8833819031715393,0,0
6,upper_right_leaf,5,410.75,674,4876.462908011869,4864.0,674,0.4383561611175537,0.8767908215522766,0,0
6,upper_right_leaf,6,413.37,674,4892.035608308605,4880.0,674,0.42500001192092896,0.8700565099716187,0,0
6,upper_right_leaf,7,416.0,674,4899.442136498516,4880.0,674,0.4166666567325592,0.8640226721763611,0,0
6,upper_right_leaf,8,418.62,674,4905.827893175074,4896.0,674,0.4117647111415863,0.8583569526672363,0,0
6,upper_right_leaf,9,421.24,674,4937.424332344213,4944.0,674,0.40449437499046326,0.8516483306884766,0,0
6,upper_right_leaf,10,423.86,674,4946.967359050445,4944.0,674,0.4021739065647125,0.8484848737716675,0,0
6,upper_right_leaf,11,426.49,674,4968.094955489614,4960.0,674,0.39175257086753845,0.8405405282974243,0,0
6,upper_right_leaf,12,429.12,674,4976.094955489614,4960.0,674,0.3807200789451599,0.8306451439857483,0,0
6,upper_right_leaf,13,431.74,674,4980.724035608308,4976.0,674,0.37383177876472473,0.8230562806129456,0,0
6,upper_right_leaf,14,434.37,674,5030.148367952523,5008.0,674,0.36323410272598267,0.8113695383071899,0,0
6,upper_right_leaf,15,437.0,674,5055.430267062315,5040.0,674,0.35483869910240173,0.796954333782196,0,0
6,upper_right_leaf,16,439.63,674,5087.074183976261,5072.0,674,0.3458646535873413,0.7866004705429077,0,0
6,upper_right_leaf,17,442.26,674,5132.747774480712,5120.0,674,0.33571428060531616,0.7730587720870972,0,0
6,upper_right_leaf,18,444.89,674,5151.857566765579,5136.0,674,0.32573288679122925,0.7577196955680847,0,0
6,upper_right_leaf,19,447.52,674,5192.712166172107,5184.0,674,0.3187499940395355,0.748235285282135,0,0
6,upper_right_leaf,20,450.16,674,5214.575667655787,5200.0,674,0.3139534890651703,0.7358273267745972,0,0
6,upper_right_leaf,21,452.79,674,5225.281899109792,5200.0,674,0.3089887499809265,0.7289091348648071,0,0
6,upper_right_leaf,22,455.43,674,5251.79821958457,5232.0,674,0.3016759753227234,0.7228648662567139,0,0
6,upper_right_leaf,23,458.06,674,5270.836795252226,5248.0,674,0.29891303181648254,0.7155361175537109,0,0
6,upper_right_leaf,24,460.7,674,5247.169139465876,5216.0,674,0.29866665601730347,0.7142857313156128,0,0
6,upper_right_leaf,25,463.34,674,5257.210682492581,5248.0,674,0.29100528359413147,0.708970308303833,0,0
6,upper_right_leaf,26,465.98,674,5299.821958456973,5264.0,674,0.2849999964237213,0.6942675113677979,0,0
6,upper_right_leaf,27,468.62,674,5322.72997032641,5296.0,674,0.2801932394504547,0.6895119547843933,0,0
6,upper_right_leaf,28,471.26,674,5314.468842729971,5296.0,674,0.27652281522750854,0.6853002309799194,0,0
6,upper_right_leaf,29,473.9,674,5372.439169139466,5328.0,674,0.2687224745750427,0.6659969687461853,0,0
6,upper_right_leaf,30,476.54,674,5421.816023738872,5392.0,674,0.2602465748786926,0.6508020162582397,0,0
6,upper_right_leaf,31,479.18,674,5478.26706231454,5408.0,674,0.2547237277030945,0.6434035301208496,0,0
6,upper_right_leaf,32,481.83,674,5484.795252225519,5424.0,674,0.248188316822052,0.6238532066345215,0,0
6,upper_right_leaf,33,484.47,674,5588.818991097923,5520.0,674,0.23986487090587616,0.6046510934829712,0,0
6,upper_right_leaf,34,487.12,674,5568.237388724036,5488.0,674,0.23548386991024017,0.5906917452812195,0,0
6,upper_right_leaf,35,489.77,674,5634.183976261128,5552.0,674,0.23041631281375885,0.5799160003662109,0,0
6,upper_right_leaf,36,492.42,674,5706.089020771514,5632.0,674,0.22841225564479828,0.5629032254219055,0,0
6,upper_right_leaf,37,495.07,674,5777.163204747774,5696.0,674,0.22371967136859894,0.5510852336883545,0,0
6,upper_right_leaf,38,497.72,674,5808.284866468843,5728.0,674,0.22179079055786133,0.542488694190979,0,0
6,upper_right_leaf,39,500.37,674,5859.06231454006,5760.0,674,0.21791768074035645,0.5299335718154907,0,0
6,upper_right_leaf,40,503.02,674,5904.854599406528,5824.0,674,0.21749408543109894,0.5252162218093872,0,0
6,upper_right_leaf,41,505.67,674,5899.157270029674,5808.0,674,0.21852993965148926,0.52601158618927,0,0
6,upper_right_leaf,42,508.32,674,5962.80118694362,5872.0,674,0.22002190351486206,0.5193525552749634,0,0
6,upper_right_leaf,43,510.98,674,6083.940652818991,5984.0,674,0.21946002542972565,0.5094850659370422,0,0
6,upper_right_leaf,44,513.63,674,6125.649851632047,6016.0,674,0.22317597270011902,0.5094722509384155,0,0
6,upper_right_leaf,45,516.29,674,6112.0,6000.0,674,0.22618645429611206,0.511942982673645,0,0
6,upper_right_leaf,46,518.95,674,6208.189910979228,6096.0,674,0.2283054143190384,0.5046236515045166,0,0
6,upper_right_leaf,47,521.61,674,6420.700296735905,6304.0,674,0.2334936559200287,0.4962215721607208,0,0
6,upper_right_leaf,48,524.27,674,6482.373887240356,6384.0,674,0.23595505952835083,0.4938271641731262,0,0
6,upper_right_leaf,49,526.93,674,6551.691394658754,6432.0,674,0.24301666021347046,0.49859967827796936,0,0
6,upper_right_leaf,50,529.59,674,6733.887240356083,6640.0,674,0.24398624897003174,0.488836407661438,0,0
6,upper_right_leaf,51,532.25,674,7028.106824925816,6896.0,674,0.2450532764196396,0.4691630005836487,0,0
6,upper_right_leaf,52,534.91,674,7226.255192878339,7072.0,674,0.24442940950393677,0.45922067761421204,0,0
6,upper_right_leaf,53,537.57,674,7262.836795252226,7088.0,674,0.24520215392112732,0.455663800239563,0,0
6,upper_right_leaf,54,540.24,674,7360.522255192878,7200.0,674,0.2433168888092041,0.45040076971054077,0,0
6,upper_right_leaf,55,542.91,674,7585.06824925816,7392.0,674,0.24292761087417603,0.4366833567619324,0,0
6,upper_right_leaf,56,545.57,674,7774.646884272997,7576.0,674,0.2417323887348175,0.4270527958869934,0,0
6,upper_right_leaf,57,548.24,674,7828.676557863501,7600.0,674,0.24037319421768188,0.4228973984718323,0,0
6,upper_right_leaf,58,550.91,674,7919.216617210683,7728.0,674,0.23972493410110474,0.41901451349258423,0,0
6,upper_right_leaf,59,553.58,674,8110.290801186944,7880.0,674,0.23772481083869934,0.4105131924152374,0,0
6,upper_right_leaf,60,556.25,674,8273.091988130564,8008.0,674,0.2353549748659134,0.40152114629745483,0,0
6,upper_right_leaf,61,558.92,674,8292.367952522256,8032.0,674,0.2332085371017456,0.3973881006240845,0,0
6,upper_right_leaf,62,561.59,674,8295.240356083086,8048.0,674,0.23098117113113403,0.3948822021484375,0,0
6,upper_right_leaf,63,564.26,674,8370.492581602373,8120.0,674,0.22704219818115234,0.3876776397228241,0,0
6,upper_right_leaf,64,566.94,674,8394.302670623145,8144.0,674,0.2227458953857422,0.37978991866111755,0,0
6,upper_right_leaf,65,569.61,674,8336.33234421365,8064.0,674,0.2173098772764206,0.37560591101646423,0,0
6,upper_right_leaf,66,572.29,674,8249.970326409495,7984.0,674,0.21378016471862793,0.3743917942047119,0,0
6,upper_right_leaf,67,574.96,674,8255.359050445104,8000.0,674,0.20902997255325317,0.3668888211250305,0,0
6,upper_right_leaf,68,577.64,674,8351.620178041543,8096.0,674,0.2043769359588623,0.3563907742500305,0,0
6,upper_right_leaf,69,580.32,674,8405.578635014837,8120.0,674,0.2015177309513092,0.35103392601013184,0,0
6,upper_right_leaf,70,583.0,674,8296.047477744807,8032.0,674,0.19852355122566223,0.3515836298465729,0,0
6,upper_right_leaf,71,585.68,674,8148.985163204748,7888.0,674,0.19643650949001312,0.3534882068634033,0,0
6,upper_right_leaf,72,588.36,674,8169.40059347181,7912.0,674,0.19318392872810364,0.34661075472831726,0,0
6,upper_right_leaf,73,591.04,674,8400.6646884273,8112.0,674,0.18999654054641724,0.335914671421051,0,0
6,upper_right_leaf,74,593.73,674,8594.20771513353,8288.0,674,0.18872278928756714,0.32671719789505005,0,0
6,upper_right_leaf,75,596.41,674,8628.296735905045,8288.0,674,0.1867268979549408,0.3237916827201843,0,0
6,upper_right_leaf,76,599.1,674,8564.842729970327,8240.0,674,0.18516376614570618,0.32492905855178833,0,0
6,upper_right_leaf,77,601.78,674,8616.617210682492,8288.0,674,0.1848444640636444,0.32209739089012146,0,0
6,upper_right_leaf,78,604.47,674,8854.884272997033,8536.0,674,0.1826484054327011,0.31296131014823914,0,0
6,upper_right_leaf,79,607.16,674,9151.66765578635,8768.0,674,0.1805136799812317,0.30407583713531494,0,0
6,upper_right_leaf,80,609.85,674,9275.370919881305,8888.0,674,0.17867761850357056,0.29780980944633484,0,0
6,upper_right_leaf,81,612.53,674,9252.415430267063,8840.0,674,0.17582419514656067,0.29609838128089905,0,0
6,upper_right_leaf,82,615.23,674,9142.26706231454,8752.0,674,0.17429476976394653,0.29358023405075073,0,0
6,upper_right_leaf,83,617.92,674,9248.925816023739,8848.0,674,0.17194876074790955,0.2887166738510132,0,0
6,upper_right_leaf,84,620.61,674,9477.103857566766,9072.0,674,0.16982416808605194,0.28248727321624756,0,0
6,upper_right_leaf,85,623.3,674,9707.86943620178,9280.0,674,0.1678822934627533,0.2756171226501465,0,0
6,upper_right_leaf,86,626.0,674,9811.20474777448,9320.0,674,0.1668452024459839,0.2720864415168762,0,0
6,upper_right_leaf,87,628.69,674,9833.543026706231,9360.0,674,0.1668429672718048,0.2715246081352234,0,0
6,upper_right_leaf,88,631.39,674,9859.370919881305,9408.0,674,0.16657879948616028,0.2704446315765381,0,0
6,upper_right_leaf,89,634.08,674,9954.94362017804,9472.0,674,0.16464844346046448,0.26692110300064087,0,0
6,upper_right_leaf,90,636.78,674,10018.231454005934,9536.0,674,0.16310687363147736,0.26282674074172974,0,0
6,upper_right_leaf,91,639.48,674,10000.379821958457,9504.0,674,0.15915095806121826,0.2583736181259155,0,0
6,upper_right_leaf,92,642.18,674,9920.284866468843,9392.0,674,0.15554465353488922,0.25474661588668823,0,0
6,upper_right_leaf,93,644.88,674,9882.160237388724,9360.0,674,0.15178672969341278,0.24973145127296448,0,0
6,upper_right_leaf,94,647.58,674,9931.13353115727,9376.0,674,0.1475009024143219,0.24335074424743652,0,0
6,upper_right_leaf,95,650.29,674,10040.949554896142,9456.0,674,0.14474108815193176,0.23809018731117249,0,0
6,upper_right_leaf,96,652.99,674,10087.3353115727,9488.0,674,0.1420040726661682,0.23473067581653595,0,0
6,upper_right_leaf,97,655.69,674,9960.759643916914,9360.0,674,0.14149075746536255,0.23460471630096436,0,0
6,upper_right_leaf,98,658.4,674,9702.718100890208,9088.0,674,0.1384347528219223,0.23447158932685852,0,0
6,upper_right_leaf,99,661.1,674,9547.94065281899,8928.0,674,0.13433891534805298,0.23244720697402954,0,0
6,upper_right_leaf,100,663.81,674,9577.543026706231,8912.0,674,0.1320013701915741,0.22836652398109436,0,0
6,upper_right_leaf,101,666.52,674,9684.320474777449,9024.0,674,0.12872496247291565,0.2216501235961914,0,0
6,upper_right_leaf,102,669.23,674,9837.982195845698,9120.0,674,0.12664484977722168,0.21645468473434448,0,0
6,upper_right_leaf,103,671.94,674,9910.884272997033,9152.0,674,0.12476527690887451,0.21312707662582397,0,0
6,upper_right_leaf,104,674.65,674,9858.421364985163,9120.0,674,0.12408073246479034,0.2127225399017334,0,0
6,upper_right_leaf,105,677.36,674,9797.175074183977,9096.0,674,0.12391813844442368,0.2138257622718811,0,0
6,upper_right_leaf,106,680.07,674,9834.635014836795,9088.0,674,0.12394575029611588,0.21208161115646362,0,0
6,upper_right_leaf,107,682.79,674,10098.967359050444,9360.0,674,0.12515074014663696,0.2110166847705841,0,0
6,upper_right_leaf,108,685.5,674,10526.765578635015,9736.0,674,0.1286432445049286,0.20983245968818665,0,0
6,upper_right_leaf,109,688.22,674,11023.287833827893,10296.0,674,0.13612116873264313,0.21468272805213928,0,0
6,upper_right_leaf,110,690.93,674,11558.148367952523,10864.0,674,0.1479198932647705,0.2237958312034607,0,0
6,upper_right_leaf,111,693.65,674,12123.109792284866,11488.0,674,0.16501347720623016,0.2413560450077057,0,0
6,upper_right_leaf,112,696.37,674,12704.949554896142,12096.0,674,0.18668155372142792,0.2627139687538147,0,0
6,upper_right_leaf,113,699.09,674,13595.94065281899,13064.0,674,0.21381106972694397,0.28934764862060547,0,0
6,upper_right_leaf,114,701.81,674,14848.854599406528,14312.0,674,0.24059510231018066,0.3135504126548767,0,0
6,upper_right_leaf,115,704.53,674,16550.55192878338,15968.0,674,0.2712070941925049,0.33837491273880005,0,0
6,upper_right_leaf,116,707.25,674,18466.6587537092,17736.0,674,0.2983929514884949,0.36062049865722656,0,0
6,upper_right_leaf,117,709.97,674,20365.839762611275,19608.0,674,0.32768911123275757,0.3851991891860962,0,0
6,upper_right_leaf,118,712.7,674,22106.445103857568,21208.0,674,0.356387197971344,0.4101172685623169,0,0
6,upper_right_leaf,119,715.42,674,23405.103857566766,22576.0,674,0.38503608107566833,0.43640488386154175,0,0
6,upper_right_leaf,120,718.15,674,24612.581602373888,23768.0,674,0.41309744119644165,0.4629288613796234,0,0
6,upper_right_leaf,121,720.87,674,25892.60534124629,25200.0,674,0.4420071840286255,0.4895843267440796,0,0
6,upper_right_leaf,122,723.6,674,27365.60237388724,26592.0,674,0.4706776738166809,0.5149236917495728,0,0
6,upper_right_leaf,123,726.33,674,29021.910979228487,28272.0,674,0.4939778447151184,0.5350915193557739,0,0
6,upper_right_leaf,124,729.06,674,30644.53412462908,29904.0,674,0.5175573825836182,0.5558110475540161,0,0
6,upper_right_leaf,125,731.79,674,32081.851632047477,31176.0,674,0.5321173667907715,0.569091796875,0,0
6,upper_right_leaf,126,734.52,674,33115.56083086054,31968.0,674,0.5440384149551392,0.5800524950027466,0,0
6,upper_right_leaf,127,737.25,674,33779.91691394659,32576.0,674,0.556504487991333,0.591414749622345,0,0
6,upper_right_leaf,128,739.98,674,34271.28783382789,33064.0,674,0.566895604133606,0.6012065410614014,0,0
6,upper_right_leaf,129,742.72,674,34561.92284866469,33336.0,674,0.5741711854934692,0.6081739068031311,0,0
6,upper_right_leaf,130,745.45,674,34894.43323442136,33656.0,674,0.5796802043914795,0.613021969795227,0,0
6,upper_right_leaf,131,748.19,674,35060.32047477745,33736.0,674,0.5847567319869995,0.6174633502960205,0,0
6,upper_right_leaf,132,750.93,674,35090.06528189911,33800.0,674,0.5879995822906494,0.6209183931350708,0,0
6,upper_right_leaf,133,753.66,674,35091.086053412466,33800.0,674,0.590229868888855,0.6230407953262329,0,0
6,upper_right_leaf,134,756.4,674,35138.492581602375,33800.0,674,0.5917879343032837,0.6241108179092407,0,0
6,upper_right_leaf,135,759.14,674,35301.744807121664,33960.0,674,0.594021201133728,0.6268585920333862,0,0
6,upper_right_leaf,136,761.88,674,35579.48961424332,34232.0,674,0.5934017896652222,0.6259117126464844,0,0
6,upper_right_leaf,137,764.62,674,35971.60830860534,34704.0,674,0.597684383392334,0.6298373937606812,0,0
6,upper_right_leaf,138,767.36,674,36243.60830860534,34896.0,674,0.5989217758178711,0.630224347114563,0,0
6,upper_right_leaf,139,770.11,674,36185.61424332344,34816.0,674,0.6006816029548645,0.6325601935386658,0,0
6,upper_right_leaf,140,772.85,674,35651.086053412466,34352.0,674,0.6025579571723938,0.6341131925582886,0,0
6,upper_right_leaf,141,775.6,674,34971.46587537092,33680.0,674,0.6027231812477112,0.6346760988235474,0,0
6,upper_right_leaf,142,778.34,674,34239.857566765575,32944.0,674,0.6024010181427002,0.6348989009857178,0,0
6,upper_right_leaf,143,781.09,674,33875.275964391694,32520.0,674,0.6012413501739502,0.6343849897384644,0,0
6,upper_right_leaf,144,783.84,674,33996.22551928784,32704.0,674,0.6012030839920044,0.6352125406265259,0,0
6,upper_right_leaf,145,786.58,674,34580.62908011869,33288.0,674,0.603406548500061,0.6361473798751831,0,0
6,upper_right_leaf,146,789.33,674,35341.032640949554,34064.0,674,0.6046440005302429,0.6364381313323975,0,0
6,upper_right_leaf,147,792.08,674,35961.946587537095,34688.0,674,0.6068319082260132,0.6383609771728516,0,0
6,upper_right_leaf,148,794.84,674,36189.53115727003,34952.0,674,0.6078945398330688,0.6388718485832214,0,0
6,upper_right_leaf,149,797.59,674,35846.95548961424,34624.0,674,0.6080554127693176,0.6392816305160522,0,0
6,upper_right_leaf,150,800.34,674,34910.02967359051,33616.0,674,0.606924295425415,0.6394168138504028,0,0
6,upper_right_leaf,151,803.1,674,33657.13946587537,32456.0,674,0.607093334197998,0.6406386494636536,0,0
6,upper_right_leaf,152,805.85,674,32399.3353115727,31256.0,674,0.6056784391403198,0.6405985355377197,0,0
6,upper_right_leaf,153,808.61,674,31575.715133531157,30504.0,674,0.6074914932250977,0.6435986757278442,0,0
6,upper_right_leaf,154,811.36,674,31234.421364985163,30168.0,674,0.6070817112922668,0.6432594060897827,0,0
6,upper_right_leaf,155,814.12,674,31412.367952522254,30272.0,674,0.605134129524231,0.641119122505188,0,0
6,upper_right_leaf,156,816.88,674,31949.032640949554,30776.0,674,0.6056960821151733,0.6415491700172424,0,0
6,upper_right_leaf,157,819.64,674,32653.578635014837,31520.0,674,0.6075007915496826,0.6417418718338013,0,0
6,upper_right_leaf,158,822.4,674,33176.28486646884,32016.0,674,0.6081848740577698,0.6422351598739624,0,0
6,upper_right_leaf,159,825.16,674,33420.93768545994,32232.0,674,0.6091683506965637,0.642680287361145,0,0
6,upper_right_leaf,160,827.92,674,33232.30860534125,32024.0,674,0.6090235710144043,0.6430503726005554,0,0
6,upper_right_leaf,161,830.69,674,32733.67359050445,31576.0,674,0.6078277826309204,0.6422064900398254,0,0
6,upper_right_leaf,162,833.45,674,32020.581602373888,30952.0,674,0.608894944190979,0.6449408531188965,0,0
6,upper_right_leaf,163,836.22,674,31339.442136498517,30208.0,674,0.6083768606185913,0.644440233707428,0,0
6,upper_right_leaf,164,838.98,674,30917.3412462908,29856.0,674,0.6083393692970276,0.6449272632598877,0,0
6,upper_right_leaf,165,841.75,674,30777.06824925816,29704.0,674,0.6082286834716797,0.6448026895523071,0,0
6,upper_right_leaf,166,844.52,674,30948.74777448071,29880.0,674,0.6098718047142029,0.646373987197876,0,0
6,upper_right_leaf,167,847.29,674,31308.20178041543,30192.0,674,0.6089701652526855,0.6451539397239685,0,0
6,upper_right_leaf,168,850.06,674,31734.836795252224,30608.0,674,0.6097530126571655,0.6453191041946411,0,0
6,upper_right_leaf,169,852.83,674,32060.510385756676,30928.0,674,0.6113921403884888,0.6470547914505005,0,0
6,upper_right_leaf,170,855.6,674,32224.973293768548,31120.0,674,0.6104722023010254,0.6456310153007507,0,0
6,upper_right_leaf,171,858.37,674,32226.61127596439,31032.0,674,0.609580397605896,0.6443879008293152,0,0
6,upper_right_leaf,172,861.14,674,31954.58753709199,30824.0,674,0.6109688878059387,0.6463882327079773,0,0
6,upper_right_leaf,173,863.92,674,31507.418397626112,30352.0,674,0.610029935836792,0.6463000774383545,0,0
6,upper_right_leaf,174,866.69,674,30876.439169139467,29856.0,674,0.6106473207473755,0.6482973098754883,0,0
6,upper_right_leaf,175,869.47,674,30227.489614243324,29224.0,674,0.6121248006820679,0.649218738079071,0,0
6,upper_right_leaf,176,872.25,674,29608.379821958457,28600.0,674,0.6108254194259644,0.6492210626602173,0,0
6,upper_right_leaf,177,875.03,674,29099.06231454006,28072.0,674,0.6089539527893066,0.6481789350509644,0,0
6,upper_right_leaf,178,877.8,674,28690.824925816025,27736.0,674,0.6098476648330688,0.6496158838272095,0,0
6,upper_right_leaf,179,880.58,674,28431.264094955488,27480.0,674,0.6096866130828857,0.6501466035842896,0,0
6,upper_right_leaf,180,883.37,674,28250.089020771513,27272.0,674,0.6092709302902222,0.6496617197990417,0,0
6,upper_right_leaf,181,886.15,674,28167.264094955488,27112.0,674,0.6086392998695374,0.649928092956543,0,0
6,upper_right_leaf,182,888.93,674,28131.46587537092,27168.0,674,0.6105232238769531,0.6506655216217041,0,0
6,upper_right_leaf,183,891.71,674,28051.442136498517,27048.0,674,0.6099322438240051,0.6505173444747925,0,0
6,upper_right_leaf,184,894.5,674,27895.359050445102,26952.0,674,0.610376238822937,0.6519825458526611,0,0
6,upper_right_leaf,185,897.28,674,27624.45103857567,26696.0,674,0.6121557950973511,0.6531091928482056,0,0
6,upper_right_leaf,186,900.07,674,27216.52225519288,26272.0,674,0.6118619441986084,0.6535048484802246,0,0
6,upper_right_leaf,187,902.86,674,26705.61424332344,25792.0,674,0.6102314591407776,0.6529374122619629,0,0
6,upper_right_leaf,188,905.64,674,26044.178041543026,25192.0,674,0.6097155809402466,0.6541731357574463,0,0
6,upper_right_leaf,189,908.43,674,25299.25222551929,24440.0,674,0.6096204519271851,0.6550619602203369,0,0
6,upper_right_leaf,190,911.22,674,24605.72106824926,23760.0,674,0.6087297797203064,0.6558565497398376,0,0
6,upper_right_leaf,191,914.02,674,23982.40949554896,23152.0,674,0.6082461476325989,0.6566692590713501,0,0
6,upper_right_leaf,192,916.81,674,23483.53709198813,22672.0,674,0.6068013906478882,0.6559189558029175,0,0
6,upper_right_leaf,193,919.6,674,23169.851632047477,22384.0,674,0.6070519685745239,0.6564037203788757,0,0
6,upper_right_leaf,194,922.39,674,23017.61424332344,22200.0,674,0.6052759289741516,0.6560207605361938,0,0
6,upper_right_leaf,195,925.19,674,22937.66172106825,22120.0,674,0.6039754152297974,0.6545835733413696,0,0
6,upper_right_leaf,196,927.98,674,22882.183976261127,22112.0,674,0.6040002107620239,0.6548885107040405,0,0
6,upper_right_leaf,197,930.78,674,22763.679525222553,21928.0,674,0.6041802763938904,0.6543934345245361,0,0
6,upper_right_leaf,198,933.58,674,22530.32640949555,21736.0,674,0.6009200811386108,0.6531497240066528,0,0
6,upper_right_leaf,199,936.38,674,22196.890207715132,21448.0,674,0.602324366569519,0.6552516222000122,0,0
6,upper_right_leaf,200,939.18,674,21733.839762611275,20968.0,674,0.6005151867866516,0.6545079350471497,0,0
6,upper_right_leaf,201,941.98,674,21057.234421364985,20336.0,674,0.5983731746673584,0.655013382434845,0,0
6,upper_right_leaf,202,944.78,674,20232.14243323442,19552.0,674,0.5954912900924683,0.6546095013618469,0,0
6,upper_right_leaf,203,947.58,674,19296.356083086055,18656.0,674,0.5924697518348694,0.6539163589477539,0,0
6,upper_right_leaf,204,950.38,674,18391.976261127595,17760.0,674,0.5896227359771729,0.6549952030181885,0,0
6,upper_right_leaf,205,953.19,674,17514.39762611276,16960.0,674,0.5879538059234619,0.6574898958206177,0,0
6,upper_right_leaf,206,955.99,674,16791.311572700295,16232.0,674,0.5838417410850525,0.6560078263282776,0,0
6,upper_right_leaf,207,958.8,674,16207.59643916914,15648.0,674,0.5801031589508057,0.6562881469726562,0,0
6,upper_right_leaf,208,961.6,674,15743.905044510386,15280.0,674,0.5787250995635986,0.6570347547531128,0,0
6,upper_right_leaf,209,964.41,674,15441.780415430267,14960.0,674,0.5763511061668396,0.6592915058135986,0,0
6,upper_right_leaf,210,967.22,674,15157.05637982196,14720.0,674,0.5785248279571533,0.6596740484237671,0,0
6,upper_right_leaf,211,970.03,674,14950.6706231454,14520.0,674,0.5778179168701172,0.6608666181564331,0,0
6,upper_right_leaf,212,972.84,674,14739.53709198813,14288.0,674,0.5765472054481506,0.6619613766670227,0,0
6,upper_right_leaf,213,975.65,674,14498.445103857566,14048.0,674,0.5757720470428467,0.6626277565956116,0,0
6,upper_right_leaf,214,978.46,674,14212.890207715134,13768.0,674,0.5771783590316772,0.6652483940124512,0,0
6,upper_right_leaf,215,981.27,674,13900.13056379822,13512.0,674,0.5787763595581055,0.6694350242614746,0,0
6,upper_right_leaf,216,984.09,674,13517.008902077152,13160.0,674,0.5795494318008423,0.673250138759613,0,0
6,upper_right_leaf,217,986.9,674,13051.157270029673,12696.0,674,0.5801607370376587,0.6775836944580078,0,0
6,upper_right_leaf,218,989.72,674,12622.59940652819,12280.0,674,0.5786731243133545,0.681001603603363,0,0
6,upper_right_leaf,219,992.54,674,12165.080118694363,11872.0,674,0.5836951732635498,0.6880959272384644,0,0
6,upper_right_leaf,220,995.35,674,11733.412462908012,11496.0,674,0.5832290649414062,0.6940717697143555,0,0
6,upper_right_leaf,221,998.17,674,11355.228486646884,11088.0,674,0.5847867727279663,0.6986371278762817,0,0
6,upper_right_leaf,222,1000.99,674,11016.925816023739,10744.0,674,0.583455502986908,0.7024060487747192,0,0
6,upper_right_leaf,223,1003.81,674,10984.80712166172,10672.0,674,0.5823491215705872,0.7019928693771362,0,0
7,lower_right_leaf,0,397.66,621,4878.479871175523,4864.0,621,0.5161290168762207,0.9098837375640869,0,1
7,lower_right_leaf,1,400.28,621,4870.95652173913,4864.0,621,0.5076923370361328,0.9057750701904297,0,0
7,lower_right_leaf,2,402.9,621,4878.608695652174,4864.0,621,0.5070422291755676,0.8999999761581421,0,0
7,lower_right_leaf,3,405.52,621,4894.685990338165,4896.0,621,0.4794520437717438,0.8921282887458801,0,0
7,lower_right_leaf,4,408.13,621,4903.291465378422,4896.0,621,0.46666666865348816,0.8854314088821411,0,0
7,lower_right_leaf,5,410.75,621,4924.650563607085,4912.0,621,0.4556961953639984,0.8786126971244812,0,0
7,lower_right_leaf,6,413.37,621,4945.339774557166,4928.0,621,0.4457831382751465,0.8721590638160706,0,0
7,lower_right_leaf,7,416.0,621,4939.903381642512,4944.0,621,0.4404761791229248,0.8668555021286011,0,0
7,lower_right_leaf,8,418.62,621,4959.201288244766,4960.0,621,0.43023255467414856,0.8603351712226868,0,0
7,lower_right_leaf,9,421.24,621,4998.95652173913,4992.0,621,0.42391303181648254,0.8539944887161255,0,0
7,lower_right_leaf,10,423.86,621,4990.917874396136,4976.0,621,0.4193548262119293,0.8501362204551697,0,0
7,lower_right_leaf,11,426.49,621,5022.557165861514,5008.0,621,0.40594059228897095,0.8413978219032288,0,0
7,lower_right_leaf,12,429.12,621,5021.037037037037,5008.0,621,0.3962264060974121,0.8315789699554443,0,0
7,lower_right_leaf,13,431.74,621,5046.157809983897,5024.0,621,0.3888888955116272,0.8252299427986145,0,0
7,lower_right_leaf,14,434.37,621,5096.553945249598,5088.0,621,0.373913049697876,0.8137755393981934,0,0
7,lower_right_leaf,15,437.0,621,5095.059581320451,5088.0,621,0.3606557250022888,0.797468364238739,0,0
7,lower_right_leaf,16,439.63,621,5129.533011272141,5104.0,621,0.3507462739944458,0.7862407565116882,0,0
7,lower_right_leaf,17,442.26,621,5162.177133655395,5136.0,621,0.3401360511779785,0.7712895274162292,0,0
7,lower_right_leaf,18,444.89,621,5186.988727858293,5168.0,621,0.32679739594459534,0.7553443908691406,0,0
7,lower_right_leaf,19,447.52,621,5243.877616747182,5216.0,621,0.3187499940395355,0.7465437650680542,0,0
7,lower_right_leaf,20,450.16,621,5242.305958132045,5216.0,621,0.3117647171020508,0.7324262857437134,0,0
7,lower_right_leaf,21,452.79,621,5255.162640901772,5232.0,621,0.3068181872367859,0.7260869741439819,0,0
7,lower_right_leaf,22,455.43,621,5282.112721417069,5264.0,621,0.30434781312942505,0.72052401304245,0,0
7,lower_right_leaf,23,458.06,621,5284.070853462158,5264.0,621,0.2953367829322815,0.7105831503868103,0,0
7,lower_right_leaf,24,460.7,621,5287.3687600644125,5264.0,621,0.2978723347187042,0.7124183177947998,0,0
7,lower_right_leaf,25,463.34,621,5284.019323671498,5248.0,621,0.29230770468711853,0.7043478488922119,0,0
7,lower_right_leaf,26,465.98,621,5344.103059581321,5296.0,621,0.2836538553237915,0.6910229921340942,0,0
7,lower_right_leaf,27,468.62,621,5374.685990338165,5344.0,621,0.2830188572406769,0.6893004179000854,0,0
7,lower_right_leaf,28,471.26,621,5357.294685990338,5312.0,621,0.27751195430755615,0.6830266118049622,0,0
7,lower_right_leaf,29,473.9,621,5395.555555555556,5360.0,621,0.2669491469860077,0.6626746654510498,0,0
7,lower_right_leaf,30,476.54,621,5443.400966183575,5408.0,621,0.2610441744327545,0.6486486196517944,0,0
7,lower_right_leaf,31,479.18,621,5491.632850241546,5408.0,621,0.2589641511440277,0.6420454382896423,0,0
7,lower_right_leaf,32,481.83,621,5515.33655394525,5472.0,621,0.25,0.6231883764266968,0,0
7,lower_right_leaf,33,484.47,621,5601.030595813205,5536.0,621,0.24161073565483093,0.6017241477966309,0,0
7,lower_right_leaf,34,487.12,621,5617.365539452496,5552.0,621,0.23824451863765717,0.5906040072441101,0,0
7,lower_right_leaf,35,489.77,621,5681.958132045089,5632.0,621,0.23439878225326538,0.5803195834159851,0,0
7,lower_right_leaf,36,492.42,621,5734.595813204509,5664.0,621,0.22865013778209686,0.5601266026496887,0,0
7,lower_right_leaf,37,495.07,621,5821.371980676328,5744.0,621,0.2260638326406479,0.5501520037651062,0,0
7,lower_right_leaf,38,497.72,621,5862.028985507246,5776.0,621,0.22531644999980927,0.5424242615699768,0,0
7,lower_right_leaf,39,500.37,621,5906.911433172303,5824.0,621,0.22358722984790802,0.530259370803833,0,0
7,lower_right_leaf,40,503.02,621,5971.529790660225,5888.0,621,0.22248244285583496,0.5266955494880676,0,0
7,lower_right_leaf,41,505.67,621,5969.932367149759,5888.0,621,0.2240963876247406,0.5257879495620728,0,0
7,lower_right_leaf,42,508.32,621,6058.795491143317,5968.0,621,0.22587719559669495,0.5205091834068298,0,0
7,lower_right_leaf,43,510.98,621,6151.4718196457325,6048.0,621,0.22573839128017426,0.5102599263191223,0,0
7,lower_right_leaf,44,513.63,621,6192.541062801933,6096.0,621,0.2306034415960312,0.5121293663978577,0,0
7,lower_right_leaf,45,516.29,621,6216.888888888889,6128.0,621,0.23553718626499176,0.5161725282669067,0,0
7,lower_right_leaf,46,518.95,621,6320.541062801933,6208.0,621,0.23917526006698608,0.5090909004211426,0,0
7,lower_right_leaf,47,521.61,621,6540.315619967794,6432.0,621,0.24624060094356537,0.5022026300430298,0,0
7,lower_right_leaf,48,524.27,621,6623.97423510467,6528.0,621,0.25139665603637695,0.5024449825286865,0,0
7,lower_right_leaf,49,526.93,621,6694.2093397745575,6592.0,621,0.25878003239631653,0.5067484378814697,0,0
7,lower_right_leaf,50,529.59,621,6915.297906602254,6800.0,621,0.26198631525039673,0.4962492883205414,0,0
7,lower_right_leaf,51,532.25,621,7242.589371980676,7120.0,621,0.2621951103210449,0.48030221462249756,0,0
7,lower_right_leaf,52,534.91,621,7447.858293075685,7312.0,621,0.26338639855384827,0.4706488251686096,0,0
7,lower_right_leaf,53,537.57,621,7495.729468599034,7344.0,621,0.26601672172546387,0.46858909726142883,0,0
7,lower_right_leaf,54,540.24,621,7623.033816425121,7504.0,621,0.26703372597694397,0.464445561170578,0,0
7,lower_right_leaf,55,542.91,621,7879.1368760064415,7760.0,621,0.26674938201904297,0.4526219069957733,0,0
7,lower_right_leaf,56,545.57,621,8109.140096618357,7968.0,621,0.26588234305381775,0.4454422891139984,0,0
7,lower_right_leaf,57,548.24,621,8171.723027375201,8032.0,621,0.2658959627151489,0.44109830260276794,0,0
7,lower_right_leaf,58,550.91,621,8279.368760064412,8144.0,621,0.2663707137107849,0.4373897612094879,0,0
7,lower_right_leaf,59,553.58,621,8507.207729468599,8336.0,621,0.26401257514953613,0.42927631735801697,0,0
7,lower_right_leaf,60,556.25,621,8702.531400966183,8544.0,621,0.2634791433811188,0.4215531051158905,0,0
7,lower_right_leaf,61,558.92,621,8712.94041867955,8544.0,621,0.2608267664909363,0.4171924293041229,0,0
7,lower_right_leaf,62,561.59,621,8719.92270531401,8528.0,621,0.2564356327056885,0.41299304366111755,0,0
7,lower_right_leaf,63,564.26,621,8788.43156199678,8608.0,621,0.25120308995246887,0.40566742420196533,0,0
7,lower_right_leaf,64,566.94,621,8813.96457326892,8624.0,621,0.24630996584892273,0.3980938494205475,0,0
7,lower_right_leaf,65,569.61,621,8723.581320450885,8528.0,621,0.24056604504585266,0.3928571343421936,0,0
7,lower_right_leaf,66,572.29,621,8631.368760064412,8464.0,621,0.2343096286058426,0.38963964581489563,0,0
7,lower_right_leaf,67,574.96,621,8628.508856682769,8432.0,621,0.22922374308109283,0.3816849887371063,0,0
7,lower_right_leaf,68,577.64,621,8732.908212560387,8512.0,621,0.2246313989162445,0.37037035822868347,0,0
7,lower_right_leaf,69,580.32,621,8761.842190016103,8528.0,621,0.22005097568035126,0.3653714954853058,0,0
7,lower_right_leaf,70,583.0,621,8587.56843800322,8368.0,621,0.2170138955116272,0.3649737238883972,0,0
7,lower_right_leaf,71,585.68,621,8447.819645732689,8224.0,621,0.2141270488500595,0.3668091297149658,0,0
7,lower_right_leaf,72,588.36,621,8513.339774557166,8288.0,621,0.21007685363292694,0.359806627035141,0,0
7,lower_right_leaf,73,591.04,621,8784.386473429951,8544.0,621,0.20756234228610992,0.349114328622818,0,0
7,lower_right_leaf,74,593.73,621,8967.265700483093,8704.0,621,0.20475460588932037,0.3397294878959656,0,0
7,lower_right_leaf,75,596.41,621,8958.119162640902,8672.0,621,0.20308387279510498,0.3366459608078003,0,0
7,lower_right_leaf,76,599.1,621,8896.592592592593,8640.0,621,0.201609805226326,0.3381339907646179,0,0
7,lower_right_leaf,77,601.78,621,8958.299516908213,8672.0,621,0.19919148087501526,0.33270910382270813,0,0
7,lower_right_leaf,78,604.47,621,9229.062801932367,8896.0,621,0.1977793127298355,0.3248670995235443,0,0
7,lower_right_leaf,79,607.16,621,9537.777777777777,9216.0,621,0.1947469562292099,0.3162740170955658,0,0
7,lower_right_leaf,80,609.85,621,9631.407407407407,9312.0,621,0.1909547746181488,0.30963921546936035,0,0
7,lower_right_leaf,81,612.53,621,9545.945249597424,9184.0,621,0.18801261484622955,0.30620986223220825,0,0
7,lower_right_leaf,82,615.23,621,9431.780998389693,9056.0,621,0.18546365201473236,0.30283913016319275,0,0
7,lower_right_leaf,83,617.92,621,9564.908212560387,9200.0,621,0.18278931081295013,0.29819121956825256,0,0
7,lower_right_leaf,84,620.61,621,9810.42190016103,9392.0,621,0.1794944554567337,0.2892988920211792,0,0
7,lower_right_leaf,85,623.3,621,10032.10305958132,9584.0,621,0.17748917639255524,0.2829291522502899,0,0
7,lower_right_leaf,86,626.0,621,10122.383252818036,9680.0,621,0.17653390765190125,0.2803952991962433,0,0
7,lower_right_leaf,87,628.69,621,10133.539452495974,9664.0,621,0.17560462653636932,0.2785451114177704,0,0
7,lower_right_leaf,88,631.39,621,10177.056360708535,9696.0,621,0.1738453507423401,0.2769300937652588,0,0
7,lower_right_leaf,89,634.08,621,10278.209339774558,9760.0,621,0.17277750372886658,0.2729705572128296,0,0
7,lower_right_leaf,90,636.78,621,10358.080515297906,9856.0,621,0.1705387979745865,0.2690366506576538,0,0
7,lower_right_leaf,91,639.48,621,10334.144927536232,9808.0,621,0.16784927248954773,0.26528409123420715,0,0
7,lower_right_leaf,92,642.18,621,10264.399355877616,9744.0,621,0.16404548287391663,0.26127859950065613,0,0
7,lower_right_leaf,93,644.88,621,10237.062801932367,9712.0,621,0.16015073657035828,0.255869060754776,0,0
7,lower_right_leaf,94,647.58,621,10310.106280193237,9744.0,621,0.15594175457954407,0.25010234117507935,0,0
7,lower_right_leaf,95,650.29,621,10425.09500805153,9856.0,621,0.15353353321552277,0.24484944343566895,0,0
7,lower_right_leaf,96,652.99,621,10448.592592592593,9872.0,621,0.15254613757133484,0.24279999732971191,0,0
7,lower_right_leaf,97,655.69,621,10269.835748792271,9680.0,621,0.15018148720264435,0.2418808490037918,0,0
7,lower_right_leaf,98,658.4,621,10019.890499194848,9472.0,621,0.1477377712726593,0.2426966279745102,0,0
7,lower_right_leaf,99,661.1,621,9834.640901771336,9280.0,621,0.14499531686306,0.24062368273735046,0,0
7,lower_right_leaf,100,663.81,621,9885.423510466988,9344.0,621,0.14215025305747986,0.2362937480211258,0,0
7,lower_right_leaf,101,666.52,621,10014.016103059581,9456.0,621,0.13851132988929749,0.22925511002540588,0,0
7,lower_right_leaf,102,669.23,621,10177.777777777777,9584.0,621,0.13638253509998322,0.2240927815437317,0,0
7,lower_right_leaf,103,671.94,621,10225.082125603865,9648.0,621,0.13517914712429047,0.22226297855377197,0,0
7,lower_right_leaf,104,674.65,621,10137.481481481482,9568.0,621,0.13409648835659027,0.22180521488189697,0,0
7,lower_right_leaf,105,677.36,621,10083.529790660225,9488.0,621,0.13436584174633026,0.2225126028060913,0,0
7,lower_right_leaf,106,680.07,621,10173.68115942029,9616.0,621,0.13533835113048553,0.2224690020084381,0,0
7,lower_right_leaf,107,682.79,621,10465.752012882447,9888.0,621,0.13570019602775574,0.21929512917995453,0,0
7,lower_right_leaf,108,685.5,621,10937.35265700483,10304.0,621,0.13894104957580566,0.21880804002285004,0,0
7,lower_right_leaf,109,688.22,621,11444.483091787439,10768.0,621,0.14507772028446198,0.2221125364303589,0,0
7,lower_right_leaf,110,690.93,621,11928.837359098228,11264.0,621,0.1557554006576538,0.2303818017244339,0,0
7,lower_right_leaf,111,693.65,621,12460.959742351046,11792.0,621,0.1720588207244873,0.24751976132392883,0,0
7,lower_right_leaf,112,696.37,621,13024.128824476651,12416.0,621,0.19359815120697021,0.2693310081958771,0,0
7,lower_right_leaf,113,699.09,621,14023.806763285023,13504.0,621,0.2218330353498459,0.29715898633003235,0,0
7,lower_right_leaf,114,701.81,621,15439.381642512077,14912.0,621,0.2541818916797638,0.3248251676559448,0,0
7,lower_right_leaf,115,704.53,621,17404.959742351046,16912.0,621,0.28928571939468384,0.3540797531604767,0,0
7,lower_right_leaf,116,707.25,621,19652.76650563607,19136.0,621,0.3243618607521057,0.3828100264072418,0,0
7,lower_right_leaf,117,709.97,621,21879.549114331723,21280.0,621,0.35916441679000854,0.41251957416534424,0,0
7,lower_right_leaf,118,712.7,621,23913.42995169082,23232.0,621,0.39424508810043335,0.44434094429016113,0,0
7,lower_right_leaf,119,715.42,621,25598.170692431562,24896.0,621,0.4299795925617218,0.4777328073978424,0,0
7,lower_right_leaf,120,718.15,621,27182.196457326892,26384.0,621,0.46528130769729614,0.5109149813652039,0,0
7,lower_right_leaf,121,720.87,621,28949.590982286634,28064.0,621,0.5025243759155273,0.5441085696220398,0,0
7,lower_right_leaf,122,723.6,621,30993.339774557167,30080.0,621,0.5355954766273499,0.5747020840644836,0,0
7,lower_right_leaf,123,726.33,621,33235.117552334945,32224.0,621,0.5673107504844666,0.6014150977134705,0,0
7,lower_right_leaf,124,729.06,621,35427.066022544284,34336.0,621,0.5944390892982483,0.6273127794265747,0,0
7,lower_right_leaf,125,731.79,621,37286.698872785826,36208.0,621,0.620753824710846,0.6500644087791443,0,0
7,lower_right_leaf,126,734.52,621,38656.15458937198,37456.0,621,0.641871988773346,0.6701388955116272,0,0
7,lower_right_leaf,127,737.25,621,39564.80515297907,38320.0,621,0.6588857769966125,0.6854500770568848,0,0
7,lower_right_leaf,128,739.98,621,40213.719806763285,39040.0,621,0.6745635867118835,0.7004147171974182,0,0
7,lower_right_leaf,129,742.72,621,40707.504025764894,39440.0,621,0.6863237023353577,0.710867702960968,0,0
7,lower_right_leaf,130,745.45,621,41149.913043478264,39808.0,621,0.6958972811698914,0.7197691202163696,0,0
7,lower_right_leaf,131,748.19,621,41456.64412238325,40160.0,621,0.7045813798904419,0.7282359600067139,0,0
7,lower_right_leaf,132,750.93,621,41566.19645732689,40176.0,621,0.7093828916549683,0.731993556022644,0,0
7,lower_right_leaf,133,753.66,621,41672.038647343,40320.0,621,0.7130298018455505,0.7361727356910706,0,0
7,lower_right_leaf,134,756.4,621,41834.9500805153,40528.0,621,0.7174156308174133,0.7402767539024353,0,0
7,lower_right_leaf,135,759.14,621,42156.006441223835,40848.0,621,0.7206606268882751,0.7425727844238281,0,0
7,lower_right_leaf,136,761.88,621,42566.87922705314,41200.0,621,0.7217280864715576,0.7440648674964905,0,0
7,lower_right_leaf,137,764.62,621,43049.55877616747,41680.0,621,0.7241920232772827,0.745586097240448,0,0
7,lower_right_leaf,138,767.36,621,43257.17230273752,41888.0,621,0.7264838218688965,0.7478931546211243,0,0
7,lower_right_leaf,139,770.11,621,43089.339774557164,41680.0,621,0.7273588180541992,0.7491289377212524,0,0
7,lower_right_leaf,140,772.85,621,42425.3268921095,41088.0,621,0.7287487983703613,0.7505854964256287,0,0
7,lower_right_leaf,141,775.6,621,41552.515297906604,40240.0,621,0.7283611297607422,0.7508532404899597,0,0
7,lower_right_leaf,142,778.34,621,40685.24315619968,39312.0,621,0.7295432090759277,0.7516881227493286,0,0
7,lower_right_leaf,143,781.09,621,40315.38808373591,39040.0,621,0.7285014390945435,0.7512769103050232,0,0
7,lower_right_leaf,144,783.84,621,40585.17230273752,39344.0,621,0.7306910753250122,0.7529521584510803,0,0
7,lower_right_leaf,145,786.58,621,41373.320450885665,40112.0,621,0.731424868106842,0.7535573840141296,0,0
7,lower_right_leaf,146,789.33,621,42310.647342995166,40928.0,621,0.7328724265098572,0.7533372044563293,0,0
7,lower_right_leaf,147,792.08,621,43036.57326892109,41648.0,621,0.7343602776527405,0.7548592686653137,0,0
7,lower_right_leaf,148,794.84,621,43227.80032206119,41888.0,621,0.7350612878799438,0.7556191682815552,0,0
7,lower_right_leaf,149,797.59,621,42707.890499194844,41296.0,621,0.7358520030975342,0.7565422058105469,0,0
7,lower_right_leaf,150,800.34,621,41510.003220611914,40144.0,621,0.7362709641456604,0.7577770948410034,0,0
7,lower_right_leaf,151,803.1,621,39932.2383252818,38656.0,621,0.7360028028488159,0.7585443258285522,0,0
7,lower_right_leaf,152,805.85,621,38406.72463768116,37216.0,621,0.7352415323257446,0.7587875127792358,0,0
7,lower_right_leaf,153,808.61,621,37465.739130434784,36256.0,621,0.7332366704940796,0.7573359608650208,0,0
7,lower_right_leaf,154,811.36,621,37135.51046698873,35920.0,621,0.7340205907821655,0.7582119703292847,0,0
7,lower_right_leaf,155,814.12,621,37468.52173913043,36240.0,621,0.7353262901306152,0.7588932514190674,0,0
7,lower_right_leaf,156,816.88,621,38222.6344605475,37024.0,621,0.7354651093482971,0.7595717310905457,0,0
7,lower_right_leaf,157,819.64,621,39066.07407407407,37872.0,621,0.738178014755249,0.7610647678375244,0,0
7,lower_right_leaf,158,822.4,621,39666.96296296296,38368.0,621,0.737463116645813,0.7599490880966187,0,0
7,lower_right_leaf,159,825.16,621,39911.80676328502,38656.0,621,0.7398884296417236,0.762252151966095,0,0
7,lower_right_leaf,160,827.92,621,39616.92753623189,38384.0,621,0.7406014800071716,0.7625534534454346,0,0
7,lower_right_leaf,161,830.69,621,38900.5346215781,37584.0,621,0.7398743033409119,0.7627444863319397,0,0
7,lower_right_leaf,162,833.45,621,38005.719806763285,36768.0,621,0.7390907406806946,0.7625851631164551,0,0
7,lower_right_leaf,163,836.22,621,37209.09500805153,35984.0,621,0.7391060590744019,0.7627657651901245,0,0
7,lower_right_leaf,164,838.98,621,36722.52495974235,35552.0,621,0.7390809059143066,0.763283371925354,0,0
7,lower_right_leaf,165,841.75,621,36643.066022544284,35456.0,621,0.7384378910064697,0.7629474997520447,0,0
7,lower_right_leaf,166,844.52,621,36914.1384863124,35696.0,621,0.7384268045425415,0.76295405626297,0,0
7,lower_right_leaf,167,847.29,621,37405.88727858293,36176.0,621,0.7413533926010132,0.7652807831764221,0,0
7,lower_right_leaf,168,850.06,621,37940.61191626409,36720.0,621,0.7417805790901184,0.7649999856948853,0,0
7,lower_right_leaf,169,852.83,621,38352.0,37088.0,621,0.7430340647697449,0.7660925984382629,0,0
7,lower_right_leaf,170,855.6,621,38529.23671497584,37312.0,621,0.7439224720001221,0.7663179039955139,0,0
7,lower_right_leaf,171,858.37,621,38476.933977455716,37264.0,621,0.744194507598877,0.766705334186554,0,0
7,lower_right_leaf,172,861.14,621,38111.79388083736,36880.0,621,0.7448477149009705,0.7678008079528809,0,0
7,lower_right_leaf,173,863.92,621,37527.239935587764,36288.0,621,0.7439939975738525,0.7675401568412781,0,0
7,lower_right_leaf,174,866.69,621,36740.97262479871,35552.0,621,0.743177592754364,0.7672739624977112,0,0
7,lower_right_leaf,175,869.47,621,35945.301127214174,34768.0,621,0.7440313100814819,0.7686593532562256,0,0
7,lower_right_leaf,176,872.25,621,35211.41384863124,34016.0,621,0.7435238361358643,0.7687272429466248,0,0
7,lower_right_leaf,177,875.03,621,34617.04347826087,33472.0,621,0.7433916330337524,0.7687797546386719,0,0
7,lower_right_leaf,178,877.8,621,34140.392914653785,33056.0,621,0.743963360786438,0.7696629166603088,0,0
7,lower_right_leaf,179,880.58,621,33872.0,32800.0,621,0.7428691387176514,0.7690288424491882,0,0
7,lower_right_leaf,180,883.37,621,33687.98711755234,32640.0,621,0.7442343831062317,0.770370364189148,0,0
7,lower_right_leaf,181,886.15,621,33586.3961352657,32544.0,621,0.7440978288650513,0.77016282081604,0,0
7,lower_right_leaf,182,888.93,621,33581.24315619968,32528.0,621,0.7451963424682617,0.7716834545135498,0,0
7,lower_right_leaf,183,891.71,621,33479.961352657,32352.0,621,0.7436884641647339,0.7704672813415527,0,0
7,lower_right_leaf,184,894.5,621,33292.933977455716,32208.0,621,0.7459505796432495,0.7721280455589294,0,0
7,lower_right_leaf,185,897.28,621,32945.3655394525,31904.0,621,0.7466551661491394,0.7725687623023987,0,0
7,lower_right_leaf,186,900.07,621,32437.977455716587,31424.0,621,0.7460004091262817,0.7734127044677734,0,0
7,lower_right_leaf,187,902.86,621,31750.57004830918,30736.0,621,0.7464660406112671,0.7742328643798828,0,0
7,lower_right_leaf,188,905.64,621,30910.866344605474,29920.0,621,0.7448180317878723,0.7739542722702026,0,0
7,lower_right_leaf,189,908.43,621,30031.665056360707,29104.0,621,0.7432301640510559,0.7729799151420593,0,0
7,lower_right_leaf,190,911.22,621,29184.850241545893,28272.0,621,0.7428146600723267,0.7734323740005493,0,0
7,lower_right_leaf,191,914.02,621,28451.297906602253,27568.0,621,0.7421131730079651,0.7735052108764648,0,0
7,lower_right_leaf,192,916.81,621,27847.446054750402,26960.0,621,0.741532027721405,0.7734013199806213,0,0
7,lower_right_leaf,193,919.6,621,27501.165861513688,26608.0,621,0.7402840852737427,0.7730545997619629,0,0
7,lower_right_leaf,194,922.39,621,27310.685990338163,26480.0,621,0.740841269493103,0.7737503051757812,0,0
7,lower_right_leaf,195,925.19,621,27251.916264090178,26400.0,621,0.739107072353363,0.7726092338562012,0,0
7,lower_right_leaf,196,927.98,621,27195.85185185185,26400.0,621,0.7408611178398132,0.7740576267242432,0,0
7,lower_right_leaf,197,930.78,621,27057.93236714976,26208.0,621,0.73758864402771,0.7711418867111206,0,0
7,lower_right_leaf,198,933.58,621,26780.135265700483,25936.0,621,0.7372105717658997,0.7711418867111206,0,0
7,lower_right_leaf,199,936.38,621,26355.632850241545,25536.0,621,0.7353932857513428,0.7699283957481384,0,0
7,lower_right_leaf,200,939.18,621,25743.098228663446,24992.0,621,0.7330496311187744,0.7685139775276184,0,0
7,lower_right_leaf,201,941.98,621,24863.40740740741,24096.0,621,0.7300936579704285,0.7674897313117981,0,0
7,lower_right_leaf,202,944.78,621,23843.040257648954,23072.0,621,0.7278324961662292,0.7670156955718994,0,0
7,lower_right_leaf,203,947.58,621,22707.452495974234,22064.0,621,0.7263088226318359,0.7676767706871033,0,0
7,lower_right_leaf,204,950.38,621,21531.28502415459,20912.0,621,0.7208480834960938,0.764774739742279,0,0
7,lower_right_leaf,205,953.19,621,20489.584541062803,19904.0,621,0.716911792755127,0.7641216516494751,0,0
7,lower_right_leaf,206,955.99,621,19605.359098228662,19056.0,621,0.7123076915740967,0.7626903653144836,0,0
7,lower_right_leaf,207,958.8,621,18899.813204508857,18336.0,621,0.7074939608573914,0.7601042985916138,0,0
7,lower_right_leaf,208,961.6,621,18356.45732689211,17840.0,621,0.7057837247848511,0.7600545287132263,0,0
7,lower_right_leaf,209,964.41,621,17973.513687600644,17504.0,621,0.7052677273750305,0.7615732550621033,0,0
7,lower_right_leaf,210,967.22,621,17642.563607085347,17120.0,621,0.7021276354789734,0.7593772411346436,0,0
7,lower_right_leaf,211,970.03,621,17409.855072463768,16912.0,621,0.7051397562026978,0.7620764374732971,0,0
7,lower_right_leaf,212,972.84,621,17160.70853462158,16656.0,621,0.7028985619544983,0.7618699669837952,0,0
7,lower_right_leaf,213,975.65,621,16845.52657004831,16416.0,621,0.7022684216499329,0.7622222304344177,0,0
7,lower_right_leaf,214,978.46,621,16506.409017713366,16112.0,621,0.7032442688941956,0.7649282217025757,0,0
7,lower_right_leaf,215,981.27,621,16082.03542673108,15616.0,621,0.7020000219345093,0.7649556398391724,0,0
7,lower_right_leaf,216,984.09,621,15599.355877616747,15168.0,621,0.7021052837371826,0.7678643465042114,0,0
7,lower_right_leaf,217,986.9,621,15029.719806763285,14640.0,621,0.7018498182296753,0.7705479264259338,0,0
7,lower_right_leaf,218,989.72,621,14467.555555555555,14112.0,621,0.7052631378173828,0.7754010558128357,0,0
7,lower_right_leaf,219,992.54,621,13914.434782608696,13568.0,621,0.7066748142242432,0.7798165082931519,0,0
7,lower_right_leaf,220,995.35,621,13393.932367149759,13104.0,621,0.7093023061752319,0.7851002812385559,0,0
7,lower_right_leaf,221,998.17,621,12922.769726247987,12592.0,621,0.7087045907974243,0.7884231805801392,0,0
7,lower_right_leaf,222,1000.99,621,12531.040257648954,12208.0,621,0.710564374923706,0.7918834686279297,0,0
7,lower_right_leaf,223,1003.81,621,12482.447665056361,12176.0,621,0.7110481858253479,0.7931747436523438,0,0
8,upper_green_leaf,0,397.66,375,5047.68,5040.0,375,0.6029411554336548,0.9202279448509216,0,0
8,upper_green_leaf,1,400.28,375,5015.210666666667,5008.0,375,0.5972222089767456,0.9176470637321472,0,0
8,upper_green_leaf,2,402.9,375,5013.973333333333,5024.0,375,0.5753424763679504,0.9098712205886841,0,0
8,upper_green_leaf,3,405.52,375,5049.002666666666,5056.0,375,0.5657894611358643,0.9046242833137512,0,0
8,upper_green_leaf,4,408.13,375,5065.898666666667,5056.0,375,0.550000011920929,0.8968481421470642,0,0
8,upper_green_leaf,5,410.75,375,5062.058666666667,5056.0,375,0.5357142686843872,0.8891966938972473,0,0
8,upper_green_leaf,6,413.37,375,5088.170666666667,5088.0,375,0.5227272510528564,0.8821917772293091,0,0
8,upper_green_leaf,7,416.0,375,5107.114666666666,5104.0,375,0.510869562625885,0.8767507076263428,0,0
8,upper_green_leaf,8,418.62,375,5105.493333333333,5104.0,375,0.5,0.8695651888847351,0,0
8,upper_green_leaf,9,421.24,375,5124.224,5136.0,375,0.49494948983192444,0.8643617033958435,0,0
8,upper_green_leaf,10,423.86,375,5143.850666666666,5136.0,375,0.4901960790157318,0.8613333106040955,0,0
8,upper_green_leaf,11,426.49,375,5181.653333333334,5152.0,375,0.4761904776096344,0.8529411554336548,0,0
8,upper_green_leaf,12,429.12,375,5195.178666666667,5184.0,375,0.45945945382118225,0.843589723110199,0,0
8,upper_green_leaf,13,431.74,375,5190.613333333334,5184.0,375,0.45614033937454224,0.8372092843055725,0,0
8,upper_green_leaf,14,434.37,375,5198.421333333334,5200.0,375,0.4390243887901306,0.8229166865348816,0,0
8,upper_green_leaf,15,437.0,375,5213.653333333334,5216.0,375,0.41791045665740967,0.8064516186714172,0,0
8,upper_green_leaf,16,439.63,375,5284.096,5280.0,375,0.40425533056259155,0.7966507077217102,0,0
8,upper_green_leaf,17,442.26,375,5340.416,5328.0,375,0.3935483992099762,0.7814726829528809,0,0
8,upper_green_leaf,18,444.89,375,5352.789333333333,5344.0,375,0.379518061876297,0.7653758525848389,0,0
8,upper_green_leaf,19,447.52,375,5391.658666666666,5376.0,375,0.36781609058380127,0.7544642686843872,0,0
8,upper_green_leaf,20,450.16,375,5420.672,5408.0,375,0.3586956560611725,0.7407407164573669,0,0
8,upper_green_leaf,21,452.79,375,5413.845333333334,5408.0,375,0.35449734330177307,0.7340659499168396,0,0
8,upper_green_leaf,22,455.43,375,5444.821333333333,5440.0,375,0.34871795773506165,0.726881742477417,0,0
8,upper_green_leaf,23,458.06,375,5480.234666666666,5472.0,375,0.3448275923728943,0.7200000286102295,0,0
8,upper_green_leaf,24,460.7,375,5463.722666666667,5456.0,375,0.3448275923728943,0.7200854420661926,0,0
8,upper_green_leaf,25,463.34,375,5473.2373333333335,5472.0,375,0.339712917804718,0.7134020328521729,0,0
8,upper_green_leaf,26,465.98,375,5510.4,5488.0,375,0.3288288414478302,0.6986986994743347,0,0
8,upper_green_leaf,27,468.62,375,5555.498666666666,5536.0,375,0.3273542523384094,0.6975806355476379,0,0
8,upper_green_leaf,28,471.26,375,5568.0,5552.0,375,0.3231441080570221,0.6916996240615845,0,0
8,upper_green_leaf,29,473.9,375,5625.301333333334,5616.0,375,0.3132530152797699,0.6723809242248535,0,0
8,upper_green_leaf,30,476.54,375,5636.224,5616.0,375,0.3041824996471405,0.6578947305679321,0,0
8,upper_green_leaf,31,479.18,375,5690.88,5680.0,375,0.29739776253700256,0.6520947217941284,0,0
8,upper_green_leaf,32,481.83,375,5724.074666666666,5712.0,375,0.2881355881690979,0.6302816867828369,0,0
8,upper_green_leaf,33,484.47,375,5803.946666666667,5792.0,375,0.28129830956459045,0.6097972989082336,0,0
8,upper_green_leaf,34,487.12,375,5830.229333333334,5808.0,375,0.27627629041671753,0.6009933948516846,0,0
8,upper_green_leaf,35,489.77,375,5870.805333333334,5856.0,375,0.2706552743911743,0.5883306264877319,0,0
8,upper_green_leaf,36,492.42,375,5968.170666666667,5952.0,375,0.2610965967178345,0.5679389238357544,0,0
8,upper_green_leaf,37,495.07,375,6038.613333333334,6016.0,375,0.25935161113739014,0.5580357313156128,0,0
8,upper_green_leaf,38,497.72,375,6073.685333333333,6048.0,375,0.2545017898082733,0.5485047698020935,0,0
8,upper_green_leaf,39,500.37,375,6158.208,6128.0,375,0.25227272510528564,0.5383542776107788,0,0
8,upper_green_leaf,40,503.02,375,6219.904,6192.0,375,0.25221237540245056,0.534246563911438,0,0
8,upper_green_leaf,41,505.67,375,6228.010666666667,6192.0,375,0.25330397486686707,0.5329670310020447,0,0
8,upper_green_leaf,42,508.32,375,6291.669333333333,6256.0,375,0.25265392661094666,0.5248321890830994,0,0
8,upper_green_leaf,43,510.98,375,6397.44,6352.0,375,0.25250500440597534,0.5162549018859863,0,0
8,upper_green_leaf,44,513.63,375,6440.405333333333,6384.0,375,0.25600001215934753,0.5178455710411072,0,0
8,upper_green_leaf,45,516.29,375,6466.474666666667,6400.0,375,0.26008063554763794,0.5208333134651184,0,0
8,upper_green_leaf,46,518.95,375,6603.093333333333,6544.0,375,0.2622641623020172,0.5124069452285767,0,0
8,upper_green_leaf,47,521.61,375,6796.672,6736.0,375,0.2651245594024658,0.5054282546043396,0,0
8,upper_green_leaf,48,524.27,375,6861.696,6800.0,375,0.270944744348526,0.5086567401885986,0,0
8,upper_green_leaf,49,526.93,375,6930.944,6848.0,375,0.2768959403038025,0.5095465183258057,0,0
8,upper_green_leaf,50,529.59,375,7218.133333333333,7120.0,375,0.2788461446762085,0.4988763928413391,0,0
8,upper_green_leaf,51,532.25,375,7540.736,7440.0,375,0.2774146795272827,0.48094746470451355,0,0
8,upper_green_leaf,52,534.91,375,7731.242666666667,7632.0,375,0.2806539535522461,0.4754754900932312,0,0
8,upper_green_leaf,53,537.57,375,7810.3893333333335,7712.0,375,0.28184282779693604,0.47472745180130005,0,0
8,upper_green_leaf,54,540.24,375,7967.744,7856.0,375,0.2814910113811493,0.46720919013023376,0,0
8,upper_green_leaf,55,542.91,375,8247.808,8128.0,375,0.27909737825393677,0.455031156539917,0,0
8,upper_green_leaf,56,545.57,375,8445.568,8320.0,375,0.27975183725357056,0.4481865167617798,0,0
8,upper_green_leaf,57,548.24,375,8525.824,8400.0,375,0.2792494595050812,0.446153849363327,0,0
8,upper_green_leaf,58,550.91,375,8633.856,8512.0,375,0.27872341871261597,0.4407622218132019,0,0
8,upper_green_leaf,59,553.58,375,8878.037333333334,8720.0,375,0.27555111050605774,0.4302005469799042,0,0
8,upper_green_leaf,60,556.25,375,9065.685333333333,8912.0,375,0.27385497093200684,0.4231354594230652,0,0
8,upper_green_leaf,61,558.92,375,9133.269333333334,8960.0,375,0.27047261595726013,0.41963282227516174,0,0
8,upper_green_leaf,62,561.59,375,9160.832,8992.0,375,0.2668513357639313,0.41549816727638245,0,0
8,upper_green_leaf,63,564.26,375,9202.090666666667,9024.0,375,0.26251691579818726,0.4068891406059265,0,0
8,upper_green_leaf,64,566.94,375,9214.506666666666,9056.0,375,0.25661376118659973,0.3991507291793823,0,0
8,upper_green_leaf,65,569.61,375,9089.28,8912.0,375,0.250657320022583,0.3943060636520386,0,0
8,upper_green_leaf,66,572.29,375,8993.962666666666,8800.0,375,0.24456048011779785,0.3892236649990082,0,0
8,upper_green_leaf,67,574.96,375,9062.613333333333,8864.0,375,0.2391212433576584,0.3799999952316284,0,0
8,upper_green_leaf,68,577.64,375,9208.576,9008.0,375,0.23397435247898102,0.37155961990356445,0,0
8,upper_green_leaf,69,580.32,375,9144.874666666667,8944.0,375,0.2301238477230072,0.36710527539253235,0,0
8,upper_green_leaf,70,583.0,375,8930.688,8736.0,375,0.2268211990594864,0.36788618564605713,0,0
8,upper_green_leaf,71,585.68,375,8789.674666666666,8624.0,375,0.22492656111717224,0.3681318759918213,0,0
8,upper_green_leaf,72,588.36,375,8947.157333333333,8784.0,375,0.22168675065040588,0.3612392842769623,0,0
8,upper_green_leaf,73,591.04,375,9218.56,9024.0,375,0.217326357960701,0.3496721684932709,0,0
8,upper_green_leaf,74,593.73,375,9382.357333333333,9168.0,375,0.21484653651714325,0.3425149619579315,0,0
8,upper_green_leaf,75,596.41,375,9332.096,9136.0,375,0.21408045291900635,0.34270334243774414,0,0
8,upper_green_leaf,76,599.1,375,9255.722666666667,9056.0,375,0.21251820027828217,0.3416111469268799,0,0
8,upper_green_leaf,77,601.78,375,9406.421333333334,9184.0,375,0.20967741310596466,0.3360655605792999,0,0
8,upper_green_leaf,78,604.47,375,9714.176,9456.0,375,0.20760799944400787,0.32592591643333435,0,0
8,upper_green_leaf,79,607.16,375,10001.237333333333,9760.0,375,0.2054251730442047,0.3175921142101288,0,0
8,upper_green_leaf,80,609.85,375,10061.056,9840.0,375,0.2028554379940033,0.3141547739505768,0,0
8,upper_green_leaf,81,612.53,375,9937.493333333334,9712.0,375,0.20041753351688385,0.3124512732028961,0,0
8,upper_green_leaf,82,615.23,375,9868.330666666667,9616.0,375,0.19821429252624512,0.30951768159866333,0,0
8,upper_green_leaf,83,617.92,375,10030.976,9760.0,375,0.1949685513973236,0.3027319610118866,0,0
8,upper_green_leaf,84,620.61,375,10321.28,10032.0,375,0.19247311353683472,0.2946028709411621,0,0
8,upper_green_leaf,85,623.3,375,10575.018666666667,10304.0,375,0.19025759398937225,0.28927117586135864,0,0
8,upper_green_leaf,86,626.0,375,10690.133333333333,10400.0,375,0.18922999501228333,0.28717041015625,0,0
8,upper_green_leaf,87,628.69,375,10631.552,10352.0,375,0.18879354000091553,0.28609272837638855,0,0
8,upper_green_leaf,88,631.39,375,10677.802666666666,10384.0,375,0.18756169080734253,0.2834061086177826,0,0
8,upper_green_leaf,89,634.08,375,10797.952,10496.0,375,0.18616893887519836,0.28012752532958984,0,0
8,upper_green_leaf,90,636.78,375,10871.936,10560.0,375,0.18366864323616028,0.2756168842315674,0,0
8,upper_green_leaf,91,639.48,375,10832.213333333333,10560.0,375,0.18143656849861145,0.2727460265159607,0,0
8,upper_green_leaf,92,642.18,375,10782.890666666666,10512.0,375,0.17772622406482697,0.2691757082939148,0,0
8,upper_green_leaf,93,644.88,375,10782.677333333333,10496.0,375,0.17466454207897186,0.2645803689956665,0,0
8,upper_green_leaf,94,647.58,375,10882.261333333334,10608.0,375,0.17147856950759888,0.25872206687927246,0,0
8,upper_green_leaf,95,650.29,375,11043.541333333333,10736.0,375,0.16860835254192352,0.2544761896133423,0,0
8,upper_green_leaf,96,652.99,375,11031.168,10768.0,375,0.16774462163448334,0.252821683883667,0,0
8,upper_green_leaf,97,655.69,375,10819.882666666666,10560.0,375,0.1666666716337204,0.25319838523864746,0,0
8,upper_green_leaf,98,658.4,375,10589.781333333332,10336.0,375,0.1651538610458374,0.2545812726020813,0,0
8,upper_green_leaf,99,661.1,375,10496.554666666667,10224.0,375,0.16320212185382843,0.25238853693008423,0,0
8,upper_green_leaf,100,663.81,375,10617.6,10336.0,375,0.16028910875320435,0.24754193425178528,0,0
8,upper_green_leaf,101,666.52,375,10842.624,10576.0,375,0.15856881439685822,0.24277879297733307,0,0
8,upper_green_leaf,102,669.23,375,10991.018666666667,10704.0,375,0.1572900116443634,0.23780705034732819,0,0
8,upper_green_leaf,103,671.94,375,11002.453333333333,10720.0,375,0.15561622381210327,0.23610134422779083,0,0
8,upper_green_leaf,104,674.65,375,10875.392,10624.0,375,0.1553666740655899,0.23733048141002655,0,0
8,upper_green_leaf,105,677.36,375,10849.237333333333,10608.0,375,0.15572458505630493,0.2388649433851242,0,0
8,upper_green_leaf,106,680.07,375,10990.549333333332,10720.0,375,0.15600624680519104,0.2363700270652771,0,0
8,upper_green_leaf,107,682.79,375,11355.605333333333,11072.0,375,0.15571321547031403,0.2337837815284729,0,0
8,upper_green_leaf,108,685.5,375,11841.749333333333,11488.0,375,0.1580342948436737,0.23143963515758514,0,0
8,upper_green_leaf,109,688.22,375,12301.098666666667,11904.0,375,0.16203227639198303,0.23316551744937897,0,0
8,upper_green_leaf,110,690.93,375,12676.48,12272.0,375,0.16963064670562744,0.24022698402404785,0,0
8,upper_green_leaf,111,693.65,375,13135.232,12656.0,375,0.18363763391971588,0.25462740659713745,0,0
8,upper_green_leaf,112,696.37,375,13711.872,13184.0,375,0.20236337184906006,0.27492445707321167,0,0
8,upper_green_leaf,113,699.09,375,14802.56,14256.0,375,0.23114264011383057,0.3015603721141815,0,0
8,upper_green_leaf,114,701.81,375,16511.872,15984.0,375,0.2633790075778961,0.33044925332069397,0,0
8,upper_green_leaf,115,704.53,375,18693.205333333335,18160.0,375,0.300454705953598,0.36124324798583984,0,0
8,upper_green_leaf,116,707.25,375,21137.706666666665,20608.0,375,0.33817392587661743,0.3931832015514374,0,0
8,upper_green_leaf,117,709.97,375,23496.192,22944.0,375,0.3748593330383301,0.42470812797546387,0,0
8,upper_green_leaf,118,712.7,375,25553.322666666667,25024.0,375,0.4129321277141571,0.4599149823188782,0,0
8,upper_green_leaf,119,715.42,375,27300.906666666666,26800.0,375,0.45101842284202576,0.49449095129966736,0,0
8,upper_green_leaf,120,718.15,375,28954.922666666665,28384.0,375,0.4871752858161926,0.5283862352371216,0,0
8,upper_green_leaf,121,720.87,375,30868.608,30352.0,375,0.5263327956199646,0.5647583603858948,0,0
8,upper_green_leaf,122,723.6,375,33230.037333333334,32656.0,375,0.5617303252220154,0.5960419178009033,0,0
8,upper_green_leaf,123,726.33,375,35679.14666666667,35056.0,375,0.591928243637085,0.6229461431503296,0,0
8,upper_green_leaf,124,729.06,375,38059.94666666666,37328.0,375,0.6216744184494019,0.6496565341949463,0,0
8,upper_green_leaf,125,731.79,375,40005.333333333336,39264.0,374,0.6466271877288818,0.6727166175842285,1,0
8,upper_green_leaf,126,734.52,375,41383.33866666667,40720.0,373,0.671511173248291,0.6956163048744202,2,0
8,upper_green_leaf,127,737.25,375,42263.509333333335,41616.0,373,0.6900619268417358,0.7126059532165527,2,0
8,upper_green_leaf,128,739.98,375,42908.88533333333,42192.0,373,0.7052881717681885,0.7268493175506592,2,0
8,upper_green_leaf,129,742.72,375,43378.688,42704.0,373,0.7164313793182373,0.7383728623390198,2,0
8,upper_green_leaf,130,745.45,375,43852.37333333334,43072.0,372,0.7252451777458191,0.7457790970802307,3,0
8,upper_green_leaf,131,748.19,375,44179.28533333333,43344.0,372,0.7321933507919312,0.7521592378616333,3,0
8,upper_green_leaf,132,750.93,375,44331.73333333333,43536.0,372,0.7396602034568787,0.7591137886047363,3,0
8,upper_green_leaf,133,753.66,375,44495.104,43712.0,372,0.7439990043640137,0.7635706067085266,3,0
8,upper_green_leaf,134,756.4,375,44696.064,43920.0,372,0.7462483644485474,0.7654887437820435,3,0
8,upper_green_leaf,135,759.14,375,45076.05333333334,44272.0,372,0.7517173886299133,0.770121157169342,3,0
8,upper_green_leaf,136,761.88,375,45631.274666666664,44944.0,372,0.7539125680923462,0.7724707722663879,3,0
8,upper_green_leaf,137,764.62,375,46128.768,45328.0,372,0.7552980184555054,0.7738039493560791,3,0
8,upper_green_leaf,138,767.36,375,46341.80266666667,45648.0,371,0.758701741695404,0.7764321565628052,4,0
8,upper_green_leaf,139,770.11,375,45993.51466666667,45184.0,372,0.75876384973526,0.7765524983406067,3,0
8,upper_green_leaf,140,772.85,375,45182.293333333335,44432.0,372,0.7586253881454468,0.77678382396698,3,0
8,upper_green_leaf,141,775.6,375,44153.81333333333,43280.0,372,0.7606008052825928,0.7790067195892334,3,0
8,upper_green_leaf,142,778.34,375,43287.46666666667,42512.0,373,0.759265124797821,0.7786192893981934,2,0
8,upper_green_leaf,143,781.09,375,42982.613333333335,42208.0,373,0.7611128687858582,0.7798069715499878,2,0
8,upper_green_leaf,144,783.84,375,43423.573333333334,42640.0,373,0.7616020441055298,0.7804449796676636,2,0
8,upper_green_leaf,145,786.58,375,44362.026666666665,43600.0,372,0.7618896961212158,0.7801698446273804,3,0
8,upper_green_leaf,146,789.33,375,45451.392,44672.0,372,0.7635100483894348,0.7814487814903259,3,0
8,upper_green_leaf,147,792.08,375,46174.634666666665,45520.0,371,0.7656273245811462,0.7830410003662109,4,0
8,upper_green_leaf,148,794.84,375,46280.91733333333,45536.0,371,0.7647584676742554,0.782464861869812,4,0
8,upper_green_leaf,149,797.59,375,45582.933333333334,44784.0,372,0.7658362984657288,0.7837644815444946,3,0
8,upper_green_leaf,150,800.34,375,44196.778666666665,43456.0,373,0.7669903039932251,0.7852300405502319,2,0
8,upper_green_leaf,151,803.1,375,42441.55733333333,41744.0,373,0.764782726764679,0.7840048670768738,2,0
8,upper_green_leaf,152,805.85,375,40849.92,40144.0,374,0.7639882564544678,0.7839400172233582,1,0
8,upper_green_leaf,153,808.61,375,39883.477333333336,39216.0,374,0.7646588087081909,0.7850661277770996,1,0
8,upper_green_leaf,154,811.36,375,39651.11466666667,38944.0,375,0.7647474408149719,0.7852997779846191,0,0
8,upper_green_leaf,155,814.12,375,40108.416,39376.0,374,0.765697717666626,0.7858977317810059,1,0
8,upper_green_leaf,156,816.88,375,40923.34933333333,40224.0,374,0.7669571042060852,0.7863324284553528,1,0
8,upper_green_leaf,157,819.64,375,41885.184,41152.0,373,0.7671369314193726,0.786052942276001,2,0
8,upper_green_leaf,158,822.4,375,42507.306666666664,41760.0,373,0.7684486508369446,0.787131667137146,2,0
8,upper_green_leaf,159,825.16,375,42665.685333333335,41872.0,373,0.7682445645332336,0.7872211933135986,2,0
8,upper_green_leaf,160,827.92,375,42223.274666666664,41520.0,373,0.7696620225906372,0.7886339426040649,2,0
8,upper_green_leaf,161,830.69,375,41379.541333333334,40640.0,373,0.7697490453720093,0.7888802886009216,2,0
8,upper_green_leaf,162,833.45,375,40345.856,39648.0,374,0.7683222889900208,0.7881194353103638,1,0
8,upper_green_leaf,163,836.22,375,39504.0,38800.0,375,0.7677488327026367,0.7879478931427002,0,0
8,upper_green_leaf,164,838.98,375,39032.23466666666,38288.0,375,0.7668524384498596,0.7873808741569519,0,0
8,upper_green_leaf,165,841.75,375,39017.51466666667,38304.0,375,0.7692584991455078,0.7894650101661682,0,0
8,upper_green_leaf,166,844.52,375,39391.104,38672.0,375,0.7699999809265137,0.790243923664093,0,0
8,upper_green_leaf,167,847.29,375,40018.261333333336,39280.0,374,0.7703260183334351,0.7899683713912964,1,0
8,upper_green_leaf,168,850.06,375,40609.536,39824.0,374,0.7714956998825073,0.7914184331893921,1,0
8,upper_green_leaf,169,852.83,375,41122.261333333336,40400.0,374,0.771170973777771,0.7913205027580261,1,0
8,upper_green_leaf,170,855.6,375,41258.15466666667,40544.0,373,0.7734919190406799,0.7928515672683716,2,0
8,upper_green_leaf,171,858.37,375,41130.70933333333,40400.0,373,0.7720323204994202,0.7918956875801086,2,0
8,upper_green_leaf,172,861.14,375,40725.16266666666,40064.0,374,0.7732285261154175,0.7926952838897705,1,0
8,upper_green_leaf,173,863.92,375,40013.738666666664,39296.0,374,0.7723115682601929,0.7923276424407959,1,0
8,upper_green_leaf,174,866.69,375,39141.12,38448.0,375,0.771345853805542,0.7918999195098877,0,0
8,upper_green_leaf,175,869.47,375,38300.07466666667,37616.0,375,0.7709185481071472,0.7916807532310486,0,0
8,upper_green_leaf,176,872.25,375,37515.306666666664,36800.0,375,0.7719364762306213,0.7926409840583801,0,0
8,upper_green_leaf,177,875.03,375,36895.31733333333,36240.0,375,0.7725155353546143,0.7944532036781311,0,0
8,upper_green_leaf,178,877.8,375,36396.33066666667,35712.0,375,0.7699586153030396,0.7922378778457642,0,0
8,upper_green_leaf,179,880.58,375,36136.064,35504.0,375,0.7720617055892944,0.7944225668907166,0,0
8,upper_green_leaf,180,883.37,375,35979.306666666664,35376.0,375,0.7727815508842468,0.7954138517379761,0,0
8,upper_green_leaf,181,886.15,375,35942.869333333336,35280.0,375,0.7735773921012878,0.7957645654678345,0,0
8,upper_green_leaf,182,888.93,375,35951.44533333334,35312.0,375,0.7728542685508728,0.7952501177787781,0,0
8,upper_green_leaf,183,891.71,375,35873.57866666667,35232.0,375,0.7742840051651001,0.7961412668228149,0,0
8,upper_green_leaf,184,894.5,375,35667.2,35008.0,375,0.7744542956352234,0.7964988946914673,0,0
8,upper_green_leaf,185,897.28,375,35275.562666666665,34640.0,375,0.7735306024551392,0.7958503365516663,0,0
8,upper_green_leaf,186,900.07,375,34663.424,34032.0,375,0.7746772170066833,0.7972263693809509,0,0
8,upper_green_leaf,187,902.86,375,33928.448,33280.0,375,0.7740281820297241,0.7975506782531738,0,0
8,upper_green_leaf,188,905.64,375,32969.045333333335,32320.0,375,0.7729277014732361,0.797164261341095,0,0
8,upper_green_leaf,189,908.43,375,31994.02666666667,31392.0,375,0.7733575701713562,0.7983822226524353,0,0
8,upper_green_leaf,190,911.22,375,31051.818666666666,30464.0,375,0.772104024887085,0.79798823595047,0,0
8,upper_green_leaf,191,914.02,375,30286.72,29664.0,375,0.7734242081642151,0.7998278141021729,0,0
8,upper_green_leaf,192,916.81,375,29690.02666666667,29152.0,375,0.7698412537574768,0.7979820370674133,0,0
8,upper_green_leaf,193,919.6,375,29350.613333333335,28880.0,375,0.7720533013343811,0.7993806600570679,0,0
8,upper_green_leaf,194,922.39,375,29270.229333333333,28688.0,375,0.7685302495956421,0.7960000038146973,0,0
8,upper_green_leaf,195,925.19,375,29234.986666666668,28720.0,375,0.7690374255180359,0.796726405620575,0,0
8,upper_green_leaf,196,927.98,375,29212.032,28704.0,375,0.7680646777153015,0.7962716221809387,0,0
8,upper_green_leaf,197,930.78,375,29085.141333333333,28528.0,375,0.7684076428413391,0.7964165806770325,0,0
8,upper_green_leaf,198,933.58,375,28778.368,28272.0,375,0.7665198445320129,0.7951807379722595,0,0
8,upper_green_leaf,199,936.38,375,28262.784,27776.0,375,0.7648902535438538,0.7939421534538269,0,0
8,upper_green_leaf,200,939.18,375,27606.997333333333,27136.0,375,0.7631579041481018,0.7932489514350891,0,0
8,upper_green_leaf,201,941.98,375,26644.906666666666,26160.0,375,0.7620111703872681,0.7936893105506897,0,0
8,upper_green_leaf,202,944.78,375,25510.016,25040.0,375,0.7587020397186279,0.7918574810028076,0,0
8,upper_green_leaf,203,947.58,375,24269.738666666668,23792.0,375,0.7545878887176514,0.7893190979957581,0,0
8,upper_green_leaf,204,950.38,375,23025.237333333334,22608.0,375,0.7527164816856384,0.7898876667022705,0,0
8,upper_green_leaf,205,953.19,375,21931.178666666667,21584.0,375,0.7486187815666199,0.7884950637817383,0,0
8,upper_green_leaf,206,955.99,375,20954.368,20624.0,375,0.7448680400848389,0.7868952751159668,0,0
8,upper_green_leaf,207,958.8,375,20228.138666666666,19872.0,375,0.740121603012085,0.7845862507820129,0,0
8,upper_green_leaf,208,961.6,375,19666.389333333333,19312.0,375,0.73854660987854,0.7843648195266724,0,0
8,upper_green_leaf,209,964.41,375,19251.754666666668,18928.0,375,0.7363781929016113,0.7838104367256165,0,0
8,upper_green_leaf,210,967.22,375,18943.530666666666,18624.0,375,0.7363225221633911,0.7838383913040161,0,0
8,upper_green_leaf,211,970.03,375,18695.125333333333,18416.0,375,0.7363598346710205,0.7842069268226624,0,0
8,upper_green_leaf,212,972.84,375,18428.501333333334,18144.0,375,0.7368420958518982,0.7865013480186462,0,0
8,upper_green_leaf,213,975.65,375,18142.208,17888.0,375,0.7380330562591553,0.7878788113594055,0,0
8,upper_green_leaf,214,978.46,375,17726.848,17440.0,375,0.737364649772644,0.7887324094772339,0,0
8,upper_green_leaf,215,981.27,375,17279.488,17008.0,375,0.7387640476226807,0.7920058965682983,0,0
8,upper_green_leaf,216,984.09,375,16723.157333333333,16464.0,375,0.738959789276123,0.7942768931388855,0,0
8,upper_green_leaf,217,986.9,375,16105.557333333334,15888.0,375,0.7393561601638794,0.7961476445198059,0,0
8,upper_green_leaf,218,989.72,375,15466.112,15232.0,375,0.7393674850463867,0.7986491918563843,0,0
8,upper_green_leaf,219,992.54,375,14865.493333333334,14688.0,375,0.7442660331726074,0.8057491183280945,0,0
8,upper_green_leaf,220,995.35,375,14302.464,14096.0,375,0.7432762980461121,0.808080792427063,0,0
8,upper_green_leaf,221,998.17,375,13775.957333333334,13568.0,375,0.744516134262085,0.811302661895752,0,0
8,upper_green_leaf,222,1000.99,375,13356.202666666666,13152.0,375,0.7459239363670349,0.8143712282180786,0,0
8,upper_green_leaf,223,1003.81,375,13308.032,13120.0,375,0.7461069822311401,0.8140108585357666,0,0
9,lower_green_leaf,0,397.66,417,5095.443645083933,5104.0,417,0.6811594367027283,0.9351032376289368,0,0
9,lower_green_leaf,1,400.28,417,5056.383693045564,5056.0,417,0.6760563254356384,0.9321534037590027,0,0
9,lower_green_leaf,2,402.9,417,5114.896882494005,5120.0,417,0.653333306312561,0.9252873659133911,0,0
9,lower_green_leaf,3,405.52,417,5108.220623501199,5104.0,417,0.6410256624221802,0.9193083643913269,0,0
9,lower_green_leaf,4,408.13,417,5138.6091127098325,5136.0,417,0.6265060305595398,0.9137930870056152,0,0
9,lower_green_leaf,5,410.75,417,5174.9448441247005,5184.0,417,0.6117647290229797,0.9067796468734741,0,0
9,lower_green_leaf,6,413.37,417,5212.201438848921,5216.0,417,0.6067415475845337,0.9019607901573181,0,0
9,lower_green_leaf,7,416.0,417,5204.182254196643,5200.0,417,0.5913978219032288,0.8950276374816895,0,0
9,lower_green_leaf,8,418.62,417,5233.99520383693,5232.0,417,0.5833333134651184,0.8904109597206116,0,0
9,lower_green_leaf,9,421.24,417,5228.354916067146,5232.0,417,0.5757575631141663,0.8856382966041565,0,0
9,lower_green_leaf,10,423.86,417,5290.896882494005,5280.0,417,0.5728155374526978,0.8829787373542786,0,0
9,lower_green_leaf,11,426.49,417,5286.062350119904,5280.0,417,0.5566037893295288,0.875,0,0
9,lower_green_leaf,12,429.12,417,5329.304556354916,5328.0,417,0.5495495200157166,0.8684210777282715,0,0
9,lower_green_leaf,13,431.74,417,5349.026378896882,5344.0,417,0.5384615659713745,0.8616188168525696,0,0
9,lower_green_leaf,14,434.37,417,5380.067146282973,5376.0,417,0.524193525314331,0.850632905960083,0,0
9,lower_green_leaf,15,437.0,417,5411.299760191847,5424.0,417,0.5111111402511597,0.8365853428840637,0,0
9,lower_green_leaf,16,439.63,417,5446.484412470024,5440.0,417,0.4965035021305084,0.8264058828353882,0,0
9,lower_green_leaf,17,442.26,417,5553.6115107913665,5552.0,417,0.4838709533214569,0.8139534592628479,0,0
9,lower_green_leaf,18,444.89,417,5620.757793764988,5616.0,417,0.47590360045433044,0.8022727370262146,0,0
9,lower_green_leaf,19,447.52,417,5640.249400479616,5632.0,417,0.46857142448425293,0.792792797088623,0,0
9,lower_green_leaf,20,450.16,417,5714.455635491607,5712.0,417,0.4590163826942444,0.7830802798271179,0,0
9,lower_green_leaf,21,452.79,417,5700.297362110312,5696.0,417,0.45502644777297974,0.7748917937278748,0,0
9,lower_green_leaf,22,455.43,417,5768.556354916067,5776.0,417,0.4512820541858673,0.7705262899398804,0,0
9,lower_green_leaf,23,458.06,417,5806.196642685852,5808.0,417,0.4482758641242981,0.7644628286361694,0,0
9,lower_green_leaf,24,460.7,417,5780.681055155876,5776.0,417,0.4455445408821106,0.7635206580162048,0,0
9,lower_green_leaf,25,463.34,417,5778.954436450839,5776.0,417,0.44337350130081177,0.7573839426040649,0,0
9,lower_green_leaf,26,465.98,417,5880.326139088729,5888.0,417,0.4363636374473572,0.7474541664123535,0,0
9,lower_green_leaf,27,468.62,417,5937.5347721822545,5920.0,417,0.4363636374473572,0.7465346455574036,0,0
9,lower_green_leaf,28,471.26,417,5975.021582733813,5952.0,417,0.43171805143356323,0.7424547076225281,0,0
9,lower_green_leaf,29,473.9,417,6007.098321342925,6016.0,417,0.41532257199287415,0.7211538553237915,0,0
9,lower_green_leaf,30,476.54,417,6059.127098321343,6048.0,417,0.4137931168079376,0.7104030251502991,0,0
9,lower_green_leaf,31,479.18,417,6109.851318944844,6096.0,417,0.4095940887928009,0.706099808216095,0,0
9,lower_green_leaf,32,481.83,417,6201.093525179856,6192.0,417,0.3986254334449768,0.6869955062866211,0,0
9,lower_green_leaf,33,484.47,417,6351.079136690648,6336.0,417,0.3918495178222656,0.6700854897499084,0,0
9,lower_green_leaf,34,487.12,417,6392.249400479616,6384.0,417,0.3891402781009674,0.6633744835853577,0,0
9,lower_green_leaf,35,489.77,417,6458.935251798561,6464.0,417,0.38395416736602783,0.6525974273681641,0,0
9,lower_green_leaf,36,492.42,417,6619.2038369304555,6608.0,417,0.3773086965084076,0.6365030407905579,0,0
9,lower_green_leaf,37,495.07,417,6717.045563549161,6720.0,417,0.37359899282455444,0.6265060305595398,0,0
9,lower_green_leaf,38,497.72,417,6800.115107913669,6800.0,417,0.3689320385456085,0.6193264722824097,0,0
9,lower_green_leaf,39,500.37,417,6904.364508393285,6896.0,417,0.3661327362060547,0.608146071434021,0,0
9,lower_green_leaf,40,503.02,417,6961.880095923261,6960.0,417,0.36343613266944885,0.6033519506454468,0,0
9,lower_green_leaf,41,505.67,417,6957.659472422062,6944.0,417,0.3636363744735718,0.6011080145835876,0,0
9,lower_green_leaf,42,508.32,417,7078.752997601919,7088.0,417,0.3636363744735718,0.597278892993927,0,0
9,lower_green_leaf,43,510.98,417,7207.712230215828,7216.0,417,0.36234816908836365,0.5890766978263855,0,0
9,lower_green_leaf,44,513.63,417,7239.251798561151,7248.0,417,0.3651115596294403,0.5899934768676758,0,0
9,lower_green_leaf,45,516.29,417,7268.7961630695445,7296.0,417,0.36895161867141724,0.5936487317085266,0,0
9,lower_green_leaf,46,518.95,417,7429.678657074341,7424.0,417,0.3721373975276947,0.5855513215065002,0,0
9,lower_green_leaf,47,521.61,417,7661.928057553957,7680.0,417,0.3745519816875458,0.5795180797576904,0,0
9,lower_green_leaf,48,524.27,417,7718.10071942446,7760.0,417,0.38282647728919983,0.5843373537063599,0,0
9,lower_green_leaf,49,526.93,417,7825.6115107913665,7872.0,417,0.39084506034851074,0.5883762836456299,0,0
9,lower_green_leaf,50,529.59,417,8178.53237410072,8240.0,417,0.3938411772251129,0.5796610116958618,0,0
9,lower_green_leaf,51,532.25,417,8611.107913669064,8672.0,417,0.3944686949253082,0.5646687746047974,0,0
9,lower_green_leaf,52,534.91,417,8864.42206235012,8928.0,417,0.3947368562221527,0.5591182112693787,0,0
9,lower_green_leaf,53,537.57,417,8933.79376498801,9008.0,417,0.3978201746940613,0.559440553188324,0,0
9,lower_green_leaf,54,540.24,417,9173.141486810551,9264.0,417,0.39896708726882935,0.554973840713501,0,0
9,lower_green_leaf,55,542.91,417,9546.01438848921,9632.0,417,0.3976190388202667,0.5443094968795776,0,0
9,lower_green_leaf,56,545.57,417,9810.95443645084,9888.0,417,0.39590445160865784,0.5374564528465271,0,0
9,lower_green_leaf,57,548.24,417,9889.841726618704,10000.0,417,0.3966480493545532,0.5362937450408936,0,0
9,lower_green_leaf,58,550.91,417,10087.750599520383,10192.0,417,0.3965517282485962,0.532608687877655,0,0
9,lower_green_leaf,59,553.58,417,10423.558752997602,10528.0,417,0.39516130089759827,0.524760365486145,0,0
9,lower_green_leaf,60,556.25,417,10704.767386091127,10848.0,417,0.39174267649650574,0.5178707242012024,0,0
9,lower_green_leaf,61,558.92,417,10769.68824940048,10896.0,417,0.3889681398868561,0.5145447850227356,0,0
9,lower_green_leaf,62,561.59,417,10795.47242206235,10944.0,417,0.38425493240356445,0.5092661380767822,0,0
9,lower_green_leaf,63,564.26,417,10884.796163069544,11008.0,417,0.3776978552341461,0.49963846802711487,0,0
9,lower_green_leaf,64,566.94,417,10959.194244604316,11088.0,417,0.37023913860321045,0.4928571283817291,0,0
9,lower_green_leaf,65,569.61,417,10797.237410071943,10896.0,417,0.36355555057525635,0.48685145378112793,0,0
9,lower_green_leaf,66,572.29,417,10702.235011990408,10800.0,417,0.35569286346435547,0.48065316677093506,0,0
9,lower_green_leaf,67,574.96,417,10833.880095923261,10912.0,417,0.34972211718559265,0.47164592146873474,0,0
9,lower_green_leaf,68,577.64,417,11034.551558752997,11088.0,417,0.34292662143707275,0.46133333444595337,0,0
9,lower_green_leaf,69,580.32,417,11006.73381294964,11040.0,417,0.3380281627178192,0.456233412027359,0,0
9,lower_green_leaf,70,583.0,417,10760.134292565946,10784.0,417,0.3358395993709564,0.45807769894599915,0,0
9,lower_green_leaf,71,585.68,417,10589.314148681055,10608.0,417,0.33192211389541626,0.4563206434249878,0,0
9,lower_green_leaf,72,588.36,417,10787.069544364509,10800.0,417,0.32793521881103516,0.44828733801841736,0,0
9,lower_green_leaf,73,591.04,417,11210.513189448442,11216.0,417,0.3247734010219574,0.4393135607242584,0,0
9,lower_green_leaf,74,593.73,417,11485.774580335732,11488.0,417,0.32225432991981506,0.43399637937545776,0,0
9,lower_green_leaf,75,596.41,417,11410.302158273382,11408.0,417,0.32145455479621887,0.4329710006713867,0,0
9,lower_green_leaf,76,599.1,417,11322.666666666666,11296.0,417,0.320381224155426,0.43292683362960815,0,0
9,lower_green_leaf,77,601.78,417,11568.038369304557,11536.0,417,0.318502813577652,0.4265402853488922,0,0
9,lower_green_leaf,78,604.47,417,12045.083932853717,12032.0,417,0.31520316004753113,0.41763725876808167,0,0
9,lower_green_leaf,79,607.16,417,12501.410071942446,12464.0,417,0.3114250600337982,0.409411758184433,0,0
9,lower_green_leaf,80,609.85,417,12600.249400479617,12576.0,417,0.3091180920600891,0.40561622381210327,0,0
9,lower_green_leaf,81,612.53,417,12455.443645083933,12384.0,417,0.30666667222976685,0.40458810329437256,0,0
9,lower_green_leaf,82,615.23,417,12409.515587529975,12352.0,417,0.30407240986824036,0.40186673402786255,0,0
9,lower_green_leaf,83,617.92,417,12718.657074340528,12640.0,417,0.3005512058734894,0.39540690183639526,0,0
9,lower_green_leaf,84,620.61,417,13220.143884892086,13120.0,417,0.2978260815143585,0.3879392147064209,0,0
9,lower_green_leaf,85,623.3,417,13607.904076738609,13504.0,417,0.29593411087989807,0.3821656107902527,0,0
9,lower_green_leaf,86,626.0,417,13719.136690647481,13584.0,417,0.2946564853191376,0.3796958923339844,0,0
9,lower_green_leaf,87,628.69,417,13697.841726618704,13568.0,417,0.29392319917678833,0.37845057249069214,0,0
9,lower_green_leaf,88,631.39,417,13812.834532374101,13696.0,417,0.2930861711502075,0.37742504477500916,0,0
9,lower_green_leaf,89,634.08,417,14055.827338129497,13952.0,417,0.29205265641212463,0.3749461770057678,0,0
9,lower_green_leaf,90,636.78,417,14282.436450839328,14160.0,417,0.29014554619789124,0.37246620655059814,0,0
9,lower_green_leaf,91,639.48,417,14259.146282973621,14112.0,417,0.28908833861351013,0.3685421347618103,0,0
9,lower_green_leaf,92,642.18,417,14294.752997601918,14144.0,417,0.28564751148223877,0.3656224310398102,0,0
9,lower_green_leaf,93,644.88,417,14417.304556354917,14288.0,417,0.28356507420539856,0.36274710297584534,0,0
9,lower_green_leaf,94,647.58,417,14677.947242206235,14544.0,417,0.281402587890625,0.3582206666469574,0,0
9,lower_green_leaf,95,650.29,417,14953.553956834532,14768.0,417,0.2788420617580414,0.35266998410224915,0,0
9,lower_green_leaf,96,652.99,417,15025.227817745803,14816.0,417,0.27661818265914917,0.35069116950035095,0,0
9,lower_green_leaf,97,655.69,417,14757.25659472422,14560.0,417,0.27627888321876526,0.3512364625930786,0,0
9,lower_green_leaf,98,658.4,417,14361.78417266187,14144.0,417,0.27296820282936096,0.3509749174118042,0,0
9,lower_green_leaf,99,661.1,417,14244.988009592325,14064.0,417,0.2715053856372833,0.3497399091720581,0,0
9,lower_green_leaf,100,663.81,417,14492.968824940048,14288.0,417,0.2695951759815216,0.3458413779735565,0,0
9,lower_green_leaf,101,666.52,417,14892.585131894484,14672.0,417,0.26658400893211365,0.3400222957134247,0,0
9,lower_green_leaf,102,669.23,417,15253.218225419665,15024.0,417,0.26571768522262573,0.33681556582450867,0,0
9,lower_green_leaf,103,671.94,417,15305.630695443646,15072.0,417,0.26496565341949463,0.33570411801338196,0,0
9,lower_green_leaf,104,674.65,417,15088.498800959233,14896.0,417,0.26456505060195923,0.33669063448905945,0,0
9,lower_green_leaf,105,677.36,417,14993.419664268586,14752.0,417,0.26342248916625977,0.3364383578300476,0,0
9,lower_green_leaf,106,680.07,417,15222.752997601918,14976.0,417,0.2641209363937378,0.3353528082370758,0,0
9,lower_green_leaf,107,682.79,417,15848.479616306955,15584.0,417,0.26450639963150024,0.33310532569885254,0,0
9,lower_green_leaf,108,685.5,417,16567.558752997604,16336.0,417,0.26683247089385986,0.33169934153556824,0,0
9,lower_green_leaf,109,688.22,417,17168.65227817746,16848.0,417,0.26982492208480835,0.33217883110046387,0,0
9,lower_green_leaf,110,690.93,417,17420.853717026377,17168.0,417,0.2758145034313202,0.33739131689071655,0,0
9,lower_green_leaf,111,693.65,417,17463.48201438849,17200.0,417,0.28455284237861633,0.34712347388267517,0,0
9,lower_green_leaf,112,696.37,417,17682.83932853717,17456.0,417,0.3015463948249817,0.36575615406036377,0,0
9,lower_green_leaf,113,699.09,417,18376.709832134293,18240.0,417,0.32797306776046753,0.3897785246372223,0,0
9,lower_green_leaf,114,701.81,417,20098.800959232613,20128.0,417,0.3614368140697479,0.4201708734035492,0,0
9,lower_green_leaf,115,704.53,417,22438.330935251797,22624.0,417,0.4028293490409851,0.45488297939300537,0,0
9,lower_green_leaf,116,707.25,417,25365.06474820144,25872.0,417,0.4518418312072754,0.4978328049182892,0,0
9,lower_green_leaf,117,709.97,417,28318.61870503597,29008.0,417,0.5024470090866089,0.5423779487609863,0,0
9,lower_green_leaf,118,712.7,417,31111.750599520383,31936.0,417,0.5560755133628845,0.5916579961776733,0,0
9,lower_green_leaf,119,715.42,417,33692.81534772182,34672.0,417,0.615060031414032,0.6457586884498596,0,0
9,lower_green_leaf,120,718.15,417,36324.681055155874,37520.0,417,0.6794850826263428,0.7053329348564148,0,0
9,lower_green_leaf,121,720.87,417,39483.39568345324,40864.0,417,0.7458617091178894,0.7666468620300293,0,0
9,lower_green_leaf,122,723.6,417,43314.14868105516,44752.0,417,0.8095390796661377,0.8248969912528992,0,0
9,lower_green_leaf,123,726.33,417,47500.43165467626,49168.0,417,0.8734491467475891,0.8831614851951599,0,0
9,lower_green_leaf,124,729.06,417,51659.549160671464,53440.0,417,0.9325414896011353,0.9376670718193054,0,0
9,lower_green_leaf,125,731.79,417,55221.29496402878,56944.0,417,0.9832234978675842,0.9844573736190796,0,0
9,lower_green_leaf,126,734.52,417,57839.96163069544,59728.0,387,1.0222948789596558,1.0206384658813477,30,0
9,lower_green_leaf,127,737.25,417,59441.03597122302,61728.0,315,1.016114592552185,1.0149253606796265,102,0
9,lower_green_leaf,128,739.98,417,60422.86810551559,63344.0,259,1.0186634063720703,1.0172702074050903,158,0
9,lower_green_leaf,129,742.72,417,61125.14148681055,64960.0,235,1.0262399911880493,1.0242059230804443,182,0
9,lower_green_leaf,130,745.45,417,61649.57314148681,65488.0,211,1.0314104557037354,1.0289291143417358,206,0
9,lower_green_leaf,131,748.19,417,62015.23261390888,65520.0,194,1.0261012315750122,1.024179458618164,223,0
9,lower_green_leaf,132,750.93,417,62237.467625899284,65520.0,187,1.032209038734436,1.0297669172286987,230,0
9,lower_green_leaf,133,753.66,417,62389.525179856115,65520.0,182,1.038968563079834,1.0359630584716797,235,0
9,lower_green_leaf,134,756.4,417,62609.26618705036,65520.0,175,1.039743185043335,1.0366817712783813,242,0
9,lower_green_leaf,135,759.14,417,62855.82733812949,65520.0,166,1.040247917175293,1.0371947288513184,251,0
9,lower_green_leaf,136,761.88,417,63139.491606714626,65520.0,153,1.030312180519104,1.0280711650848389,264,0
9,lower_green_leaf,137,764.62,417,63381.90887290168,65520.0,140,1.0245518684387207,1.0227210521697998,277,0
9,lower_green_leaf,138,767.36,417,63444.91127098321,65520.0,135,1.0255414247512817,1.0236220359802246,282,0
9,lower_green_leaf,139,770.11,417,63361.64988009592,65520.0,141,1.0312312841415405,1.0288407802581787,276,0
9,lower_green_leaf,140,772.85,417,63024.15347721823,65520.0,163,1.059855341911316,1.0552635192871094,254,0
9,lower_green_leaf,141,775.6,417,62515.83693045563,65520.0,188,1.0841944217681885,1.0777904987335205,229,0
9,lower_green_leaf,142,778.34,417,62031.23261390888,65520.0,203,1.0970220565795898,1.0894068479537964,214,0
9,lower_green_leaf,143,781.09,417,61854.657074340525,65520.0,204,1.105616569519043,1.0972650051116943,213,0
9,lower_green_leaf,144,783.84,417,62132.10551558753,65520.0,196,1.0983517169952393,1.090440273284912,221,0
9,lower_green_leaf,145,786.58,417,62694.90647482014,65520.0,178,1.078871726989746,1.072679042816162,239,0
9,lower_green_leaf,146,789.33,417,63208.74820143885,65520.0,153,1.0642791986465454,1.0593891143798828,264,0
9,lower_green_leaf,147,792.08,417,63544.74820143885,65520.0,129,1.0360616445541382,1.0333287715911865,288,0
9,lower_green_leaf,148,794.84,417,63576.63309352518,65520.0,126,1.0400487184524536,1.0370428562164307,291,0
9,lower_green_leaf,149,797.59,417,63321.82254196643,65520.0,157,1.0719413757324219,1.0664972066879272,260,0
9,lower_green_leaf,150,800.34,417,62648.97841726619,65520.0,193,1.1032849550247192,1.0950028896331787,224,0
9,lower_green_leaf,151,803.1,417,61600.88249400479,65264.0,246,1.1590911149978638,1.1459218263626099,171,0
9,lower_green_leaf,152,805.85,417,60335.07913669065,63040.0,304,1.1953959465026855,1.1788374185562134,113,0
9,lower_green_leaf,153,808.61,417,59368.594724220624,61616.0,327,1.209702968597412,1.1913392543792725,90,0
9,lower_green_leaf,154,811.36,417,59119.00239808153,61184.0,331,1.2113227844238281,1.1928513050079346,86,0
9,lower_green_leaf,155,814.12,417,59609.592326139085,61936.0,318,1.2053391933441162,1.1872638463974,99,0
9,lower_green_leaf,156,816.88,417,60457.47721822542,63376.0,288,1.18996000289917,1.1740705966949463,129,0
9,lower_green_leaf,157,819.64,417,61261.77458033573,64704.0,242,1.1601921319961548,1.147101879119873,175,0
9,lower_green_leaf,158,822.4,417,61690.359712230216,65440.0,214,1.1386674642562866,1.1271895170211792,203,0
9,lower_green_leaf,159,825.16,417,61821.58273381295,65488.0,210,1.1335917711257935,1.1227166652679443,207,0
9,lower_green_leaf,160,827.92,417,61517.8896882494,65200.0,235,1.1563539505004883,1.1435552835464478,182,0
9,lower_green_leaf,161,830.69,417,60864.03836930456,64048.0,274,1.1869266033172607,1.1712064743041992,143,0
9,lower_green_leaf,162,833.45,417,59924.450839328536,62192.0,320,1.2149181365966797,1.196699619293213,97,0
9,lower_green_leaf,163,836.22,417,59025.342925659475,61056.0,348,1.2275909185409546,1.2073308229446411,69,0
9,lower_green_leaf,164,838.98,417,58470.446043165466,60320.0,368,1.2432968616485596,1.221337080001831,49,0
9,lower_green_leaf,165,841.75,417,58409.323741007196,60176.0,365,1.2429461479187012,1.221189022064209,52,0
9,lower_green_leaf,166,844.52,417,58899.22302158274,60880.0,346,1.2288720607757568,1.2084451913833618,71,0
9,lower_green_leaf,167,847.29,417,59584.80575539568,61616.0,328,1.2195115089416504,1.2005864381790161,89,0
9,lower_green_leaf,168,850.06,417,60206.88729016786,62736.0,300,1.2029709815979004,1.1858434677124023,117,0
9,lower_green_leaf,169,852.83,417,60667.39568345324,63536.0,273,1.1937553882598877,1.1772733926773071,144,0
9,lower_green_leaf,170,855.6,417,60836.75779376499,63904.0,268,1.192876935005188,1.1763787269592285,149,0
9,lower_green_leaf,171,858.37,417,60745.630695443644,63536.0,272,1.1944637298583984,1.1776626110076904,145,0
9,lower_green_leaf,172,861.14,417,60348.20143884892,62992.0,294,1.2046942710876465,1.187069058418274,123,0
9,lower_green_leaf,173,863.92,417,59650.647482014385,62048.0,327,1.227345585823059,1.207338809967041,90,0
9,lower_green_leaf,174,866.69,417,58748.70023980815,60736.0,367,1.2498626708984375,1.227160096168518,50,0
9,lower_green_leaf,175,869.47,417,57581.544364508394,59296.0,397,1.2682193517684937,1.2434723377227783,20,0
9,lower_green_leaf,176,872.25,417,56448.99760191847,57968.0,415,1.281738519668579,1.255355954170227,2,0
9,lower_green_leaf,177,875.03,417,55524.25899280576,57104.0,417,1.285603404045105,1.2580645084381104,0,0
9,lower_green_leaf,178,877.8,417,54801.07434052758,56336.0,417,1.2872340679168701,1.2592461109161377,0,0
9,lower_green_leaf,179,880.58,417,54419.414868105516,56080.0,417,1.2869634628295898,1.2586051225662231,0,0
9,lower_green_leaf,180,883.37,417,54185.0551558753,55744.0,417,1.2900900840759277,1.2609400749206543,0,0
9,lower_green_leaf,181,886.15,417,54126.00479616307,55712.0,417,1.2869318723678589,1.2585046291351318,0,0
9,lower_green_leaf,182,888.93,417,54105.17026378897,55648.0,417,1.2887451648712158,1.2599599361419678,0,0
9,lower_green_leaf,183,891.71,417,53987.10791366907,55568.0,417,1.2900886535644531,1.2615329027175903,0,0
9,lower_green_leaf,184,894.5,417,53705.438848920865,55216.0,417,1.2908496856689453,1.261860966682434,0,0
9,lower_green_leaf,185,897.28,417,53120.19184652278,54576.0,417,1.2951359748840332,1.2661709785461426,0,0
9,lower_green_leaf,186,900.07,417,52182.484412470025,53792.0,417,1.2957100868225098,1.2658227682113647,0,0
9,lower_green_leaf,187,902.86,417,51012.02877697842,52496.0,417,1.297471046447754,1.2661043405532837,0,0
9,lower_green_leaf,188,905.64,417,49583.539568345324,50960.0,417,1.2965610027313232,1.2641209363937378,0,0
9,lower_green_leaf,189,908.43,417,48006.82973621103,49520.0,417,1.2976081371307373,1.2653814554214478,0,0
9,lower_green_leaf,190,911.22,417,46568.05755395684,47840.0,417,1.2963671684265137,1.2626005411148071,0,0
9,lower_green_leaf,191,914.02,417,45344.537170263786,46544.0,417,1.2933398485183716,1.2594196796417236,0,0
9,lower_green_leaf,192,916.81,417,44499.414868105516,45744.0,417,1.293823480606079,1.2587535381317139,0,0
9,lower_green_leaf,193,919.6,417,43994.32134292566,45200.0,417,1.2939095497131348,1.2591931819915771,0,0
9,lower_green_leaf,194,922.39,417,43771.66426858513,44880.0,417,1.2864397764205933,1.2528014183044434,0,0
9,lower_green_leaf,195,925.19,417,43716.8345323741,44768.0,417,1.2934530973434448,1.2569116353988647,0,0
9,lower_green_leaf,196,927.98,417,43691.318944844126,44896.0,417,1.2872287034988403,1.2528889179229736,0,0
9,lower_green_leaf,197,930.78,417,43503.19424460432,44720.0,417,1.2916139364242554,1.256518840789795,0,0
9,lower_green_leaf,198,933.58,417,43065.74580335731,44192.0,417,1.2884318828582764,1.2531588077545166,0,0
9,lower_green_leaf,199,936.38,417,42276.79616306954,43520.0,417,1.2893908023834229,1.2522894144058228,0,0
9,lower_green_leaf,200,939.18,417,41211.70263788969,42464.0,417,1.2859842777252197,1.2502954006195068,0,0
9,lower_green_leaf,201,941.98,417,39706.589928057554,40912.0,417,1.2863163948059082,1.249756097793579,0,0
9,lower_green_leaf,202,944.78,417,37883.93285371703,38928.0,417,1.2811304330825806,1.2426937818527222,0,0
9,lower_green_leaf,203,947.58,417,35971.03117505995,37040.0,417,1.2794991731643677,1.2378653287887573,0,0
9,lower_green_leaf,204,950.38,417,33991.635491606714,34992.0,417,1.2690154314041138,1.2285314798355103,0,0
9,lower_green_leaf,205,953.19,417,32240.95923261391,33152.0,417,1.2613556385040283,1.218713402748108,0,0
9,lower_green_leaf,206,955.99,417,30675.146282973623,31568.0,417,1.2566964626312256,1.2148194313049316,0,0
9,lower_green_leaf,207,958.8,417,29559.86570743405,30496.0,417,1.251336932182312,1.2079646587371826,0,0
9,lower_green_leaf,208,961.6,417,28655.731414868107,29488.0,417,1.2474470138549805,1.2038835287094116,0,0
9,lower_green_leaf,209,964.41,417,27992.63309352518,28880.0,417,1.2453137636184692,1.200132966041565,0,0
9,lower_green_leaf,210,967.22,417,27531.664268585133,28304.0,417,1.2435578107833862,1.1990488767623901,0,0
9,lower_green_leaf,211,970.03,417,27069.928057553956,27840.0,417,1.245139479637146,1.2000000476837158,0,0
9,lower_green_leaf,212,972.84,417,26651.741007194243,27392.0,417,1.240069031715393,1.1948143243789673,0,0
9,lower_green_leaf,213,975.65,417,26165.525179856115,26832.0,417,1.240439534187317,1.1941782236099243,0,0
9,lower_green_leaf,214,978.46,417,25546.43645083933,26240.0,417,1.2381383180618286,1.1907347440719604,0,0
9,lower_green_leaf,215,981.27,417,24817.956834532375,25504.0,417,1.242890477180481,1.1946208477020264,0,0
9,lower_green_leaf,216,984.09,417,23925.410071942446,24544.0,417,1.2460473775863647,1.1942278146743774,0,0
9,lower_green_leaf,217,986.9,417,22988.354916067146,23616.0,417,1.25,1.1946687698364258,0,0
9,lower_green_leaf,218,989.72,417,21987.338129496402,22592.0,417,1.2519084215164185,1.1951013803482056,0,0
9,lower_green_leaf,219,992.54,417,20990.158273381294,21568.0,417,1.2470862865447998,1.1874446868896484,0,0
9,lower_green_leaf,220,995.35,417,20078.235011990408,20672.0,417,1.253056287765503,1.1895604133605957,0,0
9,lower_green_leaf,221,998.17,417,19218.071942446044,19728.0,417,1.2537508010864258,1.187831997871399,0,0
9,lower_green_leaf,222,1000.99,417,18606.081534772184,19088.0,417,1.2569491863250732,1.1886227130889893,0,0
9,lower_green_leaf,223,1003.81,417,18554.32134292566,19024.0,417,1.2557823657989502,1.1876246929168701,0,0
10,lower_left_green_leaf,0,397.66,1749,5125.937106918239,5120.0,1749,0.720588207244873,0.9441176652908325,0,0
10,lower_left_green_leaf,1,400.28,1749,5140.821040594626,5136.0,1749,0.7083333134651184,0.9406528472900391,0,0
10,lower_left_green_leaf,2,402.9,1749,5146.922813036021,5136.0,1749,0.6891891956329346,0.9339080452919006,0,0
10,lower_left_green_leaf,3,405.52,1749,5155.128644939966,5152.0,1749,0.6712328791618347,0.9281609058380127,0,0
10,lower_left_green_leaf,4,408.13,1749,5174.668953687821,5168.0,1749,0.6538461446762085,0.9209039807319641,0,0
10,lower_left_green_leaf,5,410.75,1749,5191.089765580332,5184.0,1749,0.6309523582458496,0.913165271282196,0,0
10,lower_left_green_leaf,6,413.37,1749,5202.790165809034,5200.0,1749,0.6162790656089783,0.9065155982971191,0,0
10,lower_left_green_leaf,7,416.0,1749,5210.126929674099,5216.0,1749,0.6067415475845337,0.9013698697090149,0,0
10,lower_left_green_leaf,8,418.62,1749,5235.9702687249855,5232.0,1749,0.593406617641449,0.8961748480796814,0,0
10,lower_left_green_leaf,9,421.24,1749,5241.25786163522,5232.0,1749,0.5773195624351501,0.8885869383811951,0,0
10,lower_left_green_leaf,10,423.86,1749,5254.915951972555,5248.0,1749,0.5699999928474426,0.8840970396995544,0,0
10,lower_left_green_leaf,11,426.49,1749,5282.287021154945,5280.0,1749,0.5588235259056091,0.8783068656921387,0,0
10,lower_left_green_leaf,12,429.12,1749,5289.065751858205,5280.0,1749,0.5454545617103577,0.8680738806724548,0,0
10,lower_left_green_leaf,13,431.74,1749,5309.758719268153,5296.0,1749,0.5350877046585083,0.8623376488685608,0,0
10,lower_left_green_leaf,14,434.37,1749,5357.7678673527735,5344.0,1749,0.5163934230804443,0.8502538204193115,0,0
10,lower_left_green_leaf,15,437.0,1749,5391.1675242996,5392.0,1749,0.49242424964904785,0.8349753618240356,0,0
10,lower_left_green_leaf,16,439.63,1749,5401.67867352773,5392.0,1749,0.47887325286865234,0.8238213658332825,0,0
10,lower_left_green_leaf,17,442.26,1749,5435.480846197827,5424.0,1749,0.4615384638309479,0.8081534504890442,0,0
10,lower_left_green_leaf,18,444.89,1749,5485.88679245283,5488.0,1749,0.4444444477558136,0.7931034564971924,0,0
10,lower_left_green_leaf,19,447.52,1749,5542.906803887936,5536.0,1749,0.4345238208770752,0.7828054428100586,0,0
10,lower_left_green_leaf,20,450.16,1749,5576.654088050314,5568.0,1749,0.42307692766189575,0.7711111307144165,0,0
10,lower_left_green_leaf,21,452.79,1749,5568.0,5568.0,1749,0.4175824224948883,0.7640692591667175,0,0
10,lower_left_green_leaf,22,455.43,1749,5588.784448256147,5584.0,1749,0.409326434135437,0.7558886408805847,0,0
10,lower_left_green_leaf,23,458.06,1749,5620.784448256147,5616.0,1749,0.4010416567325592,0.7473002076148987,0,0
10,lower_left_green_leaf,24,460.7,1749,5615.2224128073185,5616.0,1749,0.402010053396225,0.7478813529014587,0,0
10,lower_left_green_leaf,25,463.34,1749,5626.483704974271,5616.0,1749,0.3970588147640228,0.7430406808853149,0,0
10,lower_left_green_leaf,26,465.98,1749,5688.626643796455,5680.0,1749,0.3844393491744995,0.7280334830284119,0,0
10,lower_left_green_leaf,27,468.62,1749,5699.723270440251,5680.0,1749,0.38181817531585693,0.7248995900154114,0,0
10,lower_left_green_leaf,28,471.26,1749,5694.31675242996,5680.0,1749,0.37727272510528564,0.7203219532966614,0,0
10,lower_left_green_leaf,29,473.9,1749,5768.498570611778,5760.0,1749,0.36252546310424805,0.6998050808906555,0,0
10,lower_left_green_leaf,30,476.54,1749,5830.449399656947,5808.0,1749,0.3524904251098633,0.6848030090332031,0,0
10,lower_left_green_leaf,31,479.18,1749,5826.351057747284,5808.0,1749,0.3486590087413788,0.6785714030265808,0,0
10,lower_left_green_leaf,32,481.83,1749,5884.148656375071,5856.0,1749,0.3362521827220917,0.6601073145866394,0,0
10,lower_left_green_leaf,33,484.47,1749,5982.042309891366,5968.0,1749,0.3228840231895447,0.6379310488700867,0,0
10,lower_left_green_leaf,34,487.12,1749,6015.048599199543,5984.0,1749,0.31790122389793396,0.6271186470985413,0,0
10,lower_left_green_leaf,35,489.77,1749,6073.898227558605,6048.0,1749,0.3119533658027649,0.6166394948959351,0,0
10,lower_left_green_leaf,36,492.42,1749,6164.491709548313,6128.0,1749,0.3027777671813965,0.596875011920929,0,0
10,lower_left_green_leaf,37,495.07,1749,6238.810748999428,6192.0,1749,0.2966752052307129,0.5843558311462402,0,0
10,lower_left_green_leaf,38,497.72,1749,6303.332189822756,6256.0,1749,0.29556649923324585,0.5784023404121399,0,0
10,lower_left_green_leaf,39,500.37,1749,6389.991995425958,6352.0,1749,0.2914218604564667,0.5676056146621704,0,0
10,lower_left_green_leaf,40,503.02,1749,6454.4951400800455,6416.0,1749,0.2917594611644745,0.5616246461868286,0,0
10,lower_left_green_leaf,41,505.67,1749,6469.452258433391,6416.0,1749,0.29504504799842834,0.563259482383728,0,0
10,lower_left_green_leaf,42,508.32,1749,6562.762721555175,6512.0,1749,0.2976445257663727,0.5602739453315735,0,0
10,lower_left_green_leaf,43,510.98,1749,6697.166380789023,6640.0,1749,0.2998986840248108,0.5509383082389832,0,0
10,lower_left_green_leaf,44,513.63,1749,6784.5946255002855,6736.0,1749,0.3076923191547394,0.5541694164276123,0,0
10,lower_left_green_leaf,45,516.29,1749,6850.845054316753,6800.0,1749,0.3201621174812317,0.5646438002586365,0,0
10,lower_left_green_leaf,46,518.95,1749,7064.626643796455,7008.0,1749,0.3306930661201477,0.5637065768241882,0,0
10,lower_left_green_leaf,47,521.61,1749,7371.663807890223,7312.0,1749,0.3401486873626709,0.558282196521759,0,0
10,lower_left_green_leaf,48,524.27,1749,7550.133790737565,7488.0,1749,0.3543165326118469,0.5656934380531311,0,0
10,lower_left_green_leaf,49,526.93,1749,7666.479130931961,7616.0,1749,0.37142857909202576,0.5782396197319031,0,0
10,lower_left_green_leaf,50,529.59,1749,7993.157232704402,7920.0,1749,0.3785594701766968,0.5736250877380371,0,0
10,lower_left_green_leaf,51,532.25,1749,8492.843910806176,8432.0,1749,0.38291606307029724,0.561366081237793,0,0
10,lower_left_green_leaf,52,534.91,1749,8801.088622069754,8752.0,1749,0.3863319456577301,0.5540950298309326,0,0
10,lower_left_green_leaf,53,537.57,1749,8938.044596912521,8880.0,1749,0.39256197214126587,0.5567951202392578,0,0
10,lower_left_green_leaf,54,540.24,1749,9142.632361349342,9088.0,1749,0.3931398391723633,0.553816020488739,0,0
10,lower_left_green_leaf,55,542.91,1749,9520.37507146941,9456.0,1749,0.3927272856235504,0.5435380339622498,0,0
10,lower_left_green_leaf,56,545.57,1749,9858.835906232132,9808.0,1749,0.3923611044883728,0.5372480154037476,0,0
10,lower_left_green_leaf,57,548.24,1749,9974.36706689537,9920.0,1749,0.39377084374427795,0.5358391404151917,0,0
10,lower_left_green_leaf,58,550.91,1749,10106.163522012579,10048.0,1749,0.3936052918434143,0.5329391956329346,0,0
10,lower_left_green_leaf,59,553.58,1749,10412.532875929102,10352.0,1749,0.39116719365119934,0.5246165990829468,0,0
10,lower_left_green_leaf,60,556.25,1749,10698.008004574041,10624.0,1749,0.3868110179901123,0.5159781575202942,0,0
10,lower_left_green_leaf,61,558.92,1749,10714.858776443682,10640.0,1749,0.38090646266937256,0.5089355111122131,0,0
10,lower_left_green_leaf,62,561.59,1749,10668.880503144654,10592.0,1749,0.3742690086364746,0.5023112297058105,0,0
10,lower_left_green_leaf,63,564.26,1749,10708.60148656375,10640.0,1749,0.3650868237018585,0.49262535572052,0,0
10,lower_left_green_leaf,64,566.94,1749,10709.214408233276,10624.0,1749,0.3532560169696808,0.47999998927116394,0,0
10,lower_left_green_leaf,65,569.61,1749,10494.042309891367,10384.0,1749,0.34117648005485535,0.4705035984516144,0,0
10,lower_left_green_leaf,66,572.29,1749,10237.90508862207,10128.0,1749,0.3294329345226288,0.46159473061561584,0,0
10,lower_left_green_leaf,67,574.96,1749,10196.281303602058,10064.0,1749,0.3172042965888977,0.44844987988471985,0,0
10,lower_left_green_leaf,68,577.64,1749,10326.056032018296,10192.0,1749,0.30731508135795593,0.43528610467910767,0,0
10,lower_left_green_leaf,69,580.32,1749,10322.277873070327,10176.0,1749,0.298288494348526,0.42464834451675415,0,0
10,lower_left_green_leaf,70,583.0,1749,10057.239565465981,9920.0,1749,0.2920875549316406,0.42272573709487915,0,0
10,lower_left_green_leaf,71,585.68,1749,9791.670668953688,9648.0,1749,0.28633594512939453,0.42212826013565063,0,0
10,lower_left_green_leaf,72,588.36,1749,9829.717552887365,9664.0,1749,0.28076109290122986,0.41396161913871765,0,0
10,lower_left_green_leaf,73,591.04,1749,10111.414522584333,9952.0,1749,0.27580833435058594,0.40204864740371704,0,0
10,lower_left_green_leaf,74,593.73,1749,10359.748427672956,10192.0,1749,0.27097252011299133,0.3923705816268921,0,0
10,lower_left_green_leaf,75,596.41,1749,10354.698684962836,10176.0,1749,0.26851513981819153,0.38902589678764343,0,0
10,lower_left_green_leaf,76,599.1,1749,10217.66952544311,10032.0,1749,0.2668643295764923,0.3895619809627533,0,0
10,lower_left_green_leaf,77,601.78,1749,10285.612349914236,10112.0,1749,0.26259759068489075,0.3834039866924286,0,0
10,lower_left_green_leaf,78,604.47,1749,10637.228130360207,10448.0,1749,0.25787004828453064,0.37300896644592285,0,0
10,lower_left_green_leaf,79,607.16,1749,10944.82332761578,10736.0,1749,0.2515413165092468,0.35965144634246826,0,0
10,lower_left_green_leaf,80,609.85,1749,11050.017152658662,10816.0,1749,0.2460317462682724,0.3519538342952728,0,0
10,lower_left_green_leaf,81,612.53,1749,10860.084619782732,10624.0,1749,0.24059222638607025,0.3475046157836914,0,0
10,lower_left_green_leaf,82,615.23,1749,10651.581475128645,10432.0,1749,0.23518575727939606,0.3433544337749481,0,0
10,lower_left_green_leaf,83,617.92,1749,10748.981132075472,10496.0,1749,0.2293413132429123,0.3361090123653412,0,0
10,lower_left_green_leaf,84,620.61,1749,10992.585477415667,10736.0,1749,0.22500696778297424,0.3268129825592041,0,0
10,lower_left_green_leaf,85,623.3,1749,11263.359634076614,10992.0,1749,0.2217414826154709,0.319597065448761,0,0
10,lower_left_green_leaf,86,626.0,1749,11373.850200114352,11072.0,1749,0.2188229262828827,0.3151487708091736,0,0
10,lower_left_green_leaf,87,628.69,1749,11360.969696969696,11072.0,1749,0.2179751992225647,0.3137970268726349,0,0
10,lower_left_green_leaf,88,631.39,1749,11399.007432818753,11136.0,1749,0.2165803164243698,0.3121281564235687,0,0
10,lower_left_green_leaf,89,634.08,1749,11506.598056032019,11216.0,1749,0.21490900218486786,0.3078930079936981,0,0
10,lower_left_green_leaf,90,636.78,1749,11572.070897655803,11280.0,1749,0.21133382618427277,0.30309543013572693,0,0
10,lower_left_green_leaf,91,639.48,1749,11511.281875357347,11216.0,1749,0.20724637806415558,0.2984127104282379,0,0
10,lower_left_green_leaf,92,642.18,1749,11349.47970268725,11040.0,1749,0.20115219056606293,0.2925782799720764,0,0
10,lower_left_green_leaf,93,644.88,1749,11251.101200686106,10960.0,1749,0.19482918083667755,0.28553667664527893,0,0
10,lower_left_green_leaf,94,647.58,1749,11285.589479702687,10992.0,1749,0.1894303411245346,0.2775757610797882,0,0
10,lower_left_green_leaf,95,650.29,1749,11389.164093767868,11088.0,1749,0.18463553488254547,0.2705332934856415,0,0
10,lower_left_green_leaf,96,652.99,1749,11371.7918810749,11072.0,1749,0.1809217631816864,0.26625144481658936,0,0
10,lower_left_green_leaf,97,655.69,1749,11156.336192109777,10864.0,1749,0.1784927248954773,0.2648637890815735,0,0
10,lower_left_green_leaf,98,658.4,1749,10841.413379073756,10544.0,1749,0.17493237555027008,0.2644426226615906,0,0
10,lower_left_green_leaf,99,661.1,1749,10599.839908519154,10320.0,1749,0.17049328982830048,0.26173827052116394,0,0
10,lower_left_green_leaf,100,663.81,1749,10564.62893081761,10304.0,1749,0.16637630760669708,0.25566279888153076,0,0
10,lower_left_green_leaf,101,666.52,1749,10730.008004574041,10464.0,1749,0.16276662051677704,0.24947065114974976,0,0
10,lower_left_green_leaf,102,669.23,1749,10868.537449971413,10592.0,1749,0.15990357100963593,0.24300441145896912,0,0
10,lower_left_green_leaf,103,671.94,1749,10898.07661520869,10640.0,1749,0.1584935337305069,0.2407105267047882,0,0
10,lower_left_green_leaf,104,674.65,1749,10791.849056603774,10544.0,1749,0.1572895348072052,0.24084919691085815,0,0
10,lower_left_green_leaf,105,677.36,1749,10702.481417953117,10464.0,1749,0.1576797366142273,0.24286513030529022,0,0
10,lower_left_green_leaf,106,680.07,1749,10802.405946255003,10544.0,1749,0.15813566744327545,0.24173441529273987,0,0
10,lower_left_green_leaf,107,682.79,1749,11157.122927387078,10880.0,1749,0.15872405469417572,0.23925833404064178,0,0
10,lower_left_green_leaf,108,685.5,1749,11702.467695826186,11408.0,1749,0.16237913072109222,0.23845255374908447,0,0
10,lower_left_green_leaf,109,688.22,1749,12384.082332761578,12048.0,1749,0.16988277435302734,0.24230453372001648,0,0
10,lower_left_green_leaf,110,690.93,1749,13179.7918810749,12816.0,1749,0.1849096715450287,0.25577664375305176,0,0
10,lower_left_green_leaf,111,693.65,1749,14150.31217838765,13808.0,1749,0.21226246654987335,0.2816947400569916,0,0
10,lower_left_green_leaf,112,696.37,1749,15375.377930245855,15104.0,1749,0.24981577694416046,0.3189097046852112,0,0
10,lower_left_green_leaf,113,699.09,1749,17201.28073184677,16960.0,1749,0.30116409063339233,0.36659735441207886,0,0
10,lower_left_green_leaf,114,701.81,1749,19801.26700971984,19616.0,1749,0.35889628529548645,0.4182458519935608,0,0
10,lower_left_green_leaf,115,704.53,1749,23102.124642652943,22992.0,1749,0.42186352610588074,0.47317788004875183,0,0
10,lower_left_green_leaf,116,707.25,1749,26873.120640365923,26816.0,1749,0.4856542944908142,0.5295900702476501,0,0
10,lower_left_green_leaf,117,709.97,1749,30549.90051457976,30592.0,1749,0.5471248626708984,0.5848800539970398,0,0
10,lower_left_green_leaf,118,712.7,1749,33908.61063464837,33952.0,1749,0.6083800792694092,0.6401779055595398,0,0
10,lower_left_green_leaf,119,715.42,1749,36615.33676386507,36704.0,1749,0.6685356497764587,0.6957311630249023,0,0
10,lower_left_green_leaf,120,718.15,1749,39100.64265294454,39264.0,1749,0.7264785170555115,0.7491483688354492,0,0
10,lower_left_green_leaf,121,720.87,1749,41696.576329331045,42016.0,1749,0.7843336462974548,0.8021406531333923,0,0
10,lower_left_green_leaf,122,723.6,1749,44786.643796455115,45120.0,1749,0.8373644948005676,0.8507662415504456,0,0
10,lower_left_green_leaf,123,726.33,1749,48102.29388221841,48448.0,1749,0.8857605457305908,0.8949221968650818,0,0
10,lower_left_green_leaf,124,729.06,1749,51264.56718124643,51728.0,1744,0.9251636266708374,0.930959939956665,5,0
10,lower_left_green_leaf,125,731.79,1749,53851.563178959404,54272.0,1718,0.95809406042099,0.9612858295440674,31,0
10,lower_left_green_leaf,126,734.52,1749,55652.69296740995,56128.0,1676,0.9828170537948608,0.9841203689575195,73,0
10,lower_left_green_leaf,127,737.25,1749,56724.3453401944,57344.0,1638,1.0028010606765747,1.0025866031646729,111,0
10,lower_left_green_leaf,128,739.98,1749,57440.82332761578,58128.0,1603,1.0189307928085327,1.0175340175628662,146,0
10,lower_left_green_leaf,129,742.72,1749,57995.46255002859,58752.0,1573,1.0329300165176392,1.030440330505371,176,0
10,lower_left_green_leaf,130,745.45,1749,58503.25443110349,59328.0,1550,1.0444157123565674,1.04109787940979,199,0
10,lower_left_green_leaf,131,748.19,1749,58810.20011435106,59712.0,1522,1.0515931844711304,1.0476524829864502,227,0
10,lower_left_green_leaf,132,750.93,1749,58975.93596340766,59808.0,1513,1.0592259168624878,1.0546236038208008,236,0
10,lower_left_green_leaf,133,753.66,1749,59053.74042309891,59872.0,1513,1.0643789768218994,1.0593633651733398,236,0
10,lower_left_green_leaf,134,756.4,1749,59148.99942824471,60032.0,1502,1.0692200660705566,1.0639301538467407,247,0
10,lower_left_green_leaf,135,759.14,1749,59457.90280160092,60336.0,1469,1.0698848962783813,1.0643988847732544,280,0
10,lower_left_green_leaf,136,761.88,1749,59951.75300171527,60992.0,1422,1.069331169128418,1.0639588832855225,327,0
10,lower_left_green_leaf,137,764.62,1749,60475.96569468267,61680.0,1336,1.0641205310821533,1.0591785907745361,413,0
10,lower_left_green_leaf,138,767.36,1749,60699.76443682104,62032.0,1305,1.0637059211730957,1.0588068962097168,444,0
10,lower_left_green_leaf,139,770.11,1749,60515.4671240709,61792.0,1363,1.0718934535980225,1.066480040550232,386,0
10,lower_left_green_leaf,140,772.85,1749,59790.984562607206,60848.0,1477,1.0809729099273682,1.0749074220657349,272,0
10,lower_left_green_leaf,141,775.6,1749,58631.300171526585,59408.0,1579,1.091522216796875,1.0841453075408936,170,0
10,lower_left_green_leaf,142,778.34,1749,57459.265866209265,58048.0,1627,1.0969845056533813,1.0892187356948853,122,0
10,lower_left_green_leaf,143,781.09,1749,56861.03602058319,57360.0,1646,1.1001646518707275,1.0919241905212402,103,0
10,lower_left_green_leaf,144,783.84,1749,57139.43053173242,57632.0,1634,1.1000244617462158,1.091737985610962,115,0
10,lower_left_green_leaf,145,786.58,1749,58151.656946826755,58704.0,1590,1.0967329740524292,1.0889396667480469,159,0
10,lower_left_green_leaf,146,789.33,1749,59367.62035448828,60192.0,1501,1.090091586112976,1.083080530166626,248,0
10,lower_left_green_leaf,147,792.08,1749,60363.581475128645,61424.0,1371,1.0806995630264282,1.074546456336975,378,0
10,lower_left_green_leaf,148,794.84,1749,60672.10977701544,61872.0,1320,1.0778703689575195,1.0719541311264038,429,0
10,lower_left_green_leaf,149,797.59,1749,60271.89937106918,61408.0,1438,1.0880112648010254,1.0812325477600098,311,0
10,lower_left_green_leaf,150,800.34,1749,58954.95025728988,59776.0,1586,1.1009089946746826,1.0928199291229248,163,0
10,lower_left_green_leaf,151,803.1,1749,57015.281875357345,57616.0,1677,1.1076558828353882,1.0987178087234497,72,0
10,lower_left_green_leaf,152,805.85,1749,54891.874213836476,55264.0,1718,1.111851453781128,1.1022546291351318,31,0
10,lower_left_green_leaf,153,808.61,1749,53383.6295025729,53776.0,1734,1.114188313484192,1.1041427850723267,15,0
10,lower_left_green_leaf,154,811.36,1749,52802.579759862776,53120.0,1735,1.1143543720245361,1.1041911840438843,14,0
10,lower_left_green_leaf,155,814.12,1749,53145.12064036592,53392.0,1732,1.1147630214691162,1.1045491695404053,17,0
10,lower_left_green_leaf,156,816.88,1749,54104.42538593482,54368.0,1718,1.1144592761993408,1.1042600870132446,31,0
10,lower_left_green_leaf,157,819.64,1749,55278.79245283019,55600.0,1695,1.1121528148651123,1.1025969982147217,54,0
10,lower_left_green_leaf,158,822.4,1749,56149.34248141795,56576.0,1671,1.1104934215545654,1.1010571718215942,78,0
10,lower_left_green_leaf,159,825.16,1749,56537.21212121212,56992.0,1662,1.1107935905456543,1.1016228199005127,87,0
10,lower_left_green_leaf,160,827.92,1749,56172.542024013725,56672.0,1679,1.111883282661438,1.1023521423339844,70,0
10,lower_left_green_leaf,161,830.69,1749,55183.048599199545,55600.0,1707,1.1149826049804688,1.1050955057144165,42,0
10,lower_left_green_leaf,162,833.45,1749,53872.82332761578,54288.0,1733,1.1172266006469727,1.1068891286849976,16,0
10,lower_left_green_leaf,163,836.22,1749,52651.73699256718,53008.0,1741,1.1187825202941895,1.1080350875854492,8,0
10,lower_left_green_leaf,164,838.98,1749,51829.47055460263,52112.0,1743,1.1191554069519043,1.1082674264907837,6,0
10,lower_left_green_leaf,165,841.75,1749,51638.66895368782,51936.0,1744,1.1200528144836426,1.1089907884597778,5,0
10,lower_left_green_leaf,166,844.52,1749,51965.84105202973,52256.0,1742,1.1199355125427246,1.1089322566986084,7,0
10,lower_left_green_leaf,167,847.29,1749,52664.096054888505,52960.0,1737,1.1195652484893799,1.1086598634719849,12,0
10,lower_left_green_leaf,168,850.06,1749,53447.16295025729,53712.0,1730,1.11920166015625,1.108673095703125,19,0
10,lower_left_green_leaf,169,852.83,1749,54122.98684962836,54448.0,1716,1.117711067199707,1.1074814796447754,33,0
10,lower_left_green_leaf,170,855.6,1749,54464.8324757004,54832.0,1712,1.118741750717163,1.1082589626312256,37,0
10,lower_left_green_leaf,171,858.37,1749,54437.964551172096,54800.0,1712,1.1189887523651123,1.1086654663085938,37,0
10,lower_left_green_leaf,172,861.14,1749,54055.27272727273,54432.0,1726,1.1205648183822632,1.11002516746521,23,0
10,lower_left_green_leaf,173,863.92,1749,53277.42938822184,53600.0,1737,1.1218161582946777,1.1107814311981201,12,0
10,lower_left_green_leaf,174,866.69,1749,52281.55974842767,52608.0,1744,1.12349534034729,1.1122850179672241,5,0
10,lower_left_green_leaf,175,869.47,1749,51165.58490566038,51472.0,1748,1.1239862442016602,1.112330675125122,1,0
10,lower_left_green_leaf,176,872.25,1749,50037.36077758719,50368.0,1749,1.1247563362121582,1.1128917932510376,0,0
10,lower_left_green_leaf,177,875.03,1749,49147.52658662092,49456.0,1749,1.125541090965271,1.1135231256484985,0,0
10,lower_left_green_leaf,178,877.8,1749,48411.919954259574,48720.0,1749,1.1252747774124146,1.1130748987197876,0,0
10,lower_left_green_leaf,179,880.58,1749,47924.10748999428,48192.0,1749,1.126189947128296,1.1136653423309326,0,0
10,lower_left_green_leaf,180,883.37,1749,47624.05946255003,47888.0,1749,1.1268656253814697,1.1142216920852661,0,0
10,lower_left_green_leaf,181,886.15,1749,47472.740994854204,47744.0,1749,1.1272423267364502,1.1140483617782593,0,0
10,lower_left_green_leaf,182,888.93,1749,47435.124070897655,47680.0,1749,1.1273858547210693,1.1147851943969727,0,0
10,lower_left_green_leaf,183,891.71,1749,47356.917095483135,47664.0,1749,1.1279447078704834,1.1150375604629517,0,0
10,lower_left_green_leaf,184,894.5,1749,47123.53116066324,47392.0,1749,1.1281079053878784,1.1151078939437866,0,0
10,lower_left_green_leaf,185,897.28,1749,46676.711263579185,46960.0,1749,1.1286412477493286,1.1154208183288574,0,0
10,lower_left_green_leaf,186,900.07,1749,45962.11778158948,46240.0,1749,1.1298701763153076,1.1162340641021729,0,0
10,lower_left_green_leaf,187,902.86,1749,44963.604345340194,45248.0,1749,1.1285713911056519,1.1147347688674927,0,0
10,lower_left_green_leaf,188,905.64,1749,43743.762149799884,44000.0,1749,1.1276692152023315,1.1136730909347534,0,0
10,lower_left_green_leaf,189,908.43,1749,42379.480846197825,42624.0,1749,1.128395676612854,1.1139971017837524,0,0
10,lower_left_green_leaf,190,911.22,1749,41056.26529445397,41296.0,1749,1.1268565654754639,1.1120671033859253,0,0
10,lower_left_green_leaf,191,914.02,1749,39902.21612349914,40128.0,1749,1.1263847351074219,1.1111602783203125,0,0
10,lower_left_green_leaf,192,916.81,1749,38982.092624356774,39184.0,1749,1.1264952421188354,1.1111607551574707,0,0
10,lower_left_green_leaf,193,919.6,1749,38396.487135506,38576.0,1749,1.1234469413757324,1.1084010601043701,0,0
10,lower_left_green_leaf,194,922.39,1749,38101.45225843339,38288.0,1749,1.123716950416565,1.1082831621170044,0,0
10,lower_left_green_leaf,195,925.19,1749,38002.56146369354,38192.0,1749,1.1239407062530518,1.1080577373504639,0,0
10,lower_left_green_leaf,196,927.98,1749,37945.26700971984,38128.0,1749,1.121913194656372,1.1066151857376099,0,0
10,lower_left_green_leaf,197,930.78,1749,37813.10463121784,38016.0,1749,1.1207497119903564,1.1055814027786255,0,0
10,lower_left_green_leaf,198,933.58,1749,37537.65580331618,37744.0,1749,1.1194736957550049,1.1044083833694458,0,0
10,lower_left_green_leaf,199,936.38,1749,37035.060034305316,37216.0,1749,1.1176148653030396,1.1026241779327393,0,0
10,lower_left_green_leaf,200,939.18,1749,36346.27329902801,36560.0,1749,1.1156424283981323,1.1003663539886475,0,0
10,lower_left_green_leaf,201,941.98,1749,35195.32532875929,35408.0,1749,1.1125866174697876,1.097402572631836,0,0
10,lower_left_green_leaf,202,944.78,1749,33766.53173241852,34000.0,1749,1.1089762449264526,1.0939821004867554,0,0
10,lower_left_green_leaf,203,947.58,1749,32122.675814751285,32336.0,1749,1.1059268712997437,1.090561866760254,0,0
10,lower_left_green_leaf,204,950.38,1749,30433.134362492852,30656.0,1749,1.1010781526565552,1.085584282875061,0,0
10,lower_left_green_leaf,205,953.19,1749,28852.491709548314,29040.0,1749,1.0958904027938843,1.080314040184021,0,0
10,lower_left_green_leaf,206,955.99,1749,27477.14122355632,27616.0,1749,1.090290904045105,1.0749369859695435,0,0
10,lower_left_green_leaf,207,958.8,1749,26343.181246426528,26480.0,1749,1.08475923538208,1.0697067975997925,0,0
10,lower_left_green_leaf,208,961.6,1749,25514.245854774155,25680.0,1749,1.0809917449951172,1.066216230392456,0,0
10,lower_left_green_leaf,209,964.41,1749,24840.617495711835,25008.0,1749,1.0790144205093384,1.0644831657409668,0,0
10,lower_left_green_leaf,210,967.22,1749,24351.396226415094,24496.0,1749,1.0792419910430908,1.064226508140564,0,0
10,lower_left_green_leaf,211,970.03,1749,23957.699256718126,24080.0,1749,1.0785714387893677,1.0634249448776245,0,0
10,lower_left_green_leaf,212,972.84,1749,23567.432818753572,23712.0,1749,1.0780398845672607,1.0630757808685303,0,0
10,lower_left_green_leaf,213,975.65,1749,23155.851343624927,23280.0,1749,1.0774807929992676,1.0621836185455322,0,0
10,lower_left_green_leaf,214,978.46,1749,22662.138364779876,22800.0,1749,1.0790475606918335,1.0631579160690308,0,0
10,lower_left_green_leaf,215,981.27,1749,22058.703259005146,22176.0,1749,1.0793036222457886,1.062839388847351,0,0
10,lower_left_green_leaf,216,984.09,1749,21326.536306460835,21472.0,1749,1.0789743661880493,1.062106966972351,0,0
10,lower_left_green_leaf,217,986.9,1749,20503.355060034304,20624.0,1749,1.0810526609420776,1.0630114078521729,0,0
10,lower_left_green_leaf,218,989.72,1749,19666.4516866781,19776.0,1749,1.0832408666610718,1.0640138387680054,0,0
10,lower_left_green_leaf,219,992.54,1749,18805.95540308748,18912.0,1749,1.0845069885253906,1.0637915134429932,0,0
10,lower_left_green_leaf,220,995.35,1749,17986.030874785592,18096.0,1749,1.0871731042861938,1.0648236274719238,0,0
10,lower_left_green_leaf,221,998.17,1749,17247.432818753572,17344.0,1749,1.088624358177185,1.065206527709961,0,0
10,lower_left_green_leaf,222,1000.99,1749,16693.351629502573,16784.0,1749,1.0897616147994995,1.0650826692581177,0,0
10,lower_left_green_leaf,223,1003.81,1749,16632.727272727272,16720.0,1749,1.0883190631866455,1.0635721683502197,0,0
11,upper_left_red_leaf,0,397.66,1096,5236.569343065694,5232.0,1096,0.8461538553237915,0.9702380895614624,0,0
11,upper_left_red_leaf,1,400.28,1096,5250.963503649635,5248.0,1096,0.8358209133148193,0.9675516486167908,0,0
11,upper_left_red_leaf,2,402.9,1096,5265.7226277372265,5264.0,1096,0.8088235259056091,0.9614243507385254,0,0
11,upper_left_red_leaf,3,405.52,1096,5264.160583941606,5264.0,1096,0.784296989440918,0.9538905024528503,0,0
11,upper_left_red_leaf,4,408.13,1096,5262.700729927007,5264.0,1096,0.7594936490058899,0.9464544057846069,0,0
11,upper_left_red_leaf,5,410.75,1096,5300.160583941606,5296.0,1096,0.7388535141944885,0.9398906826972961,0,0
11,upper_left_red_leaf,6,413.37,1096,5308.043795620438,5312.0,1096,0.7209302186965942,0.93388432264328,0,0
11,upper_left_red_leaf,7,416.0,1096,5329.211678832116,5328.0,1096,0.7078651785850525,0.9293063879013062,0,0
11,upper_left_red_leaf,8,418.62,1096,5355.094890510949,5344.0,1096,0.695652186870575,0.9242519736289978,0,0
11,upper_left_red_leaf,9,421.24,1096,5359.63503649635,5360.0,1096,0.6813187003135681,0.9182561039924622,0,0
11,upper_left_red_leaf,10,423.86,1096,5392.832116788321,5392.0,1096,0.6736842393875122,0.9146005511283875,0,0
11,upper_left_red_leaf,11,426.49,1096,5405.620437956204,5408.0,1096,0.6617676019668579,0.9083557724952698,0,0
11,upper_left_red_leaf,12,429.12,1096,5412.6423357664235,5408.0,1096,0.6415094137191772,0.898684024810791,0,0
11,upper_left_red_leaf,13,431.74,1096,5451.3722627737225,5456.0,1096,0.6293103694915771,0.8921052813529968,0,0
11,upper_left_red_leaf,14,434.37,1096,5496.744525547445,5488.0,1096,0.6101694703102112,0.8817480802536011,0,0
11,upper_left_red_leaf,15,437.0,1096,5537.912408759124,5536.0,1096,0.5846154093742371,0.8671678900718689,0,0
11,upper_left_red_leaf,16,439.63,1096,5575.868613138686,5568.0,1096,0.5703703761100769,0.8566188812255859,0,0
11,upper_left_red_leaf,17,442.26,1096,5614.8175182481755,5616.0,1096,0.5492957830429077,0.8429951667785645,0,0
11,upper_left_red_leaf,18,444.89,1096,5673.63503649635,5664.0,1096,0.5305478572845459,0.8279069662094116,0,0
11,upper_left_red_leaf,19,447.52,1096,5719.78102189781,5712.0,1096,0.518405556678772,0.8175519704818726,0,0
11,upper_left_red_leaf,20,450.16,1096,5778.613138686132,5760.0,1096,0.5036039352416992,0.8068181872367859,0,0
11,upper_left_red_leaf,21,452.79,1096,5763.766423357664,5760.0,1096,0.4972067177295685,0.800000011920929,0,0
11,upper_left_red_leaf,22,455.43,1096,5803.240875912409,5808.0,1096,0.4943501055240631,0.7943567037582397,0,0
11,upper_left_red_leaf,23,458.06,1096,5842.189781021898,5840.0,1096,0.48691099882125854,0.7860261797904968,0,0
11,upper_left_red_leaf,24,460.7,1096,5844.759124087591,5840.0,1096,0.4871794879436493,0.7867091298103333,0,0
11,upper_left_red_leaf,25,463.34,1096,5866.656934306569,5872.0,1096,0.48691099882125854,0.7855626344680786,0,0
11,upper_left_red_leaf,26,465.98,1096,5930.131386861314,5920.0,1096,0.4725666642189026,0.7708121538162231,0,0
11,upper_left_red_leaf,27,468.62,1096,5977.795620437956,5968.0,1096,0.4697674512863159,0.7674897313117981,0,0
11,upper_left_red_leaf,28,471.26,1096,5979.912408759124,5968.0,1096,0.4696255028247833,0.7658683061599731,0,0
11,upper_left_red_leaf,29,473.9,1096,6040.948905109489,6032.0,1096,0.45299145579338074,0.7465069890022278,0,0
11,upper_left_red_leaf,30,476.54,1096,6150.496350364963,6136.0,1096,0.4390730857849121,0.7303259968757629,0,0
11,upper_left_red_leaf,31,479.18,1096,6151.313868613139,6136.0,1096,0.4346153736114502,0.7248576879501343,0,0
11,upper_left_red_leaf,32,481.83,1096,6213.737226277372,6192.0,1096,0.4234875440597534,0.708791196346283,0,0
11,upper_left_red_leaf,33,484.47,1096,6346.846715328467,6336.0,1096,0.408193439245224,0.686956524848938,0,0
11,upper_left_red_leaf,34,487.12,1096,6448.554744525547,6400.0,1096,0.40186914801597595,0.6757447719573975,0,0
11,upper_left_red_leaf,35,489.77,1096,6478.948905109489,6464.0,1096,0.39817628264427185,0.6683312654495239,0,0
11,upper_left_red_leaf,36,492.42,1096,6619.036496350365,6592.0,1096,0.39323458075523376,0.6530612111091614,0,0
11,upper_left_red_leaf,37,495.07,1096,6761.153284671533,6720.0,1096,0.39050132036209106,0.6442233324050903,0,0
11,upper_left_red_leaf,38,497.72,1096,6872.861313868613,6848.0,1096,0.3953785002231598,0.6430723071098328,0,0
11,upper_left_red_leaf,39,500.37,1096,7020.262773722628,6992.0,1096,0.39855071902275085,0.6371937990188599,0,0
11,upper_left_red_leaf,40,503.02,1096,7161.883211678832,7136.0,1096,0.40440165996551514,0.6350777745246887,0,0
11,upper_left_red_leaf,41,505.67,1096,7221.343065693431,7200.0,1096,0.4175691604614258,0.6425501108169556,0,0
11,upper_left_red_leaf,42,508.32,1096,7396.131386861314,7392.0,1096,0.4285714328289032,0.6478776335716248,0,0
11,upper_left_red_leaf,43,510.98,1096,7627.868613138686,7616.0,1096,0.43790850043296814,0.6434426307678223,0,0
11,upper_left_red_leaf,44,513.63,1096,7761.591240875912,7744.0,1096,0.4483841061592102,0.6474143266677856,0,0
11,upper_left_red_leaf,45,516.29,1096,7824.875912408759,7808.0,1096,0.46202927827835083,0.659850001335144,0,0
11,upper_left_red_leaf,46,518.95,1096,8066.80291970803,8064.0,1096,0.47076812386512756,0.6605018973350525,0,0
11,upper_left_red_leaf,47,521.61,1096,8409.664233576643,8408.0,1096,0.4766724705696106,0.6534847021102905,0,0
11,upper_left_red_leaf,48,524.27,1096,8606.861313868612,8592.0,1096,0.48311036825180054,0.6547331809997559,0,0
11,upper_left_red_leaf,49,526.93,1096,8621.839416058394,8608.0,1096,0.4909861385822296,0.6607102155685425,0,0
11,upper_left_red_leaf,50,529.59,1096,8901.080291970802,8880.0,1096,0.4927670955657959,0.656324565410614,0,0
11,upper_left_red_leaf,51,532.25,1096,9404.087591240876,9392.0,1096,0.4888705015182495,0.6397361755371094,0,0
11,upper_left_red_leaf,52,534.91,1096,9829.693430656935,9808.0,1096,0.48836424946784973,0.631445050239563,0,0
11,upper_left_red_leaf,53,537.57,1096,9945.05109489051,9936.0,1096,0.48899585008621216,0.6301928758621216,0,0
11,upper_left_red_leaf,54,540.24,1096,10087.620437956204,10080.0,1096,0.4886966347694397,0.6257309913635254,0,0
11,upper_left_red_leaf,55,542.91,1096,10515.591240875912,10496.0,1096,0.48602795600891113,0.6164153814315796,0,0
11,upper_left_red_leaf,56,545.57,1096,10958.642335766423,10928.0,1096,0.4842473864555359,0.6098718643188477,0,0
11,upper_left_red_leaf,57,548.24,1096,11118.992700729927,11088.0,1096,0.48525282740592957,0.6078091859817505,0,0
11,upper_left_red_leaf,58,550.91,1096,11260.21897810219,11248.0,1096,0.48701950907707214,0.6066579818725586,0,0
11,upper_left_red_leaf,59,553.58,1096,11645.138686131388,11632.0,1096,0.48722827434539795,0.6024489998817444,0,0
11,upper_left_red_leaf,60,556.25,1096,12115.459854014598,12112.0,1096,0.49077308177948,0.6004719734191895,0,0
11,upper_left_red_leaf,61,558.92,1096,12333.2700729927,12320.0,1096,0.49561381340026855,0.6024380922317505,0,0
11,upper_left_red_leaf,62,561.59,1096,12505.693430656935,12504.0,1096,0.5009920597076416,0.6062126159667969,0,0
11,upper_left_red_leaf,63,564.26,1096,12845.795620437957,12856.0,1096,0.5086087584495544,0.6093159914016724,0,0
11,upper_left_red_leaf,64,566.94,1096,13266.992700729927,13264.0,1096,0.5158333778381348,0.6125515699386597,0,0
11,upper_left_red_leaf,65,569.61,1096,13422.963503649635,13424.0,1096,0.5231267213821411,0.6189154982566833,0,0
11,upper_left_red_leaf,66,572.29,1096,13440.525547445255,13456.0,1096,0.5331190824508667,0.6271718740463257,0,0
11,upper_left_red_leaf,67,574.96,1096,13746.043795620439,13776.0,1096,0.5400998592376709,0.6315783262252808,0,0
11,upper_left_red_leaf,68,577.64,1096,14393.109489051094,14448.0,1096,0.5451843738555908,0.6318202614784241,0,0
11,upper_left_red_leaf,69,580.32,1096,14879.547445255474,14936.0,1096,0.5514610409736633,0.6346676349639893,0,0
11,upper_left_red_leaf,70,583.0,1096,14817.897810218978,14848.0,1096,0.5585627555847168,0.6409185528755188,0,0
11,upper_left_red_leaf,71,585.68,1096,14562.306569343065,14624.0,1096,0.5661526918411255,0.6499944925308228,0,0
11,upper_left_red_leaf,72,588.36,1096,14824.759124087592,14928.0,1096,0.5730832815170288,0.6545006632804871,0,0
11,upper_left_red_leaf,73,591.04,1096,15651.197080291971,15736.0,1096,0.5780708193778992,0.6542215347290039,0,0
11,upper_left_red_leaf,74,593.73,1096,16552.5401459854,16656.0,1096,0.5857374668121338,0.6570157408714294,0,0
11,upper_left_red_leaf,75,596.41,1096,16964.525547445257,17072.0,1096,0.5940552949905396,0.6632304191589355,0,0
11,upper_left_red_leaf,76,599.1,1096,16980.204379562045,17104.0,1096,0.6060488224029541,0.6734300851821899,0,0
11,upper_left_red_leaf,77,601.78,1096,17453.4598540146,17616.0,1096,0.6198606491088867,0.6836271286010742,0,0
11,upper_left_red_leaf,78,604.47,1096,18668.0,18864.0,1096,0.6342683434486389,0.6933965682983398,0,0
11,upper_left_red_leaf,79,607.16,1096,20173.66423357664,20416.0,1096,0.6516007781028748,0.704074501991272,0,0
11,upper_left_red_leaf,80,609.85,1096,21340.394160583943,21648.0,1096,0.6701711416244507,0.7180495262145996,0,0
11,upper_left_red_leaf,81,612.53,1096,21814.87591240876,22144.0,1096,0.6894419193267822,0.733799397945404,0,0
11,upper_left_red_leaf,82,615.23,1096,22103.21167883212,22472.0,1096,0.7101951837539673,0.751921534538269,0,0
11,upper_left_red_leaf,83,617.92,1096,23071.591240875914,23472.0,1096,0.7317904233932495,0.7697970867156982,0,0
11,upper_left_red_leaf,84,620.61,1096,24677.912408759123,25160.0,1096,0.7540333271026611,0.7867349982261658,0,0
11,upper_left_red_leaf,85,623.3,1096,26382.51094890511,26904.0,1096,0.7750003337860107,0.8034839630126953,0,0
11,upper_left_red_leaf,86,626.0,1096,27594.467153284673,28256.0,1096,0.7953187823295593,0.8206896185874939,0,0
11,upper_left_red_leaf,87,628.69,1096,28303.82481751825,28992.0,1096,0.8150143623352051,0.8380297422409058,0,0
11,upper_left_red_leaf,88,631.39,1096,29058.233576642335,29800.0,1096,0.8323453664779663,0.8529583215713501,0,0
11,upper_left_red_leaf,89,634.08,1096,30114.744525547445,30912.0,1096,0.8494833707809448,0.8677414655685425,0,0
11,upper_left_red_leaf,90,636.78,1096,31090.700729927008,31968.0,1096,0.861422598361969,0.878101110458374,0,0
11,upper_left_red_leaf,91,639.48,1096,31650.919708029196,32480.0,1096,0.86775141954422,0.8834031224250793,0,0
11,upper_left_red_leaf,92,642.18,1096,31761.05109489051,32776.0,1096,0.8675932884216309,0.8828900456428528,0,0
11,upper_left_red_leaf,93,644.88,1096,31999.12408759124,33120.0,1096,0.8698722720146179,0.884685754776001,0,0
11,upper_left_red_leaf,94,647.58,1096,32749.532846715327,34024.0,1096,0.8664504885673523,0.881885290145874,0,0
11,upper_left_red_leaf,95,650.29,1096,33861.48905109489,35304.0,1096,0.8691837787628174,0.8837071657180786,0,0
11,upper_left_red_leaf,96,652.99,1096,34617.03649635037,36088.0,1096,0.8704972267150879,0.8843497037887573,0,0
11,upper_left_red_leaf,97,655.69,1096,34425.22627737226,35880.0,1096,0.8702856302261353,0.8842650055885315,0,0
11,upper_left_red_leaf,98,658.4,1096,33501.38686131387,34968.0,1096,0.8688986301422119,0.8836625218391418,0,0
11,upper_left_red_leaf,99,661.1,1096,32677.591240875914,34264.0,1096,0.8652548789978027,0.8806066513061523,0,0
11,upper_left_red_leaf,100,663.81,1096,32749.912408759123,34376.0,1096,0.8588804602622986,0.8746084570884705,0,0
11,upper_left_red_leaf,101,666.52,1096,33577.09489051095,35360.0,1096,0.8505110740661621,0.8664823770523071,0,0
11,upper_left_red_leaf,102,669.23,1096,34508.9197080292,36464.0,1096,0.8404334783554077,0.8564965128898621,0,0
11,upper_left_red_leaf,103,671.94,1096,34957.92700729927,37024.0,1096,0.8363696336746216,0.8527960777282715,0,0
11,upper_left_red_leaf,104,674.65,1096,34678.56934306569,36632.0,1096,0.8351303339004517,0.8518483638763428,0,0
11,upper_left_red_leaf,105,677.36,1096,34292.45255474452,36168.0,1096,0.8376386165618896,0.8544739484786987,0,0
11,upper_left_red_leaf,106,680.07,1096,34906.788321167885,36872.0,1096,0.8485285043716431,0.864082932472229,0,0
11,upper_left_red_leaf,107,682.79,1096,37094.99270072993,39048.0,1096,0.8731808662414551,0.8855005502700806,0,0
11,upper_left_red_leaf,108,685.5,1096,40578.700729927004,42560.0,1096,0.9065221548080444,0.9153541326522827,0,0
11,upper_left_red_leaf,109,688.22,1096,44350.75912408759,46056.0,1096,0.9482114315032959,0.952914297580719,0,0
11,upper_left_red_leaf,110,690.93,1096,47198.189781021894,48536.0,1096,0.9916393756866455,0.9923677444458008,0,0
11,upper_left_red_leaf,111,693.65,1096,48384.52554744526,49712.0,1096,1.0273387432098389,1.0249152183532715,0,0
11,upper_left_red_leaf,112,696.37,1096,48130.42335766424,49168.0,1096,1.0568804740905762,1.0516834259033203,0,0
11,upper_left_red_leaf,113,699.09,1096,47793.722627737225,48800.0,1096,1.0821809768676758,1.0744669437408447,0,0
11,upper_left_red_leaf,114,701.81,1096,49045.766423357665,49976.0,1096,1.0985207557678223,1.0892291069030762,0,0
11,upper_left_red_leaf,115,704.53,1096,51110.948905109486,52096.0,1096,1.1170178651809692,1.1060304641723633,0,0
11,upper_left_red_leaf,116,707.25,1096,53855.16788321168,54864.0,1096,1.1297080516815186,1.1185009479522705,0,0
11,upper_left_red_leaf,117,709.97,1096,56195.299270072996,57208.0,1096,1.1403002738952637,1.1283092498779297,0,0
11,upper_left_red_leaf,118,712.7,1096,57641.53284671533,58664.0,1082,1.1481566429138184,1.1356425285339355,14,0
11,upper_left_red_leaf,119,715.42,1096,58019.868613138686,59024.0,1073,1.1541072130203247,1.141213059425354,23,0
11,upper_left_red_leaf,120,718.15,1096,57918.65693430657,58920.0,1073,1.1616580486297607,1.1478477716445923,23,0
11,upper_left_red_leaf,121,720.87,1096,58034.61313868613,59008.0,1071,1.1670736074447632,1.152623176574707,25,0
11,upper_left_red_leaf,122,723.6,1096,58932.233576642335,59936.0,1062,1.1732070446014404,1.1585880517959595,34,0
11,upper_left_red_leaf,123,726.33,1096,60295.57664233576,61504.0,997,1.168349027633667,1.1549506187438965,99,0
11,upper_left_red_leaf,124,729.06,1096,61578.80291970803,63160.0,831,1.1529558897018433,1.1407140493392944,265,0
11,upper_left_red_leaf,125,731.79,1096,62463.79562043796,64560.0,696,1.1318389177322388,1.1213374137878418,400,0
11,upper_left_red_leaf,126,734.52,1096,62910.39416058394,65328.0,601,1.1215548515319824,1.1121563911437988,495,0
11,upper_left_red_leaf,127,737.25,1096,63032.846715328466,65440.0,565,1.1193982362747192,1.1096736192703247,531,0
11,upper_left_red_leaf,128,739.98,1096,63044.20437956204,65464.0,574,1.124732494354248,1.1152541637420654,522,0
11,upper_left_red_leaf,129,742.72,1096,63045.459854014596,65424.0,581,1.1291614770889282,1.1192712783813477,515,0
11,upper_left_red_leaf,130,745.45,1096,63079.28467153285,65456.0,577,1.1324758529663086,1.1219656467437744,519,0
11,upper_left_red_leaf,131,748.19,1096,63081.78102189781,65416.0,582,1.1356656551361084,1.1250202655792236,514,0
11,upper_left_red_leaf,132,750.93,1096,63030.36496350365,65360.0,601,1.1413341760635376,1.1299434900283813,495,0
11,upper_left_red_leaf,133,753.66,1096,62928.20437956204,65232.0,614,1.1475541591644287,1.135757327079773,482,0
11,upper_left_red_leaf,134,756.4,1096,62862.0,65128.0,642,1.1560382843017578,1.143308162689209,454,0
11,upper_left_red_leaf,135,759.14,1096,62907.299270072996,65168.0,619,1.150943398475647,1.138807773590088,477,0
11,upper_left_red_leaf,136,761.88,1096,63126.62773722628,65440.0,571,1.1427679061889648,1.131776213645935,525,0
11,upper_left_red_leaf,137,764.62,1096,63453.255474452555,65520.0,500,1.1321254968643188,1.1214110851287842,596,0
11,upper_left_red_leaf,138,767.36,1096,63639.357664233576,65520.0,466,1.1270859241485596,1.117104172706604,630,0
11,upper_left_red_leaf,139,770.11,1096,63595.53284671533,65520.0,481,1.1340107917785645,1.1235464811325073,615,0
11,upper_left_red_leaf,140,772.85,1096,63240.04379562044,65472.0,594,1.1583914756774902,1.1459176540374756,502,0
11,upper_left_red_leaf,141,775.6,1096,62511.94160583941,64424.0,764,1.1894453763961792,1.1738836765289307,332,0
11,upper_left_red_leaf,142,778.34,1096,61495.73722627737,62888.0,892,1.2089449167251587,1.1915537118911743,204,0
11,upper_left_red_leaf,143,781.09,1096,60748.75912408759,61904.0,989,1.2213242053985596,1.2026811838150024,107,0
11,upper_left_red_leaf,144,783.84,1096,60770.81751824817,61944.0,976,1.2205970287322998,1.2015759944915771,120,0
11,upper_left_red_leaf,145,786.58,1096,61560.21897810219,62912.0,905,1.214880108833313,1.1967570781707764,191,0
11,upper_left_red_leaf,146,789.33,1096,62592.87591240876,64624.0,746,1.1941750049591064,1.1780672073364258,350,0
11,upper_left_red_leaf,147,792.08,1096,63346.96350364963,65520.0,547,1.1588935852050781,1.1461970806121826,549,0
11,upper_left_red_leaf,148,794.84,1096,63649.06569343065,65520.0,464,1.1435673236846924,1.1323983669281006,632,0
11,upper_left_red_leaf,149,797.59,1096,63570.83211678832,65520.0,513,1.1555986404418945,1.143154501914978,583,0
11,upper_left_red_leaf,150,800.34,1096,62917.85401459854,65040.0,748,1.19954252243042,1.1833736896514893,348,0
11,upper_left_red_leaf,151,803.1,1096,61553.48905109489,62952.0,1002,1.2326686382293701,1.2130591869354248,94,0
11,upper_left_red_leaf,152,805.85,1096,59490.99270072993,60488.0,1080,1.2445201873779297,1.223170518875122,16,0
11,upper_left_red_leaf,153,808.61,1096,57677.313868613135,58656.0,1096,1.2479445934295654,1.2255990505218506,0,0
11,upper_left_red_leaf,154,811.36,1096,56763.88321167883,57760.0,1096,1.249506950378418,1.2264262437820435,0,0
11,upper_left_red_leaf,155,814.12,1096,56874.56934306569,57872.0,1096,1.2506238222122192,1.2277913093566895,0,0
11,upper_left_red_leaf,156,816.88,1096,57707.94160583941,58728.0,1094,1.2504138946533203,1.2278794050216675,2,0
11,upper_left_red_leaf,157,819.64,1096,58946.189781021894,60048.0,1081,1.250555157661438,1.228477954864502,15,0
11,upper_left_red_leaf,158,822.4,1096,59994.7299270073,61120.0,1052,1.2470042705535889,1.2256150245666504,44,0
11,upper_left_red_leaf,159,825.16,1096,60552.686131386865,61696.0,1015,1.2427150011062622,1.2216026782989502,81,0
11,upper_left_red_leaf,160,827.92,1096,60381.41605839416,61504.0,1043,1.2478336095809937,1.2263374328613281,53,0
11,upper_left_red_leaf,161,830.69,1096,59558.21897810219,60672.0,1072,1.2517244815826416,1.229426622390747,24,0
11,upper_left_red_leaf,162,833.45,1096,58266.36496350365,59224.0,1091,1.2544487714767456,1.2314554452896118,5,0
11,upper_left_red_leaf,163,836.22,1096,56937.38686131387,57920.0,1096,1.2561410665512085,1.2323577404022217,0,0
11,upper_left_red_leaf,164,838.98,1096,55881.13868613139,56864.0,1096,1.2567931413650513,1.2329273223876953,0,0
11,upper_left_red_leaf,165,841.75,1096,55448.437956204376,56432.0,1096,1.257857084274292,1.2335102558135986,0,0
11,upper_left_red_leaf,166,844.52,1096,55597.47445255474,56552.0,1096,1.257951259613037,1.2337769269943237,0,0
11,upper_left_red_leaf,167,847.29,1096,56214.51094890511,57184.0,1096,1.2587560415267944,1.235018014907837,0,0
11,upper_left_red_leaf,168,850.06,1096,57017.53284671533,57984.0,1096,1.2595797777175903,1.235363483428955,0,0
11,upper_left_red_leaf,169,852.83,1096,57790.30656934307,58816.0,1095,1.2593984603881836,1.2356771230697632,1,0
11,upper_left_red_leaf,170,855.6,1096,58275.912408759126,59336.0,1092,1.2585448026657104,1.2358050346374512,4,0
11,upper_left_red_leaf,171,858.37,1096,58413.664233576645,59464.0,1092,1.2602497339248657,1.2371342182159424,4,0
11,upper_left_red_leaf,172,861.14,1096,58152.40875912409,59176.0,1094,1.2603867053985596,1.2371220588684082,2,0
11,upper_left_red_leaf,173,863.92,1096,57471.73722627737,58480.0,1096,1.2619681358337402,1.2381529808044434,0,0
11,upper_left_red_leaf,174,866.69,1096,56527.22627737226,57568.0,1096,1.264177918434143,1.2398630380630493,0,0
11,upper_left_red_leaf,175,869.47,1096,55362.32116788321,56352.0,1096,1.2660696506500244,1.2404651641845703,0,0
11,upper_left_red_leaf,176,872.25,1096,54203.83941605839,55176.0,1096,1.2673563957214355,1.2412426471710205,0,0
11,upper_left_red_leaf,177,875.03,1096,53202.11678832117,54176.0,1096,1.2686066627502441,1.2418034076690674,0,0
11,upper_left_red_leaf,178,877.8,1096,52321.109489051094,53280.0,1096,1.2694296836853027,1.2425711154937744,0,0
11,upper_left_red_leaf,179,880.58,1096,51707.79562043796,52656.0,1096,1.271507978439331,1.2435507774353027,0,0
11,upper_left_red_leaf,180,883.37,1096,51298.16058394161,52272.0,1096,1.2720303535461426,1.2441685199737549,0,0
11,upper_left_red_leaf,181,886.15,1096,51058.52554744526,52032.0,1096,1.2710081338882446,1.2429375648498535,0,0
11,upper_left_red_leaf,182,888.93,1096,50963.73722627737,51856.0,1096,1.2731516361236572,1.244650959968567,0,0
11,upper_left_red_leaf,183,891.71,1096,50863.43065693431,51792.0,1096,1.2725729942321777,1.2441691160202026,0,0
11,upper_left_red_leaf,184,894.5,1096,50633.94160583941,51552.0,1096,1.2738052606582642,1.2452898025512695,0,0
11,upper_left_red_leaf,185,897.28,1096,50228.80291970803,51152.0,1096,1.2744418382644653,1.2454735040664673,0,0
11,upper_left_red_leaf,186,900.07,1096,49549.63503649635,50432.0,1096,1.2764753103256226,1.2468974590301514,0,0
11,upper_left_red_leaf,187,902.86,1096,48593.970802919706,49488.0,1096,1.274972915649414,1.2452995777130127,0,0
11,upper_left_red_leaf,188,905.64,1096,47334.49635036496,48224.0,1096,1.2763354778289795,1.2457685470581055,0,0
11,upper_left_red_leaf,189,908.43,1096,45933.37226277372,46768.0,1096,1.2750296592712402,1.2438052892684937,0,0
11,upper_left_red_leaf,190,911.22,1096,44466.36496350365,45232.0,1096,1.2760963439941406,1.2432610988616943,0,0
11,upper_left_red_leaf,191,914.02,1096,43124.90510948905,43896.0,1096,1.2751574516296387,1.2415459156036377,0,0
11,upper_left_red_leaf,192,916.81,1096,42023.16788321168,42800.0,1096,1.275757074356079,1.2415460348129272,0,0
11,upper_left_red_leaf,193,919.6,1096,41286.04379562044,42048.0,1096,1.2751436233520508,1.2401045560836792,0,0
11,upper_left_red_leaf,194,922.39,1096,40860.51094890511,41616.0,1096,1.2746082544326782,1.2392034530639648,0,0
11,upper_left_red_leaf,195,925.19,1096,40686.087591240874,41448.0,1096,1.2751960754394531,1.2391047477722168,0,0
11,upper_left_red_leaf,196,927.98,1096,40620.55474452555,41384.0,1096,1.2725045680999756,1.2374236583709717,0,0
11,upper_left_red_leaf,197,930.78,1096,40481.69343065693,41216.0,1096,1.2735095024108887,1.2386424541473389,0,0
11,upper_left_red_leaf,198,933.58,1096,40234.39416058394,40976.0,1096,1.2699824571609497,1.2348122596740723,0,0
11,upper_left_red_leaf,199,936.38,1096,39789.41605839416,40560.0,1096,1.2684049606323242,1.233280897140503,0,0
11,upper_left_red_leaf,200,939.18,1096,39137.2700729927,39872.0,1096,1.2665421962738037,1.2310597896575928,0,0
11,upper_left_red_leaf,201,941.98,1096,38073.44525547445,38760.0,1096,1.264736533164978,1.2287447452545166,0,0
11,upper_left_red_leaf,202,944.78,1096,36607.722627737225,37280.0,1096,1.2616384029388428,1.224543809890747,0,0
11,upper_left_red_leaf,203,947.58,1096,34937.78102189781,35552.0,1096,1.2587218284606934,1.2204766273498535,0,0
11,upper_left_red_leaf,204,950.38,1096,33126.686131386865,33728.0,1096,1.2547268867492676,1.2152302265167236,0,0
11,upper_left_red_leaf,205,953.19,1096,31383.75182481752,31984.0,1096,1.2483234405517578,1.2078492641448975,0,0
11,upper_left_red_leaf,206,955.99,1096,29847.4598540146,30400.0,1096,1.2440412044525146,1.202322244644165,0,0
11,upper_left_red_leaf,207,958.8,1096,28561.956204379563,29088.0,1096,1.2400325536727905,1.1978785991668701,0,0
11,upper_left_red_leaf,208,961.6,1096,27598.97810218978,28096.0,1096,1.2375584840774536,1.1938467025756836,0,0
11,upper_left_red_leaf,209,964.41,1096,26789.167883211678,27280.0,1096,1.2355424165725708,1.1909608840942383,0,0
11,upper_left_red_leaf,210,967.22,1096,26202.992700729927,26704.0,1096,1.2358418703079224,1.1902989149093628,0,0
11,upper_left_red_leaf,211,970.03,1096,25781.518248175184,26288.0,1096,1.2383064031600952,1.1922271251678467,0,0
11,upper_left_red_leaf,212,972.84,1096,25326.919708029196,25784.0,1096,1.2368004322052002,1.190242052078247,0,0
11,upper_left_red_leaf,213,975.65,1096,24889.620437956204,25368.0,1096,1.236867904663086,1.188931941986084,0,0
11,upper_left_red_leaf,214,978.46,1096,24398.963503649637,24864.0,1096,1.2390177249908447,1.1897871494293213,0,0
11,upper_left_red_leaf,215,981.27,1096,23777.036496350363,24248.0,1096,1.2394788265228271,1.1886568069458008,0,0
11,upper_left_red_leaf,216,984.09,1096,22991.883211678833,23424.0,1096,1.2413052320480347,1.188333511352539,0,0
11,upper_left_red_leaf,217,986.9,1096,22161.357664233576,22544.0,1096,1.2440605163574219,1.1881272792816162,0,0
11,upper_left_red_leaf,218,989.72,1096,21230.218978102188,21600.0,1096,1.2453703880310059,1.1868467330932617,0,0
11,upper_left_red_leaf,219,992.54,1096,20298.905109489053,20632.0,1096,1.2464189529418945,1.1851142644882202,0,0
11,upper_left_red_leaf,220,995.35,1096,19390.5401459854,19752.0,1096,1.2488665580749512,1.184640884399414,0,0
11,upper_left_red_leaf,221,998.17,1096,18563.85401459854,18896.0,1096,1.2517147064208984,1.1834588050842285,0,0
11,upper_left_red_leaf,222,1000.99,1096,17906.627737226278,18208.0,1096,1.2543967962265015,1.1834948062896729,0,0
11,upper_left_red_leaf,223,1003.81,1096,17834.467153284673,18128.0,1096,1.2547200918197632,1.18389892578125,0,0
12,outer_red_leaf_UNCOVERED,0,397.66,693,4950.6955266955265,4944.0,0,,,0,0
12,outer_red_leaf_UNCOVERED,1,400.28,693,4964.063492063492,4960.0,0,,,0,0
12,outer_red_leaf_UNCOVERED,2,402.9,693,4980.502164502164,4976.0,0,,,0,0
12,outer_red_leaf_UNCOVERED,3,405.52,693,4985.673881673882,4976.0,0,,,0,0
12,outer_red_leaf_UNCOVERED,4,408.13,693,4980.109668109668,4992.0,0,,,0,0
12,outer_red_leaf_UNCOVERED,5,410.75,693,5039.053391053391,5040.0,0,,,0,0
12,outer_red_leaf_UNCOVERED,6,413.37,693,5036.929292929293,5040.0,0,,,0,0
12,outer_red_leaf_UNCOVERED,7,416.0,693,5065.489177489178,5072.0,0,,,0,0
12,outer_red_leaf_UNCOVERED,8,418.62,693,5073.893217893218,5072.0,0,,,0,0
12,outer_red_leaf_UNCOVERED,9,421.24,693,5095.988455988456,5088.0,0,,,0,0
12,outer_red_leaf_UNCOVERED,10,423.86,693,5086.891774891775,5088.0,0,,,0,0
12,outer_red_leaf_UNCOVERED,11,426.49,693,5120.923520923521,5120.0,0,,,0,0
12,outer_red_leaf_UNCOVERED,12,429.12,693,5155.948051948052,5152.0,0,,,0,0
12,outer_red_leaf_UNCOVERED,13,431.74,693,5173.841269841269,5168.0,0,,,0,0
12,outer_red_leaf_UNCOVERED,14,434.37,693,5212.721500721501,5216.0,0,,,0,0
12,outer_red_leaf_UNCOVERED,15,437.0,693,5246.060606060606,5248.0,0,,,0,0
12,outer_red_leaf_UNCOVERED,16,439.63,693,5298.401154401155,5296.0,0,,,0,0
12,outer_red_leaf_UNCOVERED,17,442.26,693,5293.945165945166,5296.0,0,,,0,0
12,outer_red_leaf_UNCOVERED,18,444.89,693,5340.606060606061,5344.0,0,,,0,0
12,outer_red_leaf_UNCOVERED,19,447.52,693,5390.1529581529585,5376.0,0,,,0,0
12,outer_red_leaf_UNCOVERED,20,450.16,693,5437.806637806638,5424.0,0,,,0,0
12,outer_red_leaf_UNCOVERED,21,452.79,693,5411.694083694084,5424.0,0,,,0,0
12,outer_red_leaf_UNCOVERED,22,455.43,693,5438.337662337663,5440.0,0,,,0,0
12,outer_red_leaf_UNCOVERED,23,458.06,693,5459.578643578644,5472.0,0,,,0,0
12,outer_red_leaf_UNCOVERED,24,460.7,693,5490.8167388167385,5488.0,0,,,0,0
12,outer_red_leaf_UNCOVERED,25,463.34,693,5479.018759018759,5472.0,0,,,0,0
12,outer_red_leaf_UNCOVERED,26,465.98,693,5560.450216450216,5536.0,0,,,0,0
12,outer_red_leaf_UNCOVERED,27,468.62,693,5633.269841269841,5632.0,0,,,0,0
12,outer_red_leaf_UNCOVERED,28,471.26,693,5617.685425685426,5600.0,0,,,0,0
12,outer_red_leaf_UNCOVERED,29,473.9,693,5660.721500721501,5664.0,0,,,0,0
12,outer_red_leaf_UNCOVERED,30,476.54,693,5739.636363636364,5728.0,0,,,0,0
12,outer_red_leaf_UNCOVERED,31,479.18,693,5784.681096681096,5776.0,0,,,0,0
12,outer_red_leaf_UNCOVERED,32,481.83,693,5833.581529581529,5824.0,0,,,0,0
12,outer_red_leaf_UNCOVERED,33,484.47,693,5904.646464646465,5872.0,0,,,0,0
12,outer_red_leaf_UNCOVERED,34,487.12,693,5998.568542568542,5968.0,0,,,0,0
12,outer_red_leaf_UNCOVERED,35,489.77,693,6081.893217893218,6048.0,0,,,0,0
12,outer_red_leaf_UNCOVERED,36,492.42,693,6155.197691197691,6144.0,0,,,0,0
12,outer_red_leaf_UNCOVERED,37,495.07,693,6281.350649350649,6240.0,0,,,0,0
12,outer_red_leaf_UNCOVERED,38,497.72,693,6383.838383838384,6352.0,0,,,0,0
12,outer_red_leaf_UNCOVERED,39,500.37,693,6498.10101010101,6480.0,0,,,0,0
12,outer_red_leaf_UNCOVERED,40,503.02,693,6653.714285714285,6624.0,0,,,0,0
12,outer_red_leaf_UNCOVERED,41,505.67,693,6714.481962481963,6672.0,0,,,0,0
12,outer_red_leaf_UNCOVERED,42,508.32,693,6800.8773448773445,6768.0,0,,,0,0
12,outer_red_leaf_UNCOVERED,43,510.98,693,7023.468975468975,6992.0,0,,,0,0
12,outer_red_leaf_UNCOVERED,44,513.63,693,7229.229437229437,7200.0,0,,,0,0
12,outer_red_leaf_UNCOVERED,45,516.29,693,7298.932178932179,7264.0,0,,,0,0
12,outer_red_leaf_UNCOVERED,46,518.95,693,7377.200577200577,7344.0,0,,,0,0
12,outer_red_leaf_UNCOVERED,47,521.61,693,7654.533910533911,7632.0,0,,,0,0
12,outer_red_leaf_UNCOVERED,48,524.27,693,7917.206349206349,7856.0,0,,,0,0
12,outer_red_leaf_UNCOVERED,49,526.93,693,8005.402597402597,7952.0,0,,,0,0
12,outer_red_leaf_UNCOVERED,50,529.59,693,8070.07215007215,8016.0,0,,,0,0
12,outer_red_leaf_UNCOVERED,51,532.25,693,8417.108225108224,8368.0,0,,,0,0
12,outer_red_leaf_UNCOVERED,52,534.91,693,8810.27417027417,8752.0,0,,,0,0
12,outer_red_leaf_UNCOVERED,53,537.57,693,9021.829725829726,8976.0,0,,,0,0
12,outer_red_leaf_UNCOVERED,54,540.24,693,9048.265512265512,8992.0,0,,,0,0
12,outer_red_leaf_UNCOVERED,55,542.91,693,9279.792207792209,9200.0,0,,,0,0
12,outer_red_leaf_UNCOVERED,56,545.57,693,9615.05339105339,9520.0,0,,,0,0
12,outer_red_leaf_UNCOVERED,57,548.24,693,9833.096681096682,9760.0,0,,,0,0
12,outer_red_leaf_UNCOVERED,58,550.91,693,9907.116883116883,9824.0,0,,,0,0
12,outer_red_leaf_UNCOVERED,59,553.58,693,10115.532467532468,10032.0,0,,,0,0
12,outer_red_leaf_UNCOVERED,60,556.25,693,10441.720057720058,10352.0,0,,,0,0
12,outer_red_leaf_UNCOVERED,61,558.92,693,10656.323232323231,10512.0,0,,,0,0
12,outer_red_leaf_UNCOVERED,62,561.59,693,10731.613275613276,10640.0,0,,,0,0
12,outer_red_leaf_UNCOVERED,63,564.26,693,10901.910533910534,10816.0,0,,,0,0
12,outer_red_leaf_UNCOVERED,64,566.94,693,11284.663780663781,11232.0,0,,,0,0
12,outer_red_leaf_UNCOVERED,65,569.61,693,11512.51948051948,11424.0,0,,,0,0
12,outer_red_leaf_UNCOVERED,66,572.29,693,11521.06204906205,11456.0,0,,,0,0
12,outer_red_leaf_UNCOVERED,67,574.96,693,11567.007215007216,11488.0,0,,,0,0
12,outer_red_leaf_UNCOVERED,68,577.64,693,11904.531024531025,11808.0,0,,,0,0
12,outer_red_leaf_UNCOVERED,69,580.32,693,12379.936507936507,12304.0,0,,,0,0
12,outer_red_leaf_UNCOVERED,70,583.0,693,12648.727272727272,12576.0,0,,,0,0
12,outer_red_leaf_UNCOVERED,71,585.68,693,12544.877344877345,12496.0,0,,,0,0
12,outer_red_leaf_UNCOVERED,72,588.36,693,12440.473304473304,12384.0,0,,,0,0
12,outer_red_leaf_UNCOVERED,73,591.04,693,12862.176046176046,12768.0,0,,,0,0
12,outer_red_leaf_UNCOVERED,74,593.73,693,13671.642135642136,13664.0,0,,,0,0
12,outer_red_leaf_UNCOVERED,75,596.41,693,14398.453102453102,14352.0,0,,,0,0
12,outer_red_leaf_UNCOVERED,76,599.1,693,14696.565656565657,14688.0,0,,,0,0
12,outer_red_leaf_UNCOVERED,77,601.78,693,14920.565656565657,14880.0,0,,,0,0
12,outer_red_leaf_UNCOVERED,78,604.47,693,15541.702741702742,15520.0,0,,,0,0
12,outer_red_leaf_UNCOVERED,79,607.16,693,16708.271284271283,16640.0,0,,,0,0
12,outer_red_leaf_UNCOVERED,80,609.85,693,17976.681096681095,17904.0,0,,,0,0
12,outer_red_leaf_UNCOVERED,81,612.53,693,18982.1645021645,18912.0,0,,,0,0
12,outer_red_leaf_UNCOVERED,82,615.23,693,19620.22510822511,19488.0,0,,,0,0
12,outer_red_leaf_UNCOVERED,83,617.92,693,20343.780663780664,20208.0,0,,,0,0
12,outer_red_leaf_UNCOVERED,84,620.61,693,21523.23232323232,21440.0,0,,,0,0
12,outer_red_leaf_UNCOVERED,85,623.3,693,23038.70707070707,22912.0,0,,,0,0
12,outer_red_leaf_UNCOVERED,86,626.0,693,24486.141414141413,24320.0,0,,,0,0
12,outer_red_leaf_UNCOVERED,87,628.69,693,25586.33189033189,25392.0,0,,,0,0
12,outer_red_leaf_UNCOVERED,88,631.39,693,26524.490620490622,26304.0,0,,,0,0
12,outer_red_leaf_UNCOVERED,89,634.08,693,27596.60606060606,27392.0,0,,,0,0
12,outer_red_leaf_UNCOVERED,90,636.78,693,28743.503607503608,28560.0,0,,,0,0
12,outer_red_leaf_UNCOVERED,91,639.48,693,29698.1240981241,29504.0,0,,,0,0
12,outer_red_leaf_UNCOVERED,92,642.18,693,30182.233766233767,30032.0,0,,,0,0
12,outer_red_leaf_UNCOVERED,93,644.88,693,30400.20779220779,30384.0,0,,,0,0
12,outer_red_leaf_UNCOVERED,94,647.58,693,30901.9797979798,30960.0,0,,,0,0
12,outer_red_leaf_UNCOVERED,95,650.29,693,31932.929292929293,32080.0,0,,,0,0
12,outer_red_leaf_UNCOVERED,96,652.99,693,33060.0404040404,33248.0,0,,,0,0
12,outer_red_leaf_UNCOVERED,97,655.69,693,33620.54834054834,33840.0,0,,,0,0
12,outer_red_leaf_UNCOVERED,98,658.4,693,33177.18903318903,33424.0,0,,,0,0
12,outer_red_leaf_UNCOVERED,99,661.1,693,32121.8354978355,32432.0,0,,,0,0
12,outer_red_leaf_UNCOVERED,100,663.81,693,31490.008658008657,31984.0,0,,,0,0
12,outer_red_leaf_UNCOVERED,101,666.52,693,31655.526695526696,32240.0,0,,,0,0
12,outer_red_leaf_UNCOVERED,102,669.23,693,32529.154401154403,33216.0,0,,,0,0
12,outer_red_leaf_UNCOVERED,103,671.94,693,33535.67676767677,34272.0,0,,,0,0
12,outer_red_leaf_UNCOVERED,104,674.65,693,34172.07503607504,35072.0,0,,,0,0
12,outer_red_leaf_UNCOVERED,105,677.36,693,34263.757575757576,35184.0,0,,,0,0
12,outer_red_leaf_UNCOVERED,106,680.07,693,34467.78643578644,35392.0,0,,,0,0
12,outer_red_leaf_UNCOVERED,107,682.79,693,35836.121212121216,36736.0,0,,,0,0
12,outer_red_leaf_UNCOVERED,108,685.5,693,38761.48917748918,39392.0,0,,,0,0
12,outer_red_leaf_UNCOVERED,109,688.22,693,42486.21067821068,42832.0,0,,,0,0
12,outer_red_leaf_UNCOVERED,110,690.93,693,46053.72582972583,45920.0,0,,,0,0
12,outer_red_leaf_UNCOVERED,111,693.65,693,48413.16017316018,48016.0,0,,,0,0
12,outer_red_leaf_UNCOVERED,112,696.37,693,49020.305916305915,48544.0,0,,,0,0
12,outer_red_leaf_UNCOVERED,113,699.09,693,49178.066378066374,48864.0,0,,,0,0
12,outer_red_leaf_UNCOVERED,114,701.81,693,49421.85281385281,49344.0,0,,,0,0
12,outer_red_leaf_UNCOVERED,115,704.53,693,50772.2481962482,50816.0,0,,,0,0
12,outer_red_leaf_UNCOVERED,116,707.25,693,53044.08658008658,53232.0,0,,,0,0
12,outer_red_leaf_UNCOVERED,117,709.97,693,55552.992784992784,55856.0,0,,,0,0
12,outer_red_leaf_UNCOVERED,118,712.7,693,57798.34920634921,58224.0,0,,,4,0
12,outer_red_leaf_UNCOVERED,119,715.42,693,59036.88311688312,59568.0,0,,,53,0
12,outer_red_leaf_UNCOVERED,120,718.15,693,59412.871572871576,60000.0,0,,,73,0
12,outer_red_leaf_UNCOVERED,121,720.87,693,59477.74891774892,60064.0,0,,,77,0
12,outer_red_leaf_UNCOVERED,122,723.6,693,59801.99711399712,60512.0,0,,,87,0
12,outer_red_leaf_UNCOVERED,123,726.33,693,60547.694083694085,61424.0,0,,,134,0
12,outer_red_leaf_UNCOVERED,124,729.06,693,61425.36219336219,62608.0,0,,,202,0
12,outer_red_leaf_UNCOVERED,125,731.79,693,62224.50793650794,63744.0,0,,,256,0
12,outer_red_leaf_UNCOVERED,126,734.52,693,62774.118326118325,65008.0,0,,,312,0
12,outer_red_leaf_UNCOVERED,127,737.25,693,63075.80952380953,65488.0,0,,,338,0
12,outer_red_leaf_UNCOVERED,128,739.98,693,63207.36507936508,65504.0,0,,,345,0
12,outer_red_leaf_UNCOVERED,129,742.72,693,63313.63924963925,65520.0,0,,,352,0
12,outer_red_leaf_UNCOVERED,130,745.45,693,63397.26406926407,65520.0,0,,,363,0
12,outer_red_leaf_UNCOVERED,131,748.19,693,63422.59163059163,65520.0,0,,,363,0
12,outer_red_leaf_UNCOVERED,132,750.93,693,63332.34054834055,65520.0,0,,,350,0
12,outer_red_leaf_UNCOVERED,133,753.66,693,63146.73593073593,65456.0,0,,,331,0
12,outer_red_leaf_UNCOVERED,134,756.4,693,62938.920634920636,65168.0,0,,,312,0
12,outer_red_leaf_UNCOVERED,135,759.14,693,62776.242424242424,64784.0,0,,,297,0
12,outer_red_leaf_UNCOVERED,136,761.88,693,62853.10245310245,64912.0,0,,,296,0
12,outer_red_leaf_UNCOVERED,137,764.62,693,63085.367965367965,65296.0,0,,,318,0
12,outer_red_leaf_UNCOVERED,138,767.36,693,63326.083694083696,65504.0,0,,,346,0
12,outer_red_leaf_UNCOVERED,139,770.11,693,63520.48484848485,65520.0,0,,,364,0
12,outer_red_leaf_UNCOVERED,140,772.85,693,63448.958152958156,65520.0,0,,,352,0
12,outer_red_leaf_UNCOVERED,141,775.6,693,63082.82828282828,65216.0,0,,,310,0
12,outer_red_leaf_UNCOVERED,142,778.34,693,62346.481962481965,64000.0,0,,,240,0
12,outer_red_leaf_UNCOVERED,143,781.09,693,61530.62049062049,62640.0,0,,,184,0
12,outer_red_leaf_UNCOVERED,144,783.84,693,61084.55988455989,61936.0,0,,,154,0
12,outer_red_leaf_UNCOVERED,145,786.58,693,61247.30735930736,62112.0,0,,,149,0
12,outer_red_leaf_UNCOVERED,146,789.33,693,61891.555555555555,63040.0,0,,,196,0
12,outer_red_leaf_UNCOVERED,147,792.08,693,62688.41558441558,64432.0,0,,,254,0
12,outer_red_leaf_UNCOVERED,148,794.84,693,63220.271284271286,65296.0,0,,,313,0
12,outer_red_leaf_UNCOVERED,149,797.59,693,63454.03751803752,65520.0,0,,,348,0
12,outer_red_leaf_UNCOVERED,150,800.34,693,63213.27561327561,65280.0,0,,,323,0
12,outer_red_leaf_UNCOVERED,151,803.1,693,62445.55266955267,64144.0,0,,,245,0
12,outer_red_leaf_UNCOVERED,152,805.85,693,61052.55988455989,61968.0,0,,,132,0
12,outer_red_leaf_UNCOVERED,153,808.61,693,59346.44733044733,59808.0,0,,,31,0
12,outer_red_leaf_UNCOVERED,154,811.36,693,57833.81240981241,58304.0,0,,,3,0
12,outer_red_leaf_UNCOVERED,155,814.12,693,57168.831168831166,57616.0,0,,,0,0
12,outer_red_leaf_UNCOVERED,156,816.88,693,57371.128427128424,57840.0,0,,,1,0
12,outer_red_leaf_UNCOVERED,157,819.64,693,58222.868686868685,58640.0,0,,,0,0
12,outer_red_leaf_UNCOVERED,158,822.4,693,59273.2582972583,59744.0,0,,,17,0
12,outer_red_leaf_UNCOVERED,159,825.16,693,60110.06060606061,60656.0,0,,,61,0
12,outer_red_leaf_UNCOVERED,160,827.92,693,60460.444444444445,61040.0,0,,,92,0
12,outer_red_leaf_UNCOVERED,161,830.69,693,60291.232323232325,60880.0,0,,,80,0
12,outer_red_leaf_UNCOVERED,162,833.45,693,59544.05772005772,60000.0,0,,,24,0
12,outer_red_leaf_UNCOVERED,163,836.22,693,58444.79076479076,58896.0,0,,,5,0
12,outer_red_leaf_UNCOVERED,164,838.98,693,57264.02308802309,57648.0,0,,,1,0
12,outer_red_leaf_UNCOVERED,165,841.75,693,56422.41847041847,56768.0,0,,,0,0
12,outer_red_leaf_UNCOVERED,166,844.52,693,56056.542568542565,56448.0,0,,,0,0
12,outer_red_leaf_UNCOVERED,167,847.29,693,56151.24963924964,56560.0,0,,,0,0
12,outer_red_leaf_UNCOVERED,168,850.06,693,56526.430014430014,56960.0,0,,,0,0
12,outer_red_leaf_UNCOVERED,169,852.83,693,57057.01587301587,57520.0,0,,,0,0
12,outer_red_leaf_UNCOVERED,170,855.6,693,57505.82395382395,57936.0,0,,,0,0
12,outer_red_leaf_UNCOVERED,171,858.37,693,57830.256854256855,58256.0,0,,,0,0
12,outer_red_leaf_UNCOVERED,172,861.14,693,57832.03463203463,58272.0,0,,,0,0
12,outer_red_leaf_UNCOVERED,173,863.92,693,57512.88888888889,57952.0,0,,,0,0
12,outer_red_leaf_UNCOVERED,174,866.69,693,56890.9898989899,57344.0,0,,,0,0
12,outer_red_leaf_UNCOVERED,175,869.47,693,55912.33477633478,56320.0,0,,,0,0
12,outer_red_leaf_UNCOVERED,176,872.25,693,54797.62193362194,55216.0,0,,,0,0
12,outer_red_leaf_UNCOVERED,177,875.03,693,53710.52236652237,54112.0,0,,,0,0
12,outer_red_leaf_UNCOVERED,178,877.8,693,52659.232323232325,53024.0,0,,,0,0
12,outer_red_leaf_UNCOVERED,179,880.58,693,51788.99855699856,52160.0,0,,,0,0
12,outer_red_leaf_UNCOVERED,180,883.37,693,51077.679653679654,51472.0,0,,,0,0
12,outer_red_leaf_UNCOVERED,181,886.15,693,50569.72005772006,50928.0,0,,,0,0
12,outer_red_leaf_UNCOVERED,182,888.93,693,50218.29725829726,50544.0,0,,,0,0
12,outer_red_leaf_UNCOVERED,183,891.71,693,49995.5670995671,50352.0,0,,,0,0
12,outer_red_leaf_UNCOVERED,184,894.5,693,49780.10966810967,50096.0,0,,,0,0
12,outer_red_leaf_UNCOVERED,185,897.28,693,49459.60173160173,49840.0,0,,,0,0
12,outer_red_leaf_UNCOVERED,186,900.07,693,48981.86435786436,49408.0,0,,,0,0
12,outer_red_leaf_UNCOVERED,187,902.86,693,48262.34920634921,48592.0,0,,,0,0
12,outer_red_leaf_UNCOVERED,188,905.64,693,47288.42712842713,47600.0,0,,,0,0
12,outer_red_leaf_UNCOVERED,189,908.43,693,46054.76479076479,46400.0,0,,,0,0
12,outer_red_leaf_UNCOVERED,190,911.22,693,44731.082251082255,45024.0,0,,,0,0
12,outer_red_leaf_UNCOVERED,191,914.02,693,43354.04329004329,43680.0,0,,,0,0
12,outer_red_leaf_UNCOVERED,192,916.81,693,42091.15151515151,42352.0,0,,,0,0
12,outer_red_leaf_UNCOVERED,193,919.6,693,41056.48484848485,41360.0,0,,,0,0
12,outer_red_leaf_UNCOVERED,194,922.39,693,40370.14718614719,40640.0,0,,,0,0
12,outer_red_leaf_UNCOVERED,195,925.19,693,39946.73593073593,40224.0,0,,,0,0
12,outer_red_leaf_UNCOVERED,196,927.98,693,39648.969696969696,39968.0,0,,,0,0
12,outer_red_leaf_UNCOVERED,197,930.78,693,39388.767676767675,39648.0,0,,,0,0
12,outer_red_leaf_UNCOVERED,198,933.58,693,39060.617604617604,39344.0,0,,,0,0
12,outer_red_leaf_UNCOVERED,199,936.38,693,38663.52669552669,38928.0,0,,,0,0
12,outer_red_leaf_UNCOVERED,200,939.18,693,38051.13997113997,38352.0,0,,,0,0
12,outer_red_leaf_UNCOVERED,201,941.98,693,37121.98556998557,37408.0,0,,,0,0
12,outer_red_leaf_UNCOVERED,202,944.78,693,35875.417027417025,36144.0,0,,,0,0
12,outer_red_leaf_UNCOVERED,203,947.58,693,34377.35064935065,34608.0,0,,,0,0
12,outer_red_leaf_UNCOVERED,204,950.38,693,32620.1443001443,32832.0,0,,,0,0
12,outer_red_leaf_UNCOVERED,205,953.19,693,30841.304473304474,30976.0,0,,,0,0
12,outer_red_leaf_UNCOVERED,206,955.99,693,29221.72582972583,29360.0,0,,,0,0
12,outer_red_leaf_UNCOVERED,207,958.8,693,27851.70562770563,28016.0,0,,,0,0
12,outer_red_leaf_UNCOVERED,208,961.6,693,26716.652236652237,26864.0,0,,,0,0
12,outer_red_leaf_UNCOVERED,209,964.41,693,25829.217893217894,25984.0,0,,,0,0
12,outer_red_leaf_UNCOVERED,210,967.22,693,25171.509379509378,25296.0,0,,,0,0
12,outer_red_leaf_UNCOVERED,211,970.03,693,24606.12987012987,24736.0,0,,,0,0
12,outer_red_leaf_UNCOVERED,212,972.84,693,24163.948051948053,24288.0,0,,,0,0
12,outer_red_leaf_UNCOVERED,213,975.65,693,23716.848484848484,23824.0,0,,,0,0
12,outer_red_leaf_UNCOVERED,214,978.46,693,23240.473304473304,23376.0,0,,,0,0
12,outer_red_leaf_UNCOVERED,215,981.27,693,22674.33189033189,22784.0,0,,,0,0
12,outer_red_leaf_UNCOVERED,216,984.09,693,22041.073593073594,22144.0,0,,,0,0
12,outer_red_leaf_UNCOVERED,217,986.9,693,21333.079365079364,21440.0,0,,,0,0
12,outer_red_leaf_UNCOVERED,218,989.72,693,20493.922077922078,20576.0,0,,,0,0
12,outer_red_leaf_UNCOVERED,219,992.54,693,19637.933621933622,19728.0,0,,,0,0
12,outer_red_leaf_UNCOVERED,220,995.35,693,18791.45743145743,18864.0,0,,,0,0
12,outer_red_leaf_UNCOVERED,221,998.17,693,17981.275613275615,18080.0,0,,,0,0
12,outer_red_leaf_UNCOVERED,222,1000.99,693,17260.329004329004,17360.0,0,,,0,0
12,outer_red_leaf_UNCOVERED,223,1003.81,693,17146.27417027417,17216.0,0,,,0,0
