camera,patch_id,region_id,patch_name,source_band_zero_based,wavelength_nm,sample_pixels,raw_DN_mean,raw_DN_median,Q_valid_n,Q_mean,Q_median,Q_p05,Q_p95,Q0_median,suspected_clipped_n,low_signal_n
fx10,1,1,green_tissue_a,0,397.66,240,4888.533333333334,4880.0,240,0.5387999415397644,0.5409836173057556,0.39326202422380446,0.6835929006338118,0.916167676448822,0,1
fx10,1,1,green_tissue_a,1,400.28,240,4869.866666666667,4864.0,240,0.5313597321510315,0.5322580933570862,0.43519728183746337,0.6408518135547637,0.9126505851745605,0,0
fx10,1,1,green_tissue_a,2,402.9,240,4882.0,4880.0,240,0.5100319981575012,0.5076923370361328,0.43044289499521254,0.6000000238418579,0.9050444960594177,0,0
fx10,1,1,green_tissue_a,3,405.52,240,4880.666666666667,4880.0,240,0.49704641103744507,0.49295774102211,0.41791045665740967,0.5735294222831726,0.8976607918739319,0,0
fx10,1,1,green_tissue_a,4,408.13,240,4902.666666666667,4912.0,240,0.48018112778663635,0.47999998927116394,0.39436620473861694,0.5558599948883055,0.8911764621734619,0,0
fx10,1,1,green_tissue_a,5,410.75,240,4918.4,4896.0,240,0.47190338373184204,0.4736842215061188,0.3944805324077606,0.5526315569877625,0.884393036365509,0,0
fx10,1,1,green_tissue_a,6,413.37,240,4937.133333333333,4928.0,240,0.45838606357574463,0.45679011940956116,0.39240506291389465,0.5249999761581421,0.8778409361839294,0,0
fx10,1,1,green_tissue_a,7,416.0,240,4949.333333333333,4936.0,240,0.4509849548339844,0.45121949911117554,0.3855421543121338,0.5176906585693359,0.8730838298797607,0,0
fx10,1,1,green_tissue_a,8,418.62,240,4955.066666666667,4944.0,240,0.45056724548339844,0.45348837971687317,0.380952388048172,0.5172616451978683,0.8683463335037231,0,0
fx10,1,1,green_tissue_a,9,421.24,240,4990.2,4976.0,240,0.44658416509628296,0.450549453496933,0.3777777850627899,0.5111111402511597,0.8632582426071167,0,0
fx10,1,1,green_tissue_a,10,423.86,240,4990.2,4992.0,240,0.4379224479198456,0.4432166814804077,0.37362638115882874,0.49462366104125977,0.8583106398582458,0,0
fx10,1,1,green_tissue_a,11,426.49,240,5018.8,5024.0,240,0.43102067708969116,0.4375,0.3643954128026962,0.4895833432674408,0.8517520427703857,0,0
fx10,1,1,green_tissue_a,12,429.12,240,5036.133333333333,5040.0,240,0.42268994450569153,0.42307692766189575,0.3564356565475464,0.48076921701431274,0.8418969511985779,0,0
fx10,1,1,green_tissue_a,13,431.74,240,5054.8,5056.0,240,0.4213268458843231,0.42380261421203613,0.36098007708787916,0.48159346431493755,0.8366243839263916,0,0
fx10,1,1,green_tissue_a,14,434.37,240,5112.0,5104.0,240,0.4121766984462738,0.41228070855140686,0.35369389951229097,0.46107168793678277,0.8265982866287231,0,0
fx10,1,1,green_tissue_a,15,437.0,240,5138.6,5152.0,240,0.4024451673030853,0.4032258093357086,0.34100635796785356,0.45989355593919745,0.8130489587783813,0,0
fx10,1,1,green_tissue_a,16,439.63,240,5171.2,5168.0,240,0.39496859908103943,0.39382827281951904,0.3306429922580719,0.45864662528038025,0.802955687046051,0,0
fx10,1,1,green_tissue_a,17,442.26,240,5229.133333333333,5232.0,240,0.38619792461395264,0.38461539149284363,0.3164536952972412,0.45297546982765197,0.7897310256958008,0,0
fx10,1,1,green_tissue_a,18,444.89,240,5251.333333333333,5248.0,240,0.3744621276855469,0.3754194676876068,0.313499753177166,0.44078946113586426,0.7764564752578735,0,0
fx10,1,1,green_tissue_a,19,447.52,240,5306.133333333333,5288.0,240,0.37289440631866455,0.372310996055603,0.3103435546159744,0.4375,0.7668997645378113,0,0
fx10,1,1,green_tissue_a,20,450.16,240,5360.2,5360.0,240,0.3750233054161072,0.37313753366470337,0.3115610972046852,0.4498933523893356,0.759637176990509,0,0
fx10,1,1,green_tissue_a,21,452.79,240,5375.4,5376.0,240,0.37193557620048523,0.37142857909202576,0.30265680253505706,0.4432449445128441,0.7540795803070068,0,0
fx10,1,1,green_tissue_a,22,455.43,240,5412.0,5400.0,240,0.36894673109054565,0.3608834147453308,0.29378530383110046,0.4427445590496063,0.7463696002960205,0,0
fx10,1,1,green_tissue_a,23,458.06,240,5463.133333333333,5472.0,240,0.3708554208278656,0.37026649713516235,0.29713831692934034,0.4439695924520492,0.7451192140579224,0,0
fx10,1,1,green_tissue_a,24,460.7,240,5445.2,5440.0,240,0.374338835477829,0.3743315637111664,0.3004647672176361,0.44929231405258174,0.7450549602508545,0,0
fx10,1,1,green_tissue_a,25,463.34,240,5465.866666666667,5448.0,240,0.3745777904987335,0.3709677457809448,0.3099963217973709,0.4497617781162262,0.7403755784034729,0,0
fx10,1,1,green_tissue_a,26,465.98,240,5531.466666666666,5536.0,240,0.3701702654361725,0.36880868673324585,0.29989900141954423,0.4439561158418655,0.7297857999801636,0,0
fx10,1,1,green_tissue_a,27,468.62,240,5569.8,5568.0,240,0.36622676253318787,0.3611809015274048,0.2828924089670181,0.44938442111015314,0.7253668904304504,0,0
fx10,1,1,green_tissue_a,28,471.26,240,5577.0,5576.0,240,0.36607739329338074,0.3619047701358795,0.2870813310146332,0.44714057445526123,0.722741961479187,0,0
fx10,1,1,green_tissue_a,29,473.9,240,5666.666666666667,5648.0,240,0.36169591546058655,0.3574534058570862,0.27944024056196215,0.4449815973639488,0.7068790197372437,0,0
fx10,1,1,green_tissue_a,30,476.54,240,5761.2,5744.0,240,0.36052119731903076,0.3560517430305481,0.28976891934871674,0.4508196711540222,0.696073055267334,0,0
fx10,1,1,green_tissue_a,31,479.18,240,5805.133333333333,5776.0,240,0.3576897382736206,0.35083961486816406,0.2811245024204254,0.4545454680919647,0.6889405250549316,0,0
fx10,1,1,green_tissue_a,32,481.83,240,5900.066666666667,5872.0,240,0.3564648926258087,0.35164836049079895,0.276752769947052,0.4506388038396835,0.6755996942520142,0,0
fx10,1,1,green_tissue_a,33,484.47,240,6054.0,6024.0,240,0.3516327440738678,0.3467339873313904,0.2685717731714249,0.4460215330123901,0.6606249213218689,0,0
fx10,1,1,green_tissue_a,34,487.12,240,6069.533333333334,6048.0,240,0.3504241704940796,0.34733474254608154,0.26655915230512617,0.4497227132320403,0.6496544480323792,0,0
fx10,1,1,green_tissue_a,35,489.77,240,6180.266666666666,6144.0,240,0.3512139618396759,0.34250763058662415,0.26539125442504885,0.4472668439149856,0.6412859559059143,0,0
fx10,1,1,green_tissue_a,36,492.42,240,6320.733333333334,6272.0,240,0.35072892904281616,0.3427433371543884,0.2677016630768776,0.4527131304144859,0.6275138854980469,0,0
fx10,1,1,green_tissue_a,37,495.07,240,6450.6,6384.0,240,0.3522670865058899,0.34277743101119995,0.26408012956380844,0.4550633296370506,0.6193047761917114,0,0
fx10,1,1,green_tissue_a,38,497.72,240,6542.133333333333,6464.0,240,0.3546677231788635,0.34362950921058655,0.2650918662548065,0.4588221564888954,0.6148036122322083,0,0
fx10,1,1,green_tissue_a,39,500.37,240,6679.466666666666,6624.0,240,0.3591894805431366,0.35228705406188965,0.26526579856872556,0.46343592703342434,0.6104962229728699,0,0
fx10,1,1,green_tissue_a,40,503.02,240,6788.2,6736.0,240,0.36458393931388855,0.35560858249664307,0.270334929227829,0.4765402764081954,0.6085044145584106,0,0
fx10,1,1,green_tissue_a,41,505.67,240,6838.066666666667,6792.0,240,0.3734181523323059,0.3629828691482544,0.2781035482883453,0.48699384629726405,0.6147172451019287,0,0
fx10,1,1,green_tissue_a,42,508.32,240,6978.733333333334,6896.0,240,0.38123035430908203,0.3705398738384247,0.28599651604890824,0.4965675175189972,0.612473726272583,0,0
fx10,1,1,green_tissue_a,43,510.98,240,7235.733333333334,7152.0,240,0.3906009793281555,0.37931033968925476,0.2874727785587311,0.507620045542717,0.6101809144020081,0,0
fx10,1,1,green_tissue_a,44,513.63,240,7344.666666666667,7288.0,240,0.39946427941322327,0.39081698656082153,0.30166495591402054,0.5227889776229858,0.6172506809234619,0,0
fx10,1,1,green_tissue_a,45,516.29,240,7379.733333333334,7312.0,240,0.4119018018245697,0.4010865092277527,0.30452384054660797,0.5433189719915389,0.6234212517738342,0,0
fx10,1,1,green_tissue_a,46,518.95,240,7597.8,7520.0,240,0.4236340820789337,0.4135802388191223,0.31730500012636187,0.5579218357801436,0.6237665414810181,0,0
fx10,1,1,green_tissue_a,47,521.61,240,8000.133333333333,7904.0,240,0.43645980954170227,0.42563381791114807,0.3235840857028961,0.5872106373310089,0.622085690498352,0,0
fx10,1,1,green_tissue_a,48,524.27,240,8167.6,8072.0,240,0.4485638439655304,0.43568155169487,0.33581742346286775,0.6013451695442199,0.6264771223068237,0,0
fx10,1,1,green_tissue_a,49,526.93,240,8303.666666666666,8176.0,240,0.46178632974624634,0.44682836532592773,0.34951640516519544,0.6255618274211884,0.6331691145896912,0,0
fx10,1,1,green_tissue_a,50,529.59,240,8684.4,8536.0,240,0.4716682434082031,0.453125,0.3526145935058594,0.6429031193256378,0.6292133331298828,0,0
fx10,1,1,green_tissue_a,51,532.25,240,9304.733333333334,9112.0,240,0.48001840710639954,0.4628625810146332,0.3557488113641739,0.6574641793966293,0.6228817105293274,0,0
fx10,1,1,green_tissue_a,52,534.91,240,9739.0,9512.0,240,0.48686885833740234,0.46724778413772583,0.3582492366433144,0.6676261126995087,0.6190475225448608,0,0
fx10,1,1,green_tissue_a,53,537.57,240,9886.8,9696.0,240,0.4931636154651642,0.4749302268028259,0.36214968264102937,0.6767806351184844,0.6226702928543091,0,0
fx10,1,1,green_tissue_a,54,540.24,240,10132.333333333334,9888.0,240,0.4976385235786438,0.4772716462612152,0.36901579052209854,0.6816179990768432,0.6192152500152588,0,0
fx10,1,1,green_tissue_a,55,542.91,240,10661.8,10376.0,240,0.5024980306625366,0.4814969301223755,0.37392870932817457,0.6940027326345443,0.6146514415740967,0,0
fx10,1,1,green_tissue_a,56,545.57,240,11120.266666666666,10848.0,240,0.5067378878593445,0.48532408475875854,0.37407831400632857,0.6995146721601486,0.6108248233795166,0,0
fx10,1,1,green_tissue_a,57,548.24,240,11315.333333333334,11024.0,240,0.5108133554458618,0.48916661739349365,0.376862233877182,0.7044736713171005,0.6119836568832397,0,0
fx10,1,1,green_tissue_a,58,550.91,240,11548.466666666667,11248.0,240,0.5143879055976868,0.49046987295150757,0.3801174879074097,0.7125707894563674,0.6117512583732605,0,0
fx10,1,1,green_tissue_a,59,553.58,240,12007.533333333333,11640.0,240,0.516569197177887,0.4942823052406311,0.3799525275826454,0.713477748632431,0.6097512245178223,0,0
fx10,1,1,green_tissue_a,60,556.25,240,12430.933333333332,12120.0,240,0.5177926421165466,0.49547040462493896,0.38081322610378265,0.7167705208063125,0.607136070728302,0,0
fx10,1,1,green_tissue_a,61,558.92,240,12547.2,12168.0,240,0.5177496075630188,0.49643784761428833,0.3807713478803635,0.717770829796791,0.6053937077522278,0,0
fx10,1,1,green_tissue_a,62,561.59,240,12608.2,12216.0,240,0.5153475403785706,0.4924728274345398,0.3783007815480232,0.7136476635932922,0.599882960319519,0,0
fx10,1,1,green_tissue_a,63,564.26,240,12850.666666666666,12456.0,240,0.5133124589920044,0.49028271436691284,0.37512384802103044,0.7067269772291183,0.597322940826416,0,0
fx10,1,1,green_tissue_a,64,566.94,240,13042.066666666668,12640.0,240,0.5098673105239868,0.4850045442581177,0.36966513395309447,0.7073061615228652,0.5887219905853271,0,0
fx10,1,1,green_tissue_a,65,569.61,240,12975.666666666666,12576.0,240,0.5044747591018677,0.48103076219558716,0.3663307473063469,0.6978449940681456,0.5855839252471924,0,0
fx10,1,1,green_tissue_a,66,572.29,240,12814.8,12408.0,240,0.4982672333717346,0.4744400382041931,0.3599567085504532,0.6903113633394241,0.5817632675170898,0,0
fx10,1,1,green_tissue_a,67,574.96,240,12921.0,12520.0,240,0.49281543493270874,0.46807557344436646,0.3549096778035164,0.6798544585704802,0.5745708346366882,0,0
fx10,1,1,green_tissue_a,68,577.64,240,13260.666666666666,12880.0,240,0.4883168637752533,0.4665651321411133,0.3480042189359665,0.6756278604269027,0.5683952569961548,0,0
fx10,1,1,green_tissue_a,69,580.32,240,13459.333333333334,12992.0,240,0.48573625087738037,0.46127504110336304,0.3467665895819664,0.6745395153760909,0.5619179606437683,0,0
fx10,1,1,green_tissue_a,70,583.0,240,13240.866666666667,12840.0,240,0.48218896985054016,0.4609391689300537,0.34490250498056413,0.6765548646450043,0.5638584494590759,0,0
fx10,1,1,green_tissue_a,71,585.68,240,12940.6,12512.0,240,0.47907620668411255,0.4550684690475464,0.3411131203174591,0.6726141393184661,0.5614229440689087,0,0
fx10,1,1,green_tissue_a,72,588.36,240,13089.933333333332,12672.0,240,0.4762638509273529,0.45388415455818176,0.33909526765346526,0.6680663317441939,0.5578823089599609,0,0
fx10,1,1,green_tissue_a,73,591.04,240,13713.6,13288.0,240,0.47541916370391846,0.4532201886177063,0.33849660158157346,0.6607485145330427,0.5525163412094116,0,0
fx10,1,1,green_tissue_a,74,593.73,240,14281.466666666667,13808.0,240,0.47559648752212524,0.45309531688690186,0.3352215334773064,0.6601776719093321,0.5461174249649048,0,0
fx10,1,1,green_tissue_a,75,596.41,240,14431.466666666667,13968.0,240,0.4751470983028412,0.4538794159889221,0.336648616194725,0.6590466976165769,0.5463639497756958,0,0
fx10,1,1,green_tissue_a,76,599.1,240,14308.066666666668,13824.0,240,0.47468313574790955,0.45159992575645447,0.3375992104411125,0.6623324513435361,0.5449371933937073,0,0
fx10,1,1,green_tissue_a,77,601.78,240,14467.0,13984.0,240,0.4736173450946808,0.45014023780822754,0.33823867589235307,0.6655390977859494,0.5431879758834839,0,0
fx10,1,1,green_tissue_a,78,604.47,240,15096.2,14576.0,240,0.4727722108364105,0.45086807012557983,0.3346249803900719,0.6608623296022412,0.5390336513519287,0,0
fx10,1,1,green_tissue_a,79,607.16,240,15879.533333333333,15376.0,240,0.4717555344104767,0.4496867060661316,0.3293799668550491,0.6572948873043056,0.5334275960922241,0,0
fx10,1,1,green_tissue_a,80,609.85,240,16290.933333333332,15832.0,240,0.4692228138446808,0.44930365681648254,0.3264500930905342,0.6524480432271954,0.5304951667785645,0,0
fx10,1,1,green_tissue_a,81,612.53,240,16239.6,15736.0,240,0.46544352173805237,0.4458061754703522,0.3258889317512512,0.6500941216945646,0.5265713930130005,0,0
fx10,1,1,green_tissue_a,82,615.23,240,16054.066666666668,15560.0,240,0.4612159729003906,0.44123655557632446,0.321362179517746,0.6452987313270566,0.5222759246826172,0,0
fx10,1,1,green_tissue_a,83,617.92,240,16350.133333333333,15808.0,240,0.458429217338562,0.43923234939575195,0.3214339777827263,0.6397998273372647,0.5173368453979492,0,0
fx10,1,1,green_tissue_a,84,620.61,240,16969.533333333333,16392.0,240,0.4560871720314026,0.43647974729537964,0.3133266881108284,0.6353649944066998,0.5121521949768066,0,0
fx10,1,1,green_tissue_a,85,623.3,240,17625.066666666666,17064.0,240,0.4554489850997925,0.4366738200187683,0.3150077298283577,0.6335467547178265,0.5100191831588745,0,0
fx10,1,1,green_tissue_a,86,626.0,240,17932.533333333333,17456.0,240,0.4550931751728058,0.43902987241744995,0.3144966378808022,0.6342054426670071,0.510797381401062,0,0
fx10,1,1,green_tissue_a,87,628.69,240,18018.666666666668,17584.0,240,0.45504629611968994,0.43998903036117554,0.3146256849169731,0.6347994595766064,0.5103319883346558,0,0
fx10,1,1,green_tissue_a,88,631.39,240,18151.2,17664.0,240,0.45499876141548157,0.438923180103302,0.3134697929024696,0.6343416541814801,0.5090194344520569,0,0
fx10,1,1,green_tissue_a,89,634.08,240,18453.666666666668,17968.0,240,0.4543222486972809,0.4396180212497711,0.31319335848093033,0.6340184181928632,0.5089054107666016,0,0
fx10,1,1,green_tissue_a,90,636.78,240,18707.333333333332,18248.0,240,0.4515829384326935,0.43745172023773193,0.30836287438869475,0.6306244403123854,0.5056358575820923,0,0
fx10,1,1,green_tissue_a,91,639.48,240,18782.066666666666,18320.0,240,0.4475012719631195,0.4351147711277008,0.3051538333296776,0.6310175389051436,0.5015798807144165,0,0
fx10,1,1,green_tissue_a,92,642.18,240,18697.2,18216.0,240,0.44192713499069214,0.427503377199173,0.30008022487163544,0.6267746835947036,0.4945196509361267,0,0
fx10,1,1,green_tissue_a,93,644.88,240,18715.733333333334,18192.0,240,0.4360077977180481,0.41934722661972046,0.2949868440628052,0.6194311708211899,0.4866774082183838,0,0
fx10,1,1,green_tissue_a,94,647.58,240,18973.666666666668,18416.0,240,0.4306837022304535,0.41396254301071167,0.2920368641614914,0.6123053550720214,0.480049192905426,0,0
fx10,1,1,green_tissue_a,95,650.29,240,19368.266666666666,18896.0,240,0.4267045855522156,0.4151548743247986,0.28878691643476484,0.6052235364913939,0.47858405113220215,0,0
fx10,1,1,green_tissue_a,96,652.99,240,19525.533333333333,19128.0,240,0.4238516390323639,0.4132106900215149,0.28442467004060745,0.606034505367279,0.47602060437202454,0,0
fx10,1,1,green_tissue_a,97,655.69,240,19233.733333333334,18888.0,240,0.4204530119895935,0.4102442264556885,0.2816802605986595,0.6044326454401016,0.4751858413219452,0,0
fx10,1,1,green_tissue_a,98,658.4,240,18575.2,18200.0,240,0.41483327746391296,0.40362268686294556,0.27560233026742936,0.6001028925180435,0.4702583849430084,0,0
fx10,1,1,green_tissue_a,99,661.1,240,18113.066666666666,17744.0,240,0.4070480763912201,0.39622190594673157,0.2692253664135933,0.5941036403179168,0.4651845097541809,0,0
fx10,1,1,green_tissue_a,100,663.81,240,18157.4,17800.0,240,0.39917585253715515,0.389923095703125,0.26126067340373993,0.5876468926668167,0.4580642580986023,0,0
fx10,1,1,green_tissue_a,101,666.52,240,18520.466666666667,18144.0,240,0.3925843834877014,0.3829740285873413,0.253951632976532,0.5767789959907531,0.44927161931991577,0,0
fx10,1,1,green_tissue_a,102,669.23,240,18955.4,18568.0,240,0.38726508617401123,0.37625518441200256,0.24974982291460038,0.5685198932886123,0.4395937919616699,0,0
fx10,1,1,green_tissue_a,103,671.94,240,19151.866666666665,18872.0,240,0.383501797914505,0.3755927085876465,0.24636929482221603,0.566538581252098,0.43834543228149414,0,0
fx10,1,1,green_tissue_a,104,674.65,240,19016.933333333334,18688.0,240,0.3814939558506012,0.37204083800315857,0.24218667522072793,0.5660321950912476,0.43545740842819214,0,0
fx10,1,1,green_tissue_a,105,677.36,240,18824.533333333333,18496.0,240,0.3807002007961273,0.37086552381515503,0.24152613878250123,0.5640474528074264,0.4352400302886963,0,0
fx10,1,1,green_tissue_a,106,680.07,240,19044.133333333335,18744.0,240,0.38346943259239197,0.3748745918273926,0.24446253702044488,0.564710572361946,0.43816226720809937,0,0
fx10,1,1,green_tissue_a,107,682.79,240,19917.666666666668,19624.0,240,0.3913678526878357,0.38373419642448425,0.2529187023639679,0.5769496709108352,0.44514963030815125,0,0
fx10,1,1,green_tissue_a,108,685.5,240,21347.933333333334,20992.0,240,0.40657660365104675,0.3979218900203705,0.26436150521039964,0.5947812497615813,0.4557076096534729,0,0
fx10,1,1,green_tissue_a,109,688.22,240,22951.8,22488.0,240,0.4284556806087494,0.41879063844680786,0.284705413877964,0.6204032570123672,0.4716449975967407,0,0
fx10,1,1,green_tissue_a,110,690.93,240,24429.266666666666,23912.0,240,0.45684686303138733,0.44351616501808167,0.30979235619306567,0.6506673723459243,0.49299585819244385,0,0
fx10,1,1,green_tissue_a,111,693.65,240,25510.933333333334,24928.0,240,0.4900347888469696,0.47506722807884216,0.33715021461248396,0.6948303133249283,0.5228325128555298,0,0
fx10,1,1,green_tissue_a,112,696.37,240,26275.8,25592.0,240,0.5264583826065063,0.5113343000411987,0.37157502919435503,0.7363809466361999,0.5567795038223267,0,0
fx10,1,1,green_tissue_a,113,699.09,240,27514.666666666668,26704.0,240,0.5674998164176941,0.5468193888664246,0.4013144224882126,0.7904928117990494,0.591219425201416,0,0
fx10,1,1,green_tissue_a,114,701.81,240,29479.666666666668,28496.0,240,0.609739363193512,0.5848734378814697,0.4350594699382782,0.8416651219129562,0.6252420544624329,0,0
fx10,1,1,green_tissue_a,115,704.53,240,32231.8,31168.0,240,0.6515842080116272,0.6264561414718628,0.4704955145716667,0.888707560300827,0.661034107208252,0,0
fx10,1,1,green_tissue_a,116,707.25,240,35278.0,34080.0,240,0.6913279891014099,0.6660672426223755,0.49801951497793195,0.9337854981422424,0.6955808997154236,0,0
fx10,1,1,green_tissue_a,117,709.97,240,38205.066666666666,36928.0,240,0.7294759154319763,0.7046339511871338,0.5364257752895355,0.9745000809431075,0.7299298644065857,0,0
fx10,1,1,green_tissue_a,118,712.7,240,40725.933333333334,39616.0,240,0.7677724957466125,0.7443153858184814,0.5617404252290725,1.0325954377651214,0.7657504677772522,0,0
fx10,1,1,green_tissue_a,119,715.42,240,42484.46666666667,41552.0,240,0.8064524531364441,0.7875272035598755,0.5924379229545593,1.085544764995575,0.8050128221511841,0,0
fx10,1,1,green_tissue_a,120,718.15,240,44078.53333333333,43488.0,240,0.8457227945327759,0.8343265652656555,0.6107710719108581,1.1280378639698028,0.8484532833099365,0,0
fx10,1,1,green_tissue_a,121,720.87,240,45890.73333333333,45512.0,240,0.8860417604446411,0.8805726766586304,0.6363510310649871,1.1665186405181882,0.8907323479652405,0,0
fx10,1,1,green_tissue_a,122,723.6,240,48284.0,48192.0,240,0.9270598292350769,0.9253134727478027,0.6639206260442734,1.212755811214447,0.9316705465316772,0,0
fx10,1,1,green_tissue_a,123,726.33,240,51098.933333333334,51168.0,231,0.9540265798568726,0.9613918662071228,0.6878014504909515,1.2043988704681396,0.964562714099884,9,0
fx10,1,1,green_tissue_a,124,729.06,240,53779.8,54216.0,219,0.9766119718551636,0.9941596388816833,0.7111617207527161,1.1821722745895384,0.9946300983428955,21,0
fx10,1,1,green_tissue_a,125,731.79,240,56121.8,57056.0,211,1.0023999214172363,1.0191570520401,0.7351412177085876,1.2009863257408142,1.0176366567611694,29,0
fx10,1,1,green_tissue_a,126,734.52,240,57833.26666666667,59248.0,193,1.0164965391159058,1.0307813882827759,0.757066011428833,1.189746880531311,1.028330683708191,47,0
fx10,1,1,green_tissue_a,127,737.25,240,58976.6,61008.0,181,1.0331600904464722,1.0462218523025513,0.777952253818512,1.1994941234588623,1.0425316095352173,59,0
fx10,1,1,green_tissue_a,128,739.98,240,59768.86666666667,62376.0,161,1.0366171598434448,1.058380365371704,0.7965435981750488,1.1972404718399048,1.0537571907043457,79,0
fx10,1,1,green_tissue_a,129,742.72,240,60295.066666666666,63408.0,153,1.0490100383758545,1.0742621421813965,0.8002963066101074,1.2038285255432128,1.0684410333633423,87,0
fx10,1,1,green_tissue_a,130,745.45,240,60808.933333333334,64624.0,143,1.0558207035064697,1.0833864212036133,0.8004581987857818,1.2106807351112365,1.0767652988433838,97,0
fx10,1,1,green_tissue_a,131,748.19,240,61087.53333333333,65184.0,132,1.056753396987915,1.0912548303604126,0.7969583600759507,1.217068648338318,1.084058165550232,108,0
fx10,1,1,green_tissue_a,132,750.93,240,61253.73333333333,65432.0,128,1.0635569095611572,1.0996325016021729,0.799842256307602,1.2213466227054597,1.0917510986328125,112,0
fx10,1,1,green_tissue_a,133,753.66,240,61335.0,65472.0,126,1.070045828819275,1.1127872467041016,0.8060030043125153,1.2293297350406647,1.1037958860397339,114,0
fx10,1,1,green_tissue_a,134,756.4,240,61454.0,65520.0,118,1.0671051740646362,1.1120171546936035,0.8028996974229813,1.2265202045440673,1.1029973030090332,122,0
fx10,1,1,green_tissue_a,135,759.14,240,61675.46666666667,65520.0,114,1.0672461986541748,1.10821533203125,0.80563303232193,1.2068913221359252,1.0995121002197266,126,0
fx10,1,1,green_tissue_a,136,761.88,240,61954.26666666667,65520.0,109,1.0645568370819092,1.1044490337371826,0.8055303454399109,1.1993982076644898,1.096111536026001,131,0
fx10,1,1,green_tissue_a,137,764.62,240,62284.333333333336,65520.0,107,1.0662680864334106,1.1052963733673096,0.8089139580726623,1.2016749024391173,1.097036600112915,133,0
fx10,1,1,green_tissue_a,138,767.36,240,62514.0,65520.0,102,1.0643173456192017,1.1022706031799316,0.8112332999706269,1.1976305723190308,1.0941407680511475,138,0
fx10,1,1,green_tissue_a,139,770.11,240,62489.26666666667,65520.0,105,1.072064757347107,1.1131865978240967,0.8149681091308594,1.2062644958496094,1.1040302515029907,135,0
fx10,1,1,green_tissue_a,140,772.85,240,62177.73333333333,65520.0,108,1.0798498392105103,1.1187379360198975,0.8180288523435593,1.2173048377037048,1.1093591451644897,132,0
fx10,1,1,green_tissue_a,141,775.6,240,61696.26666666667,65504.0,123,1.103771686553955,1.1452009677886963,0.8210100769996643,1.2576228380203247,1.1335445642471313,117,0
fx10,1,1,green_tissue_a,142,778.34,240,61145.066666666666,65024.0,135,1.1240464448928833,1.167057991027832,0.837434321641922,1.2853865146636962,1.153325080871582,105,0
fx10,1,1,green_tissue_a,143,781.09,240,60835.86666666667,64312.0,140,1.1340211629867554,1.174863576889038,0.8417462348937989,1.3034043073654176,1.159999966621399,100,0
fx10,1,1,green_tissue_a,144,783.84,240,60979.066666666666,64928.0,137,1.1326581239700317,1.1705162525177002,0.8431368947029114,1.2977432489395142,1.1561720371246338,103,0
fx10,1,1,green_tissue_a,145,786.58,240,61490.73333333333,65488.0,121,1.1124073266983032,1.1513025760650635,0.8290726542472839,1.274549126625061,1.1388293504714966,119,0
fx10,1,1,green_tissue_a,146,789.33,240,62111.6,65520.0,109,1.097019910812378,1.1342653036117554,0.8296687722206115,1.236001443862915,1.1236157417297363,131,0
fx10,1,1,green_tissue_a,147,792.08,240,62580.933333333334,65520.0,99,1.0853832960128784,1.1209884881973267,0.8284373879432678,1.2242357015609742,1.1113736629486084,141,0
fx10,1,1,green_tissue_a,148,794.84,240,62760.4,65520.0,93,1.078112244606018,1.111358880996704,0.8290260791778564,1.2195228576660155,1.1027185916900635,147,0
fx10,1,1,green_tissue_a,149,797.59,240,62585.53333333333,65520.0,102,1.0934664011001587,1.1343154907226562,0.8268070310354233,1.2299516439437865,1.1234712600708008,138,0
fx10,1,1,green_tissue_a,150,800.34,240,61948.46666666667,65512.0,120,1.121452808380127,1.1563624143600464,0.8299692183732986,1.2690167784690858,1.1432273387908936,120,0
fx10,1,1,green_tissue_a,151,803.1,240,60945.333333333336,64456.0,156,1.1698142290115356,1.2162652015686035,0.8705864250659943,1.3210825622081757,1.1980080604553223,84,0
fx10,1,1,green_tissue_a,152,805.85,240,59612.26666666667,62048.0,176,1.1971977949142456,1.2298270463943481,0.8853823989629745,1.3764642477035522,1.2094231843948364,64,0
fx10,1,1,green_tissue_a,153,808.61,240,58554.73333333333,60592.0,195,1.222273349761963,1.2490206956863403,0.8955262720584869,1.415894830226898,1.2259265184402466,45,0
fx10,1,1,green_tissue_a,154,811.36,240,58078.46666666667,59912.0,200,1.2298353910446167,1.2515242099761963,0.8951627820730209,1.4290389120578766,1.2281551361083984,40,0
fx10,1,1,green_tissue_a,155,814.12,240,58360.933333333334,60232.0,195,1.2254865169525146,1.248916506767273,0.8958291232585907,1.4210100054740906,1.2259272336959839,45,0
fx10,1,1,green_tissue_a,156,816.88,240,59123.933333333334,61408.0,179,1.2095067501068115,1.240492343902588,0.8935495913028717,1.3997636795043944,1.2192262411117554,61,0
fx10,1,1,green_tissue_a,157,819.64,240,60005.13333333333,62976.0,160,1.18867826461792,1.2284436225891113,0.8763486355543136,1.3615144670009613,1.2080535888671875,80,0
fx10,1,1,green_tissue_a,158,822.4,240,60621.8,63840.0,147,1.174210786819458,1.2255319356918335,0.8629166960716248,1.3468824863433837,1.2060058116912842,93,0
fx10,1,1,green_tissue_a,159,825.16,240,60931.6,64720.0,134,1.159524917602539,1.1992638111114502,0.850713175535202,1.3375498414039613,1.1819995641708374,106,0
fx10,1,1,green_tissue_a,160,827.92,240,60773.2,64224.0,146,1.1760985851287842,1.2286453247070312,0.8640380352735519,1.3482028543949127,1.2088267803192139,94,0
fx10,1,1,green_tissue_a,161,830.69,240,60247.4,63288.0,160,1.1934008598327637,1.2360515594482422,0.8799416095018386,1.3625999748706816,1.2148839235305786,80,0
fx10,1,1,green_tissue_a,162,833.45,240,59447.13333333333,61952.0,175,1.2130751609802246,1.250137209892273,0.8955522537231445,1.3986639857292176,1.2272727489471436,65,0
fx10,1,1,green_tissue_a,163,836.22,240,58556.6,60608.0,195,1.2376272678375244,1.2632768154144287,0.9053833901882171,1.4315065026283265,1.238892674446106,45,0
fx10,1,1,green_tissue_a,164,838.98,240,57948.46666666667,59712.0,205,1.2506978511810303,1.275038480758667,0.9092527031898499,1.45449538230896,1.2492146492004395,35,0
fx10,1,1,green_tissue_a,165,841.75,240,57721.6,59552.0,206,1.252971887588501,1.282958984375,0.9087666124105453,1.4601288735866547,1.2559115886688232,34,0
fx10,1,1,green_tissue_a,166,844.52,240,57993.46666666667,59784.0,203,1.2505985498428345,1.2739146947860718,0.9090502858161926,1.4540144443511962,1.2477320432662964,37,0
fx10,1,1,green_tissue_a,167,847.29,240,58535.666666666664,60560.0,193,1.2414854764938354,1.266729474067688,0.9045926928520203,1.4380994319915772,1.2420872449874878,47,0
fx10,1,1,green_tissue_a,168,850.06,240,59149.13333333333,61480.0,179,1.2271103858947754,1.2614061832427979,0.900473004579544,1.423346185684204,1.2372708320617676,61,0
fx10,1,1,green_tissue_a,169,852.83,240,59609.6,62144.0,168,1.2154113054275513,1.2523987293243408,0.8918319970369339,1.4054260492324828,1.2293378114700317,72,0
fx10,1,1,green_tissue_a,170,855.6,240,59847.26666666667,62584.0,159,1.2065526247024536,1.2492679357528687,0.8807611346244812,1.383223307132721,1.2266976833343506,81,0
fx10,1,1,green_tissue_a,171,858.37,240,59871.666666666664,62672.0,164,1.2143772840499878,1.2553060054779053,0.8928492307662964,1.3952722132205964,1.232040524482727,76,0
fx10,1,1,green_tissue_a,172,861.14,240,59588.0,62264.0,169,1.2219781875610352,1.2592178583145142,0.8974100351333618,1.4089706182479858,1.2351350784301758,71,0
fx10,1,1,green_tissue_a,173,863.92,240,59051.53333333333,61344.0,183,1.240094780921936,1.272932767868042,0.910734212398529,1.4344801902770996,1.2476563453674316,57,0
fx10,1,1,green_tissue_a,174,866.69,240,58277.666666666664,60192.0,205,1.2670077085494995,1.2982184886932373,0.9210988283157349,1.4681414127349854,1.2700806856155396,35,0
fx10,1,1,green_tissue_a,175,869.47,240,57245.26666666667,59024.0,214,1.2790440320968628,1.314463496208191,0.9217745453119278,1.4880312621593474,1.2843427658081055,26,0
fx10,1,1,green_tissue_a,176,872.25,240,56213.46666666667,57744.0,223,1.2912912368774414,1.3327968120574951,0.9244127392768859,1.512446939945221,1.3007272481918335,17,0
fx10,1,1,green_tissue_a,177,875.03,240,55336.4,56760.0,227,1.2980358600616455,1.3351129293441772,0.9265331566333771,1.537052023410797,1.3017750978469849,13,0
fx10,1,1,green_tissue_a,178,877.8,240,54585.86666666667,55800.0,230,1.303295612335205,1.339137315750122,0.9275861263275147,1.5425762236118317,1.3039385080337524,10,0
fx10,1,1,green_tissue_a,179,880.58,240,54063.666666666664,55368.0,231,1.305611491203308,1.3435832262039185,0.9262151420116425,1.546090006828308,1.3080605268478394,9,0
fx10,1,1,green_tissue_a,180,883.37,240,53730.46666666667,55128.0,234,1.310555338859558,1.345978021621704,0.9258402317762375,1.5604887545108794,1.3100342750549316,6,0
fx10,1,1,green_tissue_a,181,886.15,240,53582.0,54768.0,233,1.309646725654602,1.3436226844787598,0.9286484837532043,1.5538358211517334,1.3085659742355347,7,0
fx10,1,1,green_tissue_a,182,888.93,240,53505.26666666667,54776.0,235,1.3133223056793213,1.348426103591919,0.9283112168312073,1.5624035716056823,1.311456322669983,5,0
fx10,1,1,green_tissue_a,183,891.71,240,53373.8,54624.0,234,1.3132299184799194,1.3493890762329102,0.9296650558710098,1.5612560153007506,1.312723159790039,6,0
fx10,1,1,green_tissue_a,184,894.5,240,53103.2,54320.0,236,1.3165745735168457,1.3506368398666382,0.9336968213319778,1.5660058557987213,1.314178466796875,4,0
fx10,1,1,green_tissue_a,185,897.28,240,52602.066666666666,53800.0,237,1.3196349143981934,1.3507739305496216,0.9320836663246155,1.5760377645492551,1.313828706741333,3,0
fx10,1,1,green_tissue_a,186,900.07,240,51822.2,52984.0,240,1.3255549669265747,1.3569746017456055,0.9330495327711106,1.5923466503620147,1.3185575008392334,0,0
fx10,1,1,green_tissue_a,187,902.86,240,50782.26666666667,52016.0,240,1.3264678716659546,1.3579888343811035,0.935125982761383,1.5926304697990417,1.3191319704055786,0,0
fx10,1,1,green_tissue_a,188,905.64,240,49469.6,50624.0,240,1.3267048597335815,1.357846975326538,0.9324552744626999,1.595717477798462,1.317623257637024,0,0
fx10,1,1,green_tissue_a,189,908.43,240,47981.6,49056.0,240,1.3259130716323853,1.3569872379302979,0.9340341269969941,1.594403976202011,1.315314769744873,0,0
fx10,1,1,green_tissue_a,190,911.22,240,46572.13333333333,47584.0,240,1.3257548809051514,1.3619749546051025,0.9322218000888824,1.599149876832962,1.3186578750610352,0,0
fx10,1,1,green_tissue_a,191,914.02,240,45281.333333333336,46312.0,240,1.3246667385101318,1.3573637008666992,0.9297967463731766,1.5954363524913788,1.3133933544158936,0,0
fx10,1,1,green_tissue_a,192,916.81,240,44269.46666666667,45376.0,240,1.3243091106414795,1.3560211658477783,0.9268437385559082,1.5935223817825317,1.3116111755371094,0,0
fx10,1,1,green_tissue_a,193,919.6,240,43602.6,44624.0,240,1.3239054679870605,1.3548818826675415,0.9284082770347595,1.587645822763443,1.3092148303985596,0,0
fx10,1,1,green_tissue_a,194,922.39,240,43284.86666666667,44376.0,240,1.3230100870132446,1.3549604415893555,0.9209009408950806,1.5872166514396666,1.3094838857650757,0,0
fx10,1,1,green_tissue_a,195,925.19,240,43137.4,44080.0,240,1.321983814239502,1.3525673151016235,0.927549859881401,1.5850592434406279,1.3079755306243896,0,0
fx10,1,1,green_tissue_a,196,927.98,240,42963.8,43920.0,240,1.3191605806350708,1.3527873754501343,0.9246696949005127,1.5848510682582855,1.3068410158157349,0,0
fx10,1,1,green_tissue_a,197,930.78,240,42737.6,43768.0,240,1.3175435066223145,1.3472163677215576,0.9275853514671326,1.58449872136116,1.302208423614502,0,0
fx10,1,1,green_tissue_a,198,933.58,240,42254.26666666667,43240.0,240,1.315901279449463,1.3486907482147217,0.9216635286808014,1.577330273389816,1.3031587600708008,0,0
fx10,1,1,green_tissue_a,199,936.38,240,41564.066666666666,42528.0,240,1.312984824180603,1.3507585525512695,0.9242854356765747,1.5779471516609191,1.304675817489624,0,0
fx10,1,1,green_tissue_a,200,939.18,240,40553.13333333333,41536.0,240,1.3083751201629639,1.343321681022644,0.9171327173709869,1.572567570209503,1.2967302799224854,0,0
fx10,1,1,green_tissue_a,201,941.98,240,39089.26666666667,39960.0,240,1.3044161796569824,1.3410797119140625,0.9165100246667862,1.5794890522956846,1.2922673225402832,0,0
fx10,1,1,green_tissue_a,202,944.78,240,37346.6,38224.0,240,1.2968021631240845,1.3319602012634277,0.9119312703609467,1.5699619472026825,1.2830944061279297,0,0
fx10,1,1,green_tissue_a,203,947.58,240,35391.4,36240.0,240,1.289096713066101,1.3286550045013428,0.906787383556366,1.5596016466617584,1.2774958610534668,0,0
fx10,1,1,green_tissue_a,204,950.38,240,33418.8,34280.0,240,1.279523491859436,1.3203818798065186,0.9019747227430344,1.5441594421863551,1.268740177154541,0,0
fx10,1,1,green_tissue_a,205,953.19,240,31524.866666666665,32352.0,240,1.26871919631958,1.3110449314117432,0.8914580255746841,1.538814318180084,1.2584282159805298,0,0
fx10,1,1,green_tissue_a,206,955.99,240,29950.133333333335,30688.0,240,1.2566360235214233,1.2990601062774658,0.8825456261634826,1.521386533975601,1.2471622228622437,0,0
fx10,1,1,green_tissue_a,207,958.8,240,28635.933333333334,29424.0,240,1.2463150024414062,1.2867412567138672,0.8726349622011185,1.5062785923480984,1.2345367670059204,0,0
fx10,1,1,green_tissue_a,208,961.6,240,27627.666666666668,28320.0,240,1.2381495237350464,1.2788907289505005,0.871922105550766,1.5014599502086636,1.2269253730773926,0,0
fx10,1,1,green_tissue_a,209,964.41,240,26953.4,27592.0,240,1.234802484512329,1.2769683599472046,0.8686250478029252,1.5012745559215546,1.2244679927825928,0,0
fx10,1,1,green_tissue_a,210,967.22,240,26364.4,27048.0,240,1.2309794425964355,1.270552635192871,0.8673207432031631,1.4869574725627897,1.2176234722137451,0,0
fx10,1,1,green_tissue_a,211,970.03,240,25894.133333333335,26632.0,240,1.22893226146698,1.2687249183654785,0.8645397961139679,1.487170934677124,1.2160357236862183,0,0
fx10,1,1,green_tissue_a,212,972.84,240,25464.0,26104.0,240,1.2287784814834595,1.2700430154800415,0.8598886370658875,1.495290046930313,1.2158114910125732,0,0
fx10,1,1,green_tissue_a,213,975.65,240,24962.8,25648.0,240,1.2278753519058228,1.271073818206787,0.8640185803174972,1.4889324307441711,1.214967131614685,0,0
fx10,1,1,green_tissue_a,214,978.46,240,24388.8,25072.0,240,1.2281804084777832,1.2688651084899902,0.8627285212278366,1.4835051298141477,1.2124485969543457,0,0
fx10,1,1,green_tissue_a,215,981.27,240,23714.933333333334,24360.0,240,1.227554440498352,1.2685401439666748,0.8681703627109527,1.4879135847091671,1.2105090618133545,0,0
fx10,1,1,green_tissue_a,216,984.09,240,22919.333333333332,23528.0,240,1.2284775972366333,1.2680058479309082,0.8630687594413757,1.4884479761123657,1.209160327911377,0,0
fx10,1,1,green_tissue_a,217,986.9,240,21998.0,22544.0,240,1.2301727533340454,1.2691454887390137,0.8627134561538696,1.484263265132904,1.2068097591400146,0,0
fx10,1,1,green_tissue_a,218,989.72,240,21111.866666666665,21608.0,240,1.230808138847351,1.2706592082977295,0.872227880358696,1.492455393075943,1.2048701047897339,0,0
fx10,1,1,green_tissue_a,219,992.54,240,20184.133333333335,20712.0,240,1.2326158285140991,1.272902011871338,0.8711899489164352,1.4921317517757413,1.204169511795044,0,0
fx10,1,1,green_tissue_a,220,995.35,240,19288.2,19800.0,240,1.234838843345642,1.2761013507843018,0.8744466304779053,1.4961310982704161,1.2026293277740479,0,0
fx10,1,1,green_tissue_a,221,998.17,240,18511.666666666668,18992.0,240,1.236804723739624,1.2780283689498901,0.871294903755188,1.493921476602554,1.2023086547851562,0,0
fx10,1,1,green_tissue_a,222,1000.99,240,17849.6,18264.0,240,1.239475965499878,1.2812036275863647,0.8778494417667388,1.5037578105926512,1.2008397579193115,0,0
fx10,1,1,green_tissue_a,223,1003.81,240,17779.8,18192.0,240,1.2402470111846924,1.2785483598709106,0.8799208670854568,1.511914610862732,1.200831413269043,0,0
fx10,2,1,green_tissue_b,0,397.66,106,4849.509433962264,4832.0,106,0.4686172306537628,0.46390143036842346,0.35769231617450714,0.5844762027263641,0.8975321650505066,0,1
fx10,2,1,green_tissue_b,1,400.28,106,4827.169811320755,4832.0,106,0.4651702642440796,0.45978838205337524,0.38870102912187576,0.5538461804389954,0.8951255679130554,0,0
fx10,2,1,green_tissue_b,2,402.9,106,4824.301886792453,4816.0,106,0.4409191608428955,0.4397384524345398,0.35463394969701767,0.529411792755127,0.8852941393852234,0,0
fx10,2,1,green_tissue_b,3,405.52,106,4854.943396226415,4848.0,106,0.43542128801345825,0.4324324429035187,0.3661971688270569,0.5121772289276123,0.8797653913497925,0,0
fx10,2,1,green_tissue_b,4,408.13,106,4848.0,4848.0,106,0.4139392375946045,0.41333332657814026,0.34881578385829926,0.4764721468091011,0.8728323578834534,0,0
fx10,2,1,green_tissue_b,5,410.75,106,4856.1509433962265,4864.0,106,0.3971711993217468,0.39743590354919434,0.3343750089406967,0.4683544337749481,0.8628871440887451,0,0
fx10,2,1,green_tissue_b,6,413.37,106,4884.981132075472,4880.0,106,0.39421942830085754,0.39024388790130615,0.33734938502311707,0.45783132314682007,0.8575458526611328,0,0
fx10,2,1,green_tissue_b,7,416.0,106,4872.1509433962265,4848.0,106,0.3872762620449066,0.3863636255264282,0.3258427083492279,0.45618661493062973,0.8520547747612,0,0
fx10,2,1,green_tissue_b,8,418.62,106,4903.245283018868,4896.0,106,0.3830799460411072,0.375,0.32339615374803543,0.44902320206165314,0.8459383845329285,0,0
fx10,2,1,green_tissue_b,9,421.24,106,4925.433962264151,4928.0,106,0.3733312487602234,0.3723404109477997,0.3234572187066078,0.42391303181648254,0.8403804302215576,0,0
fx10,2,1,green_tissue_b,10,423.86,106,4911.245283018868,4912.0,106,0.3702129125595093,0.3645833432674408,0.3229166567325592,0.42598260939121246,0.8349117636680603,0,0
fx10,2,1,green_tissue_b,11,426.49,106,4966.641509433963,4960.0,106,0.36445507407188416,0.36000001430511475,0.3185061141848564,0.4262876883149147,0.8275397419929504,0,0
fx10,2,1,green_tissue_b,12,429.12,106,4952.1509433962265,4944.0,106,0.3525520861148834,0.349056601524353,0.30715563148260117,0.414124496281147,0.8177011013031006,0,0
fx10,2,1,green_tissue_b,13,431.74,106,4989.88679245283,4960.0,106,0.35026058554649353,0.3482142984867096,0.2946428656578064,0.4107142984867096,0.8120104670524597,0,0
fx10,2,1,green_tissue_b,14,434.37,106,5028.830188679245,5016.0,106,0.3405473828315735,0.3361344635486603,0.2881355881690979,0.40382423251867294,0.7994858622550964,0,0
fx10,2,1,green_tissue_b,15,437.0,106,5020.981132075472,5016.0,106,0.32928934693336487,0.3255814015865326,0.271825410425663,0.39458855986595154,0.7844611406326294,0,0
fx10,2,1,green_tissue_b,16,439.63,106,5063.245283018868,5040.0,106,0.32307204604148865,0.31598296761512756,0.26801471412181854,0.3985401540994644,0.7727278470993042,0,0
fx10,2,1,green_tissue_b,17,442.26,106,5093.433962264151,5088.0,106,0.31171533465385437,0.3114224076271057,0.25606461614370346,0.37989237159490585,0.7593611478805542,0,0
fx10,2,1,green_tissue_b,18,444.89,106,5116.981132075472,5120.0,106,0.3025214970111847,0.2971212863922119,0.2405063360929489,0.3760807067155838,0.7439174652099609,0,0
fx10,2,1,green_tissue_b,19,447.52,106,5163.169811320755,5168.0,106,0.29124245047569275,0.28143712878227234,0.22961357608437538,0.38301339745521545,0.7312322854995728,0,0
fx10,2,1,green_tissue_b,20,450.16,106,5177.509433962264,5168.0,106,0.29034993052482605,0.28328514099121094,0.229338176548481,0.3714689239859581,0.720224142074585,0,0
fx10,2,1,green_tissue_b,21,452.79,106,5179.924528301887,5160.0,106,0.2872067987918854,0.28133341670036316,0.2265503816306591,0.3682836443185806,0.712871789932251,0,0
fx10,2,1,green_tissue_b,22,455.43,106,5200.0,5192.0,106,0.2851187586784363,0.2788223624229431,0.217007614672184,0.36143089085817337,0.706079363822937,0,0
fx10,2,1,green_tissue_b,23,458.06,106,5217.66037735849,5200.0,106,0.28350165486335754,0.27949029207229614,0.22148895636200905,0.3664679527282715,0.6991341710090637,0,0
fx10,2,1,green_tissue_b,24,460.7,106,5230.943396226415,5232.0,106,0.28334343433380127,0.2731814980506897,0.22513088583946228,0.36679650098085403,0.7006507515907288,0,0
fx10,2,1,green_tissue_b,25,463.34,106,5220.226415094339,5192.0,106,0.27969276905059814,0.27400675415992737,0.22012820467352867,0.36926137655973434,0.6927567720413208,0,0
fx10,2,1,green_tissue_b,26,465.98,106,5283.169811320755,5232.0,106,0.27141496539115906,0.2602424621582031,0.2117939442396164,0.3552401661872864,0.679580807685852,0,0
fx10,2,1,green_tissue_b,27,468.62,106,5320.1509433962265,5296.0,106,0.2710779011249542,0.2666666805744171,0.20545822381973267,0.3580697923898697,0.6813974380493164,0,0
fx10,2,1,green_tissue_b,28,471.26,106,5313.358490566037,5296.0,106,0.27038365602493286,0.2703454792499542,0.2073279283940792,0.3498287796974182,0.676214873790741,0,0
fx10,2,1,green_tissue_b,29,473.9,106,5348.226415094339,5360.0,106,0.2648124396800995,0.2573226988315582,0.19831223785877228,0.3465401753783226,0.65625,0,0
fx10,2,1,green_tissue_b,30,476.54,106,5386.415094339623,5344.0,106,0.2551744878292084,0.24573849141597748,0.18677030131220818,0.3508339896798134,0.6388893723487854,0,0
fx10,2,1,green_tissue_b,31,479.18,106,5384.452830188679,5336.0,106,0.25290244817733765,0.24472768604755402,0.18855232372879982,0.3433894217014313,0.6309856176376343,0,0
fx10,2,1,green_tissue_b,32,481.83,106,5450.566037735849,5408.0,106,0.2468341439962387,0.2378447949886322,0.1810779832303524,0.33775050938129425,0.6151686310768127,0,0
fx10,2,1,green_tissue_b,33,484.47,106,5547.320754716981,5536.0,106,0.24099625647068024,0.2360561490058899,0.17187248170375824,0.3338630795478821,0.5963377952575684,0,0
fx10,2,1,green_tissue_b,34,487.12,106,5572.679245283019,5536.0,106,0.23883192241191864,0.22933095693588257,0.1714734174311161,0.3320189341902733,0.5824191570281982,0,0
fx10,2,1,green_tissue_b,35,489.77,106,5635.924528301887,5616.0,106,0.2359912395477295,0.2269335687160492,0.1659136526286602,0.33196721971035004,0.574402391910553,0,0
fx10,2,1,green_tissue_b,36,492.42,106,5702.037735849057,5632.0,106,0.23255832493305206,0.22372741997241974,0.16079935431480408,0.32926443964242935,0.5539687871932983,0,0
fx10,2,1,green_tissue_b,37,495.07,106,5792.452830188679,5744.0,106,0.23228642344474792,0.22526399791240692,0.1553850620985031,0.33592748641967773,0.547703742980957,0,0
fx10,2,1,green_tissue_b,38,497.72,106,5849.66037735849,5840.0,106,0.23268969357013702,0.22830049693584442,0.16080401837825775,0.3288129195570946,0.5391993522644043,0,0
fx10,2,1,green_tissue_b,39,500.37,106,5896.1509433962265,5888.0,106,0.23162327706813812,0.22289156913757324,0.15692345052957535,0.3298569470643997,0.5300787687301636,0,0
fx10,2,1,green_tissue_b,40,503.02,106,5963.320754716981,5936.0,106,0.23272141814231873,0.22557927668094635,0.15475528687238693,0.32186882197856903,0.5279222726821899,0,0
fx10,2,1,green_tissue_b,41,505.67,106,5989.584905660377,5952.0,106,0.23784559965133667,0.23446691036224365,0.16397228837013245,0.33314356952905655,0.5300901532173157,0,0
fx10,2,1,green_tissue_b,42,508.32,106,6091.924528301887,6024.0,106,0.23910196125507355,0.23379749059677124,0.166021179407835,0.33834944665431976,0.52281653881073,0,0
fx10,2,1,green_tissue_b,43,510.98,106,6192.0,6136.0,106,0.24238641560077667,0.2326037585735321,0.1632988601922989,0.3356838971376419,0.5126973390579224,0,0
fx10,2,1,green_tissue_b,44,513.63,106,6219.471698113208,6200.0,106,0.2466980665922165,0.2390548288822174,0.17105158045887947,0.338488332927227,0.5158675909042358,0,0
fx10,2,1,green_tissue_b,45,516.29,106,6264.754716981132,6232.0,106,0.2519150376319885,0.2486695647239685,0.1766171082854271,0.34191176295280457,0.523200511932373,0,0
fx10,2,1,green_tissue_b,46,518.95,106,6384.0,6328.0,106,0.2567879259586334,0.2489919364452362,0.1833171397447586,0.3456859067082405,0.5136896967887878,0,0
fx10,2,1,green_tissue_b,47,521.61,106,6592.754716981132,6528.0,106,0.26082250475883484,0.2575463056564331,0.1840866282582283,0.35047321766614914,0.507472038269043,0,0
fx10,2,1,green_tissue_b,48,524.27,106,6661.2830188679245,6624.0,106,0.26535764336586,0.26207923889160156,0.1876538321375847,0.35507792234420776,0.5104808807373047,0,0
fx10,2,1,green_tissue_b,49,526.93,106,6728.754716981132,6688.0,106,0.27214983105659485,0.26758497953414917,0.19701310992240906,0.362681619822979,0.5087770223617554,0,0
fx10,2,1,green_tissue_b,50,529.59,106,6971.018867924528,6968.0,106,0.2755712866783142,0.27381062507629395,0.2013641707599163,0.36798861622810364,0.5031921863555908,0,0
fx10,2,1,green_tissue_b,51,532.25,106,7289.509433962264,7240.0,106,0.2769458293914795,0.273975133895874,0.2027936540544033,0.36711274832487106,0.4858120083808899,0,0
fx10,2,1,green_tissue_b,52,534.91,106,7494.188679245283,7440.0,106,0.27866247296333313,0.2756410241127014,0.20329945161938667,0.36795278638601303,0.47714418172836304,0,0
fx10,2,1,green_tissue_b,53,537.57,106,7563.773584905661,7496.0,106,0.281686931848526,0.2775050401687622,0.20736896619200706,0.37898802757263184,0.4769814610481262,0,0
fx10,2,1,green_tissue_b,54,540.24,106,7687.8490566037735,7616.0,106,0.2817990481853485,0.2769033908843994,0.20388078689575195,0.3739837408065796,0.4704177975654602,0,0
fx10,2,1,green_tissue_b,55,542.91,106,7983.547169811321,7960.0,106,0.28255903720855713,0.2825004458427429,0.20476055145263672,0.3772492781281471,0.46417978405952454,0,0
fx10,2,1,green_tissue_b,56,545.57,106,8250.11320754717,8192.0,106,0.2840125858783722,0.2813592553138733,0.20800328254699707,0.37781866639852524,0.4554763436317444,0,0
fx10,2,1,green_tissue_b,57,548.24,106,8330.716981132075,8256.0,106,0.28491535782814026,0.28249675035476685,0.20913070067763329,0.3834400698542595,0.4523119032382965,0,0
fx10,2,1,green_tissue_b,58,550.91,106,8454.33962264151,8416.0,106,0.28568270802497864,0.28249868750572205,0.2068830244243145,0.3818930834531784,0.44995683431625366,0,0
fx10,2,1,green_tissue_b,59,553.58,106,8682.264150943396,8664.0,106,0.28433260321617126,0.2818271815776825,0.20643503591418266,0.38453591614961624,0.4416313171386719,0,0
fx10,2,1,green_tissue_b,60,556.25,106,8927.849056603774,8920.0,106,0.28406524658203125,0.2819981575012207,0.20570242777466774,0.38129203766584396,0.4373095631599426,0,0
fx10,2,1,green_tissue_b,61,558.92,106,8985.66037735849,8880.0,106,0.28442490100860596,0.28155460953712463,0.20260735973715782,0.3848216086626053,0.43158411979675293,0,0
fx10,2,1,green_tissue_b,62,561.59,106,9014.792452830188,8952.0,106,0.28264492750167847,0.2800130248069763,0.20353810861706734,0.3851449266076088,0.42924803495407104,0,0
fx10,2,1,green_tissue_b,63,564.26,106,9128.150943396226,9072.0,106,0.2803628444671631,0.277535617351532,0.197905033826828,0.3835896924138069,0.4234263300895691,0,0
fx10,2,1,green_tissue_b,64,566.94,106,9208.0,9160.0,106,0.2771238088607788,0.2787594795227051,0.19416256621479988,0.37963759899139404,0.42037665843963623,0,0
fx10,2,1,green_tissue_b,65,569.61,106,9155.622641509433,9040.0,106,0.2741435170173645,0.2696577310562134,0.19064830616116524,0.37593019008636475,0.41539299488067627,0,0
fx10,2,1,green_tissue_b,66,572.29,106,9109.132075471698,9000.0,106,0.2707442045211792,0.26752346754074097,0.18657207489013672,0.3705207109451294,0.4147263169288635,0,0
fx10,2,1,green_tissue_b,67,574.96,106,9164.981132075472,9016.0,106,0.2673833966255188,0.26438799500465393,0.1830512396991253,0.3711097836494446,0.40768152475357056,0,0
fx10,2,1,green_tissue_b,68,577.64,106,9325.735849056604,9216.0,106,0.26471590995788574,0.26052701473236084,0.17809852212667465,0.3658866062760353,0.39763766527175903,0,0
fx10,2,1,green_tissue_b,69,580.32,106,9404.075471698114,9344.0,106,0.2621370255947113,0.26061776280403137,0.17288317158818245,0.367332860827446,0.39713573455810547,0,0
fx10,2,1,green_tissue_b,70,583.0,106,9221.433962264151,9176.0,106,0.26068350672721863,0.25820207595825195,0.17139827087521553,0.3659186065196991,0.3979395031929016,0,0
fx10,2,1,green_tissue_b,71,585.68,106,9105.207547169812,8968.0,106,0.2592804431915283,0.25395429134368896,0.17155439779162407,0.3669567108154297,0.39829033613204956,0,0
fx10,2,1,green_tissue_b,72,588.36,106,9230.037735849057,9112.0,106,0.2572532892227173,0.2532762289047241,0.1675894409418106,0.37062818557024,0.39168620109558105,0,0
fx10,2,1,green_tissue_b,73,591.04,106,9606.943396226416,9448.0,106,0.25627556443214417,0.24867814779281616,0.16570334509015083,0.3686867728829384,0.38162773847579956,0,0
fx10,2,1,green_tissue_b,74,593.73,106,9835.32075471698,9640.0,106,0.2551559507846832,0.2483089119195938,0.16266734525561333,0.3676769956946373,0.3743289113044739,0,0
fx10,2,1,green_tissue_b,75,596.41,106,9822.641509433963,9672.0,106,0.25403276085853577,0.24742159247398376,0.160430658608675,0.36866265535354614,0.37461239099502563,0,0
fx10,2,1,green_tissue_b,76,599.1,106,9783.849056603774,9672.0,106,0.25398027896881104,0.2497205138206482,0.16273407638072968,0.37277258187532425,0.3780902624130249,0,0
fx10,2,1,green_tissue_b,77,601.78,106,9894.641509433963,9736.0,106,0.25258076190948486,0.24784156680107117,0.16024363785982132,0.3763054758310318,0.37302809953689575,0,0
fx10,2,1,green_tissue_b,78,604.47,106,10253.735849056604,10120.0,106,0.2515265643596649,0.24646662175655365,0.15640149638056755,0.3738866597414017,0.36434972286224365,0,0
fx10,2,1,green_tissue_b,79,607.16,106,10662.943396226416,10616.0,106,0.24988874793052673,0.24820780754089355,0.15574533492326736,0.3725919723510742,0.3602590262889862,0,0
fx10,2,1,green_tissue_b,80,609.85,106,10815.094339622641,10744.0,106,0.24828121066093445,0.2439422309398651,0.15254384651780128,0.3690173029899597,0.3542148470878601,0,0
fx10,2,1,green_tissue_b,81,612.53,106,10717.584905660377,10592.0,106,0.2467431277036667,0.24208644032478333,0.15110121294856071,0.3703080713748932,0.3530069589614868,0,0
fx10,2,1,green_tissue_b,82,615.23,106,10621.735849056604,10392.0,106,0.2446412444114685,0.23817291855812073,0.14797623455524445,0.3710537925362587,0.3472605347633362,0,0
fx10,2,1,green_tissue_b,83,617.92,106,10843.169811320755,10616.0,106,0.24216672778129578,0.23509058356285095,0.14736073464155197,0.36856944113969803,0.3411426544189453,0,0
fx10,2,1,green_tissue_b,84,620.61,106,11206.33962264151,11048.0,106,0.24088618159294128,0.23686039447784424,0.1449587568640709,0.3670157343149185,0.3389663100242615,0,0
fx10,2,1,green_tissue_b,85,623.3,106,11530.264150943396,11360.0,106,0.24018502235412598,0.23437708616256714,0.14258389919996262,0.3661837875843048,0.3319518566131592,0,0
fx10,2,1,green_tissue_b,86,626.0,106,11673.66037735849,11520.0,106,0.24004989862442017,0.23492595553398132,0.14206932857632637,0.36623425781726837,0.3308688700199127,0,0
fx10,2,1,green_tissue_b,87,628.69,106,11702.188679245282,11544.0,106,0.2400735765695572,0.23577579855918884,0.14220364019274712,0.3669307008385658,0.33073800802230835,0,0
fx10,2,1,green_tissue_b,88,631.39,106,11777.962264150943,11712.0,106,0.2395511418581009,0.23520958423614502,0.1416681483387947,0.3663650304079056,0.3308401107788086,0,0
fx10,2,1,green_tissue_b,89,634.08,106,11936.150943396226,11760.0,106,0.23869173228740692,0.2352365255355835,0.13891386985778809,0.36803553253412247,0.32628026604652405,0,0
fx10,2,1,green_tissue_b,90,636.78,106,12080.754716981131,12048.0,106,0.23722723126411438,0.23554804921150208,0.13702237233519554,0.36843130737543106,0.32554808259010315,0,0
fx10,2,1,green_tissue_b,91,639.48,106,12091.77358490566,12088.0,106,0.23471422493457794,0.23538818955421448,0.13455839455127716,0.36481595039367676,0.3248874545097351,0,0
fx10,2,1,green_tissue_b,92,642.18,106,12018.716981132075,12008.0,106,0.23095853626728058,0.2334507405757904,0.1306087225675583,0.36123595386743546,0.3208557367324829,0,0
fx10,2,1,green_tissue_b,93,644.88,106,12038.188679245282,12016.0,106,0.2278544157743454,0.23081153631210327,0.12387533113360405,0.35681815445423126,0.31635287404060364,0,0
fx10,2,1,green_tissue_b,94,647.58,106,12195.169811320755,12232.0,106,0.22461900115013123,0.22873777151107788,0.1217726580798626,0.3541274443268776,0.31286537647247314,0,0
fx10,2,1,green_tissue_b,95,650.29,106,12417.056603773584,12464.0,106,0.22297847270965576,0.22698038816452026,0.12018059939146042,0.35283172130584717,0.30903053283691406,0,0
fx10,2,1,green_tissue_b,96,652.99,106,12466.566037735849,12560.0,106,0.22138568758964539,0.22532321512699127,0.11858518794178963,0.3496151864528656,0.3071731925010681,0,0
fx10,2,1,green_tissue_b,97,655.69,106,12235.77358490566,12392.0,106,0.2197524607181549,0.22473564743995667,0.11644095368683338,0.34614622592926025,0.30756545066833496,0,0
fx10,2,1,green_tissue_b,98,658.4,106,11955.169811320755,12064.0,106,0.2176964432001114,0.2224569022655487,0.11373638361692429,0.3459548130631447,0.3087966740131378,0,0
fx10,2,1,green_tissue_b,99,661.1,106,11746.11320754717,11832.0,106,0.21412289142608643,0.2165839523077011,0.11040004156529903,0.3436680734157562,0.3053309917449951,0,0
fx10,2,1,green_tissue_b,100,663.81,106,11876.981132075472,11912.0,106,0.21137526631355286,0.21399721503257751,0.10694283060729504,0.34499547630548477,0.3004327416419983,0,0
fx10,2,1,green_tissue_b,101,666.52,106,12118.188679245282,12136.0,106,0.20855563879013062,0.2093546986579895,0.1039536539465189,0.3386550843715668,0.29306918382644653,0,0
fx10,2,1,green_tissue_b,102,669.23,106,12353.509433962265,12448.0,106,0.20641061663627625,0.21013052761554718,0.10025785490870476,0.33702248334884644,0.28970062732696533,0,0
fx10,2,1,green_tissue_b,103,671.94,106,12457.207547169812,12432.0,106,0.20535579323768616,0.20776596665382385,0.10007131658494473,0.33558084815740585,0.28628820180892944,0,0
fx10,2,1,green_tissue_b,104,674.65,106,12336.754716981131,12344.0,106,0.20473787188529968,0.2070690095424652,0.09934445470571518,0.33481164276599884,0.28575798869132996,0,0
fx10,2,1,green_tissue_b,105,677.36,106,12252.981132075472,12160.0,106,0.20438924431800842,0.2044958472251892,0.09791621565818787,0.33825283497571945,0.2850674092769623,0,0
fx10,2,1,green_tissue_b,106,680.07,106,12433.056603773584,12296.0,106,0.20555706322193146,0.2020815759897232,0.09876532666385174,0.3409058228135109,0.28347060084342957,0,0
fx10,2,1,green_tissue_b,107,682.79,106,12874.566037735849,12728.0,106,0.20755521953105927,0.20658710598945618,0.09966935776174068,0.3415161594748497,0.28234317898750305,0,0
fx10,2,1,green_tissue_b,108,685.5,106,13572.075471698114,13624.0,106,0.2131088227033615,0.2156556248664856,0.10758763551712036,0.34478427469730377,0.2884632349014282,0,0
fx10,2,1,green_tissue_b,109,688.22,106,14289.358490566037,14504.0,106,0.22211959958076477,0.22797144949436188,0.11674548871815205,0.3485025018453598,0.29753023386001587,0,0
fx10,2,1,green_tissue_b,110,690.93,106,14875.77358490566,14944.0,106,0.23465928435325623,0.23861081898212433,0.1305779404938221,0.3612566217780113,0.3048405647277832,0,0
fx10,2,1,green_tissue_b,111,693.65,106,15285.584905660377,15280.0,106,0.24978753924369812,0.25325527787208557,0.14632631465792656,0.37747475504875183,0.3205539882183075,0,0
fx10,2,1,green_tissue_b,112,696.37,106,15587.018867924528,15600.0,106,0.2678133249282837,0.2680608034133911,0.16683318093419075,0.3952973261475563,0.3374844193458557,0,0
fx10,2,1,green_tissue_b,113,699.09,106,16265.207547169812,16136.0,106,0.2874092757701874,0.2849314212799072,0.19012653827667236,0.41106878221035004,0.3540274500846863,0,0
fx10,2,1,green_tissue_b,114,701.81,106,17230.037735849055,17032.0,106,0.3063318133354187,0.3043673038482666,0.20904739946126938,0.42541392892599106,0.36855876445770264,0,0
fx10,2,1,green_tissue_b,115,704.53,106,18646.33962264151,18488.0,106,0.3252873420715332,0.32318150997161865,0.2297629602253437,0.44218679517507553,0.3848837912082672,0,0
fx10,2,1,green_tissue_b,116,707.25,106,20132.22641509434,20096.0,106,0.34276556968688965,0.34323567152023315,0.2513791248202324,0.45909956842660904,0.39897164702415466,0,0
fx10,2,1,green_tissue_b,117,709.97,106,21419.471698113208,21464.0,106,0.3586536943912506,0.35549455881118774,0.26619916409254074,0.46928976476192474,0.40918439626693726,0,0
fx10,2,1,green_tissue_b,118,712.7,106,22398.943396226416,22344.0,106,0.37404343485832214,0.37024861574172974,0.28427570313215256,0.4800187945365906,0.42177605628967285,0,0
fx10,2,1,green_tissue_b,119,715.42,106,22981.88679245283,22872.0,106,0.3875328004360199,0.38526439666748047,0.29250307381153107,0.4919642433524132,0.4365367889404297,0,0
fx10,2,1,green_tissue_b,120,718.15,106,23480.0,23360.0,106,0.401523619890213,0.3962244689464569,0.3051130995154381,0.5061355233192444,0.44775086641311646,0,0
fx10,2,1,green_tissue_b,121,720.87,106,24160.754716981133,24096.0,106,0.415265291929245,0.4133676588535309,0.3165307566523552,0.5185025930404663,0.46343857049942017,0,0
fx10,2,1,green_tissue_b,122,723.6,106,25131.622641509435,25056.0,106,0.4288478493690491,0.4254058301448822,0.33298881351947784,0.5290474146604538,0.4730644226074219,0,0
fx10,2,1,green_tissue_b,123,726.33,106,26251.77358490566,26264.0,106,0.44203999638557434,0.44104862213134766,0.3417670726776123,0.5419563949108124,0.4856424331665039,0,0
fx10,2,1,green_tissue_b,124,729.06,106,27387.471698113208,27384.0,106,0.45343297719955444,0.4510400891304016,0.3518144488334656,0.5521217584609985,0.4941243529319763,0,0
fx10,2,1,green_tissue_b,125,731.79,106,28302.037735849055,28128.0,106,0.4638757109642029,0.4620651602745056,0.3604106605052948,0.5621346086263657,0.5031921863555908,0,0
fx10,2,1,green_tissue_b,126,734.52,106,28919.094339622643,28808.0,106,0.47282931208610535,0.4723982512950897,0.36965396255254745,0.5695851147174835,0.5135442018508911,0,0
fx10,2,1,green_tissue_b,127,737.25,106,29246.33962264151,29112.0,106,0.4799063205718994,0.47973328828811646,0.3752466291189194,0.5781289786100388,0.5200556516647339,0,0
fx10,2,1,green_tissue_b,128,739.98,106,29460.67924528302,29488.0,106,0.4859845042228699,0.4900190830230713,0.3797469511628151,0.5830744206905365,0.5290682315826416,0,0
fx10,2,1,green_tissue_b,129,742.72,106,29655.849056603773,29784.0,106,0.4912462830543518,0.49622857570648193,0.3874674141407013,0.586936429142952,0.5353732109069824,0,0
fx10,2,1,green_tissue_b,130,745.45,106,29803.01886792453,30144.0,106,0.4953368306159973,0.5030721426010132,0.38940608501434326,0.5888187438249588,0.5412836670875549,0,0
fx10,2,1,green_tissue_b,131,748.19,106,29909.88679245283,30208.0,106,0.49915778636932373,0.5038154125213623,0.39167968183755875,0.5945872664451599,0.5418043732643127,0,0
fx10,2,1,green_tissue_b,132,750.93,106,29904.150943396227,30248.0,106,0.5014263987541199,0.5070798397064209,0.3949711546301842,0.5946465581655502,0.5455464720726013,0,0
fx10,2,1,green_tissue_b,133,753.66,106,29980.075471698114,30320.0,106,0.504200279712677,0.51051926612854,0.3972269296646118,0.593955472111702,0.5485645532608032,0,0
fx10,2,1,green_tissue_b,134,756.4,106,30035.924528301886,30376.0,106,0.5057715177536011,0.5125693678855896,0.39660897850990295,0.6007273346185684,0.5512471795082092,0,0
fx10,2,1,green_tissue_b,135,759.14,106,30244.22641509434,30456.0,106,0.5073596835136414,0.5123875141143799,0.3979799523949623,0.6008670926094055,0.5503187775611877,0,0
fx10,2,1,green_tissue_b,136,761.88,106,30472.603773584906,30768.0,106,0.5078572034835815,0.5127735137939453,0.3993730917572975,0.6029379665851593,0.5506632328033447,0,0
fx10,2,1,green_tissue_b,137,764.62,106,30822.33962264151,31104.0,106,0.5095475912094116,0.5144376158714294,0.3999382555484772,0.6019670218229294,0.552187442779541,0,0
fx10,2,1,green_tissue_b,138,767.36,106,30947.01886792453,31360.0,106,0.5114774703979492,0.5197240710258484,0.4016297534108162,0.6031205654144287,0.5566672086715698,0,0
fx10,2,1,green_tissue_b,139,770.11,106,30806.037735849055,30920.0,106,0.5125937461853027,0.5158222317695618,0.4035186842083931,0.6046670079231262,0.553502082824707,0,0
fx10,2,1,green_tissue_b,140,772.85,106,30394.264150943396,30576.0,106,0.5131474733352661,0.5184335708618164,0.40376066416502,0.6081994473934174,0.5565041303634644,0,0
fx10,2,1,green_tissue_b,141,775.6,106,29741.132075471698,29896.0,106,0.513324499130249,0.519708514213562,0.4032728597521782,0.608061358332634,0.5583428740501404,0,0
fx10,2,1,green_tissue_b,142,778.34,106,29139.169811320753,29264.0,106,0.513232409954071,0.5203689336776733,0.4040697515010834,0.6081053912639618,0.5592862367630005,0,0
fx10,2,1,green_tissue_b,143,781.09,106,28908.67924528302,29056.0,106,0.5135592818260193,0.5189976692199707,0.40302425622940063,0.6101513206958771,0.5586909651756287,0,0
fx10,2,1,green_tissue_b,144,783.84,106,29159.69811320755,29272.0,106,0.5146013498306274,0.5196289420127869,0.4046007767319679,0.6099822670221329,0.5594372153282166,0,0
fx10,2,1,green_tissue_b,145,786.58,106,29754.56603773585,29784.0,106,0.5162476897239685,0.5221243500709534,0.40522366762161255,0.6104523092508316,0.5607776641845703,0,0
fx10,2,1,green_tissue_b,146,789.33,106,30404.67924528302,30664.0,106,0.5170509219169617,0.521382212638855,0.4056464731693268,0.6130404472351074,0.5593900680541992,0,0
fx10,2,1,green_tissue_b,147,792.08,106,30909.43396226415,31120.0,106,0.5183493494987488,0.5229291915893555,0.4057953357696533,0.6119523495435715,0.5602660179138184,0,0
fx10,2,1,green_tissue_b,148,794.84,106,31006.64150943396,31312.0,106,0.5187314748764038,0.5217791795730591,0.40567246079444885,0.6146963387727737,0.5602979063987732,0,0
fx10,2,1,green_tissue_b,149,797.59,106,30642.716981132075,30856.0,106,0.5192875266075134,0.5250312089920044,0.406961165368557,0.6153199970722198,0.5622459650039673,0,0
fx10,2,1,green_tissue_b,150,800.34,106,29779.471698113208,29968.0,106,0.5188137292861938,0.5233167409896851,0.4042082279920578,0.6135090738534927,0.5624325275421143,0,0
fx10,2,1,green_tissue_b,151,803.1,106,28639.69811320755,28760.0,106,0.517998456954956,0.5212455987930298,0.4067474231123924,0.611103430390358,0.5620080828666687,0,0
fx10,2,1,green_tissue_b,152,805.85,106,27571.32075471698,27720.0,106,0.5173221826553345,0.5216299295425415,0.4041919931769371,0.6102952212095261,0.5632753372192383,0,0
fx10,2,1,green_tissue_b,153,808.61,106,26959.245283018867,27160.0,106,0.5171744227409363,0.5221548080444336,0.40348900109529495,0.6116761416196823,0.5652801394462585,0,0
fx10,2,1,green_tissue_b,154,811.36,106,26770.415094339623,26888.0,106,0.5177104473114014,0.5215208530426025,0.4042515158653259,0.6139323264360428,0.5647904872894287,0,0
fx10,2,1,green_tissue_b,155,814.12,106,27050.415094339623,27128.0,106,0.5186882615089417,0.5220272541046143,0.40654899924993515,0.6133484542369843,0.5641863346099854,0,0
fx10,2,1,green_tissue_b,156,816.88,106,27593.962264150945,27728.0,106,0.5193908214569092,0.5227558612823486,0.40592528134584427,0.6147157102823257,0.5651785135269165,0,0
fx10,2,1,green_tissue_b,157,819.64,106,28182.64150943396,28400.0,106,0.5208539366722107,0.5242396593093872,0.40805892646312714,0.6148261725902557,0.5656658411026001,0,0
fx10,2,1,green_tissue_b,158,822.4,106,28610.56603773585,28792.0,106,0.5214812159538269,0.5260883569717407,0.40958742052316666,0.6151218563318253,0.5665282607078552,0,0
fx10,2,1,green_tissue_b,159,825.16,106,28759.54716981132,28888.0,106,0.5219334363937378,0.5259552001953125,0.411934532225132,0.6149381995201111,0.5665576457977295,0,0
fx10,2,1,green_tissue_b,160,827.92,106,28553.66037735849,28728.0,106,0.5220053791999817,0.5259034633636475,0.41081587225198746,0.6152139157056808,0.5674675107002258,0,0
fx10,2,1,green_tissue_b,161,830.69,106,27990.64150943396,28080.0,106,0.5218741297721863,0.5261398553848267,0.4101196452975273,0.6167039424180984,0.5666549205780029,0,0
fx10,2,1,green_tissue_b,162,833.45,106,27377.962264150945,27592.0,106,0.5216686129570007,0.5260014533996582,0.4085502624511719,0.6149291545152664,0.5689460039138794,0,0
fx10,2,1,green_tissue_b,163,836.22,106,26860.22641509434,26992.0,106,0.5217710137367249,0.5248553156852722,0.408418245613575,0.6141244769096375,0.5683166980743408,0,0
fx10,2,1,green_tissue_b,164,838.98,106,26523.471698113208,26688.0,106,0.5217276811599731,0.525261402130127,0.40979938209056854,0.6140120327472687,0.5696389675140381,0,0
fx10,2,1,green_tissue_b,165,841.75,106,26514.264150943396,26664.0,106,0.522398054599762,0.5251173973083496,0.41177625954151154,0.617498129606247,0.5691433548927307,0,0
fx10,2,1,green_tissue_b,166,844.52,106,26713.811320754718,26800.0,106,0.5229883193969727,0.5262080430984497,0.411599725484848,0.6141733378171921,0.569919228553772,0,0
fx10,2,1,green_tissue_b,167,847.29,106,27081.056603773584,27224.0,106,0.5238025188446045,0.526852548122406,0.4123978167772293,0.61614029109478,0.57000732421875,0,0
fx10,2,1,green_tissue_b,168,850.06,106,27474.11320754717,27576.0,106,0.5249511003494263,0.5274863243103027,0.4107593521475792,0.6156374365091324,0.5695070028305054,0,0
fx10,2,1,green_tissue_b,169,852.83,106,27769.962264150945,27888.0,106,0.5254847407341003,0.5288047790527344,0.41080740839242935,0.6190848350524902,0.5710315704345703,0,0
fx10,2,1,green_tissue_b,170,855.6,106,27900.22641509434,28096.0,106,0.5259108543395996,0.5283876657485962,0.41121719032526016,0.6189267635345459,0.569882333278656,0,0
fx10,2,1,green_tissue_b,171,858.37,106,27851.32075471698,27976.0,106,0.5265055298805237,0.5299150347709656,0.4120682179927826,0.6201422661542892,0.5714508295059204,0,0
fx10,2,1,green_tissue_b,172,861.14,106,27600.45283018868,27752.0,106,0.5272426009178162,0.5324319005012512,0.4120308980345726,0.6212717443704605,0.5742100477218628,0,0
fx10,2,1,green_tissue_b,173,863.92,106,27158.188679245282,27296.0,106,0.5268310308456421,0.5293890237808228,0.41433287411928177,0.6199555397033691,0.5718379020690918,0,0
fx10,2,1,green_tissue_b,174,866.69,106,26619.924528301886,26792.0,106,0.5260657668113708,0.5312142372131348,0.4100690484046936,0.6207471042871475,0.5749051570892334,0,0
fx10,2,1,green_tissue_b,175,869.47,106,26075.01886792453,26152.0,106,0.5260430574417114,0.5293301343917847,0.41211581230163574,0.6190935224294662,0.5751113891601562,0,0
fx10,2,1,green_tissue_b,176,872.25,106,25571.471698113208,25680.0,106,0.5259344577789307,0.5274724960327148,0.4104721397161484,0.6173363626003265,0.5741046667098999,0,0
fx10,2,1,green_tissue_b,177,875.03,106,25196.830188679247,25344.0,106,0.526593804359436,0.5307369828224182,0.4130689203739166,0.6185453236103058,0.5780516862869263,0,0
fx10,2,1,green_tissue_b,178,877.8,106,24862.64150943396,25056.0,106,0.5269215703010559,0.5270562171936035,0.4134865999221802,0.6188389360904694,0.574671745300293,0,0
fx10,2,1,green_tissue_b,179,880.58,106,24712.45283018868,24784.0,106,0.5271848440170288,0.5301007032394409,0.4150514155626297,0.6188130527734756,0.5775686502456665,0,0
fx10,2,1,green_tissue_b,180,883.37,106,24611.169811320753,24712.0,106,0.5278929471969604,0.5303013324737549,0.4142358526587486,0.6178805083036423,0.5786911845207214,0,0
fx10,2,1,green_tissue_b,181,886.15,106,24561.056603773584,24648.0,106,0.5283632278442383,0.5318742990493774,0.41624295711517334,0.618486300110817,0.5797138214111328,0,0
fx10,2,1,green_tissue_b,182,888.93,106,24575.396226415094,24648.0,106,0.5292592644691467,0.5299997329711914,0.4162457436323166,0.62032151222229,0.5786119103431702,0,0
fx10,2,1,green_tissue_b,183,891.71,106,24507.01886792453,24592.0,106,0.5294647812843323,0.5312371253967285,0.4181029349565506,0.6205368041992188,0.5793168544769287,0,0
fx10,2,1,green_tissue_b,184,894.5,106,24381.43396226415,24488.0,106,0.5298488736152649,0.5314361453056335,0.422420434653759,0.6215250343084335,0.5795911550521851,0,0
fx10,2,1,green_tissue_b,185,897.28,106,24108.22641509434,24168.0,106,0.5295822024345398,0.5318804979324341,0.4195854291319847,0.6213683634996414,0.5799206495285034,0,0
fx10,2,1,green_tissue_b,186,900.07,106,23767.245283018867,23824.0,106,0.5293989181518555,0.5314149856567383,0.42027558386325836,0.6206209063529968,0.5818969011306763,0,0
fx10,2,1,green_tissue_b,187,902.86,106,23285.88679245283,23328.0,106,0.5299395322799683,0.5334528684616089,0.4228086322546005,0.6210901141166687,0.5831658244132996,0,0
fx10,2,1,green_tissue_b,188,905.64,106,22711.245283018867,22832.0,106,0.5299364328384399,0.5351582765579224,0.42307575792074203,0.6210586726665497,0.586740255355835,0,0
fx10,2,1,green_tissue_b,189,908.43,106,22112.754716981133,22224.0,106,0.5295600891113281,0.531231164932251,0.4226572662591934,0.6203892529010773,0.5855906009674072,0,0
fx10,2,1,green_tissue_b,190,911.22,106,21546.415094339623,21616.0,106,0.5291842818260193,0.5292806625366211,0.4230079874396324,0.6190813481807709,0.5870758295059204,0,0
fx10,2,1,green_tissue_b,191,914.02,106,21045.584905660377,21072.0,106,0.5289599895477295,0.5302290916442871,0.42088527232408524,0.6185470372438431,0.5874160528182983,0,0
fx10,2,1,green_tissue_b,192,916.81,106,20614.33962264151,20768.0,106,0.528856098651886,0.5317666530609131,0.42192281037569046,0.616447314620018,0.589729905128479,0,0
fx10,2,1,green_tissue_b,193,919.6,106,20391.094339622643,20520.0,106,0.5282909274101257,0.529589056968689,0.42382699251174927,0.6157901883125305,0.5878904461860657,0,0
fx10,2,1,green_tissue_b,194,922.39,106,20279.245283018867,20344.0,106,0.5290693044662476,0.5317495465278625,0.42150118947029114,0.6154879927635193,0.5907066464424133,0,0
fx10,2,1,green_tissue_b,195,925.19,106,20276.528301886792,20352.0,106,0.5285415649414062,0.5316174030303955,0.42001567780971527,0.6130733489990234,0.5901345014572144,0,0
fx10,2,1,green_tissue_b,196,927.98,106,20234.11320754717,20280.0,106,0.528257429599762,0.5288001298904419,0.4188569262623787,0.614727333188057,0.5883275270462036,0,0
fx10,2,1,green_tissue_b,197,930.78,106,20168.45283018868,20256.0,106,0.5278424024581909,0.5278658866882324,0.4239162504673004,0.6148575991392136,0.5878764390945435,0,0
fx10,2,1,green_tissue_b,198,933.58,106,19962.716981132075,20128.0,106,0.5264475345611572,0.5294821262359619,0.41959236562252045,0.611755758523941,0.5911468267440796,0,0
fx10,2,1,green_tissue_b,199,936.38,106,19671.396226415094,19712.0,106,0.5263956189155579,0.5271004438400269,0.4199659824371338,0.6151817440986633,0.5885155200958252,0,0
fx10,2,1,green_tissue_b,200,939.18,106,19246.490566037737,19384.0,106,0.5250817537307739,0.5286029577255249,0.4205242767930031,0.61111219227314,0.5916283130645752,0,0
fx10,2,1,green_tissue_b,201,941.98,106,18626.264150943396,18680.0,106,0.5242474675178528,0.5282189249992371,0.4192991554737091,0.6102668792009354,0.591179370880127,0,0
fx10,2,1,green_tissue_b,202,944.78,106,17941.584905660377,17976.0,106,0.5233921408653259,0.5244631767272949,0.4196121469140053,0.6099131107330322,0.5921123027801514,0,0
fx10,2,1,green_tissue_b,203,947.58,106,17164.075471698114,17296.0,106,0.5203875303268433,0.5233463644981384,0.4186416417360306,0.6059723496437073,0.5948466062545776,0,0
fx10,2,1,green_tissue_b,204,950.38,106,16312.754716981131,16400.0,106,0.5183685421943665,0.5231027603149414,0.4203045815229416,0.6061188131570816,0.597854495048523,0,0
fx10,2,1,green_tissue_b,205,953.19,106,15622.188679245282,15712.0,106,0.5159878134727478,0.5204269886016846,0.41684887558221817,0.6026363223791122,0.599197506904602,0,0
fx10,2,1,green_tissue_b,206,955.99,106,15027.018867924528,15112.0,106,0.5135858058929443,0.5158044099807739,0.4194239228963852,0.597561851143837,0.6002546548843384,0,0
fx10,2,1,green_tissue_b,207,958.8,106,14557.132075471698,14704.0,106,0.5118314623832703,0.5151368379592896,0.41516806930303574,0.5933969467878342,0.6022130846977234,0,0
fx10,2,1,green_tissue_b,208,961.6,106,14202.716981132075,14304.0,106,0.510895848274231,0.514551043510437,0.41737905889749527,0.5917862951755524,0.6037905812263489,0,0
fx10,2,1,green_tissue_b,209,964.41,106,13938.716981132075,14016.0,106,0.5099940299987793,0.515504002571106,0.4175099804997444,0.592362642288208,0.6061401963233948,0,0
fx10,2,1,green_tissue_b,210,967.22,106,13735.698113207547,13776.0,106,0.5101795792579651,0.513701319694519,0.41973383724689484,0.5898052453994751,0.6068801879882812,0,0
fx10,2,1,green_tissue_b,211,970.03,106,13589.584905660377,13664.0,106,0.5102985501289368,0.5123775005340576,0.4249800965189934,0.5942465960979462,0.6054694652557373,0,0
fx10,2,1,green_tissue_b,212,972.84,106,13392.603773584906,13424.0,106,0.5101845860481262,0.5111349821090698,0.42274966835975647,0.5874596983194351,0.6084930896759033,0,0
fx10,2,1,green_tissue_b,213,975.65,106,13169.811320754718,13280.0,106,0.5104413628578186,0.5138552188873291,0.4228943884372711,0.5893418490886688,0.6093461513519287,0,0
fx10,2,1,green_tissue_b,214,978.46,106,12953.056603773584,13016.0,106,0.5103818774223328,0.5142922401428223,0.4207632392644882,0.5910449475049973,0.6136818528175354,0,0
fx10,2,1,green_tissue_b,215,981.27,106,12656.754716981131,12712.0,106,0.5110093951225281,0.5119755268096924,0.42170993238687515,0.5859683752059937,0.6149955987930298,0,0
fx10,2,1,green_tissue_b,216,984.09,106,12303.849056603774,12336.0,106,0.5111041069030762,0.5115877389907837,0.4208432585000992,0.58663210272789,0.618125855922699,0,0
fx10,2,1,green_tissue_b,217,986.9,106,11904.452830188678,11952.0,106,0.5124106407165527,0.51176917552948,0.4234289154410362,0.5884749740362167,0.6250263452529907,0,0
fx10,2,1,green_tissue_b,218,989.72,106,11483.622641509433,11504.0,106,0.5125376582145691,0.5117281675338745,0.4242405667901039,0.5909586846828461,0.6277713775634766,0,0
fx10,2,1,green_tissue_b,219,992.54,106,11109.735849056604,11168.0,106,0.5136186480522156,0.5130276083946228,0.42654742300510406,0.5954761505126953,0.6349263787269592,0,0
fx10,2,1,green_tissue_b,220,995.35,106,10760.0,10768.0,106,0.5154606699943542,0.5176534056663513,0.42783017456531525,0.596529170870781,0.6418523192405701,0,0
fx10,2,1,green_tissue_b,221,998.17,106,10438.037735849057,10496.0,106,0.5171513557434082,0.518152117729187,0.429105207324028,0.6012573838233948,0.6471686959266663,0,0
fx10,2,1,green_tissue_b,222,1000.99,106,10149.88679245283,10216.0,106,0.5181993842124939,0.5229367017745972,0.4312689080834389,0.599292442202568,0.6543340682983398,0,0
fx10,2,1,green_tissue_b,223,1003.81,106,10119.094339622641,10192.0,106,0.5180866122245789,0.5196629166603088,0.4288271963596344,0.5949743092060089,0.6531440019607544,0,0
fx10,3,2,upper_broad_leaf,0,397.66,954,4824.922431865828,4816.0,954,0.45052435994148254,0.4492753744125366,0.3478260934352875,0.5571428537368774,0.8882352709770203,0,0
fx10,3,2,upper_broad_leaf,1,400.28,954,4842.180293501048,4832.0,954,0.4461991488933563,0.44285714626312256,0.3802816867828369,0.5277777910232544,0.8843634128570557,0,0
fx10,3,2,upper_broad_leaf,2,402.9,954,4853.4842767295595,4832.0,954,0.44026127457618713,0.4383561611175537,0.36486485600471497,0.5135135054588318,0.8794117569923401,0,0
fx10,3,2,upper_broad_leaf,3,405.52,954,4866.364779874214,4864.0,954,0.4282819628715515,0.4276190400123596,0.3636363744735718,0.5,0.8728323578834534,0,0
fx10,3,2,upper_broad_leaf,4,408.13,954,4871.295597484277,4864.0,954,0.4228064715862274,0.4197530746459961,0.3580246865749359,0.5,0.8657143115997314,0,0
fx10,3,2,upper_broad_leaf,5,410.75,954,4892.947589098532,4896.0,954,0.41392311453819275,0.4117647111415863,0.3529411852359772,0.48235294222831726,0.8587570786476135,0,0
fx10,3,2,upper_broad_leaf,6,413.37,954,4918.943396226415,4912.0,954,0.40703901648521423,0.40449437499046326,0.3483146131038666,0.47727271914482117,0.8539634943008423,0,0
fx10,3,2,upper_broad_leaf,7,416.0,954,4918.071278825996,4912.0,954,0.4022876024246216,0.4000000059604645,0.35164836049079895,0.46387097239494285,0.8484848737716675,0,0
fx10,3,2,upper_broad_leaf,8,418.62,954,4937.7945492662475,4928.0,954,0.39427924156188965,0.39175257086753845,0.33965252935886386,0.4577570989727973,0.8425414562225342,0,0
fx10,3,2,upper_broad_leaf,9,421.24,954,4948.008385744235,4944.0,954,0.3876263499259949,0.3869468569755554,0.3333333432674408,0.44369988441467273,0.8364611268043518,0,0
fx10,3,2,upper_broad_leaf,10,423.86,954,4957.014675052411,4960.0,954,0.3823765814304352,0.3799999952316284,0.33000001311302185,0.44117647409439087,0.8310992121696472,0,0
fx10,3,2,upper_broad_leaf,11,426.49,954,4983.631027253668,4976.0,954,0.3784213364124298,0.3755868673324585,0.33018869161605835,0.43396225571632385,0.8253968358039856,0,0
fx10,3,2,upper_broad_leaf,12,429.12,954,4989.568134171907,4976.0,954,0.37053176760673523,0.36889520287513733,0.3243243098258972,0.4238977819681166,0.8155844211578369,0,0
fx10,3,2,upper_broad_leaf,13,431.74,954,4995.857442348009,4992.0,954,0.3656080365180969,0.365217387676239,0.31896552443504333,0.4150524809956547,0.8093994855880737,0,0
fx10,3,2,upper_broad_leaf,14,434.37,954,5054.356394129979,5040.0,954,0.3565177917480469,0.35388994216918945,0.31147539615631104,0.4065040647983551,0.7989949584007263,0,0
fx10,3,2,upper_broad_leaf,15,437.0,954,5089.123689727463,5088.0,954,0.34678754210472107,0.3458646535873413,0.305970162153244,0.3909774422645569,0.7846534848213196,0,0
fx10,3,2,upper_broad_leaf,16,439.63,954,5098.07966457023,5088.0,954,0.340645968914032,0.3381294906139374,0.30215826630592346,0.3884892165660858,0.7743908166885376,0,0
fx10,3,2,upper_broad_leaf,17,442.26,954,5126.054507337526,5120.0,954,0.3315892219543457,0.3310810923576355,0.29411765933036804,0.3733333349227905,0.758865237236023,0,0
fx10,3,2,upper_broad_leaf,18,444.89,954,5180.058700209644,5184.0,954,0.32306838035583496,0.32121211290359497,0.28541126251220705,0.3680981695652008,0.7448511123657227,0,0
fx10,3,2,upper_broad_leaf,19,447.52,954,5229.953878406709,5232.0,954,0.31652894616127014,0.31578946113586426,0.2783031895756721,0.35853621959686277,0.734716534614563,0,0
fx10,3,2,upper_broad_leaf,20,450.16,954,5268.259958071279,5232.0,954,0.31167104840278625,0.30978259444236755,0.27508643120527265,0.3519552946090698,0.7234513163566589,0,0
fx10,3,2,upper_broad_leaf,21,452.79,954,5243.974842767296,5232.0,954,0.3083217740058899,0.30645161867141724,0.27173912525177,0.3492063581943512,0.7164502143859863,0,0
fx10,3,2,upper_broad_leaf,22,455.43,954,5273.979035639413,5264.0,954,0.30479228496551514,0.3025641143321991,0.2670156955718994,0.34375,0.7096773982048035,0,0
fx10,3,2,upper_broad_leaf,23,458.06,954,5307.572327044025,5312.0,954,0.3014090955257416,0.30000001192092896,0.2636815905570984,0.34196166545152656,0.7021844387054443,0,0
fx10,3,2,upper_broad_leaf,24,460.7,954,5309.316561844864,5312.0,954,0.3033806085586548,0.301980197429657,0.26420622915029524,0.3466042965650558,0.7036247253417969,0,0
fx10,3,2,upper_broad_leaf,25,463.34,954,5301.937106918239,5296.0,954,0.2985632121562958,0.2970297038555145,0.26205502152442933,0.33818910717964173,0.6966773867607117,0,0
fx10,3,2,upper_broad_leaf,26,465.98,954,5376.687631027254,5360.0,954,0.2929524779319763,0.290909081697464,0.2566749930381775,0.33538782298564895,0.6845360994338989,0,0
fx10,3,2,upper_broad_leaf,27,468.62,954,5376.855345911949,5360.0,954,0.29253050684928894,0.290909081697464,0.2594745337963104,0.33484163880348206,0.6818652749061584,0,0
fx10,3,2,upper_broad_leaf,28,471.26,954,5373.752620545073,5360.0,954,0.29133811593055725,0.28981804847717285,0.2566371560096741,0.33182532787323,0.6774193644523621,0,0
fx10,3,2,upper_broad_leaf,29,473.9,954,5471.312368972746,5456.0,954,0.28353676199913025,0.28105905652046204,0.25,0.3252032399177551,0.6589595079421997,0,0
fx10,3,2,upper_broad_leaf,30,476.54,954,5507.622641509434,5488.0,954,0.2789904773235321,0.2765151560306549,0.24679200127720832,0.3180076479911804,0.6459510326385498,0,0
fx10,3,2,upper_broad_leaf,31,479.18,954,5512.067085953879,5504.0,954,0.27641236782073975,0.2744360864162445,0.24334600567817688,0.31704520285129545,0.6399253606796265,0,0
fx10,3,2,upper_broad_leaf,32,481.83,954,5586.884696016771,5568.0,954,0.27010783553123474,0.267123281955719,0.23508403673768044,0.3112692698836326,0.6221033930778503,0,0
fx10,3,2,upper_broad_leaf,33,484.47,954,5668.981132075472,5664.0,954,0.2640419900417328,0.2618296444416046,0.23174603283405304,0.3047619163990021,0.6024814248085022,0,0
fx10,3,2,upper_broad_leaf,34,487.12,954,5707.37106918239,5696.0,954,0.2622304856777191,0.2599388360977173,0.2284545883536339,0.3023379296064376,0.5940099954605103,0,0
fx10,3,2,upper_broad_leaf,35,489.77,954,5781.417190775682,5760.0,954,0.2594892680644989,0.2565597593784332,0.22608695924282074,0.29991472363471977,0.5844155550003052,0,0
fx10,3,2,upper_broad_leaf,36,492.42,954,5884.192872117401,5856.0,954,0.2563154995441437,0.25232115387916565,0.22580644488334656,0.29872047901153564,0.5660964250564575,0,0
fx10,3,2,upper_broad_leaf,37,495.07,954,5943.731656184486,5920.0,954,0.25471487641334534,0.2515883147716522,0.22257975414395334,0.2951590776443481,0.5548872351646423,0,0
fx10,3,2,upper_broad_leaf,38,497.72,954,6006.457023060797,5984.0,954,0.25447332859039307,0.2512255311012268,0.21978797465562822,0.2995223194360732,0.5493216514587402,0,0
fx10,3,2,upper_broad_leaf,39,500.37,954,6111.530398322851,6096.0,954,0.2536507546901703,0.25014352798461914,0.21879273205995559,0.29946559518575666,0.5406562089920044,0,0
fx10,3,2,upper_broad_leaf,40,503.02,954,6158.255765199161,6144.0,954,0.2546439468860626,0.25056180357933044,0.21797752380371094,0.2996353581547737,0.534507155418396,0,0
fx10,3,2,upper_broad_leaf,41,505.67,954,6183.798742138365,6160.0,954,0.2588093876838684,0.25416213274002075,0.2209821492433548,0.30734639763832095,0.5356643199920654,0,0
fx10,3,2,upper_broad_leaf,42,508.32,954,6261.601677148847,6240.0,954,0.2610660493373871,0.25649362802505493,0.22317277565598487,0.3106676399707794,0.5303599834442139,0,0
fx10,3,2,upper_broad_leaf,43,510.98,954,6384.452830188679,6352.0,954,0.2638205289840698,0.2585514485836029,0.22524849697947502,0.3183992087841034,0.5221381187438965,0,0
fx10,3,2,upper_broad_leaf,44,513.63,954,6436.7631027253665,6400.0,954,0.2687794864177704,0.2626262605190277,0.2282209016382694,0.3253357112407684,0.523591160774231,0,0
fx10,3,2,upper_broad_leaf,45,516.29,954,6462.809224318658,6416.0,954,0.2742716073989868,0.26734694838523865,0.23108384013175964,0.33492049872875207,0.5274869203567505,0,0
fx10,3,2,upper_broad_leaf,46,518.95,954,6625.392033542977,6592.0,954,0.27855992317199707,0.27146321535110474,0.23570320680737494,0.3397573634982109,0.5224999785423279,0,0
fx10,3,2,upper_broad_leaf,47,521.61,954,6861.433962264151,6800.0,954,0.2832372784614563,0.27697840332984924,0.23883317410945892,0.3469989880919456,0.5144928693771362,0,0
fx10,3,2,upper_broad_leaf,48,524.27,954,6914.012578616353,6848.0,954,0.28793272376060486,0.2806079089641571,0.24197278618812562,0.3539889931678772,0.5144927501678467,0,0
fx10,3,2,upper_broad_leaf,49,526.93,954,6947.4381551362685,6880.0,954,0.29284948110580444,0.2841918170452118,0.24733161330223083,0.36000001430511475,0.5173237919807434,0,0
fx10,3,2,upper_broad_leaf,50,529.59,954,7182.440251572327,7120.0,954,0.29448452591896057,0.28523769974708557,0.24825803115963935,0.36333879828453064,0.5080743432044983,0,0
fx10,3,2,upper_broad_leaf,51,532.25,954,7553.9958071278825,7488.0,954,0.2942391633987427,0.2870771288871765,0.2468953400850296,0.36554667055606843,0.49061471223831177,0,0
fx10,3,2,upper_broad_leaf,52,534.91,954,7713.006289308176,7616.0,954,0.2934224009513855,0.28423261642456055,0.24692939445376397,0.3665471941232681,0.47837018966674805,0,0
fx10,3,2,upper_broad_leaf,53,537.57,954,7768.033542976939,7664.0,954,0.2936230003833771,0.28434064984321594,0.24662433415651322,0.3639351367950439,0.47730082273483276,0,0
fx10,3,2,upper_broad_leaf,54,540.24,954,7899.2368972746335,7824.0,954,0.2920169532299042,0.28338316082954407,0.24555821642279624,0.364461749792099,0.4713253378868103,0,0
fx10,3,2,upper_broad_leaf,55,542.91,954,8172.176100628931,8064.0,954,0.2894898056983948,0.2806588411331177,0.2426304042339325,0.36112269312143325,0.457859069108963,0,0
fx10,3,2,upper_broad_leaf,56,545.57,954,8383.345911949686,8264.0,954,0.2887619435787201,0.27945375442504883,0.24116759672760962,0.3608982980251312,0.448952853679657,0,0
fx10,3,2,upper_broad_leaf,57,548.24,954,8442.800838574423,8320.0,954,0.28830423951148987,0.27908292412757874,0.24120722860097885,0.3591204792261123,0.4459223747253418,0,0
fx10,3,2,upper_broad_leaf,58,550.91,954,8539.069182389938,8432.0,954,0.28778159618377686,0.2780801057815552,0.23951710537075996,0.3608764499425887,0.4426744878292084,0,0
fx10,3,2,upper_broad_leaf,59,553.58,954,8806.171907756814,8688.0,954,0.2870959937572479,0.27889254689216614,0.23855016455054284,0.3608443602919578,0.4352801442146301,0,0
fx10,3,2,upper_broad_leaf,60,556.25,954,9042.247379454926,8896.0,954,0.28662848472595215,0.2778182327747345,0.23874191865324973,0.3582161918282508,0.4276632070541382,0,0
fx10,3,2,upper_broad_leaf,61,558.92,954,9113.710691823899,8960.0,954,0.2866396903991699,0.2778034806251526,0.237779638171196,0.3595789685845375,0.42577654123306274,0,0
fx10,3,2,upper_broad_leaf,62,561.59,954,9169.492662473795,9024.0,954,0.28627076745033264,0.27729320526123047,0.23648891225457191,0.35956175774335863,0.42431169748306274,0,0
fx10,3,2,upper_broad_leaf,63,564.26,954,9327.647798742139,9200.0,954,0.2861301600933075,0.27611297369003296,0.23550692498683928,0.3617730438709259,0.42047929763793945,0,0
fx10,3,2,upper_broad_leaf,64,566.94,954,9434.51572327044,9296.0,954,0.28462159633636475,0.2752082347869873,0.23381809443235396,0.3592567786574363,0.41588446497917175,0,0
fx10,3,2,upper_broad_leaf,65,569.61,954,9394.4821802935,9264.0,954,0.2827402353286743,0.27359139919281006,0.23137258663773536,0.35535417348146436,0.4149259328842163,0,0
fx10,3,2,upper_broad_leaf,66,572.29,954,9333.50104821803,9200.0,954,0.2806595265865326,0.2727067470550537,0.22884710878133774,0.35530053228139874,0.41436582803726196,0,0
fx10,3,2,upper_broad_leaf,67,574.96,954,9455.295597484277,9344.0,954,0.27849656343460083,0.27048128843307495,0.22606590241193772,0.3542878627777099,0.40909090638160706,0,0
fx10,3,2,upper_broad_leaf,68,577.64,954,9692.62893081761,9552.0,954,0.27582675218582153,0.2682012617588043,0.22310300245881082,0.35109672695398325,0.4016227126121521,0,0
fx10,3,2,upper_broad_leaf,69,580.32,954,9766.020964360587,9616.0,954,0.2736194133758545,0.2646881937980652,0.21927156373858453,0.3475633174180984,0.3976061940193176,0,0
fx10,3,2,upper_broad_leaf,70,583.0,954,9576.100628930817,9424.0,954,0.2721587121486664,0.26344314217567444,0.21759316846728324,0.34717265367507927,0.39864978194236755,0,0
fx10,3,2,upper_broad_leaf,71,585.68,954,9411.33752620545,9288.0,954,0.2706528604030609,0.26309090852737427,0.21723106503486633,0.344935967028141,0.4013153314590454,0,0
fx10,3,2,upper_broad_leaf,72,588.36,954,9544.067085953879,9392.0,954,0.2689661681652069,0.26146209239959717,0.21500658988952637,0.34310041517019274,0.3963598608970642,0,0
fx10,3,2,upper_broad_leaf,73,591.04,954,9889.626834381552,9712.0,954,0.267572820186615,0.2597251534461975,0.21419054493308068,0.3420801624655723,0.38695263862609863,0,0
fx10,3,2,upper_broad_leaf,74,593.73,954,10167.849056603774,10000.0,954,0.2665940523147583,0.25807610154151917,0.21017958223819733,0.34177907705307004,0.380182683467865,0,0
fx10,3,2,upper_broad_leaf,75,596.41,954,10204.310272536688,10048.0,954,0.2669190466403961,0.25851553678512573,0.2106105126440525,0.3433742985129356,0.3809669017791748,0,0
fx10,3,2,upper_broad_leaf,76,599.1,954,10142.75890985325,9968.0,954,0.267797589302063,0.26001816987991333,0.21062641963362694,0.34434136748313904,0.3830769658088684,0,0
fx10,3,2,upper_broad_leaf,77,601.78,954,10316.561844863732,10160.0,954,0.2686035633087158,0.2609472870826721,0.2106120765209198,0.34695436358451837,0.3803676962852478,0,0
fx10,3,2,upper_broad_leaf,78,604.47,954,10801.358490566037,10632.0,954,0.2691316306591034,0.2624433934688568,0.20861702933907508,0.3498550251126289,0.3741496503353119,0,0
fx10,3,2,upper_broad_leaf,79,607.16,954,11285.148846960168,11072.0,954,0.26943325996398926,0.2624242305755615,0.20716961100697517,0.3501699805259704,0.36769020557403564,0,0
fx10,3,2,upper_broad_leaf,80,609.85,954,11519.949685534591,11328.0,954,0.26940304040908813,0.2615986466407776,0.20697143897414208,0.3519233450293541,0.3649592995643616,0,0
fx10,3,2,upper_broad_leaf,81,612.53,954,11439.463312368973,11248.0,954,0.269184947013855,0.2618618607521057,0.20593575164675712,0.35209193378686904,0.36507758498191833,0,0
fx10,3,2,upper_broad_leaf,82,615.23,954,11365.735849056604,11184.0,954,0.2685598134994507,0.26146364212036133,0.20531382486224176,0.3527463033795356,0.36511102318763733,0,0
fx10,3,2,upper_broad_leaf,83,617.92,954,11638.926624737946,11424.0,954,0.267797589302063,0.2607426941394806,0.2022952802479267,0.3512964010238646,0.3616480231285095,0,0
fx10,3,2,upper_broad_leaf,84,620.61,954,12063.077568134171,11840.0,954,0.2674046456813812,0.2600722908973694,0.2021996945142746,0.3522842422127724,0.35613831877708435,0,0
fx10,3,2,upper_broad_leaf,85,623.3,954,12514.129979035639,12328.0,954,0.26765257120132446,0.26032841205596924,0.19947675839066506,0.35448800623416893,0.35264673829078674,0,0
fx10,3,2,upper_broad_leaf,86,626.0,954,12738.817610062893,12520.0,954,0.2686704993247986,0.26117002964019775,0.2010241024196148,0.35611632466316223,0.3520810604095459,0,0
fx10,3,2,upper_broad_leaf,87,628.69,954,12800.251572327044,12560.0,954,0.27014675736427307,0.2626986503601074,0.2001321166753769,0.3590236812829971,0.35226789116859436,0,0
fx10,3,2,upper_broad_leaf,88,631.39,954,12912.587002096436,12672.0,954,0.27071356773376465,0.26262080669403076,0.19940482750535013,0.36124324053525925,0.3524085283279419,0,0
fx10,3,2,upper_broad_leaf,89,634.08,954,13119.798742138364,12880.0,954,0.26980236172676086,0.26180005073547363,0.19907767921686173,0.36044585704803467,0.3488825559616089,0,0
fx10,3,2,upper_broad_leaf,90,636.78,954,13216.368972746332,12968.0,954,0.26610150933265686,0.2581343650817871,0.1957438789308071,0.35788520425558085,0.34438493847846985,0,0
fx10,3,2,upper_broad_leaf,91,639.48,954,13096.82180293501,12832.0,954,0.25987228751182556,0.25193077325820923,0.19183217436075212,0.34893206208944316,0.33813679218292236,0,0
fx10,3,2,upper_broad_leaf,92,642.18,954,12845.299790356394,12592.0,954,0.25119704008102417,0.24438431859016418,0.1859806478023529,0.3340323761105537,0.32950320839881897,0,0
fx10,3,2,upper_broad_leaf,93,644.88,954,12672.01677148847,12456.0,954,0.24188321828842163,0.23517152667045593,0.18097073063254357,0.32105835229158397,0.3208189606666565,0,0
fx10,3,2,upper_broad_leaf,94,647.58,954,12682.683438155136,12464.0,954,0.23387199640274048,0.22879639267921448,0.17576181069016455,0.31098227202892303,0.3111773133277893,0,0
fx10,3,2,upper_broad_leaf,95,650.29,954,12796.1928721174,12576.0,954,0.22816841304302216,0.22227007150650024,0.17301900908350945,0.301351934671402,0.3032771050930023,0,0
fx10,3,2,upper_broad_leaf,96,652.99,954,12751.077568134171,12528.0,954,0.22391469776630402,0.21818184852600098,0.1696179084479809,0.29541462361812587,0.29805728793144226,0,0
fx10,3,2,upper_broad_leaf,97,655.69,954,12476.59538784067,12232.0,954,0.2201857715845108,0.21390517055988312,0.16701342314481735,0.2908548280596732,0.2962172031402588,0,0
fx10,3,2,upper_broad_leaf,98,658.4,954,12071.17819706499,11872.0,954,0.2151995301246643,0.2089819610118866,0.16424899846315386,0.28196512162685394,0.2951143980026245,0,0
fx10,3,2,upper_broad_leaf,99,661.1,954,11735.547169811322,11520.0,954,0.20843406021595,0.20250265300273895,0.16094810366630555,0.2704439014196396,0.28907686471939087,0,0
fx10,3,2,upper_broad_leaf,100,663.81,954,11668.410901467505,11440.0,954,0.20134477317333221,0.1955535113811493,0.1570323258638382,0.25873418450355523,0.2810705304145813,0,0
fx10,3,2,upper_broad_leaf,101,666.52,954,11783.312368972747,11552.0,954,0.19515198469161987,0.18902155756950378,0.15402522385120393,0.24938012734055515,0.27153271436691284,0,0
fx10,3,2,upper_broad_leaf,102,669.23,954,11880.318658280923,11680.0,954,0.19013407826423645,0.18477176129817963,0.14992717728018762,0.2405303515493869,0.2644968628883362,0,0
fx10,3,2,upper_broad_leaf,103,671.94,954,11859.069182389938,11664.0,954,0.1873704344034195,0.1820906102657318,0.14910480305552481,0.23718688935041427,0.261355459690094,0,0
fx10,3,2,upper_broad_leaf,104,674.65,954,11693.06498951782,11472.0,954,0.18565940856933594,0.1803758442401886,0.14817271903157234,0.23340663611888884,0.2611920237541199,0,0
fx10,3,2,upper_broad_leaf,105,677.36,954,11579.32075471698,11360.0,954,0.18528878688812256,0.1792890578508377,0.14800181165337561,0.23269953802227974,0.26076480746269226,0,0
fx10,3,2,upper_broad_leaf,106,680.07,954,11757.41719077568,11528.0,954,0.18683496117591858,0.18092340230941772,0.14905294254422188,0.23589111194014548,0.26115620136260986,0,0
fx10,3,2,upper_broad_leaf,107,682.79,954,12309.06498951782,12048.0,954,0.191221222281456,0.18449120223522186,0.15050025209784507,0.24434779435396187,0.2614096403121948,0,0
fx10,3,2,upper_broad_leaf,108,685.5,954,13284.394129979035,13008.0,954,0.20262612402439117,0.1966511607170105,0.1557602696120739,0.2641992807388304,0.2687513828277588,0,0
fx10,3,2,upper_broad_leaf,109,688.22,954,14597.88679245283,14320.0,954,0.223421111702919,0.21745248138904572,0.16626600325107574,0.2988556057214736,0.28484952449798584,0,0
fx10,3,2,upper_broad_leaf,110,690.93,954,16182.943396226416,15824.0,954,0.2560839354991913,0.24857810139656067,0.184058253467083,0.3517269745469092,0.3125103712081909,0,0
fx10,3,2,upper_broad_leaf,111,693.65,954,17846.775681341718,17472.0,954,0.2993519604206085,0.29113584756851196,0.20790214315056801,0.41644851863384247,0.3530758023262024,0,0
fx10,3,2,upper_broad_leaf,112,696.37,954,19574.205450733753,19304.0,954,0.3516334593296051,0.3457223176956177,0.23977911174297334,0.4849928945302962,0.4046628475189209,0,0
fx10,3,2,upper_broad_leaf,113,699.09,954,21671.94968553459,21552.0,954,0.4100118577480316,0.40706056356430054,0.27783063501119615,0.5593447744846344,0.46177607774734497,0,0
fx10,3,2,upper_broad_leaf,114,701.81,954,24502.389937106916,24512.0,954,0.467380166053772,0.4673883318901062,0.320344278216362,0.6280614167451858,0.516350507736206,0,0
fx10,3,2,upper_broad_leaf,115,704.53,954,27803.153039832287,27880.0,954,0.5230137705802917,0.5246428847312927,0.3628841876983643,0.6923776805400848,0.5662084817886353,0,0
fx10,3,2,upper_broad_leaf,116,707.25,954,31384.33542976939,31512.0,954,0.5744014978408813,0.5779302716255188,0.4063690960407257,0.7520140081644058,0.6134962439537048,0,0
fx10,3,2,upper_broad_leaf,117,709.97,954,34515.72327044025,34736.0,954,0.6212648749351501,0.6251164674758911,0.4496664568781853,0.8073917537927627,0.6554433107376099,0,0
fx10,3,2,upper_broad_leaf,118,712.7,954,37067.622641509435,37440.0,954,0.6642828583717346,0.670283317565918,0.48969868421554563,0.8519928157329557,0.6969683766365051,0,0
fx10,3,2,upper_broad_leaf,119,715.42,954,38788.86373165619,39104.0,954,0.7040743827819824,0.7105408906936646,0.5283182978630065,0.8938261836767196,0.7337034940719604,0,0
fx10,3,2,upper_broad_leaf,120,718.15,954,40282.264150943396,40536.0,954,0.7411661744117737,0.7473698258399963,0.564669668674469,0.9369454354047775,0.7678697109222412,0,0
fx10,3,2,upper_broad_leaf,121,720.87,954,41962.482180293504,42032.0,954,0.7759131789207458,0.7810745239257812,0.5987643629312516,0.9724330127239227,0.798829197883606,0,0
fx10,3,2,upper_broad_leaf,122,723.6,954,44175.63102725367,44192.0,954,0.8074566721916199,0.8104540109634399,0.6317118912935257,1.0066784143447876,0.8257483243942261,0,0
fx10,3,2,upper_broad_leaf,123,726.33,954,46645.232704402515,46752.0,954,0.8355652689933777,0.8388999104499817,0.6569896519184113,1.0331100344657898,0.8511608839035034,0,0
fx10,3,2,upper_broad_leaf,124,729.06,954,48995.67295597484,49136.0,954,0.8596624135971069,0.8627868890762329,0.6820326536893845,1.0577220618724823,0.8733636736869812,0,0
fx10,3,2,upper_broad_leaf,125,731.79,954,50852.159329140464,50968.0,954,0.8799406290054321,0.8847410082817078,0.7012088298797607,1.076507157087326,0.89354407787323,0,0
fx10,3,2,upper_broad_leaf,126,734.52,954,52071.3962264151,52136.0,951,0.8958768248558044,0.9015575647354126,0.7165059745311737,1.0905293822288513,0.9090654850006104,3,0
fx10,3,2,upper_broad_leaf,127,737.25,954,52684.20964360587,52768.0,947,0.9083436131477356,0.9131695628166199,0.7287956953048706,1.1009835958480834,0.9199831485748291,7,0
fx10,3,2,upper_broad_leaf,128,739.98,954,53024.88888888889,53104.0,943,0.9181406497955322,0.9234268665313721,0.7404852986335755,1.107109797000885,0.9293524026870728,11,0
fx10,3,2,upper_broad_leaf,129,742.72,954,53313.7106918239,53376.0,938,0.9259002208709717,0.9319981336593628,0.7462025910615921,1.113579022884369,0.9372268915176392,16,0
fx10,3,2,upper_broad_leaf,130,745.45,954,53591.98322851153,53632.0,936,0.9326847791671753,0.9381474256515503,0.7524460107088089,1.1173446476459503,0.9428867101669312,18,0
fx10,3,2,upper_broad_leaf,131,748.19,954,53769.00628930818,53848.0,932,0.9377196431159973,0.9422585964202881,0.7583271443843842,1.120637333393097,0.9466843605041504,22,0
fx10,3,2,upper_broad_leaf,132,750.93,954,53814.64150943396,53896.0,936,0.9429335594177246,0.9466100931167603,0.7610751986503601,1.1273086965084076,0.9506986141204834,18,0
fx10,3,2,upper_broad_leaf,133,753.66,954,53815.24528301887,53904.0,935,0.9461449384689331,0.9510317444801331,0.7649708807468414,1.1316368579864502,0.954713761806488,19,0
fx10,3,2,upper_broad_leaf,134,756.4,954,53869.97064989518,53968.0,933,0.9485326409339905,0.9518733620643616,0.7667960047721862,1.1307059526443481,0.9555394649505615,21,0
fx10,3,2,upper_broad_leaf,135,759.14,954,54198.909853249475,54288.0,924,0.9487336277961731,0.9538543224334717,0.7699783027172089,1.127243196964264,0.9573465585708618,30,0
fx10,3,2,upper_broad_leaf,136,761.88,954,54749.93710691824,54864.0,912,0.9480028748512268,0.95359206199646,0.7691459655761719,1.120055466890335,0.957058310508728,42,0
fx10,3,2,upper_broad_leaf,137,764.62,954,55316.24318658281,55416.0,897,0.9462310671806335,0.9530160427093506,0.7718048810958862,1.108424687385559,0.956716001033783,57,0
fx10,3,2,upper_broad_leaf,138,767.36,954,55511.36268343816,55720.0,894,0.9470659494400024,0.9535403251647949,0.7733125120401383,1.1083851516246794,0.9571337699890137,60,0
fx10,3,2,upper_broad_leaf,139,770.11,954,55190.6750524109,55376.0,908,0.9513201117515564,0.9572042226791382,0.7760866492986679,1.1209030210971833,0.9604020118713379,46,0
fx10,3,2,upper_broad_leaf,140,772.85,954,54320.73794549266,54448.0,937,0.9587926268577576,0.9626981616020203,0.7758475065231323,1.144451308250427,0.9655864834785461,17,0
fx10,3,2,upper_broad_leaf,141,775.6,954,53020.092243186584,53040.0,951,0.963157057762146,0.9656155705451965,0.7777718603610992,1.1571773886680603,0.9683073163032532,3,0
fx10,3,2,upper_broad_leaf,142,778.34,954,51872.97274633124,51824.0,954,0.964844286441803,0.9675332307815552,0.7780505686998368,1.1622127830982207,0.970150351524353,0,0
fx10,3,2,upper_broad_leaf,143,781.09,954,51368.989517819704,51400.0,954,0.965273916721344,0.9686684012413025,0.7798795670270919,1.161873358488083,0.9711725115776062,0,0
fx10,3,2,upper_broad_leaf,144,783.84,954,51788.54507337526,51808.0,954,0.9663131833076477,0.9701984524726868,0.7786115229129791,1.1630738139152526,0.9726138710975647,0,0
fx10,3,2,upper_broad_leaf,145,786.58,954,52903.32914046122,52872.0,949,0.9658541679382324,0.9684677720069885,0.7802589178085327,1.1622292280197142,0.9709531664848328,5,0
fx10,3,2,upper_broad_leaf,146,789.33,954,54188.310272536684,54216.0,932,0.9628010392189026,0.9673366546630859,0.7812521398067475,1.1476321756839751,0.9698704481124878,22,0
fx10,3,2,upper_broad_leaf,147,792.08,954,55206.6750524109,55296.0,900,0.9564712047576904,0.9615771770477295,0.7795281112194061,1.1206273913383484,0.9645277261734009,54,0
fx10,3,2,upper_broad_leaf,148,794.84,954,55482.482180293504,55680.0,895,0.9564145803451538,0.9628048539161682,0.7828405022621154,1.1180438280105591,0.9656918048858643,59,0
fx10,3,2,upper_broad_leaf,149,797.59,954,54839.29559748428,55000.0,925,0.9635348916053772,0.9675833582878113,0.7820960760116578,1.1453681468963623,0.970134437084198,29,0
fx10,3,2,upper_broad_leaf,150,800.34,954,53280.08385744235,53336.0,953,0.9710525274276733,0.9740982055664062,0.7834371566772461,1.1680014848709106,0.9761312007904053,1,0
fx10,3,2,upper_broad_leaf,151,803.1,954,51198.943396226416,51224.0,954,0.9713969230651855,0.9736732840538025,0.7852517575025558,1.1718760848045349,0.9758034348487854,0,0
fx10,3,2,upper_broad_leaf,152,805.85,954,49205.53459119497,49232.0,954,0.9715906977653503,0.9748047590255737,0.7834097236394882,1.1715321123600007,0.9769294261932373,0,0
fx10,3,2,upper_broad_leaf,153,808.61,954,47901.18238993711,47952.0,954,0.9719180464744568,0.9757497310638428,0.7831225395202637,1.1735098958015442,0.9779084920883179,0,0
fx10,3,2,upper_broad_leaf,154,811.36,954,47500.54507337526,47520.0,954,0.9723058342933655,0.9747737050056458,0.7824222207069397,1.1733021438121796,0.9770140051841736,0,0
fx10,3,2,upper_broad_leaf,155,814.12,954,47932.3605870021,47952.0,954,0.9732580184936523,0.9758501052856445,0.7832708716392517,1.1732448875904082,0.9780206680297852,0,0
fx10,3,2,upper_broad_leaf,156,816.88,954,48881.00628930818,48848.0,954,0.9739946722984314,0.9772610664367676,0.7859231948852539,1.1739385187625884,0.9791862964630127,0,0
fx10,3,2,upper_broad_leaf,157,819.64,954,50028.56184486373,50072.0,954,0.9749590754508972,0.9763641357421875,0.7871094584465027,1.175677525997162,0.9783593416213989,0,0
fx10,3,2,upper_broad_leaf,158,822.4,954,50830.99371069182,50848.0,954,0.9755399823188782,0.9770532250404358,0.787378066778183,1.1751137316226958,0.9789791703224182,0,0
fx10,3,2,upper_broad_leaf,159,825.16,954,51144.0,51128.0,954,0.976102888584137,0.9777777194976807,0.788848140835762,1.175322389602661,0.9796136617660522,0,0
fx10,3,2,upper_broad_leaf,160,827.92,954,50682.633123689724,50688.0,954,0.9762514233589172,0.9782220125198364,0.7880957692861557,1.1744978964328765,0.9800295829772949,0,0
fx10,3,2,upper_broad_leaf,161,830.69,954,49666.12997903564,49664.0,954,0.976464033126831,0.9793207049369812,0.7873058944940567,1.1767492592334747,0.9810783267021179,0,0
fx10,3,2,upper_broad_leaf,162,833.45,954,48419.488469601674,48392.0,954,0.9763472676277161,0.9788366556167603,0.7884027481079101,1.1773259162902832,0.9806910157203674,0,0
fx10,3,2,upper_broad_leaf,163,836.22,954,47316.25995807128,47296.0,954,0.9762479662895203,0.9778239727020264,0.786134198307991,1.178281682729721,0.9798070192337036,0,0
fx10,3,2,upper_broad_leaf,164,838.98,954,46678.82599580713,46696.0,954,0.976553738117218,0.9789719581604004,0.7850256830453872,1.1789522290229797,0.9808974862098694,0,0
fx10,3,2,upper_broad_leaf,165,841.75,954,46591.16142557652,46544.0,954,0.9769359827041626,0.9780604839324951,0.7867880940437317,1.1791329860687256,0.9800370335578918,0,0
fx10,3,2,upper_broad_leaf,166,844.52,954,46951.513626834385,46960.0,954,0.9773089289665222,0.9781584739685059,0.787331435084343,1.1792149364948272,0.9801157116889954,0,0
fx10,3,2,upper_broad_leaf,167,847.29,954,47651.50524109015,47624.0,954,0.9780498147010803,0.9797133803367615,0.7886690378189087,1.1800128996372221,0.9815346002578735,0,0
fx10,3,2,upper_broad_leaf,168,850.06,954,48399.16142557652,48384.0,954,0.9787962436676025,0.9806231260299683,0.7888601809740067,1.1800059437751769,0.9823321104049683,0,0
fx10,3,2,upper_broad_leaf,169,852.83,954,49000.654088050316,49016.0,954,0.9793943166732788,0.9810030460357666,0.7900393158197403,1.1808686614036559,0.9827216863632202,0,0
fx10,3,2,upper_broad_leaf,170,855.6,954,49291.18658280923,49288.0,954,0.9801954627037048,0.9817874431610107,0.7917981147766113,1.1813425183296202,0.9833882451057434,0,0
fx10,3,2,upper_broad_leaf,171,858.37,954,49212.343815513625,49224.0,954,0.9806331992149353,0.9820303320884705,0.7914059072732925,1.180088371038437,0.9835807085037231,0,0
fx10,3,2,upper_broad_leaf,172,861.14,954,48801.30817610063,48840.0,954,0.9810022711753845,0.981105387210846,0.791912978887558,1.1805451393127442,0.9827461242675781,0,0
fx10,3,2,upper_broad_leaf,173,863.92,954,48010.59958071279,48000.0,954,0.9810903072357178,0.9827396273612976,0.7918183296918869,1.1828087031841277,0.9842714071273804,0,0
fx10,3,2,upper_broad_leaf,174,866.69,954,47034.448637316564,47024.0,954,0.9813095331192017,0.9825711250305176,0.7912601441144943,1.1847696781158448,0.9841600656509399,0,0
fx10,3,2,upper_broad_leaf,175,869.47,954,46016.3857442348,46024.0,954,0.9816561937332153,0.9824824333190918,0.7912033528089524,1.1837081134319305,0.9841103553771973,0,0
fx10,3,2,upper_broad_leaf,176,872.25,954,44990.20545073375,44984.0,954,0.9819459319114685,0.9830968379974365,0.7907646983861923,1.185745334625244,0.984685480594635,0,0
fx10,3,2,upper_broad_leaf,177,875.03,954,44209.20754716981,44232.0,954,0.981757402420044,0.9830273389816284,0.7906513243913651,1.186004650592804,0.9846701622009277,0,0
fx10,3,2,upper_broad_leaf,178,877.8,954,43611.74004192872,43632.0,954,0.9821636080741882,0.9829627275466919,0.7923753321170807,1.1862729430198669,0.9846211671829224,0,0
fx10,3,2,upper_broad_leaf,179,880.58,954,43230.22222222222,43184.0,954,0.9827052354812622,0.983912467956543,0.7906428366899491,1.1869482755661012,0.9854882955551147,0,0
fx10,3,2,upper_broad_leaf,180,883.37,954,43010.85115303983,42952.0,954,0.9830191135406494,0.9829329252243042,0.7912743151187897,1.187430965900421,0.9846386313438416,0,0
fx10,3,2,upper_broad_leaf,181,886.15,954,42922.43186582809,42880.0,954,0.9836568832397461,0.9837165474891663,0.7924400925636291,1.1877129435539244,0.9853694438934326,0,0
fx10,3,2,upper_broad_leaf,182,888.93,954,42915.337526205454,42880.0,954,0.9842015504837036,0.985285758972168,0.793824416399002,1.1875608682632446,0.986733615398407,0,0
fx10,3,2,upper_broad_leaf,183,891.71,954,42849.52620545073,42864.0,954,0.9848002195358276,0.9849387407302856,0.7922922730445862,1.188865053653717,0.9864128828048706,0,0
fx10,3,2,upper_broad_leaf,184,894.5,954,42642.04612159329,42624.0,954,0.9854491949081421,0.9854190349578857,0.7945177018642425,1.1902511060237881,0.9868907928466797,0,0
fx10,3,2,upper_broad_leaf,185,897.28,954,42199.3962264151,42184.0,954,0.985909104347229,0.9864909052848816,0.7941636234521866,1.1918964326381682,0.9878681898117065,0,0
fx10,3,2,upper_broad_leaf,186,900.07,954,41502.49056603773,41456.0,954,0.9860472083091736,0.9863539934158325,0.7950521767139435,1.1934938430786133,0.9877839088439941,0,0
fx10,3,2,upper_broad_leaf,187,902.86,954,40598.20545073375,40544.0,954,0.9860604405403137,0.9857056736946106,0.7933241665363312,1.1920438408851621,0.9871925711631775,0,0
fx10,3,2,upper_broad_leaf,188,905.64,954,39491.840670859536,39472.0,954,0.9856358170509338,0.9855292439460754,0.7938892543315887,1.1921098709106444,0.9870932698249817,0,0
fx10,3,2,upper_broad_leaf,189,908.43,954,38250.24737945493,38224.0,954,0.9847484827041626,0.9853735566139221,0.7929866343736649,1.1923202276229858,0.9869896173477173,0,0
fx10,3,2,upper_broad_leaf,190,911.22,954,37092.343815513625,37056.0,954,0.9837916493415833,0.9830597639083862,0.7925917625427246,1.1907004535198211,0.9849742650985718,0,0
fx10,3,2,upper_broad_leaf,191,914.02,954,36091.89098532495,36072.0,954,0.9830955862998962,0.9828559160232544,0.7927300214767456,1.1904664278030395,0.9848904609680176,0,0
fx10,3,2,upper_broad_leaf,192,916.81,954,35315.22012578617,35256.0,954,0.9827638864517212,0.9824601411819458,0.793599009513855,1.1886543393135072,0.9845772385597229,0,0
fx10,3,2,upper_broad_leaf,193,919.6,954,34828.83018867925,34744.0,954,0.9820895791053772,0.9818960428237915,0.7913468450307846,1.1889514863491057,0.9841866493225098,0,0
fx10,3,2,upper_broad_leaf,194,922.39,954,34614.339622641506,34576.0,954,0.981781005859375,0.9823376536369324,0.7910276740789414,1.1900866746902465,0.9845314025878906,0,0
fx10,3,2,upper_broad_leaf,195,925.19,954,34545.59329140461,34472.0,954,0.9808686375617981,0.9815672636032104,0.7900805294513702,1.1860012888908387,0.983880341053009,0,0
fx10,3,2,upper_broad_leaf,196,927.98,954,34506.59958071279,34448.0,954,0.980047345161438,0.9802994132041931,0.7895481735467911,1.1852528154850004,0.9827109575271606,0,0
fx10,3,2,upper_broad_leaf,197,930.78,954,34414.25576519916,34344.0,954,0.9792637825012207,0.9775149822235107,0.7888253808021546,1.1847338438034056,0.9803246259689331,0,0
fx10,3,2,upper_broad_leaf,198,933.58,954,34127.96645702306,34064.0,954,0.978234589099884,0.9770482778549194,0.7881865829229355,1.1843798518180846,0.9799627065658569,0,0
fx10,3,2,upper_broad_leaf,199,936.38,954,33644.125786163524,33648.0,954,0.9768168330192566,0.976996660232544,0.7872359842061997,1.1827823162078857,0.9798482656478882,0,0
fx10,3,2,upper_broad_leaf,200,939.18,954,32958.121593291406,32936.0,954,0.9743558764457703,0.9749547243118286,0.7853330940008164,1.1778552889823914,0.9781227111816406,0,0
fx10,3,2,upper_broad_leaf,201,941.98,954,31849.19077568134,31808.0,954,0.9715365171432495,0.9708470106124878,0.7802677124738693,1.178734028339386,0.974767804145813,0,0
fx10,3,2,upper_broad_leaf,202,944.78,954,30507.30398322851,30440.0,954,0.9680830836296082,0.9666022658348083,0.781034716963768,1.1731145441532134,0.9712386131286621,0,0
fx10,3,2,upper_broad_leaf,203,947.58,954,28986.01257861635,28944.0,954,0.9638199806213379,0.9632655382156372,0.7747321546077728,1.167063957452774,0.9685826301574707,0,0
fx10,3,2,upper_broad_leaf,204,950.38,954,27445.383647798742,27408.0,954,0.9586277604103088,0.9580918550491333,0.7713946402072906,1.1620317637920379,0.9645012617111206,0,0
fx10,3,2,upper_broad_leaf,205,953.19,954,26063.6142557652,26040.0,954,0.9535526037216187,0.9535630941390991,0.7669199645519257,1.1553772747516633,0.9610612988471985,0,0
fx10,3,2,upper_broad_leaf,206,955.99,954,24853.584905660377,24792.0,954,0.9480890035629272,0.9470784068107605,0.7626189202070236,1.1479262590408323,0.9558711051940918,0,0
fx10,3,2,upper_broad_leaf,207,958.8,954,23885.299790356396,23832.0,954,0.9436250329017639,0.9431373476982117,0.7605762869119644,1.1427477300167084,0.9528658390045166,0,0
fx10,3,2,upper_broad_leaf,208,961.6,954,23166.255765199163,23128.0,954,0.9406192898750305,0.9409425258636475,0.7570850789546967,1.1409733235836028,0.9514151811599731,0,0
fx10,3,2,upper_broad_leaf,209,964.41,954,22587.37106918239,22560.0,954,0.9387228488922119,0.9387068748474121,0.7548141658306122,1.1404543578624724,0.9497965574264526,0,0
fx10,3,2,upper_broad_leaf,210,967.22,954,22185.67714884696,22128.0,954,0.9379764199256897,0.9382402896881104,0.7535257428884506,1.1384373724460601,0.9496550559997559,0,0
fx10,3,2,upper_broad_leaf,211,970.03,954,21832.83857442348,21784.0,954,0.9372934699058533,0.9373233318328857,0.7567733466625214,1.1366209924221036,0.9490979909896851,0,0
fx10,3,2,upper_broad_leaf,212,972.84,954,21507.65618448637,21472.0,954,0.9372467994689941,0.936490535736084,0.7539951473474502,1.1365652799606323,0.9487775564193726,0,0
fx10,3,2,upper_broad_leaf,213,975.65,954,21124.880503144654,21040.0,954,0.9369601607322693,0.9357562065124512,0.7565445989370346,1.1365188956260681,0.9483155012130737,0,0
fx10,3,2,upper_broad_leaf,214,978.46,954,20663.21174004193,20648.0,954,0.9371570944786072,0.9357343912124634,0.7564616501331329,1.1365384221076964,0.948623538017273,0,0
fx10,3,2,upper_broad_leaf,215,981.27,954,20115.505241090148,20112.0,954,0.9377615451812744,0.9390596151351929,0.7542898923158645,1.1401224672794341,0.9514855146408081,0,0
fx10,3,2,upper_broad_leaf,216,984.09,954,19435.85744234801,19408.0,954,0.938213586807251,0.9372667074203491,0.7568081498146058,1.1393743574619293,0.9505349397659302,0,0
fx10,3,2,upper_broad_leaf,217,986.9,954,18695.63102725367,18656.0,954,0.9386929273605347,0.9379562139511108,0.7558582067489624,1.1372504115104674,0.9514169692993164,0,0
fx10,3,2,upper_broad_leaf,218,989.72,954,17945.006289308178,17904.0,954,0.9391686916351318,0.938018798828125,0.7569649577140808,1.1404265940189362,0.9523199200630188,0,0
fx10,3,2,upper_broad_leaf,219,992.54,954,17165.18238993711,17152.0,954,0.9400928020477295,0.9396250247955322,0.7604831546545029,1.1386178791522978,0.9542638659477234,0,0
fx10,3,2,upper_broad_leaf,220,995.35,954,16431.798742138366,16424.0,954,0.9410780072212219,0.9411035180091858,0.7595172703266144,1.1394450187683105,0.9558755159378052,0,0
fx10,3,2,upper_broad_leaf,221,998.17,954,15774.557651991614,15728.0,954,0.9418190717697144,0.9406349658966064,0.7580867767333984,1.141199916601181,0.9562690258026123,0,0
fx10,3,2,upper_broad_leaf,222,1000.99,954,15299.270440251572,15280.0,954,0.9429914355278015,0.9418624639511108,0.7612233936786652,1.143268710374832,0.9575221538543701,0,0
fx10,3,2,upper_broad_leaf,223,1003.81,954,15249.66037735849,15248.0,954,0.9428719878196716,0.9427210688591003,0.761263957619667,1.1426003277301788,0.9581878185272217,0,0
fx10,4,2,lower_green_leaf,0,397.66,436,4919.412844036698,4928.0,436,0.533279538154602,0.5362318754196167,0.42492539435625076,0.6387086510658264,0.9061583280563354,0,0
fx10,4,2,lower_green_leaf,1,400.28,436,4945.798165137615,4944.0,436,0.5293919444084167,0.5285714268684387,0.4476708173751831,0.6181648671627045,0.9032257795333862,0,0
fx10,4,2,lower_green_leaf,2,402.9,436,4948.733944954129,4944.0,436,0.5164822340011597,0.5138888955116272,0.4444444477558136,0.6081081032752991,0.8971008062362671,0,0
fx10,4,2,lower_green_leaf,3,405.52,436,4953.871559633028,4960.0,436,0.5088196992874146,0.5064935088157654,0.43421053886413574,0.5921052694320679,0.8908554315567017,0,0
fx10,4,2,lower_green_leaf,4,408.13,436,4985.211009174312,4976.0,436,0.49965211749076843,0.5,0.4303797483444214,0.574999988079071,0.885672926902771,0,0
fx10,4,2,lower_green_leaf,5,410.75,436,4997.614678899083,4992.0,436,0.48962298035621643,0.488095223903656,0.4204317182302475,0.5574036687612534,0.8788732290267944,0,0
fx10,4,2,lower_green_leaf,6,413.37,436,5012.0,5008.0,436,0.4814567565917969,0.48275861144065857,0.41860464215278625,0.5446969717741013,0.8739495873451233,0,0
fx10,4,2,lower_green_leaf,7,416.0,436,5026.788990825688,5024.0,436,0.4755762815475464,0.47727271914482117,0.42106227576732635,0.5386776328086853,0.8684931397438049,0,0
fx10,4,2,lower_green_leaf,8,418.62,436,5050.422018348624,5040.0,436,0.46920180320739746,0.46739131212234497,0.41241417825222015,0.5326260030269623,0.863760232925415,0,0
fx10,4,2,lower_green_leaf,9,421.24,436,5059.302752293578,5056.0,436,0.46091628074645996,0.45875850319862366,0.4056047946214676,0.5204081535339355,0.8567567467689514,0,0
fx10,4,2,lower_green_leaf,10,423.86,436,5078.788990825688,5072.0,436,0.45567259192466736,0.4591836631298065,0.39393940567970276,0.5099999904632568,0.853723406791687,0,0
fx10,4,2,lower_green_leaf,11,426.49,436,5109.247706422018,5104.0,436,0.452113538980484,0.4476190507411957,0.3938039317727089,0.5142857432365417,0.8475694060325623,0,0
fx10,4,2,lower_green_leaf,12,429.12,436,5120.0,5120.0,436,0.4440199136734009,0.44144144654273987,0.3909091055393219,0.5,0.8379430174827576,0,0
fx10,4,2,lower_green_leaf,13,431.74,436,5134.605504587156,5120.0,436,0.437812864780426,0.43478259444236755,0.38596490025520325,0.4967948719859123,0.8324607610702515,0,0
fx10,4,2,lower_green_leaf,14,434.37,436,5185.724770642202,5168.0,436,0.4260343611240387,0.4262295067310333,0.3719008266925812,0.4793388545513153,0.8224174976348877,0,0
fx10,4,2,lower_green_leaf,15,437.0,436,5226.899082568807,5216.0,436,0.4147069752216339,0.4166666567325592,0.3636363744735718,0.469696968793869,0.808695375919342,0,0
fx10,4,2,lower_green_leaf,16,439.63,436,5238.825688073394,5232.0,436,0.4090383052825928,0.4085264205932617,0.35753388702869415,0.4591939374804497,0.7995049357414246,0,0
fx10,4,2,lower_green_leaf,17,442.26,436,5282.422018348624,5280.0,436,0.39944806694984436,0.3986928164958954,0.34899330139160156,0.44736841320991516,0.7856287360191345,0,0
fx10,4,2,lower_green_leaf,18,444.89,436,5349.761467889908,5344.0,436,0.3899112045764923,0.3888888955116272,0.338920459151268,0.44292929023504257,0.7726218104362488,0,0
fx10,4,2,lower_green_leaf,19,447.52,436,5410.348623853211,5408.0,436,0.38433098793029785,0.38235294818878174,0.3333333432674408,0.4385964870452881,0.7624434232711792,0,0
fx10,4,2,lower_green_leaf,20,450.16,436,5434.128440366972,5424.0,436,0.3752058446407318,0.37362638115882874,0.3258427083492279,0.4277777671813965,0.7511013150215149,0,0
fx10,4,2,lower_green_leaf,21,452.79,436,5427.706422018348,5424.0,436,0.37091848254203796,0.3695652186870575,0.3169398903846741,0.42473119497299194,0.7439559698104858,0,0
fx10,4,2,lower_green_leaf,22,455.43,436,5453.94495412844,5440.0,436,0.36731672286987305,0.3657853901386261,0.31578946113586426,0.421875,0.737812876701355,0,0
fx10,4,2,lower_green_leaf,23,458.06,436,5497.614678899083,5472.0,436,0.3644193708896637,0.36110758781433105,0.31122449040412903,0.4211216941475868,0.7299044132232666,0,0
fx10,4,2,lower_green_leaf,24,460.7,436,5500.220183486239,5488.0,436,0.36683210730552673,0.36409616470336914,0.3096446692943573,0.42424243688583374,0.731501042842865,0,0
fx10,4,2,lower_green_leaf,25,463.34,436,5511.522935779816,5504.0,436,0.36220699548721313,0.36000001430511475,0.3111683502793312,0.42041540145874023,0.726509153842926,0,0
fx10,4,2,lower_green_leaf,26,465.98,436,5575.522935779816,5568.0,436,0.3548625409603119,0.35011520981788635,0.30530302971601486,0.41415175050497055,0.7128309607505798,0,0
fx10,4,2,lower_green_leaf,27,468.62,436,5591.48623853211,5584.0,436,0.35397565364837646,0.3529411852359772,0.30177611112594604,0.40909090638160706,0.7125502824783325,0,0
fx10,4,2,lower_green_leaf,28,471.26,436,5581.467889908256,5568.0,436,0.3510016202926636,0.35111111402511597,0.30136987566947937,0.40625,0.7059422135353088,0,0
fx10,4,2,lower_green_leaf,29,473.9,436,5687.926605504587,5664.0,436,0.3444935977458954,0.34166666865348816,0.29308658838272095,0.4037088006734848,0.688349723815918,0,0
fx10,4,2,lower_green_leaf,30,476.54,436,5768.0,5760.0,436,0.33809641003608704,0.3346153795719147,0.2852973937988281,0.40192242711782455,0.6754968166351318,0,0
fx10,4,2,lower_green_leaf,31,479.18,436,5762.605504587156,5728.0,436,0.33714908361434937,0.3320964276790619,0.28503216803073883,0.3977695107460022,0.6701205968856812,0,0
fx10,4,2,lower_green_leaf,32,481.83,436,5832.954128440367,5808.0,436,0.3294299840927124,0.32517483830451965,0.2770436704158783,0.38980235159397125,0.6537443995475769,0,0
fx10,4,2,lower_green_leaf,33,484.47,436,5951.339449541284,5920.0,436,0.3210456073284149,0.3164541721343994,0.2657550871372223,0.38427966088056564,0.6332473754882812,0,0
fx10,4,2,lower_green_leaf,34,487.12,436,5995.926605504587,5968.0,436,0.3183023929595947,0.31354957818984985,0.26333924382925034,0.38055045157670975,0.6241627931594849,0,0
fx10,4,2,lower_green_leaf,35,489.77,436,6064.733944954129,6032.0,436,0.3152955174446106,0.3090378940105438,0.26099705696105957,0.3805716559290886,0.6157635450363159,0,0
fx10,4,2,lower_green_leaf,36,492.42,436,6185.908256880734,6160.0,436,0.31091344356536865,0.3027026951313019,0.2547815144062042,0.37571052461862564,0.5979794859886169,0,0
fx10,4,2,lower_green_leaf,37,495.07,436,6265.981651376147,6224.0,436,0.3072755038738251,0.30166834592819214,0.2506393790245056,0.37168142199516296,0.5865166783332825,0,0
fx10,4,2,lower_green_leaf,38,497.72,436,6338.165137614679,6304.0,436,0.3063366711139679,0.29858124256134033,0.25154397636651993,0.37361906468868256,0.5807633996009827,0,0
fx10,4,2,lower_green_leaf,39,500.37,436,6440.40366972477,6400.0,436,0.3046320378780365,0.299308180809021,0.2485300973057747,0.3692036420106888,0.572143018245697,0,0
fx10,4,2,lower_green_leaf,40,503.02,436,6500.807339449541,6464.0,436,0.3038388788700104,0.2968406677246094,0.24943310022354126,0.37113921344280243,0.5655224323272705,0,0
fx10,4,2,lower_green_leaf,41,505.67,436,6505.321100917431,6464.0,436,0.3073025941848755,0.2993181347846985,0.2528284341096878,0.37290169298648834,0.5664820075035095,0,0
fx10,4,2,lower_green_leaf,42,508.32,436,6596.954128440367,6544.0,436,0.3086807429790497,0.3029637634754181,0.25260869413614273,0.376086950302124,0.5623297691345215,0,0
fx10,4,2,lower_green_leaf,43,510.98,436,6735.302752293578,6688.0,436,0.31097567081451416,0.30383655428886414,0.25502611696720123,0.3746141865849495,0.5534882545471191,0,0
fx10,4,2,lower_green_leaf,44,513.63,436,6800.440366972477,6768.0,436,0.3169812262058258,0.3107672929763794,0.2608472406864166,0.3798687979578972,0.5557371377944946,0,0
fx10,4,2,lower_green_leaf,45,516.29,436,6830.348623853211,6768.0,436,0.324840784072876,0.31717580556869507,0.2699364274740219,0.38845933228731155,0.5618737936019897,0,0
fx10,4,2,lower_green_leaf,46,518.95,436,7030.275229357798,6976.0,436,0.33229148387908936,0.3261502981185913,0.2778868153691292,0.3962084650993347,0.5605185627937317,0,0
fx10,4,2,lower_green_leaf,47,521.61,436,7316.036697247707,7280.0,436,0.339607298374176,0.3345521092414856,0.2810218930244446,0.4026385322213173,0.5548112988471985,0,0
fx10,4,2,lower_green_leaf,48,524.27,436,7458.788990825688,7424.0,436,0.34977662563323975,0.34414446353912354,0.2915921211242676,0.4138695299625397,0.5602877140045166,0,0
fx10,4,2,lower_green_leaf,49,526.93,436,7537.871559633028,7496.0,436,0.3608151972293854,0.354692667722702,0.30231553316116333,0.4251234382390976,0.5658782720565796,0,0
fx10,4,2,lower_green_leaf,50,529.59,436,7856.917431192661,7808.0,436,0.36809226870536804,0.3641717731952667,0.3095139041543007,0.4307754933834076,0.5633503198623657,0,0
fx10,4,2,lower_green_leaf,51,532.25,436,8349.688073394496,8288.0,436,0.3728979229927063,0.3694266378879547,0.3133433163166046,0.43795084208250046,0.5522186756134033,0,0
fx10,4,2,lower_green_leaf,52,534.91,436,8642.128440366972,8600.0,436,0.3767983317375183,0.37101858854293823,0.3160839080810547,0.44440558552742004,0.5442556142807007,0,0
fx10,4,2,lower_green_leaf,53,537.57,436,8761.137614678899,8720.0,436,0.38045844435691833,0.37756574153900146,0.31973856687545776,0.4475933909416199,0.5466399192810059,0,0
fx10,4,2,lower_green_leaf,54,540.24,436,8957.944954128441,8944.0,436,0.38168221712112427,0.3788776397705078,0.32355380803346634,0.4467063918709755,0.5438596606254578,0,0
fx10,4,2,lower_green_leaf,55,542.91,436,9336.11009174312,9296.0,436,0.3817577660083771,0.3798166811466217,0.3209567815065384,0.4481353163719177,0.5329632759094238,0,0
fx10,4,2,lower_green_leaf,56,545.57,436,9667.559633027522,9632.0,436,0.38221272826194763,0.37803468108177185,0.32089540362358093,0.45094120502471924,0.5270538330078125,0,0
fx10,4,2,lower_green_leaf,57,548.24,436,9771.926605504586,9760.0,436,0.3832816779613495,0.38154569268226624,0.32215115427970886,0.4518667161464691,0.5267011523246765,0,0
fx10,4,2,lower_green_leaf,58,550.91,436,9903.009174311926,9872.0,436,0.38338321447372437,0.3807179629802704,0.3221239149570465,0.45081619918346405,0.5233627557754517,0,0
fx10,4,2,lower_green_leaf,59,553.58,436,10226.56880733945,10152.0,436,0.38235533237457275,0.3796289563179016,0.31979167461395264,0.4522770717740059,0.5149073600769043,0,0
fx10,4,2,lower_green_leaf,60,556.25,436,10521.724770642202,10456.0,436,0.37946656346321106,0.37671998143196106,0.31726013869047165,0.4471362233161926,0.5073302388191223,0,0
fx10,4,2,lower_green_leaf,61,558.92,436,10561.504587155963,10536.0,436,0.37617090344429016,0.373256653547287,0.3155466765165329,0.44212786853313446,0.5030555725097656,0,0
fx10,4,2,lower_green_leaf,62,561.59,436,10553.467889908257,10480.0,436,0.37133535742759705,0.3683977425098419,0.3109405040740967,0.437847763299942,0.49790844321250916,0,0
fx10,4,2,lower_green_leaf,63,564.26,436,10638.385321100917,10600.0,436,0.3643685579299927,0.3612127900123596,0.30269836634397507,0.43068989366292953,0.4902114272117615,0,0
fx10,4,2,lower_green_leaf,64,566.94,436,10697.944954128441,10608.0,436,0.35661470890045166,0.35230353474617004,0.2954797074198723,0.4206773638725281,0.478924423456192,0,0
fx10,4,2,lower_green_leaf,65,569.61,436,10530.935779816513,10424.0,436,0.3480280339717865,0.3426516652107239,0.28816521912813187,0.4140169620513916,0.471521258354187,0,0
fx10,4,2,lower_green_leaf,66,572.29,436,10330.678899082568,10224.0,436,0.3392193913459778,0.334389865398407,0.27858439087867737,0.4045070484280586,0.4660831391811371,0,0
fx10,4,2,lower_green_leaf,67,574.96,436,10347.633027522936,10224.0,436,0.33083677291870117,0.3247627019882202,0.2713656425476074,0.3965103477239609,0.4541453719139099,0,0
fx10,4,2,lower_green_leaf,68,577.64,436,10552.0,10440.0,436,0.3236088752746582,0.3175004720687866,0.26400501281023026,0.38954928517341614,0.44433003664016724,0,0
fx10,4,2,lower_green_leaf,69,580.32,436,10580.697247706423,10448.0,436,0.3176214098930359,0.3119920492172241,0.25762492418289185,0.384076252579689,0.4357262849807739,0,0
fx10,4,2,lower_green_leaf,70,583.0,436,10339.59633027523,10224.0,436,0.31316789984703064,0.30720362067222595,0.25407037883996964,0.3784010112285614,0.43577873706817627,0,0
fx10,4,2,lower_green_leaf,71,585.68,436,10086.201834862386,9968.0,436,0.3091887831687927,0.30258601903915405,0.2495131976902485,0.3735615760087967,0.4342951476573944,0,0
fx10,4,2,lower_green_leaf,72,588.36,436,10179.59633027523,10064.0,436,0.30508214235305786,0.3001043200492859,0.2444164827466011,0.37087880074977875,0.43011176586151123,0,0
fx10,4,2,lower_green_leaf,73,591.04,436,10526.091743119267,10448.0,436,0.3015724718570709,0.29596051573753357,0.24343271180987358,0.36773112416267395,0.41919711232185364,0,0
fx10,4,2,lower_green_leaf,74,593.73,436,10809.02752293578,10704.0,436,0.2982260286808014,0.29149872064590454,0.2403540499508381,0.36443790793418884,0.41003698110580444,0,0
fx10,4,2,lower_green_leaf,75,596.41,436,10815.522935779816,10680.0,436,0.29664871096611023,0.2910948395729065,0.23727917298674583,0.36368608474731445,0.40866729617118835,0,0
fx10,4,2,lower_green_leaf,76,599.1,436,10681.247706422018,10536.0,436,0.29509028792381287,0.2885337471961975,0.23425428569316864,0.3595922440290451,0.40730947256088257,0,0
fx10,4,2,lower_green_leaf,77,601.78,436,10813.357798165138,10680.0,436,0.29335150122642517,0.2862827181816101,0.23319120332598686,0.3607027530670166,0.40224021673202515,0,0
fx10,4,2,lower_green_leaf,78,604.47,436,11254.97247706422,11096.0,436,0.29020434617996216,0.2836509644985199,0.23175451904535294,0.35658352822065353,0.3936200737953186,0,0
fx10,4,2,lower_green_leaf,79,607.16,436,11656.62385321101,11528.0,436,0.2867024540901184,0.28045547008514404,0.22636181861162186,0.35287757962942123,0.3848302364349365,0,0
fx10,4,2,lower_green_leaf,80,609.85,436,11838.935779816513,11648.0,436,0.2832275629043579,0.27574747800827026,0.22316355630755424,0.3513880521059036,0.37713706493377686,0,0
fx10,4,2,lower_green_leaf,81,612.53,436,11684.440366972478,11496.0,436,0.2797991931438446,0.27188393473625183,0.21971309185028076,0.34721504896879196,0.3762064576148987,0,0
fx10,4,2,lower_green_leaf,82,615.23,436,11517.357798165138,11344.0,436,0.27622124552726746,0.26839694380760193,0.21696380153298378,0.3433670550584793,0.3725886642932892,0,0
fx10,4,2,lower_green_leaf,83,617.92,436,11698.128440366972,11472.0,436,0.2727482318878174,0.26361119747161865,0.21398382633924484,0.3407788351178169,0.36693960428237915,0,0
fx10,4,2,lower_green_leaf,84,620.61,436,12043.412844036697,11784.0,436,0.269487202167511,0.2605893909931183,0.2093493454158306,0.33768583089113235,0.3577220141887665,0,0
fx10,4,2,lower_green_leaf,85,623.3,436,12417.100917431193,12168.0,436,0.26738688349723816,0.25935688614845276,0.2063787430524826,0.3351108208298683,0.35132935643196106,0,0
fx10,4,2,lower_green_leaf,86,626.0,436,12581.981651376147,12320.0,436,0.2661789357662201,0.25725072622299194,0.2066294066607952,0.3350879028439522,0.3492211699485779,0,0
fx10,4,2,lower_green_leaf,87,628.69,436,12582.532110091743,12376.0,436,0.2652634084224701,0.2570476531982422,0.20429272949695587,0.3342154622077942,0.3482464551925659,0,0
fx10,4,2,lower_green_leaf,88,631.39,436,12640.844036697248,12352.0,436,0.26412221789360046,0.25462740659713745,0.2033616192638874,0.33272260427474976,0.3447050154209137,0,0
fx10,4,2,lower_green_leaf,89,634.08,436,12809.54128440367,12576.0,436,0.2625415623188019,0.2527647912502289,0.2027401328086853,0.33173009008169174,0.34270724654197693,0,0
fx10,4,2,lower_green_leaf,90,636.78,436,12925.724770642202,12656.0,436,0.2598666250705719,0.25072675943374634,0.1998535841703415,0.32807067781686783,0.3382216691970825,0,0
fx10,4,2,lower_green_leaf,91,639.48,436,12881.54128440367,12600.0,436,0.2555622160434723,0.246638223528862,0.19488143175840378,0.32406965643167496,0.33284053206443787,0,0
fx10,4,2,lower_green_leaf,92,642.18,436,12761.981651376147,12456.0,436,0.25109702348709106,0.24364310503005981,0.19131842628121376,0.3196590691804886,0.3292619585990906,0,0
fx10,4,2,lower_green_leaf,93,644.88,436,12739.339449541285,12464.0,436,0.24616456031799316,0.23735597729682922,0.18636679276823997,0.31370728462934494,0.3230038583278656,0,0
fx10,4,2,lower_green_leaf,94,647.58,436,12890.348623853211,12560.0,436,0.242200568318367,0.2346002608537674,0.18283242359757423,0.31140628457069397,0.3170270323753357,0,0
fx10,4,2,lower_green_leaf,95,650.29,436,13100.880733944954,12800.0,436,0.2389361411333084,0.23110423982143402,0.18197035044431686,0.30870167165994644,0.3110278248786926,0,0
fx10,4,2,lower_green_leaf,96,652.99,436,13155.37614678899,12776.0,436,0.23654837906360626,0.2280745804309845,0.17848313972353935,0.30403658747673035,0.30760324001312256,0,0
fx10,4,2,lower_green_leaf,97,655.69,436,12944.366972477064,12616.0,436,0.23445507884025574,0.225497305393219,0.1774967722594738,0.30281347781419754,0.3069300651550293,0,0
fx10,4,2,lower_green_leaf,98,658.4,436,12616.550458715596,12304.0,436,0.23220202326774597,0.22344648838043213,0.1735367327928543,0.30177683383226395,0.30832764506340027,0,0
fx10,4,2,lower_green_leaf,99,661.1,436,12389.064220183487,12096.0,436,0.228938490152359,0.22047770023345947,0.17223617061972618,0.2978937402367592,0.3060223162174225,0,0
fx10,4,2,lower_green_leaf,100,663.81,436,12462.055045871559,12184.0,436,0.22585727274417877,0.21808600425720215,0.16883068159222603,0.29586080461740494,0.3004527688026428,0,0
fx10,4,2,lower_green_leaf,101,666.52,436,12772.880733944954,12480.0,436,0.2233937829732895,0.21541059017181396,0.1650661565363407,0.29193464666604996,0.2961849272251129,0,0
fx10,4,2,lower_green_leaf,102,669.23,436,13037.137614678899,12688.0,436,0.2212880402803421,0.21308806538581848,0.16355811432003975,0.2900984436273575,0.29054635763168335,0,0
fx10,4,2,lower_green_leaf,103,671.94,436,13115.08256880734,12784.0,436,0.22033119201660156,0.21190743148326874,0.16415322944521904,0.2900575324892998,0.28897786140441895,0,0
fx10,4,2,lower_green_leaf,104,674.65,436,12984.954128440368,12696.0,436,0.21980774402618408,0.21224728226661682,0.1629221849143505,0.28953029960393906,0.2909068465232849,0,0
fx10,4,2,lower_green_leaf,105,677.36,436,12861.834862385322,12528.0,436,0.21997752785682678,0.21229520440101624,0.16190701723098755,0.2895561754703522,0.2918308973312378,0,0
fx10,4,2,lower_green_leaf,106,680.07,436,13003.229357798165,12712.0,436,0.22061504423618317,0.21322929859161377,0.16216207668185234,0.2906012609601021,0.2916506230831146,0,0
fx10,4,2,lower_green_leaf,107,682.79,436,13476.29357798165,13168.0,436,0.2216884195804596,0.21348312497138977,0.1639024317264557,0.2924155667424202,0.2884887456893921,0,0
fx10,4,2,lower_green_leaf,108,685.5,436,14153.064220183487,13816.0,436,0.22502174973487854,0.21744005382061005,0.1669038012623787,0.29442212730646133,0.28833097219467163,0,0
fx10,4,2,lower_green_leaf,109,688.22,436,14881.321100917432,14504.0,436,0.23200684785842896,0.22468781471252441,0.17365982756018639,0.3018154725432396,0.2917245328426361,0,0
fx10,4,2,lower_green_leaf,110,690.93,436,15563.37614678899,15256.0,436,0.24481992423534393,0.23803669214248657,0.18433452770113945,0.31424329429864883,0.30405545234680176,0,0
fx10,4,2,lower_green_leaf,111,693.65,436,16274.385321100917,15856.0,436,0.26616740226745605,0.25787001848220825,0.20414845645427704,0.33521829545497894,0.32265937328338623,0,0
fx10,4,2,lower_green_leaf,112,696.37,436,17165.577981651375,16856.0,436,0.29828691482543945,0.29005059599876404,0.23473494872450829,0.3660838156938553,0.35574448108673096,0,0
fx10,4,2,lower_green_leaf,113,699.09,436,18725.064220183485,18392.0,436,0.34272289276123047,0.33451467752456665,0.27307283133268356,0.41329601407051086,0.39656537771224976,0,0
fx10,4,2,lower_green_leaf,114,701.81,436,21167.596330275228,20944.0,436,0.3939584791660309,0.3872509300708771,0.3184433579444885,0.47021544724702835,0.4438190162181854,0,0
fx10,4,2,lower_green_leaf,115,704.53,436,24374.275229357798,24216.0,436,0.451313853263855,0.4483560025691986,0.3664611056447029,0.5346168428659439,0.49766725301742554,0,0
fx10,4,2,lower_green_leaf,116,707.25,436,28153.871559633026,28016.0,436,0.511652946472168,0.5101291537284851,0.41669565439224243,0.6023377180099487,0.5516153573989868,0,0
fx10,4,2,lower_green_leaf,117,709.97,436,31871.155963302754,31872.0,436,0.5731610059738159,0.5741201639175415,0.46777842938899994,0.67319655418396,0.6093188524246216,0,0
fx10,4,2,lower_green_leaf,118,712.7,436,35362.78899082569,35568.0,436,0.6359516382217407,0.6401442289352417,0.5190672725439072,0.7422395944595337,0.6690315008163452,0,0
fx10,4,2,lower_green_leaf,119,715.42,436,38285.43119266055,38488.0,436,0.7000059485435486,0.706303596496582,0.57038713991642,0.8128755241632462,0.7301025390625,0,0
fx10,4,2,lower_green_leaf,120,718.15,436,41106.05504587156,41544.0,436,0.7648054361343384,0.7738244533538818,0.6258716732263565,0.8841672837734222,0.7927654981613159,0,0
fx10,4,2,lower_green_leaf,121,720.87,436,44171.81651376147,44712.0,436,0.829416811466217,0.8399269580841064,0.6811376810073853,0.9567531496286392,0.8531396985054016,0,0
fx10,4,2,lower_green_leaf,122,723.6,436,47856.44036697248,48632.0,436,0.89142906665802,0.905498206615448,0.7294701486825943,1.0214360356330872,0.9132327437400818,0,0
fx10,4,2,lower_green_leaf,123,726.33,436,51825.908256880735,52704.0,436,0.9486019611358643,0.9644173383712769,0.7801602780818939,1.0844358205795288,0.9672324657440186,0,0
fx10,4,2,lower_green_leaf,124,729.06,436,55669.394495412846,56704.0,436,0.9994366765022278,1.0180943012237549,0.8230130523443222,1.141662746667862,1.0166631937026978,0,0
fx10,4,2,lower_green_leaf,125,731.79,436,58794.34862385321,60016.0,412,1.0343455076217651,1.0536878108978271,0.8562412798404694,1.1593287944793702,1.0496151447296143,24,0
fx10,4,2,lower_green_leaf,126,734.52,436,60714.678899082566,62304.0,331,1.0427923202514648,1.060671329498291,0.8822737038135529,1.1539972424507141,1.0559340715408325,105,0
fx10,4,2,lower_green_leaf,127,737.25,436,61710.01834862385,64040.0,270,1.0493367910385132,1.0574519634246826,0.9040119409561157,1.157607078552246,1.0531059503555298,166,0
fx10,4,2,lower_green_leaf,128,739.98,436,62293.50458715596,65136.0,234,1.0582202672958374,1.0651339292526245,0.9250976085662842,1.167562347650528,1.060086727142334,202,0
fx10,4,2,lower_green_leaf,129,742.72,436,62730.78899082569,65520.0,211,1.0670145750045776,1.0764282941818237,0.9407613277435303,1.1735448241233826,1.0706498622894287,225,0
fx10,4,2,lower_green_leaf,130,745.45,436,63067.706422018346,65520.0,192,1.0721750259399414,1.0864336490631104,0.9560273885726929,1.1731423616409302,1.0798728466033936,244,0
fx10,4,2,lower_green_leaf,131,748.19,436,63277.61467889908,65520.0,183,1.0800689458847046,1.0966154336929321,0.9679765701293945,1.1781471490859985,1.089229941368103,253,0
fx10,4,2,lower_green_leaf,132,750.93,436,63401.908256880735,65520.0,176,1.086336612701416,1.0994970798492432,0.9772413223981857,1.1832671165466309,1.091717004776001,260,0
fx10,4,2,lower_green_leaf,133,753.66,436,63469.54128440367,65520.0,172,1.0920686721801758,1.1054288148880005,0.9843943506479264,1.1841489493846893,1.0970029830932617,264,0
fx10,4,2,lower_green_leaf,134,756.4,436,63534.38532110092,65520.0,172,1.098342776298523,1.1101361513137817,0.9905263692140579,1.194688504934311,1.1017839908599854,264,0
fx10,4,2,lower_green_leaf,135,759.14,436,63699.30275229358,65520.0,164,1.0986058712005615,1.1098806858062744,0.9909604519605637,1.1869676649570464,1.101270079612732,272,0
fx10,4,2,lower_green_leaf,136,761.88,436,63922.31192660551,65520.0,149,1.0939122438430786,1.106829047203064,0.9968759179115295,1.1815260887145995,1.098563551902771,287,0
fx10,4,2,lower_green_leaf,137,764.62,436,64168.036697247706,65520.0,138,1.0899797677993774,1.0985639095306396,0.9968582153320312,1.1679707169532776,1.090989112854004,298,0
fx10,4,2,lower_green_leaf,138,767.36,436,64247.92660550459,65520.0,129,1.0862301588058472,1.0958693027496338,0.9970447897911072,1.1609986782073975,1.0884779691696167,307,0
fx10,4,2,lower_green_leaf,139,770.11,436,64173.21100917431,65520.0,138,1.093173861503601,1.1034619808197021,1.0018644899129867,1.1691177487373352,1.0955173969268799,298,0
fx10,4,2,lower_green_leaf,140,772.85,436,63886.31192660551,65520.0,161,1.1097129583358765,1.1237764358520508,1.0054919719696045,1.1948702335357666,1.1141828298568726,275,0
fx10,4,2,lower_green_leaf,141,775.6,436,63376.036697247706,65520.0,187,1.1279240846633911,1.1440582275390625,1.0090105414390564,1.2253515124320984,1.1326090097427368,249,0
fx10,4,2,lower_green_leaf,142,778.34,436,62806.01834862385,65520.0,215,1.1465641260147095,1.1565505266189575,1.0118603348731994,1.2575324535369874,1.1439462900161743,221,0
fx10,4,2,lower_green_leaf,143,781.09,436,62466.605504587154,65368.0,230,1.1557092666625977,1.1639184951782227,1.013912707567215,1.2693283259868622,1.1507320404052734,206,0
fx10,4,2,lower_green_leaf,144,783.84,436,62622.97247706422,65504.0,220,1.1518434286117554,1.1619125604629517,1.0162815511226655,1.2670832097530365,1.1484785079956055,216,0
fx10,4,2,lower_green_leaf,145,786.58,436,63147.74311926605,65520.0,192,1.1365231275558472,1.1501946449279785,1.0143337309360505,1.2419435024261474,1.1379127502441406,244,0
fx10,4,2,lower_green_leaf,146,789.33,436,63729.50458715596,65520.0,164,1.1204352378845215,1.134803056716919,1.0147411525249481,1.208695161342621,1.1240135431289673,272,0
fx10,4,2,lower_green_leaf,147,792.08,436,64144.07339449541,65520.0,140,1.1063318252563477,1.11835777759552,1.0146144926548004,1.1828790962696076,1.1092580556869507,296,0
fx10,4,2,lower_green_leaf,148,794.84,436,64279.66972477064,65520.0,129,1.1010301113128662,1.1103554964065552,1.0127718687057494,1.1786791324615478,1.1017093658447266,307,0
fx10,4,2,lower_green_leaf,149,797.59,436,64133.79816513762,65520.0,150,1.113588571548462,1.1300253868103027,1.0167157649993896,1.1905043184757234,1.11979079246521,286,0
fx10,4,2,lower_green_leaf,150,800.34,436,63574.97247706422,65520.0,195,1.1408476829528809,1.156973958015442,1.020339345932007,1.226893424987793,1.1444759368896484,241,0
fx10,4,2,lower_green_leaf,151,803.1,436,62607.779816513765,65256.0,252,1.1733438968658447,1.1847031116485596,1.0230688512325288,1.2783461034297943,1.1695022583007812,184,0
fx10,4,2,lower_green_leaf,152,805.85,436,61250.678899082566,62960.0,338,1.2147382497787476,1.2340152263641357,1.0300542652606963,1.3290156364440917,1.2140870094299316,98,0
fx10,4,2,lower_green_leaf,153,808.61,436,60039.04587155963,61376.0,380,1.235644817352295,1.2598246335983276,1.0397095799446106,1.3706488907337189,1.2365636825561523,56,0
fx10,4,2,lower_green_leaf,154,811.36,436,59531.30275229358,60664.0,387,1.240199089050293,1.2631958723068237,1.041673231124878,1.3791427969932557,1.2397834062576294,49,0
fx10,4,2,lower_green_leaf,155,814.12,436,59894.8256880734,61144.0,374,1.2359007596969604,1.2575154304504395,1.0416758716106416,1.372394871711731,1.2345006465911865,62,0
fx10,4,2,lower_green_leaf,156,816.88,436,60752.18348623853,62320.0,335,1.219909906387329,1.2385238409042358,1.0372902274131774,1.3444201350212097,1.2172486782073975,101,0
fx10,4,2,lower_green_leaf,157,819.64,436,61607.706422018346,63728.0,274,1.1932964324951172,1.2057466506958008,1.0324468553066253,1.3156867086887358,1.188306450843811,162,0
fx10,4,2,lower_green_leaf,158,822.4,436,62164.25688073395,64928.0,239,1.1759073734283447,1.18489670753479,1.0302956342697143,1.2954187512397766,1.1692163944244385,197,0
fx10,4,2,lower_green_leaf,159,825.16,436,62416.66055045871,65360.0,232,1.1729952096939087,1.1845605373382568,1.0325576484203338,1.2880788147449493,1.1689728498458862,204,0
fx10,4,2,lower_green_leaf,160,827.92,436,62209.65137614679,64816.0,250,1.1823155879974365,1.193913221359253,1.0326118052005768,1.2977251410484314,1.1774930953979492,186,0
fx10,4,2,lower_green_leaf,161,830.69,436,61560.550458715596,63568.0,304,1.2085120677947998,1.2229063510894775,1.0382011115550995,1.3228373408317566,1.2036648988723755,132,0
fx10,4,2,lower_green_leaf,162,833.45,436,60571.30275229358,62008.0,363,1.2346774339675903,1.259351134300232,1.0469152331352234,1.3617961525917053,1.2366137504577637,73,0
fx10,4,2,lower_green_leaf,163,836.22,436,59469.87155963303,60624.0,402,1.2521885633468628,1.2725776433944702,1.0524239420890809,1.3922712802886963,1.2479664087295532,34,0
fx10,4,2,lower_green_leaf,164,838.98,436,58672.18348623853,59696.0,413,1.2580231428146362,1.2786582708358765,1.0547290802001954,1.4067614793777465,1.2528427839279175,23,0
fx10,4,2,lower_green_leaf,165,841.75,436,58509.87155963303,59528.0,412,1.258679747581482,1.2808520793914795,1.0550405204296112,1.4060136556625367,1.254922866821289,24,0
fx10,4,2,lower_green_leaf,166,844.52,436,58887.706422018346,59952.0,407,1.2568036317825317,1.2770419120788574,1.0541524767875672,1.4006642818450927,1.2521885633468628,29,0
fx10,4,2,lower_green_leaf,167,847.29,436,59609.247706422015,60824.0,386,1.2493284940719604,1.270795226097107,1.0526917278766632,1.3860765993595123,1.2459921836853027,50,0
fx10,4,2,lower_green_leaf,168,850.06,436,60345.94495412844,61808.0,349,1.2350820302963257,1.2532341480255127,1.0493221521377563,1.3672930955886842,1.2313556671142578,87,0
fx10,4,2,lower_green_leaf,169,852.83,436,60920.5871559633,62696.0,324,1.2247122526168823,1.236915111541748,1.048456758260727,1.3499184608459471,1.215559720993042,112,0
fx10,4,2,lower_green_leaf,170,855.6,436,61179.4128440367,62976.0,301,1.2157752513885498,1.2247430086135864,1.047311782836914,1.3433151245117188,1.2051116228103638,135,0
fx10,4,2,lower_green_leaf,171,858.37,436,61166.935779816515,62816.0,300,1.2162028551101685,1.2271630764007568,1.0486637830734253,1.3410772264003754,1.2073968648910522,136,0
fx10,4,2,lower_green_leaf,172,861.14,436,60894.53211009174,62560.0,328,1.2291860580444336,1.2442572116851807,1.0501355469226836,1.3566112041473388,1.222676157951355,108,0
fx10,4,2,lower_green_leaf,173,863.92,436,60242.05504587156,61480.0,368,1.246800184249878,1.2683767080307007,1.0564075469970704,1.3794963955879211,1.2445508241653442,68,0
fx10,4,2,lower_green_leaf,174,866.69,436,59300.66055045871,60432.0,407,1.264018177986145,1.2842649221420288,1.0594398856163025,1.4054035902023316,1.2585136890411377,29,0
fx10,4,2,lower_green_leaf,175,869.47,436,58130.752293577985,59112.0,420,1.2711354494094849,1.2918097972869873,1.0595915734767913,1.4201710283756255,1.2645957469940186,16,0
fx10,4,2,lower_green_leaf,176,872.25,436,56937.65137614679,57816.0,427,1.2761609554290771,1.298299789428711,1.0597537159919739,1.4263375639915465,1.2694568634033203,9,0
fx10,4,2,lower_green_leaf,177,875.03,436,55956.62385321101,56824.0,433,1.280078649520874,1.301700234413147,1.0638736009597778,1.4444218873977661,1.2722419500350952,3,0
fx10,4,2,lower_green_leaf,178,877.8,436,55153.46788990826,55952.0,436,1.2830986976623535,1.304234504699707,1.0654563307762146,1.4518517553806305,1.2742048501968384,0,0
fx10,4,2,lower_green_leaf,179,880.58,436,54621.28440366973,55472.0,436,1.2839915752410889,1.307236671447754,1.065603494644165,1.453651249408722,1.2765171527862549,0,0
fx10,4,2,lower_green_leaf,180,883.37,436,54293.98165137615,55152.0,436,1.284529685974121,1.306821346282959,1.0658449232578278,1.4534040093421936,1.2759296894073486,0,0
fx10,4,2,lower_green_leaf,181,886.15,436,54150.01834862385,54976.0,436,1.2852355241775513,1.3069751262664795,1.065691351890564,1.4546771943569183,1.2764019966125488,0,0
fx10,4,2,lower_green_leaf,182,888.93,436,54125.98165137615,54936.0,436,1.286110281944275,1.3085620403289795,1.0684151649475098,1.457269936800003,1.2773154973983765,0,0
fx10,4,2,lower_green_leaf,183,891.71,436,54052.366972477066,54904.0,436,1.2869200706481934,1.3084359169006348,1.0676086246967316,1.461063951253891,1.277977466583252,0,0
fx10,4,2,lower_green_leaf,184,894.5,436,53794.49541284404,54600.0,436,1.2878475189208984,1.3100032806396484,1.0660605132579803,1.459219604730606,1.27882719039917,0,0
fx10,4,2,lower_green_leaf,185,897.28,436,53292.220183486235,54120.0,436,1.288915753364563,1.3096457719802856,1.067098081111908,1.4594718217849731,1.2775802612304688,0,0
fx10,4,2,lower_green_leaf,186,900.07,436,52469.394495412846,53248.0,436,1.2895152568817139,1.3123446702957153,1.0680838227272034,1.460854172706604,1.279688835144043,0,0
fx10,4,2,lower_green_leaf,187,902.86,436,51325.50458715596,52104.0,436,1.29034423828125,1.312056064605713,1.0683403313159943,1.4623562693595886,1.2789396047592163,0,0
fx10,4,2,lower_green_leaf,188,905.64,436,49926.091743119265,50680.0,436,1.2906066179275513,1.3138551712036133,1.0676140487194061,1.4644722938537598,1.2797194719314575,0,0
fx10,4,2,lower_green_leaf,189,908.43,436,48388.733944954125,49152.0,436,1.290594220161438,1.313340663909912,1.0684634745121002,1.4644794762134552,1.2782717943191528,0,0
fx10,4,2,lower_green_leaf,190,911.22,436,46859.88990825688,47632.0,436,1.2900789976119995,1.3106783628463745,1.0685093402862549,1.4642059206962585,1.2745540142059326,0,0
fx10,4,2,lower_green_leaf,191,914.02,436,45561.247706422015,46216.0,436,1.2900874614715576,1.312593698501587,1.068271964788437,1.4646073877811432,1.2749557495117188,0,0
fx10,4,2,lower_green_leaf,192,916.81,436,44540.477064220184,45248.0,436,1.290414571762085,1.3111313581466675,1.067668467760086,1.4656865000724792,1.2730754613876343,0,0
fx10,4,2,lower_green_leaf,193,919.6,436,43882.605504587154,44512.0,436,1.2899150848388672,1.3108503818511963,1.0676254034042358,1.4674438834190369,1.2725772857666016,0,0
fx10,4,2,lower_green_leaf,194,922.39,436,43563.706422018346,44208.0,436,1.2897140979766846,1.3100908994674683,1.0688496828079224,1.46369069814682,1.2711068391799927,0,0
fx10,4,2,lower_green_leaf,195,925.19,436,43464.51376146789,44168.0,436,1.2887458801269531,1.3111286163330078,1.067429006099701,1.4630993902683258,1.270988941192627,0,0
fx10,4,2,lower_green_leaf,196,927.98,436,43393.61467889908,44048.0,436,1.2874590158462524,1.3093254566192627,1.0677243769168854,1.460984706878662,1.270984172821045,0,0
fx10,4,2,lower_green_leaf,197,930.78,436,43271.08256880734,44008.0,436,1.2868870496749878,1.3090802431106567,1.0659719705581665,1.4629397094249725,1.270437240600586,0,0
fx10,4,2,lower_green_leaf,198,933.58,436,42968.733944954125,43560.0,436,1.2861682176589966,1.3070876598358154,1.0653836131095886,1.4580452740192413,1.268319845199585,0,0
fx10,4,2,lower_green_leaf,199,936.38,436,42387.48623853211,43056.0,436,1.2844871282577515,1.3058559894561768,1.0619881749153137,1.4613416194915771,1.2670456171035767,0,0
fx10,4,2,lower_green_leaf,200,939.18,436,41558.56880733945,42208.0,436,1.281928300857544,1.3048295974731445,1.0599808990955353,1.4592172503471375,1.2657500505447388,0,0
fx10,4,2,lower_green_leaf,201,941.98,436,40197.83486238532,40688.0,436,1.2789725065231323,1.2979531288146973,1.0597895383834839,1.4529954493045807,1.2584385871887207,0,0
fx10,4,2,lower_green_leaf,202,944.78,436,38525.46788990826,39008.0,436,1.27568519115448,1.295703649520874,1.0551523268222809,1.4494839906692505,1.2544810771942139,0,0
fx10,4,2,lower_green_leaf,203,947.58,436,36619.779816513765,37200.0,436,1.2711976766586304,1.290452480316162,1.0521191358566284,1.4431174993515015,1.2479472160339355,0,0
fx10,4,2,lower_green_leaf,204,950.38,436,34656.0,35168.0,436,1.265872836112976,1.284811019897461,1.0458830893039703,1.4399799704551697,1.2413897514343262,0,0
fx10,4,2,lower_green_leaf,205,953.19,436,32828.18348623853,33256.0,436,1.2599397897720337,1.2791392803192139,1.0402086675167084,1.4341360032558441,1.2347079515457153,0,0
fx10,4,2,lower_green_leaf,206,955.99,436,31226.67889908257,31672.0,436,1.2535635232925415,1.2756257057189941,1.0343472361564636,1.4260483086109161,1.2293701171875,0,0
fx10,4,2,lower_green_leaf,207,958.8,436,29925.688073394496,30320.0,436,1.2480292320251465,1.2666008472442627,1.032536119222641,1.416185736656189,1.2195919752120972,0,0
fx10,4,2,lower_green_leaf,208,961.6,436,28981.908256880735,29424.0,436,1.2443218231201172,1.2650532722473145,1.0288477838039398,1.4129693806171417,1.217290997505188,0,0
fx10,4,2,lower_green_leaf,209,964.41,436,28204.22018348624,28624.0,436,1.2419018745422363,1.261378288269043,1.029384583234787,1.4142957031726837,1.2129285335540771,0,0
fx10,4,2,lower_green_leaf,210,967.22,436,27639.4128440367,28048.0,436,1.2404148578643799,1.2601430416107178,1.025020182132721,1.4079194962978363,1.2109906673431396,0,0
fx10,4,2,lower_green_leaf,211,970.03,436,27186.16513761468,27584.0,436,1.2400240898132324,1.2607837915420532,1.026829719543457,1.4114294946193695,1.2111916542053223,0,0
fx10,4,2,lower_green_leaf,212,972.84,436,26743.853211009173,27112.0,436,1.240228533744812,1.2621910572052002,1.0279509127140045,1.412813276052475,1.2118192911148071,0,0
fx10,4,2,lower_green_leaf,213,975.65,436,26257.83486238532,26616.0,436,1.2397791147232056,1.2603001594543457,1.0230761766433716,1.4054288864135742,1.2091926336288452,0,0
fx10,4,2,lower_green_leaf,214,978.46,436,25668.954128440368,26024.0,436,1.2396036386489868,1.259469747543335,1.024402767419815,1.4074928164482117,1.207105040550232,0,0
fx10,4,2,lower_green_leaf,215,981.27,436,24949.394495412846,25248.0,436,1.2400798797607422,1.2594242095947266,1.027059644460678,1.4069111943244934,1.205556869506836,0,0
fx10,4,2,lower_green_leaf,216,984.09,436,24085.798165137614,24400.0,436,1.2403644323349,1.2612605094909668,1.0243469178676605,1.4097481966018677,1.2051887512207031,0,0
fx10,4,2,lower_green_leaf,217,986.9,436,23117.394495412846,23392.0,436,1.241248369216919,1.2608225345611572,1.0244523286819458,1.407905489206314,1.2029433250427246,0,0
fx10,4,2,lower_green_leaf,218,989.72,436,22136.954128440368,22416.0,436,1.2421361207962036,1.2619843482971191,1.026469349861145,1.413152039051056,1.2014744281768799,0,0
fx10,4,2,lower_green_leaf,219,992.54,436,21136.990825688074,21432.0,436,1.243312954902649,1.2634758949279785,1.0303599834442139,1.415088713169098,1.1997296810150146,0,0
fx10,4,2,lower_green_leaf,220,995.35,436,20148.22018348624,20392.0,436,1.2438172101974487,1.2634923458099365,1.0287413597106934,1.4173994958400726,1.19692063331604,0,0
fx10,4,2,lower_green_leaf,221,998.17,436,19293.65137614679,19536.0,436,1.2448925971984863,1.2664926052093506,1.0278448462486267,1.4132631719112396,1.1966021060943604,0,0
fx10,4,2,lower_green_leaf,222,1000.99,436,18655.889908256882,18904.0,436,1.2460163831710815,1.263810396194458,1.0311726033687592,1.410671055316925,1.1918145418167114,0,0
fx10,4,2,lower_green_leaf,223,1003.81,436,18595.155963302754,18832.0,436,1.2461506128311157,1.264472484588623,1.0338318943977356,1.4077032804489136,1.1910802125930786,0,0
fx10,5,3,upper_left_leaf,0,397.66,621,4910.479871175523,4912.0,621,0.5233729481697083,0.5223880410194397,0.4202898442745209,0.6285714507102966,0.9035087823867798,0,0
fx10,5,3,upper_left_leaf,1,400.28,621,4909.500805152979,4912.0,621,0.5165185332298279,0.5174825191497803,0.43661972880363464,0.591549277305603,0.8991354703903198,0,0
fx10,5,3,upper_left_leaf,2,402.9,621,4923.671497584541,4912.0,621,0.5025860071182251,0.5064935088157654,0.42105263471603394,0.5733333230018616,0.8924418687820435,0,0
fx10,5,3,upper_left_leaf,3,405.52,621,4955.51690821256,4960.0,621,0.4939410984516144,0.49367088079452515,0.41290321946144104,0.5714285969734192,0.8876080513000488,0,0
fx10,5,3,upper_left_leaf,4,408.13,621,4952.682769726248,4944.0,621,0.48774805665016174,0.4878048896789551,0.4146341383457184,0.5609756112098694,0.8811594247817993,0,0
fx10,5,3,upper_left_leaf,5,410.75,621,4977.880837359098,4976.0,621,0.47850966453552246,0.4795321524143219,0.40229883790016174,0.5465116500854492,0.8755244612693787,0,0
fx10,5,3,upper_left_leaf,6,413.37,621,5013.6167471819645,5008.0,621,0.46809154748916626,0.46666666865348816,0.4000000059604645,0.5340909361839294,0.8690807819366455,0,0
fx10,5,3,upper_left_leaf,7,416.0,621,5014.0805152979065,5008.0,621,0.4648047387599945,0.46739131212234497,0.3956044018268585,0.5268816947937012,0.8642659187316895,0,0
fx10,5,3,upper_left_leaf,8,418.62,621,5044.68921095008,5040.0,621,0.45867615938186646,0.4583333432674408,0.3854166567325592,0.5263158082962036,0.8591160178184509,0,0
fx10,5,3,upper_left_leaf,9,421.24,621,5054.093397745572,5056.0,621,0.451923668384552,0.4522612988948822,0.38383838534355164,0.5151515007019043,0.8528610467910767,0,0
fx10,5,3,upper_left_leaf,10,423.86,621,5056.618357487922,5056.0,621,0.4468955397605896,0.446601927280426,0.375,0.5098039507865906,0.849056601524353,0,0
fx10,5,3,upper_left_leaf,11,426.49,621,5077.642512077295,5072.0,621,0.4420607388019562,0.4433962404727936,0.3679245412349701,0.514018714427948,0.8426666855812073,0,0
fx10,5,3,upper_left_leaf,12,429.12,621,5109.719806763285,5104.0,621,0.43605637550354004,0.4375,0.36036035418510437,0.5045045018196106,0.835106372833252,0,0
fx10,5,3,upper_left_leaf,13,431.74,621,5119.458937198067,5120.0,621,0.43092888593673706,0.43103447556495667,0.35652172565460205,0.504273533821106,0.8286445140838623,0,0
fx10,5,3,upper_left_leaf,14,434.37,621,5189.359098228663,5184.0,621,0.4245147109031677,0.42399999499320984,0.35199999809265137,0.5,0.8190954923629761,0,0
fx10,5,3,upper_left_leaf,15,437.0,621,5241.04347826087,5248.0,621,0.4157482385635376,0.4148148000240326,0.33834585547447205,0.49253731966018677,0.8068459630012512,0,0
fx10,5,3,upper_left_leaf,16,439.63,621,5259.929146537842,5248.0,621,0.40948885679244995,0.4084506928920746,0.326241135597229,0.4892086386680603,0.7970660328865051,0,0
fx10,5,3,upper_left_leaf,17,442.26,621,5296.721417069243,5296.0,621,0.40171781182289124,0.4025973975658417,0.32236841320991516,0.4768211841583252,0.783847987651825,0,0
fx10,5,3,upper_left_leaf,18,444.89,621,5378.962962962963,5376.0,621,0.3954097330570221,0.3951367735862732,0.3086419701576233,0.47239264845848083,0.7716894745826721,0,0
fx10,5,3,upper_left_leaf,19,447.52,621,5430.286634460547,5424.0,621,0.3914472460746765,0.39080458879470825,0.3085714280605316,0.47398844361305237,0.762749433517456,0,0
fx10,5,3,upper_left_leaf,20,450.16,621,5483.697262479871,5472.0,621,0.38573116064071655,0.3867403268814087,0.2928176820278168,0.4644808769226074,0.7533039450645447,0,0
fx10,5,3,upper_left_leaf,21,452.79,621,5479.7037037037035,5472.0,621,0.38382789492607117,0.3821989595890045,0.29629629850387573,0.46875,0.7456896305084229,0,0
fx10,5,3,upper_left_leaf,22,455.43,621,5521.545893719806,5520.0,621,0.37918511033058167,0.37755101919174194,0.28717949986457825,0.46700507402420044,0.7394958138465881,0,0
fx10,5,3,upper_left_leaf,23,458.06,621,5554.576489533011,5552.0,621,0.3777877390384674,0.3781094551086426,0.28921568393707275,0.46683046221733093,0.7340425252914429,0,0
fx10,5,3,upper_left_leaf,24,460.7,621,5559.188405797101,5552.0,621,0.37866371870040894,0.3762376308441162,0.2849999964237213,0.4653465449810028,0.7338877320289612,0,0
fx10,5,3,upper_left_leaf,25,463.34,621,5569.004830917875,5552.0,621,0.37632936239242554,0.37378641963005066,0.2807881832122803,0.46889951825141907,0.7280334830284119,0,0
fx10,5,3,upper_left_leaf,26,465.98,621,5652.66344605475,5648.0,621,0.3693140149116516,0.36818182468414307,0.2735426127910614,0.465753436088562,0.7181069850921631,0,0
fx10,5,3,upper_left_leaf,27,468.62,621,5655.265700483092,5648.0,621,0.36803343892097473,0.3652968108654022,0.2690582871437073,0.4598214328289032,0.7145790457725525,0,0
fx10,5,3,upper_left_leaf,28,471.26,621,5658.821256038647,5648.0,621,0.366148442029953,0.365217387676239,0.2711111009120941,0.46052631735801697,0.7105262875556946,0,0
fx10,5,3,upper_left_leaf,29,473.9,621,5775.458937198067,5760.0,621,0.35808366537094116,0.3562752902507782,0.2631579041481018,0.4516128897666931,0.6927480697631836,0,0
fx10,5,3,upper_left_leaf,30,476.54,621,5819.748792270531,5808.0,621,0.35392725467681885,0.35428571701049805,0.25581395626068115,0.4465648829936981,0.6828358173370361,0,0
fx10,5,3,upper_left_leaf,31,479.18,621,5843.864734299517,5840.0,621,0.35159435868263245,0.34944239258766174,0.2509225010871887,0.44609665870666504,0.6766355037689209,0,0
fx10,5,3,upper_left_leaf,32,481.83,621,5947.078904991949,5920.0,621,0.3451268672943115,0.34353742003440857,0.24738675355911255,0.4413793087005615,0.6595744490623474,0,0
fx10,5,3,upper_left_leaf,33,484.47,621,6066.37037037037,6064.0,621,0.34010252356529236,0.33850932121276855,0.2380952388048172,0.4371069073677063,0.6428571343421936,0,0
fx10,5,3,upper_left_leaf,34,487.12,621,6113.597423510467,6096.0,621,0.33608177304267883,0.3363914489746094,0.23564954102039337,0.4346504509449005,0.6349999904632568,0,0
fx10,5,3,upper_left_leaf,35,489.77,621,6206.505636070853,6208.0,621,0.3326141834259033,0.33141210675239563,0.2314285784959793,0.4297994375228882,0.625201940536499,0,0
fx10,5,3,upper_left_leaf,36,492.42,621,6333.603864734299,6304.0,621,0.32912713289260864,0.3250327706336975,0.2245989292860031,0.4283837080001831,0.6071428656578064,0,0
fx10,5,3,upper_left_leaf,37,495.07,621,6404.276972624799,6368.0,621,0.3264904022216797,0.32364097237586975,0.2222222238779068,0.42569270730018616,0.5967261791229248,0,0
fx10,5,3,upper_left_leaf,38,497.72,621,6480.206119162641,6464.0,621,0.32440927624702454,0.3223443329334259,0.2227722704410553,0.42630937695503235,0.5911111235618591,0,0
fx10,5,3,upper_left_leaf,39,500.37,621,6607.433172302737,6608.0,621,0.3229202330112457,0.323184996843338,0.21967963874340057,0.4227272868156433,0.583798885345459,0,0
fx10,5,3,upper_left_leaf,40,503.02,621,6652.676328502415,6640.0,621,0.32199597358703613,0.3199999928474426,0.2160356342792511,0.42538976669311523,0.5769764184951782,0,0
fx10,5,3,upper_left_leaf,41,505.67,621,6666.125603864734,6656.0,621,0.32399946451187134,0.3229398727416992,0.2199999988079071,0.4235033392906189,0.5771905183792114,0,0
fx10,5,3,upper_left_leaf,42,508.32,621,6758.054750402576,6720.0,621,0.3254770338535309,0.3234042525291443,0.2198275923728943,0.42405062913894653,0.5718138813972473,0,0
fx10,5,3,upper_left_leaf,43,510.98,621,6885.0499194847025,6880.0,621,0.3256692588329315,0.3245967626571655,0.22177419066429138,0.4271255135536194,0.5635286569595337,0,0
fx10,5,3,upper_left_leaf,44,513.63,621,6933.127214170692,6928.0,621,0.3301619589328766,0.3309929668903351,0.2222222238779068,0.431568443775177,0.5657894611358643,0,0
fx10,5,3,upper_left_leaf,45,516.29,621,6964.276972624799,6944.0,621,0.3358478248119354,0.33601608872413635,0.22920893132686615,0.4381338655948639,0.5703073740005493,0,0
fx10,5,3,upper_left_leaf,46,518.95,621,7178.821256038647,7184.0,621,0.34140363335609436,0.34307992458343506,0.23450905084609985,0.44337812066078186,0.5681234002113342,0,0
fx10,5,3,upper_left_leaf,47,521.61,621,7456.386473429951,7488.0,621,0.34784719347953796,0.3494623601436615,0.2374100685119629,0.44999998807907104,0.5640408992767334,0,0
fx10,5,3,upper_left_leaf,48,524.27,621,7522.756843800322,7552.0,621,0.35554367303848267,0.3582887649536133,0.24381625652313232,0.4590747356414795,0.5668257474899292,0,0
fx10,5,3,upper_left_leaf,49,526.93,621,7602.499194847021,7648.0,621,0.3643018305301666,0.37017545104026794,0.24865831434726715,0.4669051766395569,0.5738194584846497,0,0
fx10,5,3,upper_left_leaf,50,529.59,621,7930.0225442834135,7984.0,621,0.3685690760612488,0.37378641963005066,0.25475600361824036,0.47203946113586426,0.5675368905067444,0,0
fx10,5,3,upper_left_leaf,51,532.25,621,8432.206119162642,8496.0,621,0.37197384238243103,0.37794119119644165,0.25591716170310974,0.477172315120697,0.5546833872795105,0,0
fx10,5,3,upper_left_leaf,52,534.91,621,8675.658615136876,8784.0,621,0.3747449219226837,0.3835616409778595,0.25864455103874207,0.4796691834926605,0.5509586334228516,0,0
fx10,5,3,upper_left_leaf,53,537.57,621,8774.9307568438,8880.0,621,0.37770023941993713,0.3864406645298004,0.257844477891922,0.4839809238910675,0.5506958365440369,0,0
fx10,5,3,upper_left_leaf,54,540.24,621,8975.97423510467,9072.0,621,0.37841102480888367,0.38896188139915466,0.25950196385383606,0.48634591698646545,0.5462427735328674,0,0
fx10,5,3,upper_left_leaf,55,542.91,621,9370.950080515298,9488.0,621,0.377393513917923,0.3870967626571655,0.2581818103790283,0.48571428656578064,0.5367383360862732,0,0
fx10,5,3,upper_left_leaf,56,545.57,621,9658.305958132045,9808.0,621,0.3779999315738678,0.38789236545562744,0.2568493187427521,0.4857792854309082,0.5310586094856262,0,0
fx10,5,3,upper_left_leaf,57,548.24,621,9741.114331723027,9920.0,621,0.3783121109008789,0.3899441361427307,0.2567264437675476,0.4865470826625824,0.530524492263794,0,0
fx10,5,3,upper_left_leaf,58,550.91,621,9888.438003220612,10080.0,621,0.3775630295276642,0.3883495032787323,0.2556634247303009,0.4844253361225128,0.5270158052444458,0,0
fx10,5,3,upper_left_leaf,59,553.58,621,10249.01771336554,10432.0,621,0.3767659068107605,0.38562753796577454,0.2551652789115906,0.4847870171070099,0.5190778970718384,0,0
fx10,5,3,upper_left_leaf,60,556.25,621,10522.512077294687,10720.0,621,0.3742295801639557,0.38480037450790405,0.25193798542022705,0.4805068373680115,0.5124093294143677,0,0
fx10,5,3,upper_left_leaf,61,558.92,621,10571.929146537843,10736.0,621,0.37110185623168945,0.3796740174293518,0.2516493797302246,0.48018866777420044,0.5063957571983337,0,0
fx10,5,3,upper_left_leaf,62,561.59,621,10574.170692431562,10736.0,621,0.3663242757320404,0.3748238682746887,0.245300754904747,0.47560974955558777,0.5014970302581787,0,0
fx10,5,3,upper_left_leaf,63,564.26,621,10685.88727858293,10832.0,621,0.36100709438323975,0.36960431933403015,0.23963133990764618,0.4689781069755554,0.49353447556495667,0,0
fx10,5,3,upper_left_leaf,64,566.94,621,10732.470209339775,10864.0,621,0.35454922914505005,0.3606986999511719,0.23676012456417084,0.4611283838748932,0.48366478085517883,0,0
fx10,5,3,upper_left_leaf,65,569.61,621,10591.819645732689,10704.0,621,0.34767842292785645,0.35257548093795776,0.22987477481365204,0.4530830979347229,0.47788873314857483,0,0
fx10,5,3,upper_left_leaf,66,572.29,621,10442.537842190017,10528.0,621,0.34019893407821655,0.3442477881908417,0.22342342138290405,0.44434627890586853,0.47121915221214294,0,0
fx10,5,3,upper_left_leaf,67,574.96,621,10523.05314009662,10592.0,621,0.3328569531440735,0.3353140950202942,0.21676544845104218,0.43617480993270874,0.46105703711509705,0,0
fx10,5,3,upper_left_leaf,68,577.64,621,10736.10305958132,10816.0,621,0.3268853425979614,0.32886722683906555,0.21245421469211578,0.43030795454978943,0.4508279860019684,0,0
fx10,5,3,upper_left_leaf,69,580.32,621,10776.244766505635,10832.0,621,0.32211068272590637,0.3244979977607727,0.20845070481300354,0.42563483119010925,0.4448116421699524,0,0
fx10,5,3,upper_left_leaf,70,583.0,621,10480.515297906602,10544.0,621,0.3180600106716156,0.32059186697006226,0.20729684829711914,0.4226289391517639,0.4450474977493286,0,0
fx10,5,3,upper_left_leaf,71,585.68,621,10258.962962962964,10304.0,621,0.3143889904022217,0.3177017271518707,0.2034042626619339,0.4148711562156677,0.44521257281303406,0,0
fx10,5,3,upper_left_leaf,72,588.36,621,10413.70692431562,10448.0,621,0.3109903037548065,0.31430935859680176,0.1997513473033905,0.4132569432258606,0.4390243887901306,0,0
fx10,5,3,upper_left_leaf,73,591.04,621,10793.14653784219,10832.0,621,0.3078863024711609,0.3100075125694275,0.1977854073047638,0.41088539361953735,0.4273989796638489,0,0
fx10,5,3,upper_left_leaf,74,593.73,621,11060.32850241546,11120.0,621,0.30532002449035645,0.308082640171051,0.19442406296730042,0.4081336259841919,0.4212139844894409,0,0
fx10,5,3,upper_left_leaf,75,596.41,621,11056.180354267311,11088.0,621,0.3038318157196045,0.3058995008468628,0.19375906884670258,0.4069514870643616,0.41913992166519165,0,0
fx10,5,3,upper_left_leaf,76,599.1,621,10933.513687600644,10992.0,621,0.3023879826068878,0.3046846091747284,0.19107340276241302,0.4045689105987549,0.4201110303401947,0,0
fx10,5,3,upper_left_leaf,77,601.78,621,11089.442834138486,11136.0,621,0.30073273181915283,0.3028571307659149,0.19007687270641327,0.40295878052711487,0.4148367941379547,0,0
fx10,5,3,upper_left_leaf,78,604.47,621,11562.692431561996,11632.0,621,0.29830294847488403,0.3002924919128418,0.18821981549263,0.40366971492767334,0.40646257996559143,0,0
fx10,5,3,upper_left_leaf,79,607.16,621,12028.470209339775,12000.0,621,0.29561394453048706,0.29530200362205505,0.18447205424308777,0.3981679379940033,0.3951655328273773,0,0
fx10,5,3,upper_left_leaf,80,609.85,621,12179.143317230273,12176.0,621,0.2929626405239105,0.2931968569755554,0.18149039149284363,0.4003574550151825,0.3913043439388275,0,0
fx10,5,3,upper_left_leaf,81,612.53,621,12021.204508856683,12016.0,621,0.2901334762573242,0.2894894778728485,0.18126888573169708,0.40349820256233215,0.38952282071113586,0,0
fx10,5,3,upper_left_leaf,82,615.23,621,11884.212560386473,11856.0,621,0.287018358707428,0.28562766313552856,0.1770770102739334,0.3974706530570984,0.3851386606693268,0,0
fx10,5,3,upper_left_leaf,83,617.92,621,12141.217391304348,12112.0,621,0.2843114733695984,0.2832065522670746,0.17428818345069885,0.3975764513015747,0.38131123781204224,0,0
fx10,5,3,upper_left_leaf,84,620.61,621,12561.262479871175,12496.0,621,0.282057523727417,0.2804547846317291,0.17292816936969757,0.3986981213092804,0.37319883704185486,0,0
fx10,5,3,upper_left_leaf,85,623.3,621,12970.022544283414,12880.0,621,0.2804148197174072,0.2783188223838806,0.17004680633544922,0.4015604555606842,0.3670598864555359,0,0
fx10,5,3,upper_left_leaf,86,626.0,621,13118.454106280193,12992.0,621,0.27944672107696533,0.27524346113204956,0.17095309495925903,0.40558376908302307,0.3637180030345917,0,0
fx10,5,3,upper_left_leaf,87,628.69,621,13121.082125603865,13024.0,621,0.27883607149124146,0.2750000059604645,0.16831432282924652,0.40752989053726196,0.3632296919822693,0,0
fx10,5,3,upper_left_leaf,88,631.39,621,13194.898550724638,13072.0,621,0.2780117690563202,0.2732793390750885,0.16857855021953583,0.41285786032676697,0.36166444420814514,0,0
fx10,5,3,upper_left_leaf,89,634.08,621,13419.826086956522,13280.0,621,0.276837021112442,0.2723258137702942,0.16774193942546844,0.41557177901268005,0.3584741950035095,0,0
fx10,5,3,upper_left_leaf,90,636.78,621,13560.96618357488,13392.0,621,0.2745046317577362,0.2709430456161499,0.16324558854103088,0.4133681058883667,0.3539077341556549,0,0
fx10,5,3,upper_left_leaf,91,639.48,621,13541.771336553946,13376.0,621,0.2715710699558258,0.2660028338432312,0.16108986735343933,0.41402024030685425,0.3493768870830536,0,0
fx10,5,3,upper_left_leaf,92,642.18,621,13475.658615136876,13328.0,621,0.2680152952671051,0.26439231634140015,0.1577477902173996,0.4113409221172333,0.34628236293792725,0,0
fx10,5,3,upper_left_leaf,93,644.88,621,13495.574879227053,13360.0,621,0.26381462812423706,0.2593713700771332,0.15568862855434418,0.4038373827934265,0.34065258502960205,0,0
fx10,5,3,upper_left_leaf,94,647.58,621,13703.832528180354,13584.0,621,0.26027512550354004,0.2564332187175751,0.1520809829235077,0.4043162167072296,0.33537429571151733,0,0
fx10,5,3,upper_left_leaf,95,650.29,621,13974.80193236715,13792.0,621,0.25762611627578735,0.2519820034503937,0.14956074953079224,0.3990660011768341,0.33047544956207275,0,0
fx10,5,3,upper_left_leaf,96,652.99,621,14006.132045088567,13840.0,621,0.2553383708000183,0.2514718174934387,0.1483386904001236,0.3996644914150238,0.32913297414779663,0,0
fx10,5,3,upper_left_leaf,97,655.69,621,13748.792270531401,13616.0,621,0.2530994117259979,0.24989210069179535,0.14703968167304993,0.3918803334236145,0.32808297872543335,0,0
fx10,5,3,upper_left_leaf,98,658.4,621,13363.555555555555,13216.0,621,0.2500699460506439,0.24499887228012085,0.1440565586090088,0.3880794644355774,0.3280656039714813,0,0
fx10,5,3,upper_left_leaf,99,661.1,621,13145.30112721417,13008.0,621,0.24669019877910614,0.24269463121891022,0.13984760642051697,0.3819771409034729,0.3245823383331299,0,0
fx10,5,3,upper_left_leaf,100,663.81,621,13274.383252818036,13088.0,621,0.24321578443050385,0.23953388631343842,0.13712522387504578,0.374619722366333,0.319396048784256,0,0
fx10,5,3,upper_left_leaf,101,666.52,621,13593.919484702094,13472.0,621,0.2403574287891388,0.23615464568138123,0.13420003652572632,0.36906489729881287,0.31352153420448303,0,0
fx10,5,3,upper_left_leaf,102,669.23,621,13873.752012882447,13728.0,621,0.23816724121570587,0.2350565493106842,0.1322847306728363,0.3668000102043152,0.3093447983264923,0,0
fx10,5,3,upper_left_leaf,103,671.94,621,13908.63768115942,13824.0,621,0.2366829365491867,0.233254536986351,0.13109512627124786,0.3680981695652008,0.30569395422935486,0,0
fx10,5,3,upper_left_leaf,104,674.65,621,13724.547504025764,13632.0,621,0.23551762104034424,0.23274162411689758,0.13003848493099213,0.3595099449157715,0.3076370060443878,0,0
fx10,5,3,upper_left_leaf,105,677.36,621,13596.727858293076,13488.0,621,0.23499704897403717,0.23307661712169647,0.13011755049228668,0.3604297637939453,0.3076072931289673,0,0
fx10,5,3,upper_left_leaf,106,680.07,621,13790.737520128825,13680.0,621,0.2353498935699463,0.23293650150299072,0.13011755049228668,0.3577364385128021,0.30711206793785095,0,0
fx10,5,3,upper_left_leaf,107,682.79,621,14314.048309178745,14224.0,621,0.23670001327991486,0.23280423879623413,0.13333334028720856,0.36452460289001465,0.30367207527160645,0,0
fx10,5,3,upper_left_leaf,108,685.5,621,15043.426731078906,14960.0,621,0.24027535319328308,0.23641495406627655,0.13500727713108063,0.37382179498672485,0.3046272397041321,0,0
fx10,5,3,upper_left_leaf,109,688.22,621,15758.505636070853,15600.0,621,0.24671834707260132,0.24322445690631866,0.14074717462062836,0.38909026980400085,0.3073538541793823,0,0
fx10,5,3,upper_left_leaf,110,690.93,621,16316.547504025764,16064.0,621,0.2574419677257538,0.2527322471141815,0.14950339496135712,0.4091608226299286,0.3159542679786682,0,0
fx10,5,3,upper_left_leaf,111,693.65,621,16744.425120772947,16560.0,621,0.2734171152114868,0.26807016134262085,0.1650860607624054,0.43090584874153137,0.33285093307495117,0,0
fx10,5,3,upper_left_leaf,112,696.37,621,17270.57004830918,17072.0,621,0.2970832586288452,0.29220065474510193,0.18141916394233704,0.45125553011894226,0.3560454249382019,0,0
fx10,5,3,upper_left_leaf,113,699.09,621,18288.5152979066,18192.0,621,0.32865238189697266,0.3263849914073944,0.20769953727722168,0.4806288480758667,0.38798919320106506,0,0
fx10,5,3,upper_left_leaf,114,701.81,621,20182.982286634462,20128.0,621,0.3649974763393402,0.36320409178733826,0.23935389518737793,0.5181139707565308,0.420246422290802,0,0
fx10,5,3,upper_left_leaf,115,704.53,621,22674.988727858294,22768.0,621,0.40568703413009644,0.4069828987121582,0.27609309554100037,0.5577464699745178,0.45895880460739136,0,0
fx10,5,3,upper_left_leaf,116,707.25,621,25629.99033816425,25968.0,621,0.4486660063266754,0.45502108335494995,0.31045082211494446,0.5931890606880188,0.5003839731216431,0,0
fx10,5,3,upper_left_leaf,117,709.97,621,28449.90660225443,29056.0,621,0.49282100796699524,0.5025973916053772,0.34507977962493896,0.6336794495582581,0.5424133539199829,0,0
fx10,5,3,upper_left_leaf,118,712.7,621,30993.752012882447,31872.0,621,0.5375410318374634,0.5512514114379883,0.371552973985672,0.6701197624206543,0.5870910882949829,0,0
fx10,5,3,upper_left_leaf,119,715.42,621,33053.70692431562,34192.0,621,0.5833970308303833,0.6031491160392761,0.3958504796028137,0.7127178907394409,0.6351550817489624,0,0
fx10,5,3,upper_left_leaf,120,718.15,621,35094.157809983895,36464.0,621,0.6304518580436707,0.6544688940048218,0.4200360178947449,0.7622031569480896,0.6822862029075623,0,0
fx10,5,3,upper_left_leaf,121,720.87,621,37416.01288244766,39024.0,621,0.6776016354560852,0.7050593495368958,0.4548114538192749,0.8137772083282471,0.7295277714729309,0,0
fx10,5,3,upper_left_leaf,122,723.6,621,40307.066022544284,42144.0,621,0.7239409685134888,0.7553429007530212,0.4895833432674408,0.8652782440185547,0.774612545967102,0,0
fx10,5,3,upper_left_leaf,123,726.33,621,43484.933977455716,45568.0,621,0.7673125267028809,0.805385947227478,0.5148136615753174,0.9108359217643738,0.8203497529029846,0,0
fx10,5,3,upper_left_leaf,124,729.06,621,46544.12882447665,49008.0,621,0.8064988255500793,0.8480684161186218,0.5364115238189697,0.9504709839820862,0.8597171902656555,0,0
fx10,5,3,upper_left_leaf,125,731.79,621,49095.188405797104,51776.0,621,0.8406680822372437,0.8845011591911316,0.5610681176185608,0.9839411973953247,0.8930731415748596,0,0
fx10,5,3,upper_left_leaf,126,734.52,621,50960.64412238325,53680.0,621,0.8697891235351562,0.9163452982902527,0.5782148241996765,1.014255404472351,0.922548770904541,0,0
fx10,5,3,upper_left_leaf,127,737.25,621,52165.95169082125,54928.0,621,0.8943626880645752,0.9413163065910339,0.5924127697944641,1.0416666269302368,0.9457216858863831,0,0
fx10,5,3,upper_left_leaf,128,739.98,621,53022.22222222222,55856.0,621,0.9145442843437195,0.9621735215187073,0.6053430438041687,1.0642534494400024,0.9650291204452515,0,0
fx10,5,3,upper_left_leaf,129,742.72,621,53694.995169082125,56528.0,621,0.9312514066696167,0.9813253283500671,0.6121267676353455,1.0823458433151245,0.9827008843421936,0,0
fx10,5,3,upper_left_leaf,130,745.45,621,54321.056360708535,57232.0,621,0.9449722170829773,0.9951807260513306,0.6272439360618591,1.0995246171951294,0.9955406785011292,0,0
fx10,5,3,upper_left_leaf,131,748.19,621,54739.42673107891,57616.0,621,0.9556776881217957,1.0073126554489136,0.6378737688064575,1.108862280845642,1.0067548751831055,0,0
fx10,5,3,upper_left_leaf,132,750.93,621,54996.97262479871,57904.0,621,0.9638349413871765,1.0158151388168335,0.6421961784362793,1.1177287101745605,1.0146149396896362,0,0
fx10,5,3,upper_left_leaf,133,753.66,621,55161.739130434784,58048.0,621,0.9705936312675476,1.0240384340286255,0.6499999761581421,1.1262015104293823,1.0222779512405396,0,0
fx10,5,3,upper_left_leaf,134,756.4,621,55417.91948470209,58448.0,621,0.976079523563385,1.0308490991592407,0.6537387371063232,1.1321918964385986,1.0284748077392578,0,0
fx10,5,3,upper_left_leaf,135,759.14,621,55842.24154589372,58864.0,621,0.9800113439559937,1.0342251062393188,0.6594594717025757,1.1378623247146606,1.03166925907135,0,0
fx10,5,3,upper_left_leaf,136,761.88,621,56529.391304347824,59552.0,620,0.9831765294075012,1.0364763736724854,0.6559388846158981,1.1412239015102386,1.0337488651275635,1,0
fx10,5,3,upper_left_leaf,137,764.62,621,57194.718196457325,60320.0,602,0.9809024930000305,1.0349360704421997,0.6470768600702286,1.135864406824112,1.0323342084884644,19,0
fx10,5,3,upper_left_leaf,138,767.36,621,57400.78582930757,60560.0,589,0.9793433547019958,1.0318547487258911,0.6513251662254333,1.1333760499954224,1.0294359922409058,32,0
fx10,5,3,upper_left_leaf,139,770.11,621,57032.83735909823,60144.0,612,0.9871876835823059,1.040320634841919,0.6582038551568985,1.1443335831165313,1.0373733043670654,9,0
fx10,5,3,upper_left_leaf,140,772.85,621,56107.87761674718,59040.0,621,0.9911280870437622,1.044063687324524,0.661605179309845,1.1485390663146973,1.0407240390777588,0,0
fx10,5,3,upper_left_leaf,141,775.6,621,54755.86473429952,57712.0,621,0.9924325942993164,1.047619104385376,0.6578401923179626,1.1500475406646729,1.0438926219940186,0,0
fx10,5,3,upper_left_leaf,142,778.34,621,53596.18679549114,56448.0,621,0.9929372072219849,1.0459603071212769,0.6648090481758118,1.149239182472229,1.0422744750976562,0,0
fx10,5,3,upper_left_leaf,143,781.09,621,53132.65056360709,56032.0,621,0.99391770362854,1.047387957572937,0.6637959480285645,1.1535420417785645,1.0436336994171143,0,0
fx10,5,3,upper_left_leaf,144,783.84,621,53620.0193236715,56544.0,621,0.9947364330291748,1.0482780933380127,0.6638171672821045,1.15234375,1.0444971323013306,0,0
fx10,5,3,upper_left_leaf,145,786.58,621,54822.698872785826,57776.0,621,0.995976984500885,1.0500857830047607,0.6674171686172485,1.1542272567749023,1.0462735891342163,0,0
fx10,5,3,upper_left_leaf,146,789.33,621,56173.14009661836,59184.0,621,0.9969443082809448,1.0504988431930542,0.6666666865348816,1.1553884744644165,1.046554446220398,0,0
fx10,5,3,upper_left_leaf,147,792.08,621,57186.44766505636,60288.0,606,0.9935047626495361,1.0479910373687744,0.6612400114536285,1.1477921307086945,1.044382095336914,15,0
fx10,5,3,upper_left_leaf,148,794.84,621,57431.85829307568,60480.0,600,0.9927313327789307,1.0474567413330078,0.6604681104421616,1.1459108114242553,1.0439460277557373,21,0
fx10,5,3,upper_left_leaf,149,797.59,621,56643.066022544284,59664.0,621,0.9990999102592468,1.0532580614089966,0.6625577807426453,1.1582144498825073,1.0491849184036255,0,0
fx10,5,3,upper_left_leaf,150,800.34,621,54915.52979066023,57776.0,621,0.9995959401130676,1.0535968542099,0.6632685661315918,1.1571428775787354,1.0493953227996826,0,0
fx10,5,3,upper_left_leaf,151,803.1,621,52735.63929146538,55504.0,621,0.9999403357505798,1.0540673732757568,0.6593806743621826,1.1581929922103882,1.0496304035186768,0,0
fx10,5,3,upper_left_leaf,152,805.85,621,50697.50724637681,53312.0,621,0.9999047517776489,1.0543947219848633,0.6568098664283752,1.1595007181167603,1.04983389377594,0,0
fx10,5,3,upper_left_leaf,153,808.61,621,49390.402576489534,52000.0,621,1.0002042055130005,1.0550025701522827,0.6556907892227173,1.1589688062667847,1.0502632856369019,0,0
fx10,5,3,upper_left_leaf,154,811.36,621,49039.71658615137,51616.0,621,1.000400185585022,1.0549803972244263,0.6601271629333496,1.1601731777191162,1.0501139163970947,0,0
fx10,5,3,upper_left_leaf,155,814.12,621,49502.81481481482,52144.0,621,1.001013159751892,1.0566368103027344,0.6602254509925842,1.159131407737732,1.0517711639404297,0,0
fx10,5,3,upper_left_leaf,156,816.88,621,50517.719806763285,53216.0,621,1.0020211935043335,1.0584359169006348,0.6633872389793396,1.1614373922348022,1.0535686016082764,0,0
fx10,5,3,upper_left_leaf,157,819.64,621,51712.02576489533,54448.0,621,1.0028188228607178,1.056993007659912,0.6625429391860962,1.1591612100601196,1.0522723197937012,0,0
fx10,5,3,upper_left_leaf,158,822.4,621,52489.81642512077,55296.0,621,1.0029460191726685,1.0572224855422974,0.6656534671783447,1.161892056465149,1.0525999069213867,0,0
fx10,5,3,upper_left_leaf,159,825.16,621,52784.463768115944,55696.0,621,1.003415584564209,1.059507966041565,0.6618487238883972,1.1625041961669922,1.0546064376831055,0,0
fx10,5,3,upper_left_leaf,160,827.92,621,52266.51207729468,55072.0,621,1.0035394430160522,1.0581356287002563,0.6637333035469055,1.1586716175079346,1.0533088445663452,0,0
fx10,5,3,upper_left_leaf,161,830.69,621,51200.0,53936.0,621,1.003827452659607,1.0596321821212769,0.6642512083053589,1.1605322360992432,1.0545854568481445,0,0
fx10,5,3,upper_left_leaf,162,833.45,621,49897.86795491143,52544.0,621,1.0036473274230957,1.0594841241836548,0.6632124185562134,1.1621289253234863,1.0544228553771973,0,0
fx10,5,3,upper_left_leaf,163,836.22,621,48794.97584541063,51376.0,621,1.0039136409759521,1.0609668493270874,0.6622927188873291,1.1622408628463745,1.0554461479187012,0,0
fx10,5,3,upper_left_leaf,164,838.98,621,48163.658615136876,50736.0,621,1.0039538145065308,1.059866189956665,0.6632047295570374,1.164355754852295,1.0545754432678223,0,0
fx10,5,3,upper_left_leaf,165,841.75,621,48094.3768115942,50656.0,621,1.0043102502822876,1.0591447353363037,0.6605812311172485,1.1629464626312256,1.0539239645004272,0,0
fx10,5,3,upper_left_leaf,166,844.52,621,48485.69404186795,51056.0,621,1.004591941833496,1.060050368309021,0.6643304824829102,1.1638213396072388,1.0547720193862915,0,0
fx10,5,3,upper_left_leaf,167,847.29,621,49253.74557165861,51888.0,621,1.0053305625915527,1.0602366924285889,0.6633915305137634,1.1631994247436523,1.0549806356430054,0,0
fx10,5,3,upper_left_leaf,168,850.06,621,50006.95652173913,52640.0,621,1.0060781240463257,1.0600866079330444,0.666428804397583,1.1650141477584839,1.054983377456665,0,0
fx10,5,3,upper_left_leaf,169,852.83,621,50589.88727858293,53264.0,621,1.0064690113067627,1.0606218576431274,0.6679611802101135,1.1644026041030884,1.055493712425232,0,0
fx10,5,3,upper_left_leaf,170,855.6,621,50883.29790660225,53584.0,621,1.007051944732666,1.060668706893921,0.6685393452644348,1.1651599407196045,1.0554505586624146,0,0
fx10,5,3,upper_left_leaf,171,858.37,621,50754.52495974235,53392.0,621,1.0073668956756592,1.061882495880127,0.6661986708641052,1.1672810316085815,1.0565857887268066,0,0
fx10,5,3,upper_left_leaf,172,861.14,621,50283.38808373591,52912.0,621,1.0075135231018066,1.063513994216919,0.6679715514183044,1.1635464429855347,1.0580624341964722,0,0
fx10,5,3,upper_left_leaf,173,863.92,621,49454.68599033816,52016.0,621,1.0078438520431519,1.0617636442184448,0.6666666865348816,1.1655937433242798,1.0564451217651367,0,0
fx10,5,3,upper_left_leaf,174,866.69,621,48434.34460547504,50944.0,621,1.008228063583374,1.0638762712478638,0.6670374274253845,1.1666051149368286,1.058122158050537,0,0
fx10,5,3,upper_left_leaf,175,869.47,621,47357.29468599034,49840.0,621,1.0083967447280884,1.0638219118118286,0.6657814979553223,1.1681784391403198,1.0580753087997437,0,0
fx10,5,3,upper_left_leaf,176,872.25,621,46273.8808373591,48704.0,621,1.0083885192871094,1.0630284547805786,0.6678308248519897,1.168400764465332,1.0571627616882324,0,0
fx10,5,3,upper_left_leaf,177,875.03,621,45507.272141706926,47872.0,621,1.008349895477295,1.0624268054962158,0.6673275232315063,1.168179988861084,1.0564972162246704,0,0
fx10,5,3,upper_left_leaf,178,877.8,621,44884.17391304348,47264.0,621,1.008309006690979,1.0634011030197144,0.6701591610908508,1.1700462102890015,1.0572702884674072,0,0
fx10,5,3,upper_left_leaf,179,880.58,621,44504.99194847021,46768.0,621,1.0087915658950806,1.0626496076583862,0.6677537560462952,1.1689772605895996,1.0565491914749146,0,0
fx10,5,3,upper_left_leaf,180,883.37,621,44299.28502415459,46624.0,621,1.008788824081421,1.0634028911590576,0.6704941391944885,1.170195460319519,1.0572255849838257,0,0
fx10,5,3,upper_left_leaf,181,886.15,621,44223.381642512075,46608.0,621,1.0089560747146606,1.0639935731887817,0.6724067330360413,1.1692559719085693,1.0574754476547241,0,0
fx10,5,3,upper_left_leaf,182,888.93,621,44209.159420289856,46560.0,621,1.0093846321105957,1.065837025642395,0.6729779839515686,1.1693564653396606,1.0593987703323364,0,0
fx10,5,3,upper_left_leaf,183,891.71,621,44127.046698872786,46496.0,621,1.0097525119781494,1.0649298429489136,0.673393726348877,1.1687729358673096,1.0586106777191162,0,0
fx10,5,3,upper_left_leaf,184,894.5,621,43897.45571658615,46208.0,621,1.0100046396255493,1.0654664039611816,0.6730093359947205,1.16904616355896,1.0588884353637695,0,0
fx10,5,3,upper_left_leaf,185,897.28,621,43381.0499194847,45584.0,621,1.010237216949463,1.0656071901321411,0.6712962985038757,1.1707724332809448,1.0592129230499268,0,0
fx10,5,3,upper_left_leaf,186,900.07,621,42632.219001610305,44832.0,621,1.0102620124816895,1.0641080141067505,0.6698052883148193,1.1712357997894287,1.0575103759765625,0,0
fx10,5,3,upper_left_leaf,187,902.86,621,41711.94847020934,43840.0,621,1.0102394819259644,1.0659767389297485,0.6695899963378906,1.1702357530593872,1.0590733289718628,0,0
fx10,5,3,upper_left_leaf,188,905.64,621,40540.444444444445,42608.0,621,1.0093024969100952,1.0648601055145264,0.6710377335548401,1.1725683212280273,1.05789053440094,0,0
fx10,5,3,upper_left_leaf,189,908.43,621,39253.307568438,41264.0,621,1.0080804824829102,1.062298059463501,0.6710402965545654,1.169223666191101,1.0552845001220703,0,0
fx10,5,3,upper_left_leaf,190,911.22,621,38077.57809983897,40064.0,621,1.006978154182434,1.0621873140335083,0.6700630784034729,1.1687500476837158,1.0547717809677124,0,0
fx10,5,3,upper_left_leaf,191,914.02,621,37049.17230273752,38976.0,621,1.0060136318206787,1.060762643814087,0.6726234555244446,1.1672474145889282,1.0534251928329468,0,0
fx10,5,3,upper_left_leaf,192,916.81,621,36258.44766505636,38096.0,621,1.0051982402801514,1.0589416027069092,0.668542206287384,1.1690821647644043,1.0519850254058838,0,0
fx10,5,3,upper_left_leaf,193,919.6,621,35790.32528180354,37632.0,621,1.0045342445373535,1.0590920448303223,0.6697843670845032,1.1653826236724854,1.0520902872085571,0,0
fx10,5,3,upper_left_leaf,194,922.39,621,35566.53140096618,37424.0,621,1.003372311592102,1.0571210384368896,0.6719160079956055,1.163900375366211,1.0502344369888306,0,0
fx10,5,3,upper_left_leaf,195,925.19,621,35505.004830917875,37360.0,621,1.0027852058410645,1.0566037893295288,0.6696428656578064,1.1651090383529663,1.0498652458190918,0,0
fx10,5,3,upper_left_leaf,196,927.98,621,35472.38647342995,37344.0,621,1.001477599143982,1.0569230318069458,0.6708628535270691,1.1635040044784546,1.0499324798583984,0,0
fx10,5,3,upper_left_leaf,197,930.78,621,35360.36070853462,37184.0,621,1.0001829862594604,1.054787516593933,0.6706838011741638,1.1605324745178223,1.048133134841919,0,0
fx10,5,3,upper_left_leaf,198,933.58,621,35020.67632850241,36768.0,621,0.998537540435791,1.0525498390197754,0.6680772304534912,1.1593060493469238,1.0461888313293457,0,0
fx10,5,3,upper_left_leaf,199,936.38,621,34486.72463768116,36240.0,621,0.996614933013916,1.0499999523162842,0.6659482717514038,1.1571730375289917,1.0438191890716553,0,0
fx10,5,3,upper_left_leaf,200,939.18,621,33707.69726247987,35376.0,621,0.9937036633491516,1.0461875200271606,0.6648411750793457,1.1555556058883667,1.040130615234375,0,0
fx10,5,3,upper_left_leaf,201,941.98,621,32532.81803542673,34048.0,621,0.9906924962997437,1.0415730476379395,0.66402268409729,1.1520944833755493,1.036097526550293,0,0
fx10,5,3,upper_left_leaf,202,944.78,621,31125.977455716587,32560.0,621,0.9870046973228455,1.0372980833053589,0.6611325144767761,1.1495877504348755,1.0321763753890991,0,0
fx10,5,3,upper_left_leaf,203,947.58,621,29541.900161030597,30864.0,621,0.9823293685913086,1.0315593481063843,0.6612398028373718,1.143035650253296,1.0270127058029175,0,0
fx10,5,3,upper_left_leaf,204,950.38,621,27968.0,29232.0,621,0.9769100546836853,1.0250990390777588,0.6538461446762085,1.1385223865509033,1.0213123559951782,0,0
fx10,5,3,upper_left_leaf,205,953.19,621,26547.710144927536,27680.0,621,0.9712780714035034,1.019539475440979,0.6476993560791016,1.1337087154388428,1.016412615776062,0,0
fx10,5,3,upper_left_leaf,206,955.99,621,25319.626409017714,26368.0,621,0.965118944644928,1.0088300704956055,0.6523827314376831,1.1303703784942627,1.0073394775390625,0,0
fx10,5,3,upper_left_leaf,207,958.8,621,24315.80032206119,25280.0,621,0.9592642784118652,1.0015220642089844,0.650928795337677,1.123023509979248,1.001264214515686,0,0
fx10,5,3,upper_left_leaf,208,961.6,621,23579.697262479873,24528.0,621,0.9558390378952026,0.9984239339828491,0.643714964389801,1.1182109117507935,0.9987021684646606,0,0
fx10,5,3,upper_left_leaf,209,964.41,621,23016.88888888889,23936.0,621,0.9538571238517761,0.9951416850090027,0.6486710906028748,1.1165845394134521,0.9960212111473083,0,0
fx10,5,3,upper_left_leaf,210,967.22,621,22614.69887278583,23536.0,621,0.9524861574172974,0.9925062656402588,0.6519898176193237,1.1159052848815918,0.9938900470733643,0,0
fx10,5,3,upper_left_leaf,211,970.03,621,22250.924315619966,23168.0,621,0.9517560601234436,0.9923469424247742,0.6485788226127625,1.115744709968567,0.9937673211097717,0,0
fx10,5,3,upper_left_leaf,212,972.84,621,21915.90338164251,22816.0,621,0.9510682821273804,0.991416335105896,0.6491228342056274,1.1137566566467285,0.9930021166801453,0,0
fx10,5,3,upper_left_leaf,213,975.65,621,21504.283413848632,22320.0,621,0.9507731199264526,0.9907611012458801,0.6460018157958984,1.113190770149231,0.9925240278244019,0,0
fx10,5,3,upper_left_leaf,214,978.46,621,21030.62157809984,21840.0,621,0.950380265712738,0.9909420013427734,0.6531738638877869,1.1141804456710815,0.9927219748497009,0,0
fx10,5,3,upper_left_leaf,215,981.27,621,20441.12077294686,21184.0,621,0.9504730701446533,0.9887111783027649,0.6513848900794983,1.114163875579834,0.9909774661064148,0,0
fx10,5,3,upper_left_leaf,216,984.09,621,19737.30112721417,20480.0,621,0.9510977864265442,0.992118239402771,0.6480279564857483,1.1154228448867798,0.9938128590583801,0,0
fx10,5,3,upper_left_leaf,217,986.9,621,18984.73429951691,19664.0,621,0.951379656791687,0.9927536249160767,0.6526757478713989,1.1141360998153687,0.9943227767944336,0,0
fx10,5,3,upper_left_leaf,218,989.72,621,18200.78582930757,18848.0,621,0.9513971209526062,0.991304337978363,0.6456257104873657,1.11391019821167,0.9932659864425659,0,0
fx10,5,3,upper_left_leaf,219,992.54,621,17396.14814814815,18016.0,621,0.9523212313652039,0.9924985766410828,0.6526069045066833,1.1151586771011353,0.9943206906318665,0,0
fx10,5,3,upper_left_leaf,220,995.35,621,16673.082125603865,17296.0,621,0.953334629535675,0.9962916970252991,0.6534407734870911,1.1167701482772827,0.997217059135437,0,0
fx10,5,3,upper_left_leaf,221,998.17,621,16016.927536231884,16656.0,621,0.9547868371009827,0.9974160194396973,0.6548089385032654,1.1171875,0.998084306716919,0,0
fx10,5,3,upper_left_leaf,222,1000.99,621,15514.409017713366,16080.0,621,0.9550525546073914,0.9986376166343689,0.6477900743484497,1.117006778717041,0.9990059733390808,0,0
fx10,5,3,upper_left_leaf,223,1003.81,621,15454.119162640902,16000.0,621,0.954724907875061,0.9972752332687378,0.6495131850242615,1.1150684356689453,0.9980040192604065,0,0
fx10,6,3,upper_right_leaf,0,397.66,674,4824.118694362018,4816.0,674,0.48320329189300537,0.4838709533214569,0.33870968222618103,0.6348816215991976,0.9055759906768799,0,5
fx10,6,3,upper_right_leaf,1,400.28,674,4816.973293768546,4800.0,674,0.4738052189350128,0.4754098355770111,0.38333334028720856,0.5714285969734192,0.9012160897254944,0,0
fx10,6,3,upper_right_leaf,2,402.9,674,4831.786350148368,4832.0,674,0.46935465931892395,0.469696968793869,0.375,0.5522388219833374,0.8967551589012146,0,0
fx10,6,3,upper_right_leaf,3,405.52,674,4840.474777448071,4848.0,674,0.45738810300827026,0.4571428596973419,0.38235294818878174,0.5355684787034989,0.8898550868034363,0,0
fx10,6,3,upper_right_leaf,4,408.13,674,4864.854599406528,4864.0,674,0.4450792372226715,0.4444444477558136,0.37142857909202576,0.5201917618513108,0.8833819031715393,0,0
fx10,6,3,upper_right_leaf,5,410.75,674,4876.462908011869,4864.0,674,0.43790388107299805,0.4383561611175537,0.37000697404146193,0.5064935088157654,0.8767908215522766,0,0
fx10,6,3,upper_right_leaf,6,413.37,674,4892.035608308605,4880.0,674,0.42558321356773376,0.42500001192092896,0.36250001192092896,0.48750001192092896,0.8700565099716187,0,0
fx10,6,3,upper_right_leaf,7,416.0,674,4899.442136498516,4880.0,674,0.4202108085155487,0.4166666567325592,0.3580246865749359,0.488095223903656,0.8640226721763611,0,0
fx10,6,3,upper_right_leaf,8,418.62,674,4905.827893175074,4896.0,674,0.4150022864341736,0.4117647111415863,0.3529411852359772,0.48275861144065857,0.8583569526672363,0,0
fx10,6,3,upper_right_leaf,9,421.24,674,4937.424332344213,4944.0,674,0.40617600083351135,0.40449437499046326,0.35164836049079895,0.46666666865348816,0.8516483306884766,0,0
fx10,6,3,upper_right_leaf,10,423.86,674,4946.967359050445,4944.0,674,0.4043969511985779,0.4021739065647125,0.3478260934352875,0.47826087474823,0.8484848737716675,0,0
fx10,6,3,upper_right_leaf,11,426.49,674,4968.094955489614,4960.0,674,0.3967500329017639,0.39175257086753845,0.34020617604255676,0.47422680258750916,0.8405405282974243,0,0
fx10,6,3,upper_right_leaf,12,429.12,674,4976.094955489614,4960.0,674,0.38618794083595276,0.3807200789451599,0.3311437413096428,0.46104826778173447,0.8306451439857483,0,0
fx10,6,3,upper_right_leaf,13,431.74,674,4980.724035608308,4976.0,674,0.3783401548862457,0.37383177876472473,0.3188753709197044,0.4531359225511551,0.8230562806129456,0,0
fx10,6,3,upper_right_leaf,14,434.37,674,5030.148367952523,5008.0,674,0.36846402287483215,0.36323410272598267,0.3156235069036484,0.4385964870452881,0.8113695383071899,0,0
fx10,6,3,upper_right_leaf,15,437.0,674,5055.430267062315,5040.0,674,0.35881689190864563,0.35483869910240173,0.30399999022483826,0.4291498064994812,0.796954333782196,0,0
fx10,6,3,upper_right_leaf,16,439.63,674,5087.074183976261,5072.0,674,0.352046936750412,0.3458646535873413,0.2966724544763565,0.42748090624809265,0.7866004705429077,0,0
fx10,6,3,upper_right_leaf,17,442.26,674,5132.747774480712,5120.0,674,0.34311535954475403,0.33571428060531616,0.2867467075586319,0.42957746982574463,0.7730587720870972,0,0
fx10,6,3,upper_right_leaf,18,444.89,674,5151.857566765579,5136.0,674,0.33378294110298157,0.32573288679122925,0.2781457006931305,0.42105263471603394,0.7577196955680847,0,0
fx10,6,3,upper_right_leaf,19,447.52,674,5192.712166172107,5184.0,674,0.3277587294578552,0.3187499940395355,0.27009645104408264,0.41874998807907104,0.748235285282135,0,0
fx10,6,3,upper_right_leaf,20,450.16,674,5214.575667655787,5200.0,674,0.3212948143482208,0.3139534890651703,0.2645513221621513,0.4094553574919701,0.7358273267745972,0,0
fx10,6,3,upper_right_leaf,21,452.79,674,5225.281899109792,5200.0,674,0.31771478056907654,0.3089887499809265,0.26233440935611724,0.4126715898513794,0.7289091348648071,0,0
fx10,6,3,upper_right_leaf,22,455.43,674,5251.79821958457,5232.0,674,0.31223416328430176,0.3016759753227234,0.2556376278400421,0.4086231276392937,0.7228648662567139,0,0
fx10,6,3,upper_right_leaf,23,458.06,674,5270.836795252226,5248.0,674,0.30791324377059937,0.29891303181648254,0.2526881694793701,0.40752218365669257,0.7155361175537109,0,0
fx10,6,3,upper_right_leaf,24,460.7,674,5247.169139465876,5216.0,674,0.30687958002090454,0.29866665601730347,0.24930748343467712,0.3989070951938629,0.7142857313156128,0,0
fx10,6,3,upper_right_leaf,25,463.34,674,5257.210682492581,5248.0,674,0.3026348650455475,0.29100528359413147,0.24468085169792175,0.39930852055549626,0.708970308303833,0,0
fx10,6,3,upper_right_leaf,26,465.98,674,5299.821958456973,5264.0,674,0.2952251434326172,0.2849999964237213,0.23999999463558197,0.3890274167060852,0.6942675113677979,0,0
fx10,6,3,upper_right_leaf,27,468.62,674,5322.72997032641,5296.0,674,0.29048585891723633,0.2801932394504547,0.2326732724905014,0.3853658437728882,0.6895119547843933,0,0
fx10,6,3,upper_right_leaf,28,471.26,674,5314.468842729971,5296.0,674,0.28732582926750183,0.27652281522750854,0.23444975912570953,0.38191161602735524,0.6853002309799194,0,0
fx10,6,3,upper_right_leaf,29,473.9,674,5372.439169139466,5328.0,674,0.2798501253128052,0.2687224745750427,0.22368420660495758,0.37662336230278015,0.6659969687461853,0,0
fx10,6,3,upper_right_leaf,30,476.54,674,5421.816023738872,5392.0,674,0.27355390787124634,0.2602465748786926,0.21757322549819946,0.3728571519255639,0.6508020162582397,0,0
fx10,6,3,upper_right_leaf,31,479.18,674,5478.26706231454,5408.0,674,0.2684955596923828,0.2547237277030945,0.21170438304543496,0.3608924433588982,0.6434035301208496,0,0
fx10,6,3,upper_right_leaf,32,481.83,674,5484.795252225519,5424.0,674,0.26183077692985535,0.248188316822052,0.20585774406790733,0.361623615026474,0.6238532066345215,0,0
fx10,6,3,upper_right_leaf,33,484.47,674,5588.818991097923,5520.0,674,0.2541365623474121,0.23986487090587616,0.19840489104390144,0.3652898639440537,0.6046510934829712,0,0
fx10,6,3,upper_right_leaf,34,487.12,674,5568.237388724036,5488.0,674,0.24917647242546082,0.23548386991024017,0.19312797784805297,0.3605687066912652,0.5906917452812195,0,0
fx10,6,3,upper_right_leaf,35,489.77,674,5634.183976261128,5552.0,674,0.24627508223056793,0.23041631281375885,0.19277078285813332,0.35692307353019714,0.5799160003662109,0,0
fx10,6,3,upper_right_leaf,36,492.42,674,5706.089020771514,5632.0,674,0.24209064245224,0.22841225564479828,0.18666228652000427,0.3519733875989915,0.5629032254219055,0,0
fx10,6,3,upper_right_leaf,37,495.07,674,5777.163204747774,5696.0,674,0.238578662276268,0.22371967136859894,0.18378378450870514,0.34657058119773876,0.5510852336883545,0,0
fx10,6,3,upper_right_leaf,38,497.72,674,5808.284866468843,5728.0,674,0.23599234223365784,0.22179079055786133,0.1789606988430023,0.34326184391975423,0.542488694190979,0,0
fx10,6,3,upper_right_leaf,39,500.37,674,5859.06231454006,5760.0,674,0.23308993875980377,0.21791768074035645,0.17777778208255768,0.33462412953376797,0.5299335718154907,0,0
fx10,6,3,upper_right_leaf,40,503.02,674,5904.854599406528,5824.0,674,0.2320837527513504,0.21749408543109894,0.1761337101459503,0.33679869472980517,0.5252162218093872,0,0
fx10,6,3,upper_right_leaf,41,505.67,674,5899.157270029674,5808.0,674,0.2330889105796814,0.21852993965148926,0.17703430578112603,0.3383999198675156,0.52601158618927,0,0
fx10,6,3,upper_right_leaf,42,508.32,674,5962.80118694362,5872.0,674,0.23376598954200745,0.22002190351486206,0.17898358777165413,0.34347678273916243,0.5193525552749634,0,0
fx10,6,3,upper_right_leaf,43,510.98,674,6083.940652818991,5984.0,674,0.2338775098323822,0.21946002542972565,0.17788533866405487,0.34820847958326345,0.5094850659370422,0,0
fx10,6,3,upper_right_leaf,44,513.63,674,6125.649851632047,6016.0,674,0.2360420525074005,0.22317597270011902,0.1790722757577896,0.3460143223404888,0.5094722509384155,0,0
fx10,6,3,upper_right_leaf,45,516.29,674,6112.0,6000.0,674,0.23994921147823334,0.22618645429611206,0.18234583288431166,0.3447538360953331,0.511942982673645,0,0
fx10,6,3,upper_right_leaf,46,518.95,674,6208.189910979228,6096.0,674,0.24326485395431519,0.2283054143190384,0.18590913712978363,0.3479550376534462,0.5046236515045166,0,0
fx10,6,3,upper_right_leaf,47,521.61,674,6420.700296735905,6304.0,674,0.24681684374809265,0.2334936559200287,0.18871594965457916,0.3523293390870095,0.4962215721607208,0,0
fx10,6,3,upper_right_leaf,48,524.27,674,6482.373887240356,6384.0,674,0.2503625154495239,0.23595505952835083,0.19014140367507934,0.35353368520736694,0.4938271641731262,0,0
fx10,6,3,upper_right_leaf,49,526.93,674,6551.691394658754,6432.0,674,0.25641024112701416,0.24301666021347046,0.19775381311774254,0.37003619819879535,0.49859967827796936,0,0
fx10,6,3,upper_right_leaf,50,529.59,674,6733.887240356083,6640.0,674,0.25840482115745544,0.24398624897003174,0.19823073223233223,0.36868816018104555,0.488836407661438,0,0
fx10,6,3,upper_right_leaf,51,532.25,674,7028.106824925816,6896.0,674,0.2581566572189331,0.2450532764196396,0.19693805873394013,0.37362254261970523,0.4691630005836487,0,0
fx10,6,3,upper_right_leaf,52,534.91,674,7226.255192878339,7072.0,674,0.2588217556476593,0.24442940950393677,0.19690072014927865,0.37139401137828837,0.45922067761421204,0,0
fx10,6,3,upper_right_leaf,53,537.57,674,7262.836795252226,7088.0,674,0.25955846905708313,0.24520215392112732,0.19665094912052156,0.37933238744735726,0.455663800239563,0,0
fx10,6,3,upper_right_leaf,54,540.24,674,7360.522255192878,7200.0,674,0.2592211067676544,0.2433168888092041,0.1962207019329071,0.37774819135665905,0.45040076971054077,0,0
fx10,6,3,upper_right_leaf,55,542.91,674,7585.06824925816,7392.0,674,0.2577421963214874,0.24292761087417603,0.1932985730469227,0.37781944423913955,0.4366833567619324,0,0
fx10,6,3,upper_right_leaf,56,545.57,674,7774.646884272997,7576.0,674,0.2562788426876068,0.2417323887348175,0.19266819581389427,0.3742504075169564,0.4270527958869934,0,0
fx10,6,3,upper_right_leaf,57,548.24,674,7828.676557863501,7600.0,674,0.2560737729072571,0.24037319421768188,0.19148936867713928,0.37702794522047045,0.4228973984718323,0,0
fx10,6,3,upper_right_leaf,58,550.91,674,7919.216617210683,7728.0,674,0.255073606967926,0.23972493410110474,0.19156429097056388,0.3779478490352631,0.41901451349258423,0,0
fx10,6,3,upper_right_leaf,59,553.58,674,8110.290801186944,7880.0,674,0.25375211238861084,0.23772481083869934,0.18959568291902543,0.37288646250963214,0.4105131924152374,0,0
fx10,6,3,upper_right_leaf,60,556.25,674,8273.091988130564,8008.0,674,0.25133171677589417,0.2353549748659134,0.18694329187273978,0.3739833325147629,0.40152114629745483,0,0
fx10,6,3,upper_right_leaf,61,558.92,674,8292.367952522256,8032.0,674,0.24908825755119324,0.2332085371017456,0.1857318602502346,0.37081244140863423,0.3973881006240845,0,0
fx10,6,3,upper_right_leaf,62,561.59,674,8295.240356083086,8048.0,674,0.24590788781642914,0.23098117113113403,0.1831260070204735,0.36652983874082573,0.3948822021484375,0,0
fx10,6,3,upper_right_leaf,63,564.26,674,8370.492581602373,8120.0,674,0.24196432530879974,0.22704219818115234,0.17907710000872612,0.35846968740224855,0.3876776397228241,0,0
fx10,6,3,upper_right_leaf,64,566.94,674,8394.302670623145,8144.0,674,0.23746469616889954,0.2227458953857422,0.17469553649425507,0.3549913808703423,0.37978991866111755,0,0
fx10,6,3,upper_right_leaf,65,569.61,674,8336.33234421365,8064.0,674,0.23315705358982086,0.2173098772764206,0.17363418638706207,0.3460882484912873,0.37560591101646423,0,0
fx10,6,3,upper_right_leaf,66,572.29,674,8249.970326409495,7984.0,674,0.22890837490558624,0.21378016471862793,0.1675049692392349,0.3437741816043855,0.3743917942047119,0,0
fx10,6,3,upper_right_leaf,67,574.96,674,8255.359050445104,8000.0,674,0.22394466400146484,0.20902997255325317,0.16311277970671653,0.3375283554196358,0.3668888211250305,0,0
fx10,6,3,upper_right_leaf,68,577.64,674,8351.620178041543,8096.0,674,0.21907423436641693,0.2043769359588623,0.15802865698933602,0.33047290593385703,0.3563907742500305,0,0
fx10,6,3,upper_right_leaf,69,580.32,674,8405.578635014837,8120.0,674,0.21634888648986816,0.2015177309513092,0.15710718408226967,0.33013162165880205,0.35103392601013184,0,0
fx10,6,3,upper_right_leaf,70,583.0,674,8296.047477744807,8032.0,674,0.21375082433223724,0.19852355122566223,0.15480455234646798,0.32652173340320606,0.3515836298465729,0,0
fx10,6,3,upper_right_leaf,71,585.68,674,8148.985163204748,7888.0,674,0.21132977306842804,0.19643650949001312,0.151813742518425,0.3273328945040706,0.3534882068634033,0,0
fx10,6,3,upper_right_leaf,72,588.36,674,8169.40059347181,7912.0,674,0.20798589289188385,0.19318392872810364,0.14882873222231865,0.32141655236482636,0.34661075472831726,0,0
fx10,6,3,upper_right_leaf,73,591.04,674,8400.6646884273,8112.0,674,0.20524737238883972,0.18999654054641724,0.14642584025859834,0.3148426309227946,0.335914671421051,0,0
fx10,6,3,upper_right_leaf,74,593.73,674,8594.20771513353,8288.0,674,0.20356254279613495,0.18872278928756714,0.144689454883337,0.31385810226202016,0.32671719789505005,0,0
fx10,6,3,upper_right_leaf,75,596.41,674,8628.296735905045,8288.0,674,0.2020939737558365,0.1867268979549408,0.14270642921328544,0.3120363950729373,0.3237916827201843,0,0
fx10,6,3,upper_right_leaf,76,599.1,674,8564.842729970327,8240.0,674,0.20113502442836761,0.18516376614570618,0.14158560261130332,0.3083204030990604,0.32492905855178833,0,0
fx10,6,3,upper_right_leaf,77,601.78,674,8616.617210682492,8288.0,674,0.19964075088500977,0.1848444640636444,0.14119152948260308,0.3082242354750637,0.32209739089012146,0,0
fx10,6,3,upper_right_leaf,78,604.47,674,8854.884272997033,8536.0,674,0.19777382910251617,0.1826484054327011,0.13820623606443405,0.3060804188251499,0.31296131014823914,0,0
fx10,6,3,upper_right_leaf,79,607.16,674,9151.66765578635,8768.0,674,0.1956794112920761,0.1805136799812317,0.13703430444002151,0.3023084983229642,0.30407583713531494,0,0
fx10,6,3,upper_right_leaf,80,609.85,674,9275.370919881305,8888.0,674,0.19340942800045013,0.17867761850357056,0.13463128060102464,0.3022741585969929,0.29780980944633484,0,0
fx10,6,3,upper_right_leaf,81,612.53,674,9252.415430267063,8840.0,674,0.19155806303024292,0.17582419514656067,0.13189745470881462,0.30016556531190913,0.29609838128089905,0,0
fx10,6,3,upper_right_leaf,82,615.23,674,9142.26706231454,8752.0,674,0.18936477601528168,0.17429476976394653,0.13034769669175147,0.30027292817831075,0.29358023405075073,0,0
fx10,6,3,upper_right_leaf,83,617.92,674,9248.925816023739,8848.0,674,0.1873341053724289,0.17194876074790955,0.12838922441005707,0.2999943077564241,0.2887166738510132,0,0
fx10,6,3,upper_right_leaf,84,620.61,674,9477.103857566766,9072.0,674,0.1852644681930542,0.16982416808605194,0.1255522206425667,0.3001646876335145,0.28248727321624756,0,0
fx10,6,3,upper_right_leaf,85,623.3,674,9707.86943620178,9280.0,674,0.18360914289951324,0.1678822934627533,0.12368275225162506,0.3035457164049149,0.2756171226501465,0,0
fx10,6,3,upper_right_leaf,86,626.0,674,9811.20474777448,9320.0,674,0.1829478144645691,0.1668452024459839,0.12390206530690193,0.30123626291751865,0.2720864415168762,0,0
fx10,6,3,upper_right_leaf,87,628.69,674,9833.543026706231,9360.0,674,0.1825224906206131,0.1668429672718048,0.12242810763418674,0.3018812239170076,0.2715246081352234,0,0
fx10,6,3,upper_right_leaf,88,631.39,674,9859.370919881305,9408.0,674,0.18180721998214722,0.16657879948616028,0.12199990339577198,0.3077350899577142,0.2704446315765381,0,0
fx10,6,3,upper_right_leaf,89,634.08,674,9954.94362017804,9472.0,674,0.18048159778118134,0.16464844346046448,0.12106079533696175,0.30802693665027625,0.26692110300064087,0,0
fx10,6,3,upper_right_leaf,90,636.78,674,10018.231454005934,9536.0,674,0.1783503144979477,0.16310687363147736,0.11917750537395477,0.30944544076919556,0.26282674074172974,0,0
fx10,6,3,upper_right_leaf,91,639.48,674,10000.379821958457,9504.0,674,0.17525076866149902,0.15915095806121826,0.11617363207042217,0.30894647985696794,0.2583736181259155,0,0
fx10,6,3,upper_right_leaf,92,642.18,674,9920.284866468843,9392.0,674,0.17171530425548553,0.15554465353488922,0.1132822185754776,0.30819645076990126,0.25474661588668823,0,0
fx10,6,3,upper_right_leaf,93,644.88,674,9882.160237388724,9360.0,674,0.16802382469177246,0.15178672969341278,0.11189464442431926,0.30521161258220675,0.24973145127296448,0,0
fx10,6,3,upper_right_leaf,94,647.58,674,9931.13353115727,9376.0,674,0.16444921493530273,0.1475009024143219,0.10865972489118576,0.30345284640789033,0.24335074424743652,0,0
fx10,6,3,upper_right_leaf,95,650.29,674,10040.949554896142,9456.0,674,0.16183605790138245,0.14474108815193176,0.10536661185324192,0.3029425159096718,0.23809018731117249,0,0
fx10,6,3,upper_right_leaf,96,652.99,674,10087.3353115727,9488.0,674,0.16014306247234344,0.1420040726661682,0.1035932820290327,0.29860509932041174,0.23473067581653595,0,0
fx10,6,3,upper_right_leaf,97,655.69,674,9960.759643916914,9360.0,674,0.15846380591392517,0.14149075746536255,0.10371369495987892,0.29778164625167847,0.23460471630096436,0,0
fx10,6,3,upper_right_leaf,98,658.4,674,9702.718100890208,9088.0,674,0.1565728336572647,0.1384347528219223,0.10274299718439579,0.29732956290245066,0.23447158932685852,0,0
fx10,6,3,upper_right_leaf,99,661.1,674,9547.94065281899,8928.0,674,0.1539412885904312,0.13433891534805298,0.10138936787843704,0.2947975710034371,0.23244720697402954,0,0
fx10,6,3,upper_right_leaf,100,663.81,674,9577.543026706231,8912.0,674,0.15093736350536346,0.1320013701915741,0.09788785725831986,0.28994540721178064,0.22836652398109436,0,0
fx10,6,3,upper_right_leaf,101,666.52,674,9684.320474777449,9024.0,674,0.14802125096321106,0.12872496247291565,0.09627548605203629,0.2847642287611962,0.2216501235961914,0,0
fx10,6,3,upper_right_leaf,102,669.23,674,9837.982195845698,9120.0,674,0.1457301527261734,0.12664484977722168,0.09316472969949245,0.2808866649866104,0.21645468473434448,0,0
fx10,6,3,upper_right_leaf,103,671.94,674,9910.884272997033,9152.0,674,0.1441805064678192,0.12476527690887451,0.09278531447052955,0.2782487615942955,0.21312707662582397,0,0
fx10,6,3,upper_right_leaf,104,674.65,674,9858.421364985163,9120.0,674,0.143480584025383,0.12408073246479034,0.09247076399624347,0.27640260457992555,0.2127225399017334,0,0
fx10,6,3,upper_right_leaf,105,677.36,674,9797.175074183977,9096.0,674,0.1432892382144928,0.12391813844442368,0.09166328646242619,0.27620092183351524,0.2138257622718811,0,0
fx10,6,3,upper_right_leaf,106,680.07,674,9834.635014836795,9088.0,674,0.14346115291118622,0.12394575029611588,0.09254519008100033,0.2761447653174401,0.21208161115646362,0,0
fx10,6,3,upper_right_leaf,107,682.79,674,10098.967359050444,9360.0,674,0.14442665874958038,0.12515074014663696,0.09242090098559856,0.28158691972494126,0.2110166847705841,0,0
fx10,6,3,upper_right_leaf,108,685.5,674,10526.765578635015,9736.0,674,0.1475573629140854,0.1286432445049286,0.09464361257851124,0.28535459339618685,0.20983245968818665,0,0
fx10,6,3,upper_right_leaf,109,688.22,674,11023.287833827893,10296.0,674,0.15377984941005707,0.13612116873264313,0.0986263070255518,0.2895889461040498,0.21468272805213928,0,0
fx10,6,3,upper_right_leaf,110,690.93,674,11558.148367952523,10864.0,674,0.1642443835735321,0.1479198932647705,0.10653934292495251,0.2983654171228409,0.2237958312034607,0,0
fx10,6,3,upper_right_leaf,111,693.65,674,12123.109792284866,11488.0,674,0.18005548417568207,0.16501347720623016,0.11728145703673362,0.3176472827792169,0.2413560450077057,0,0
fx10,6,3,upper_right_leaf,112,696.37,674,12704.949554896142,12096.0,674,0.2007676064968109,0.18668155372142792,0.13139584586024283,0.336111405491829,0.2627139687538147,0,0
fx10,6,3,upper_right_leaf,113,699.09,674,13595.94065281899,13064.0,674,0.2265114188194275,0.21381106972694397,0.15020060390233994,0.351865091919899,0.28934764862060547,0,0
fx10,6,3,upper_right_leaf,114,701.81,674,14848.854599406528,14312.0,674,0.2544832229614258,0.24059510231018066,0.17069286555051805,0.3745132446289063,0.3135504126548767,0,0
fx10,6,3,upper_right_leaf,115,704.53,674,16550.55192878338,15968.0,674,0.2846277356147766,0.2712070941925049,0.192653139680624,0.41333167552947997,0.33837491273880005,0,0
fx10,6,3,upper_right_leaf,116,707.25,674,18466.6587537092,17736.0,674,0.3149774670600891,0.2983929514884949,0.21502071544528006,0.44705255925655374,0.36062049865722656,0,0
fx10,6,3,upper_right_leaf,117,709.97,674,20365.839762611275,19608.0,674,0.3447739779949188,0.32768911123275757,0.23456277400255204,0.47989215403795243,0.3851991891860962,0,0
fx10,6,3,upper_right_leaf,118,712.7,674,22106.445103857568,21208.0,674,0.37438446283340454,0.356387197971344,0.25470601618289945,0.516015350818634,0.4101172685623169,0,0
fx10,6,3,upper_right_leaf,119,715.42,674,23405.103857566766,22576.0,674,0.4030701816082001,0.38503608107566833,0.27566451132297515,0.5523397505283356,0.43640488386154175,0,0
fx10,6,3,upper_right_leaf,120,718.15,674,24612.581602373888,23768.0,674,0.43111032247543335,0.41309744119644165,0.2913538172841072,0.5920989573001861,0.4629288613796234,0,0
fx10,6,3,upper_right_leaf,121,720.87,674,25892.60534124629,25200.0,674,0.4585936665534973,0.4420071840286255,0.31117547303438187,0.6304169356822968,0.4895843267440796,0,0
fx10,6,3,upper_right_leaf,122,723.6,674,27365.60237388724,26592.0,674,0.4851924180984497,0.4706776738166809,0.32810409367084503,0.6665738582611085,0.5149236917495728,0,0
fx10,6,3,upper_right_leaf,123,726.33,674,29021.910979228487,28272.0,674,0.5088627338409424,0.4939778447151184,0.3387971743941307,0.7005200952291488,0.5350915193557739,0,0
fx10,6,3,upper_right_leaf,124,729.06,674,30644.53412462908,29904.0,674,0.5305951237678528,0.5175573825836182,0.35301516205072403,0.7309563457965851,0.5558110475540161,0,0
fx10,6,3,upper_right_leaf,125,731.79,674,32081.851632047477,31176.0,674,0.5495358109474182,0.5321173667907715,0.36483131945133207,0.7589619249105454,0.569091796875,0,0
fx10,6,3,upper_right_leaf,126,734.52,674,33115.56083086054,31968.0,674,0.5655028820037842,0.5440384149551392,0.3749803930521011,0.7787139862775805,0.5800524950027466,0,0
fx10,6,3,upper_right_leaf,127,737.25,674,33779.91691394659,32576.0,674,0.578351616859436,0.556504487991333,0.38380459845066073,0.7964346230030059,0.591414749622345,0,0
fx10,6,3,upper_right_leaf,128,739.98,674,34271.28783382789,33064.0,674,0.5888736248016357,0.566895604133606,0.38742513954639435,0.8117326647043228,0.6012065410614014,0,0
fx10,6,3,upper_right_leaf,129,742.72,674,34561.92284866469,33336.0,674,0.5975422263145447,0.5741711854934692,0.3940822795033455,0.8203401416540146,0.6081739068031311,0,0
fx10,6,3,upper_right_leaf,130,745.45,674,34894.43323442136,33656.0,674,0.6045891642570496,0.5796802043914795,0.39920847564935685,0.8294993191957474,0.613021969795227,0,0
fx10,6,3,upper_right_leaf,131,748.19,674,35060.32047477745,33736.0,674,0.6099615097045898,0.5847567319869995,0.4015216290950775,0.8361158192157746,0.6174633502960205,0,0
fx10,6,3,upper_right_leaf,132,750.93,674,35090.06528189911,33800.0,674,0.6141210794448853,0.5879995822906494,0.4062959417700768,0.8416673570871354,0.6209183931350708,0,0
fx10,6,3,upper_right_leaf,133,753.66,674,35091.086053412466,33800.0,674,0.6172858476638794,0.590229868888855,0.4064226046204567,0.8467726796865463,0.6230407953262329,0,0
fx10,6,3,upper_right_leaf,134,756.4,674,35138.492581602375,33800.0,674,0.6198439002037048,0.5917879343032837,0.40981445014476775,0.8503512978553772,0.6241108179092407,0,0
fx10,6,3,upper_right_leaf,135,759.14,674,35301.744807121664,33960.0,674,0.6206300258636475,0.594021201133728,0.40716239213943484,0.8529860973358154,0.6268585920333862,0,0
fx10,6,3,upper_right_leaf,136,761.88,674,35579.48961424332,34232.0,674,0.6215494275093079,0.5934017896652222,0.4066959396004677,0.85531487762928,0.6259117126464844,0,0
fx10,6,3,upper_right_leaf,137,764.62,674,35971.60830860534,34704.0,674,0.6236840486526489,0.597684383392334,0.40809266120195387,0.855681186914444,0.6298373937606812,0,0
fx10,6,3,upper_right_leaf,138,767.36,674,36243.60830860534,34896.0,674,0.6261563897132874,0.5989217758178711,0.4113145023584366,0.8593215703964233,0.630224347114563,0,0
fx10,6,3,upper_right_leaf,139,770.11,674,36185.61424332344,34816.0,674,0.6279941201210022,0.6006816029548645,0.4146788910031319,0.8598464906215668,0.6325601935386658,0,0
fx10,6,3,upper_right_leaf,140,772.85,674,35651.086053412466,34352.0,674,0.6284996271133423,0.6025579571723938,0.4135226234793663,0.8594143480062485,0.6341131925582886,0,0
fx10,6,3,upper_right_leaf,141,775.6,674,34971.46587537092,33680.0,674,0.628652811050415,0.6027231812477112,0.41304205507040026,0.8616456985473633,0.6346760988235474,0,0
fx10,6,3,upper_right_leaf,142,778.34,674,34239.857566765575,32944.0,674,0.6286830902099609,0.6024010181427002,0.4138378545641899,0.8615345120429994,0.6348989009857178,0,0
fx10,6,3,upper_right_leaf,143,781.09,674,33875.275964391694,32520.0,674,0.629075288772583,0.6012413501739502,0.41416865438222883,0.8610266149044037,0.6343849897384644,0,0
fx10,6,3,upper_right_leaf,144,783.84,674,33996.22551928784,32704.0,674,0.6295399069786072,0.6012030839920044,0.41335833072662354,0.86266910135746,0.6352125406265259,0,0
fx10,6,3,upper_right_leaf,145,786.58,674,34580.62908011869,33288.0,674,0.6304314732551575,0.603406548500061,0.415404038131237,0.8617922127246858,0.6361473798751831,0,0
fx10,6,3,upper_right_leaf,146,789.33,674,35341.032640949554,34064.0,674,0.6317004561424255,0.6046440005302429,0.4151798889040947,0.8623966932296753,0.6364381313323975,0,0
fx10,6,3,upper_right_leaf,147,792.08,674,35961.946587537095,34688.0,674,0.6328532695770264,0.6068319082260132,0.4170373991131783,0.8647101789712907,0.6383609771728516,0,0
fx10,6,3,upper_right_leaf,148,794.84,674,36189.53115727003,34952.0,674,0.63380366563797,0.6078945398330688,0.41835170090198515,0.8674238234758378,0.6388718485832214,0,0
fx10,6,3,upper_right_leaf,149,797.59,674,35846.95548961424,34624.0,674,0.6340885162353516,0.6080554127693176,0.4173197880387306,0.8661071181297303,0.6392816305160522,0,0
fx10,6,3,upper_right_leaf,150,800.34,674,34910.02967359051,33616.0,674,0.633932888507843,0.606924295425415,0.42090789675712587,0.8661872208118438,0.6394168138504028,0,0
fx10,6,3,upper_right_leaf,151,803.1,674,33657.13946587537,32456.0,674,0.6332457065582275,0.607093334197998,0.4197904244065285,0.8665036022663117,0.6406386494636536,0,0
fx10,6,3,upper_right_leaf,152,805.85,674,32399.3353115727,31256.0,674,0.6325134634971619,0.6056784391403198,0.419630366563797,0.8645240664482118,0.6405985355377197,0,0
fx10,6,3,upper_right_leaf,153,808.61,674,31575.715133531157,30504.0,674,0.6319841742515564,0.6074914932250977,0.4162217229604721,0.8635594964027405,0.6435986757278442,0,0
fx10,6,3,upper_right_leaf,154,811.36,674,31234.421364985163,30168.0,674,0.6320182085037231,0.6070817112922668,0.4153107315301895,0.8656308203935623,0.6432594060897827,0,0
fx10,6,3,upper_right_leaf,155,814.12,674,31412.367952522254,30272.0,674,0.6319862008094788,0.605134129524231,0.4169172942638397,0.8652823120355606,0.641119122505188,0,0
fx10,6,3,upper_right_leaf,156,816.88,674,31949.032640949554,30776.0,674,0.6328058242797852,0.6056960821151733,0.41703429967164996,0.8660073399543763,0.6415491700172424,0,0
fx10,6,3,upper_right_leaf,157,819.64,674,32653.578635014837,31520.0,674,0.6338631510734558,0.6075007915496826,0.41885663121938704,0.8646590709686279,0.6417418718338013,0,0
fx10,6,3,upper_right_leaf,158,822.4,674,33176.28486646884,32016.0,674,0.6348299980163574,0.6081848740577698,0.4213829845190048,0.8682391494512558,0.6422351598739624,0,0
fx10,6,3,upper_right_leaf,159,825.16,674,33420.93768545994,32232.0,674,0.6353462338447571,0.6091683506965637,0.41975351721048354,0.868070313334465,0.642680287361145,0,0
fx10,6,3,upper_right_leaf,160,827.92,674,33232.30860534125,32024.0,674,0.6356584429740906,0.6090235710144043,0.4211976647377014,0.8666991114616395,0.6430503726005554,0,0
fx10,6,3,upper_right_leaf,161,830.69,674,32733.67359050445,31576.0,674,0.63533616065979,0.6078277826309204,0.42205119132995605,0.8669171124696732,0.6422064900398254,0,0
fx10,6,3,upper_right_leaf,162,833.45,674,32020.581602373888,30952.0,674,0.6349141597747803,0.608894944190979,0.421717543900013,0.8674480199813843,0.6449408531188965,0,0
fx10,6,3,upper_right_leaf,163,836.22,674,31339.442136498517,30208.0,674,0.6347730755805969,0.6083768606185913,0.4213493764400482,0.8656007200479507,0.644440233707428,0,0
fx10,6,3,upper_right_leaf,164,838.98,674,30917.3412462908,29856.0,674,0.6348927021026611,0.6083393692970276,0.41891479343175886,0.8666400611400604,0.6449272632598877,0,0
fx10,6,3,upper_right_leaf,165,841.75,674,30777.06824925816,29704.0,674,0.6348915100097656,0.6082286834716797,0.4204926028847694,0.8683745086193085,0.6448026895523071,0,0
fx10,6,3,upper_right_leaf,166,844.52,674,30948.74777448071,29880.0,674,0.6351255774497986,0.6098718047142029,0.42015757262706754,0.8681764066219331,0.646373987197876,0,0
fx10,6,3,upper_right_leaf,167,847.29,674,31308.20178041543,30192.0,674,0.6358389854431152,0.6089701652526855,0.42164008021354676,0.8698704034090042,0.6451539397239685,0,0
fx10,6,3,upper_right_leaf,168,850.06,674,31734.836795252224,30608.0,674,0.6364955902099609,0.6097530126571655,0.41990653723478316,0.8713212847709656,0.6453191041946411,0,0
fx10,6,3,upper_right_leaf,169,852.83,674,32060.510385756676,30928.0,674,0.6371570229530334,0.6113921403884888,0.42315244674682617,0.8710229098796844,0.6470547914505005,0,0
fx10,6,3,upper_right_leaf,170,855.6,674,32224.973293768548,31120.0,674,0.6378353834152222,0.6104722023010254,0.42222427427768705,0.8692543536424637,0.6456310153007507,0,0
fx10,6,3,upper_right_leaf,171,858.37,674,32226.61127596439,31032.0,674,0.6383019685745239,0.609580397605896,0.4239514321088791,0.8712430864572527,0.6443879008293152,0,0
fx10,6,3,upper_right_leaf,172,861.14,674,31954.58753709199,30824.0,674,0.6382847428321838,0.6109688878059387,0.4253296166658401,0.8702576041221619,0.6463882327079773,0,0
fx10,6,3,upper_right_leaf,173,863.92,674,31507.418397626112,30352.0,674,0.6382573843002319,0.610029935836792,0.42370975762605667,0.8691816389560699,0.6463000774383545,0,0
fx10,6,3,upper_right_leaf,174,866.69,674,30876.439169139467,29856.0,674,0.6373109817504883,0.6106473207473755,0.4247785747051239,0.8699180781841278,0.6482973098754883,0,0
fx10,6,3,upper_right_leaf,175,869.47,674,30227.489614243324,29224.0,674,0.637185275554657,0.6121248006820679,0.4236220419406891,0.8689550548791886,0.649218738079071,0,0
fx10,6,3,upper_right_leaf,176,872.25,674,29608.379821958457,28600.0,674,0.6369425058364868,0.6108254194259644,0.4221740022301674,0.8701416939496994,0.6492210626602173,0,0
fx10,6,3,upper_right_leaf,177,875.03,674,29099.06231454006,28072.0,674,0.6369073987007141,0.6089539527893066,0.4236684113740921,0.8716013073921204,0.6481789350509644,0,0
fx10,6,3,upper_right_leaf,178,877.8,674,28690.824925816025,27736.0,674,0.636936604976654,0.6098476648330688,0.4217927098274231,0.8706142336130143,0.6496158838272095,0,0
fx10,6,3,upper_right_leaf,179,880.58,674,28431.264094955488,27480.0,674,0.636894702911377,0.6096866130828857,0.4200764909386635,0.8694426745176316,0.6501466035842896,0,0
fx10,6,3,upper_right_leaf,180,883.37,674,28250.089020771513,27272.0,674,0.6370787620544434,0.6092709302902222,0.42267603874206544,0.8702704608440399,0.6496617197990417,0,0
fx10,6,3,upper_right_leaf,181,886.15,674,28167.264094955488,27112.0,674,0.6372838616371155,0.6086392998695374,0.4215568214654922,0.8702091902494431,0.649928092956543,0,0
fx10,6,3,upper_right_leaf,182,888.93,674,28131.46587537092,27168.0,674,0.6375706195831299,0.6105232238769531,0.42453629076480864,0.8688887357711792,0.6506655216217041,0,0
fx10,6,3,upper_right_leaf,183,891.71,674,28051.442136498517,27048.0,674,0.6378589868545532,0.6099322438240051,0.4240498885512352,0.8712152540683746,0.6505173444747925,0,0
fx10,6,3,upper_right_leaf,184,894.5,674,27895.359050445102,26952.0,674,0.6377806067466736,0.610376238822937,0.4201663449406624,0.8706422597169876,0.6519825458526611,0,0
fx10,6,3,upper_right_leaf,185,897.28,674,27624.45103857567,26696.0,674,0.6378480195999146,0.6121557950973511,0.42320574522018434,0.869997388124466,0.6531091928482056,0,0
fx10,6,3,upper_right_leaf,186,900.07,674,27216.52225519288,26272.0,674,0.6379259824752808,0.6118619441986084,0.4214133694767952,0.8705860525369645,0.6535048484802246,0,0
fx10,6,3,upper_right_leaf,187,902.86,674,26705.61424332344,25792.0,674,0.6377551555633545,0.6102314591407776,0.4230570301413536,0.8682020038366318,0.6529374122619629,0,0
fx10,6,3,upper_right_leaf,188,905.64,674,26044.178041543026,25192.0,674,0.6372295618057251,0.6097155809402466,0.4227579072117805,0.8679427772760392,0.6541731357574463,0,0
fx10,6,3,upper_right_leaf,189,908.43,674,25299.25222551929,24440.0,674,0.6362470388412476,0.6096204519271851,0.42010588496923446,0.8662556409835815,0.6550619602203369,0,0
fx10,6,3,upper_right_leaf,190,911.22,674,24605.72106824926,23760.0,674,0.6353329420089722,0.6087297797203064,0.4231398478150368,0.8659319341182709,0.6558565497398376,0,0
fx10,6,3,upper_right_leaf,191,914.02,674,23982.40949554896,23152.0,674,0.6345477104187012,0.6082461476325989,0.4208923324942589,0.8635867416858674,0.6566692590713501,0,0
fx10,6,3,upper_right_leaf,192,916.81,674,23483.53709198813,22672.0,674,0.6342464685440063,0.6068013906478882,0.4221096083521843,0.8659770548343658,0.6559189558029175,0,0
fx10,6,3,upper_right_leaf,193,919.6,674,23169.851632047477,22384.0,674,0.6338534355163574,0.6070519685745239,0.4190854668617248,0.8653890073299408,0.6564037203788757,0,0
fx10,6,3,upper_right_leaf,194,922.39,674,23017.61424332344,22200.0,674,0.6335285305976868,0.6052759289741516,0.42118844836950303,0.8617620319128036,0.6560207605361938,0,0
fx10,6,3,upper_right_leaf,195,925.19,674,22937.66172106825,22120.0,674,0.6324256062507629,0.6039754152297974,0.42031335532665254,0.8619582772254945,0.6545835733413696,0,0
fx10,6,3,upper_right_leaf,196,927.98,674,22882.183976261127,22112.0,674,0.6317704916000366,0.6040002107620239,0.4182536706328392,0.8609260112047196,0.6548885107040405,0,0
fx10,6,3,upper_right_leaf,197,930.78,674,22763.679525222553,21928.0,674,0.6306940317153931,0.6041802763938904,0.42039072066545485,0.8606987476348877,0.6543934345245361,0,0
fx10,6,3,upper_right_leaf,198,933.58,674,22530.32640949555,21736.0,674,0.6297581791877747,0.6009200811386108,0.41458114981651306,0.8584432125091553,0.6531497240066528,0,0
fx10,6,3,upper_right_leaf,199,936.38,674,22196.890207715132,21448.0,674,0.6284347176551819,0.602324366569519,0.4148585185408592,0.8586698323488237,0.6552516222000122,0,0
fx10,6,3,upper_right_leaf,200,939.18,674,21733.839762611275,20968.0,674,0.6270750164985657,0.6005151867866516,0.4169460505247116,0.8544758915901184,0.6545079350471497,0,0
fx10,6,3,upper_right_leaf,201,941.98,674,21057.234421364985,20336.0,674,0.6259680390357971,0.5983731746673584,0.4159658759832382,0.8526126205921174,0.655013382434845,0,0
fx10,6,3,upper_right_leaf,202,944.78,674,20232.14243323442,19552.0,674,0.6233205795288086,0.5954912900924683,0.41441119462251663,0.8483525216579437,0.6546095013618469,0,0
fx10,6,3,upper_right_leaf,203,947.58,674,19296.356083086055,18656.0,674,0.6206440925598145,0.5924697518348694,0.4119225651025772,0.8449767917394638,0.6539163589477539,0,0
fx10,6,3,upper_right_leaf,204,950.38,674,18391.976261127595,17760.0,674,0.6176953315734863,0.5896227359771729,0.4093954056501388,0.8404440850019456,0.6549952030181885,0,0
fx10,6,3,upper_right_leaf,205,953.19,674,17514.39762611276,16960.0,674,0.61417555809021,0.5879538059234619,0.40895714312791825,0.8369459360837936,0.6574898958206177,0,0
fx10,6,3,upper_right_leaf,206,955.99,674,16791.311572700295,16232.0,674,0.61015385389328,0.5838417410850525,0.40415480732917786,0.8303042978048325,0.6560078263282776,0,0
fx10,6,3,upper_right_leaf,207,958.8,674,16207.59643916914,15648.0,674,0.6074508428573608,0.5801031589508057,0.4003233939409256,0.8283573657274247,0.6562881469726562,0,0
fx10,6,3,upper_right_leaf,208,961.6,674,15743.905044510386,15280.0,674,0.6055554151535034,0.5787250995635986,0.4013090878725052,0.8238305062055588,0.6570347547531128,0,0
fx10,6,3,upper_right_leaf,209,964.41,674,15441.780415430267,14960.0,674,0.6043592691421509,0.5763511061668396,0.3999546840786934,0.8246557116508484,0.6592915058135986,0,0
fx10,6,3,upper_right_leaf,210,967.22,674,15157.05637982196,14720.0,674,0.6036117672920227,0.5785248279571533,0.3978186547756195,0.8194280177354812,0.6596740484237671,0,0
fx10,6,3,upper_right_leaf,211,970.03,674,14950.6706231454,14520.0,674,0.6036134958267212,0.5778179168701172,0.40214282274246216,0.8207150876522065,0.6608666181564331,0,0
fx10,6,3,upper_right_leaf,212,972.84,674,14739.53709198813,14288.0,674,0.6035852432250977,0.5765472054481506,0.4018134132027626,0.8230976164340973,0.6619613766670227,0,0
fx10,6,3,upper_right_leaf,213,975.65,674,14498.445103857566,14048.0,674,0.6035691499710083,0.5757720470428467,0.3999593839049339,0.8209583580493927,0.6626277565956116,0,0
fx10,6,3,upper_right_leaf,214,978.46,674,14212.890207715134,13768.0,674,0.603962242603302,0.5771783590316772,0.4032283678650856,0.8199907839298248,0.6652483940124512,0,0
fx10,6,3,upper_right_leaf,215,981.27,674,13900.13056379822,13512.0,674,0.6043323278427124,0.5787763595581055,0.3978525549173355,0.8199434965848923,0.6694350242614746,0,0
fx10,6,3,upper_right_leaf,216,984.09,674,13517.008902077152,13160.0,674,0.6052138209342957,0.5795494318008423,0.4006376266479492,0.8224646866321564,0.673250138759613,0,0
fx10,6,3,upper_right_leaf,217,986.9,674,13051.157270029673,12696.0,674,0.6056848168373108,0.5801607370376587,0.4056494146585464,0.8216764003038407,0.6775836944580078,0,0
fx10,6,3,upper_right_leaf,218,989.72,674,12622.59940652819,12280.0,674,0.6060889959335327,0.5786731243133545,0.40876383781433107,0.8201051026582719,0.681001603603363,0,0
fx10,6,3,upper_right_leaf,219,992.54,674,12165.080118694363,11872.0,674,0.6076270341873169,0.5836951732635498,0.40794934928417204,0.821064892411232,0.6880959272384644,0,0
fx10,6,3,upper_right_leaf,220,995.35,674,11733.412462908012,11496.0,674,0.6091852188110352,0.5832290649414062,0.4108316570520401,0.8239792197942734,0.6940717697143555,0,0
fx10,6,3,upper_right_leaf,221,998.17,674,11355.228486646884,11088.0,674,0.6103973388671875,0.5847867727279663,0.4100416019558907,0.8243638813495636,0.6986371278762817,0,0
fx10,6,3,upper_right_leaf,222,1000.99,674,11016.925816023739,10744.0,674,0.6115772128105164,0.583455502986908,0.4130952313542366,0.8230808228254318,0.7024060487747192,0,0
fx10,6,3,upper_right_leaf,223,1003.81,674,10984.80712166172,10672.0,674,0.6119706034660339,0.5823491215705872,0.41170551627874374,0.8253223836421967,0.7019928693771362,0,0
fx10,7,3,lower_right_leaf,0,397.66,621,4878.479871175523,4864.0,621,0.519563615322113,0.5161290168762207,0.37288135290145874,0.6774193644523621,0.9098837375640869,0,1
fx10,7,3,lower_right_leaf,1,400.28,621,4870.95652173913,4864.0,621,0.5136944055557251,0.5076923370361328,0.3968254029750824,0.6307692527770996,0.9057750701904297,0,0
fx10,7,3,lower_right_leaf,2,402.9,621,4878.608695652174,4864.0,621,0.504661500453949,0.5070422291755676,0.4057970941066742,0.6176470518112183,0.8999999761581421,0,0
fx10,7,3,lower_right_leaf,3,405.52,621,4894.685990338165,4896.0,621,0.4865556061267853,0.4794520437717438,0.4000000059604645,0.5833333134651184,0.8921282887458801,0,0
fx10,7,3,lower_right_leaf,4,408.13,621,4903.291465378422,4896.0,621,0.47183430194854736,0.46666666865348816,0.3866666555404663,0.5657894611358643,0.8854314088821411,0,0
fx10,7,3,lower_right_leaf,5,410.75,621,4924.650563607085,4912.0,621,0.4610295295715332,0.4556961953639984,0.37662336230278015,0.5569620132446289,0.8786126971244812,0,0
fx10,7,3,lower_right_leaf,6,413.37,621,4945.339774557166,4928.0,621,0.45181018114089966,0.4457831382751465,0.37804877758026123,0.5476190447807312,0.8721590638160706,0,0
fx10,7,3,lower_right_leaf,7,416.0,621,4939.903381642512,4944.0,621,0.44515755772590637,0.4404761791229248,0.3720930218696594,0.5232558250427246,0.8668555021286011,0,0
fx10,7,3,lower_right_leaf,8,418.62,621,4959.201288244766,4960.0,621,0.43646731972694397,0.43023255467414856,0.36781609058380127,0.517241358757019,0.8603351712226868,0,0
fx10,7,3,lower_right_leaf,9,421.24,621,4998.95652173913,4992.0,621,0.42971909046173096,0.42391303181648254,0.3636363744735718,0.52173912525177,0.8539944887161255,0,0
fx10,7,3,lower_right_leaf,10,423.86,621,4990.917874396136,4976.0,621,0.42264536023139954,0.4193548262119293,0.35789474844932556,0.5052631497383118,0.8501362204551697,0,0
fx10,7,3,lower_right_leaf,11,426.49,621,5022.557165861514,5008.0,621,0.4122600555419922,0.40594059228897095,0.3499999940395355,0.5,0.8413978219032288,0,0
fx10,7,3,lower_right_leaf,12,429.12,621,5021.037037037037,5008.0,621,0.4031828045845032,0.3962264060974121,0.3365384638309479,0.4909090995788574,0.8315789699554443,0,0
fx10,7,3,lower_right_leaf,13,431.74,621,5046.157809983897,5024.0,621,0.39509013295173645,0.3888888955116272,0.3243243098258972,0.4862385392189026,0.8252299427986145,0,0
fx10,7,3,lower_right_leaf,14,434.37,621,5096.553945249598,5088.0,621,0.38280388712882996,0.373913049697876,0.31355932354927063,0.47457626461982727,0.8137755393981934,0,0
fx10,7,3,lower_right_leaf,15,437.0,621,5095.059581320451,5088.0,621,0.36867550015449524,0.3606557250022888,0.3046875,0.4609375,0.797468364238739,0,0
fx10,7,3,lower_right_leaf,16,439.63,621,5129.533011272141,5104.0,621,0.3601522445678711,0.3507462739944458,0.30075186491012573,0.4444444477558136,0.7862407565116882,0,0
fx10,7,3,lower_right_leaf,17,442.26,621,5162.177133655395,5136.0,621,0.34751221537590027,0.3401360511779785,0.2857142984867096,0.43624159693717957,0.7712895274162292,0,0
fx10,7,3,lower_right_leaf,18,444.89,621,5186.988727858293,5168.0,621,0.33778315782546997,0.32679739594459534,0.2810457646846771,0.43870967626571655,0.7553443908691406,0,0
fx10,7,3,lower_right_leaf,19,447.52,621,5243.877616747182,5216.0,621,0.33050164580345154,0.3187499940395355,0.2732919156551361,0.42352941632270813,0.7465437650680542,0,0
fx10,7,3,lower_right_leaf,20,450.16,621,5242.305958132045,5216.0,621,0.32157576084136963,0.3117647171020508,0.2616279125213623,0.41860464215278625,0.7324262857437134,0,0
fx10,7,3,lower_right_leaf,21,452.79,621,5255.162640901772,5232.0,621,0.3181402087211609,0.3068181872367859,0.2598870098590851,0.4157303273677826,0.7260869741439819,0,0
fx10,7,3,lower_right_leaf,22,455.43,621,5282.112721417069,5264.0,621,0.31349730491638184,0.30434781312942505,0.25344353914260864,0.41304346919059753,0.72052401304245,0,0
fx10,7,3,lower_right_leaf,23,458.06,621,5284.070853462158,5264.0,621,0.3087419867515564,0.2953367829322815,0.24870465695858002,0.409326434135437,0.7105831503868103,0,0
fx10,7,3,lower_right_leaf,24,460.7,621,5287.3687600644125,5264.0,621,0.30818599462509155,0.2978723347187042,0.2513369023799896,0.40740740299224854,0.7124183177947998,0,0
fx10,7,3,lower_right_leaf,25,463.34,621,5284.019323671498,5248.0,621,0.3035621643066406,0.29230770468711853,0.2448979616165161,0.41025641560554504,0.7043478488922119,0,0
fx10,7,3,lower_right_leaf,26,465.98,621,5344.103059581321,5296.0,621,0.297092080116272,0.2836538553237915,0.24285714328289032,0.4009324014186859,0.6910229921340942,0,0
fx10,7,3,lower_right_leaf,27,468.62,621,5374.685990338165,5344.0,621,0.2942008674144745,0.2830188572406769,0.2415459007024765,0.39523810148239136,0.6893004179000854,0,0
fx10,7,3,lower_right_leaf,28,471.26,621,5357.294685990338,5312.0,621,0.28992560505867004,0.27751195430755615,0.23720930516719818,0.3918918967247009,0.6830266118049622,0,0
fx10,7,3,lower_right_leaf,29,473.9,621,5395.555555555556,5360.0,621,0.2793600857257843,0.2669491469860077,0.22317597270011902,0.3827160596847534,0.6626746654510498,0,0
fx10,7,3,lower_right_leaf,30,476.54,621,5443.400966183575,5408.0,621,0.2738722562789917,0.2610441744327545,0.2185567021369934,0.3745020031929016,0.6486486196517944,0,0
fx10,7,3,lower_right_leaf,31,479.18,621,5491.632850241546,5408.0,621,0.2707921266555786,0.2589641511440277,0.21875,0.373795747756958,0.6420454382896423,0,0
fx10,7,3,lower_right_leaf,32,481.83,621,5515.33655394525,5472.0,621,0.26321810483932495,0.25,0.21299639344215393,0.3672727346420288,0.6231883764266968,0,0
fx10,7,3,lower_right_leaf,33,484.47,621,5601.030595813205,5536.0,621,0.25521382689476013,0.24161073565483093,0.20701168477535248,0.35973596572875977,0.6017241477966309,0,0
fx10,7,3,lower_right_leaf,34,487.12,621,5617.365539452496,5552.0,621,0.25222644209861755,0.23824451863765717,0.20382165908813477,0.3571428656578064,0.5906040072441101,0,0
fx10,7,3,lower_right_leaf,35,489.77,621,5681.958132045089,5632.0,621,0.24808943271636963,0.23439878225326538,0.1981707364320755,0.35347431898117065,0.5803195834159851,0,0
fx10,7,3,lower_right_leaf,36,492.42,621,5734.595813204509,5664.0,621,0.24290041625499725,0.22865013778209686,0.1931818127632141,0.34530386328697205,0.5601266026496887,0,0
fx10,7,3,lower_right_leaf,37,495.07,621,5821.371980676328,5744.0,621,0.2399582862854004,0.2260638326406479,0.19261214137077332,0.3427110016345978,0.5501520037651062,0,0
fx10,7,3,lower_right_leaf,38,497.72,621,5862.028985507246,5776.0,621,0.23834511637687683,0.22531644999980927,0.19181585311889648,0.34328359365463257,0.5424242615699768,0,0
fx10,7,3,lower_right_leaf,39,500.37,621,5906.911433172303,5824.0,621,0.23674938082695007,0.22358722984790802,0.1875,0.34007135033607483,0.530259370803833,0,0
fx10,7,3,lower_right_leaf,40,503.02,621,5971.529790660225,5888.0,621,0.2367153763771057,0.22248244285583496,0.1876484602689743,0.33640551567077637,0.5266955494880676,0,0
fx10,7,3,lower_right_leaf,41,505.67,621,5969.932367149759,5888.0,621,0.23822559416294098,0.2240963876247406,0.18899521231651306,0.33723652362823486,0.5257879495620728,0,0
fx10,7,3,lower_right_leaf,42,508.32,621,6058.795491143317,5968.0,621,0.23880766332149506,0.22587719559669495,0.19230769574642181,0.34061136841773987,0.5205091834068298,0,0
fx10,7,3,lower_right_leaf,43,510.98,621,6151.4718196457325,6048.0,621,0.23950831592082977,0.22573839128017426,0.19139784574508667,0.3418259024620056,0.5102599263191223,0,0
fx10,7,3,lower_right_leaf,44,513.63,621,6192.541062801933,6096.0,621,0.24346181750297546,0.2306034415960312,0.19616204500198364,0.34303534030914307,0.5121293663978577,0,0
fx10,7,3,lower_right_leaf,45,516.29,621,6216.888888888889,6128.0,621,0.2489464282989502,0.23553718626499176,0.20042644441127777,0.3460721969604492,0.5161725282669067,0,0
fx10,7,3,lower_right_leaf,46,518.95,621,6320.541062801933,6208.0,621,0.252302885055542,0.23917526006698608,0.20366598665714264,0.3480885326862335,0.5090909004211426,0,0
fx10,7,3,lower_right_leaf,47,521.61,621,6540.315619967794,6432.0,621,0.2571806311607361,0.24624060094356537,0.20749279856681824,0.353497177362442,0.5022026300430298,0,0
fx10,7,3,lower_right_leaf,48,524.27,621,6623.97423510467,6528.0,621,0.26341933012008667,0.25139665603637695,0.21268656849861145,0.35753175616264343,0.5024449825286865,0,0
fx10,7,3,lower_right_leaf,49,526.93,621,6694.2093397745575,6592.0,621,0.2703658938407898,0.25878003239631653,0.21828357875347137,0.36181819438934326,0.5067484378814697,0,0
fx10,7,3,lower_right_leaf,50,529.59,621,6915.297906602254,6800.0,621,0.2730386257171631,0.26198631525039673,0.22240802645683289,0.36378738284111023,0.4962492883205414,0,0
fx10,7,3,lower_right_leaf,51,532.25,621,7242.589371980676,7120.0,621,0.2747851014137268,0.2621951103210449,0.22139672935009003,0.36087945103645325,0.48030221462249756,0,0
fx10,7,3,lower_right_leaf,52,534.91,621,7447.858293075685,7312.0,621,0.2765198349952698,0.26338639855384827,0.22270742058753967,0.36389684677124023,0.4706488251686096,0,0
fx10,7,3,lower_right_leaf,53,537.57,621,7495.729468599034,7344.0,621,0.278057336807251,0.26601672172546387,0.2244318127632141,0.36685553193092346,0.46858909726142883,0,0
fx10,7,3,lower_right_leaf,54,540.24,621,7623.033816425121,7504.0,621,0.2786916196346283,0.26703372597694397,0.22529371082782745,0.3642384111881256,0.464445561170578,0,0
fx10,7,3,lower_right_leaf,55,542.91,621,7879.1368760064415,7760.0,621,0.2781706154346466,0.26674938201904297,0.22433459758758545,0.36591479182243347,0.4526219069957733,0,0
fx10,7,3,lower_right_leaf,56,545.57,621,8109.140096618357,7968.0,621,0.27736204862594604,0.26588234305381775,0.22340425848960876,0.36599764227867126,0.4454422891139984,0,0
fx10,7,3,lower_right_leaf,57,548.24,621,8171.723027375201,8032.0,621,0.27742841839790344,0.2658959627151489,0.22170087695121765,0.3645833432674408,0.44109830260276794,0,0
fx10,7,3,lower_right_leaf,58,550.91,621,8279.368760064412,8144.0,621,0.2771665155887604,0.2663707137107849,0.22283205389976501,0.36139169335365295,0.4373897612094879,0,0
fx10,7,3,lower_right_leaf,59,553.58,621,8507.207729468599,8336.0,621,0.27580535411834717,0.26401257514953613,0.22103577852249146,0.36181434988975525,0.42927631735801697,0,0
fx10,7,3,lower_right_leaf,60,556.25,621,8702.531400966183,8544.0,621,0.2736663818359375,0.2634791433811188,0.2181447446346283,0.3601190447807312,0.4215531051158905,0,0
fx10,7,3,lower_right_leaf,61,558.92,621,8712.94041867955,8544.0,621,0.2712740898132324,0.2608267664909363,0.2178318202495575,0.35862070322036743,0.4171924293041229,0,0
fx10,7,3,lower_right_leaf,62,561.59,621,8719.92270531401,8528.0,621,0.26753464341163635,0.2564356327056885,0.21400395035743713,0.35334646701812744,0.41299304366111755,0,0
fx10,7,3,lower_right_leaf,63,564.26,621,8788.43156199678,8608.0,621,0.2628961205482483,0.25120308995246887,0.20956937968730927,0.3468634784221649,0.40566742420196533,0,0
fx10,7,3,lower_right_leaf,64,566.94,621,8813.96457326892,8624.0,621,0.2575826942920685,0.24630996584892273,0.20544089376926422,0.3420341908931732,0.3980938494205475,0,0
fx10,7,3,lower_right_leaf,65,569.61,621,8723.581320450885,8528.0,621,0.2521158754825592,0.24056604504585266,0.20093896985054016,0.34088850021362305,0.3928571343421936,0,0
fx10,7,3,lower_right_leaf,66,572.29,621,8631.368760064412,8464.0,621,0.2463812381029129,0.2343096286058426,0.19678334891796112,0.33693695068359375,0.38963964581489563,0,0
fx10,7,3,lower_right_leaf,67,574.96,621,8628.508856682769,8432.0,621,0.24047014117240906,0.22922374308109283,0.19090908765792847,0.3318815231323242,0.3816849887371063,0,0
fx10,7,3,lower_right_leaf,68,577.64,621,8732.908212560387,8512.0,621,0.2356013059616089,0.2246313989162445,0.18782608211040497,0.3264957368373871,0.37037035822868347,0,0
fx10,7,3,lower_right_leaf,69,580.32,621,8761.842190016103,8528.0,621,0.23137612640857697,0.22005097568035126,0.18389829993247986,0.32317328453063965,0.3653714954853058,0,0
fx10,7,3,lower_right_leaf,70,583.0,621,8587.56843800322,8368.0,621,0.22854068875312805,0.2170138955116272,0.17993079125881195,0.3198970854282379,0.3649737238883972,0,0
fx10,7,3,lower_right_leaf,71,585.68,621,8447.819645732689,8224.0,621,0.22542406618595123,0.2141270488500595,0.178507998585701,0.3159722089767456,0.3668091297149658,0,0
fx10,7,3,lower_right_leaf,72,588.36,621,8513.339774557166,8288.0,621,0.22203189134597778,0.21007685363292694,0.17530225217342377,0.31362682580947876,0.359806627035141,0,0
fx10,7,3,lower_right_leaf,73,591.04,621,8784.386473429951,8544.0,621,0.21928466856479645,0.20756234228610992,0.17309269309043884,0.31063321232795715,0.349114328622818,0,0
fx10,7,3,lower_right_leaf,74,593.73,621,8967.265700483093,8704.0,621,0.21701376140117645,0.20475460588932037,0.17119155824184418,0.3085026443004608,0.3397294878959656,0,0
fx10,7,3,lower_right_leaf,75,596.41,621,8958.119162640902,8672.0,621,0.21548186242580414,0.20308387279510498,0.1692766547203064,0.3077496290206909,0.3366459608078003,0,0
fx10,7,3,lower_right_leaf,76,599.1,621,8896.592592592593,8640.0,621,0.21429957449436188,0.201609805226326,0.16818873584270477,0.30700448155403137,0.3381339907646179,0,0
fx10,7,3,lower_right_leaf,77,601.78,621,8958.299516908213,8672.0,621,0.21236954629421234,0.19919148087501526,0.16728349030017853,0.30582165718078613,0.33270910382270813,0,0
fx10,7,3,lower_right_leaf,78,604.47,621,9229.062801932367,8896.0,621,0.21027497947216034,0.1977793127298355,0.16431593894958496,0.3046174943447113,0.3248670995235443,0,0
fx10,7,3,lower_right_leaf,79,607.16,621,9537.777777777777,9216.0,621,0.20759382843971252,0.1947469562292099,0.16160310804843903,0.30263158679008484,0.3162740170955658,0,0
fx10,7,3,lower_right_leaf,80,609.85,621,9631.407407407407,9312.0,621,0.2046855241060257,0.1909547746181488,0.1598258763551712,0.30049261450767517,0.30963921546936035,0,0
fx10,7,3,lower_right_leaf,81,612.53,621,9545.945249597424,9184.0,621,0.20204384624958038,0.18801261484622955,0.1574999988079071,0.3014206290245056,0.30620986223220825,0,0
fx10,7,3,lower_right_leaf,82,615.23,621,9431.780998389693,9056.0,621,0.1993543803691864,0.18546365201473236,0.1547619104385376,0.29778051376342773,0.30283913016319275,0,0
fx10,7,3,lower_right_leaf,83,617.92,621,9564.908212560387,9200.0,621,0.19659973680973053,0.18278931081295013,0.15285126864910126,0.29792284965515137,0.29819121956825256,0,0
fx10,7,3,lower_right_leaf,84,620.61,621,9810.42190016103,9392.0,621,0.194022074341774,0.1794944554567337,0.14975041151046753,0.29583096504211426,0.2892988920211792,0,0
fx10,7,3,lower_right_leaf,85,623.3,621,10032.10305958132,9584.0,621,0.19198060035705566,0.17748917639255524,0.1476655751466751,0.2954484820365906,0.2829291522502899,0,0
fx10,7,3,lower_right_leaf,86,626.0,621,10122.383252818036,9680.0,621,0.19092561304569244,0.17653390765190125,0.146419957280159,0.29414811730384827,0.2803952991962433,0,0
fx10,7,3,lower_right_leaf,87,628.69,621,10133.539452495974,9664.0,621,0.19036442041397095,0.17560462653636932,0.14609438180923462,0.2936215102672577,0.2785451114177704,0,0
fx10,7,3,lower_right_leaf,88,631.39,621,10177.056360708535,9696.0,621,0.1896236538887024,0.1738453507423401,0.14556962251663208,0.2946772873401642,0.2769300937652588,0,0
fx10,7,3,lower_right_leaf,89,634.08,621,10278.209339774558,9760.0,621,0.18819895386695862,0.17277750372886658,0.14410704374313354,0.29385530948638916,0.2729705572128296,0,0
fx10,7,3,lower_right_leaf,90,636.78,621,10358.080515297906,9856.0,621,0.18620754778385162,0.1705387979745865,0.14300000667572021,0.2935420870780945,0.2690366506576538,0,0
fx10,7,3,lower_right_leaf,91,639.48,621,10334.144927536232,9808.0,621,0.1831771731376648,0.16784927248954773,0.1399902105331421,0.2911180257797241,0.26528409123420715,0,0
fx10,7,3,lower_right_leaf,92,642.18,621,10264.399355877616,9744.0,621,0.1798037737607956,0.16404548287391663,0.13654224574565887,0.2857142984867096,0.26127859950065613,0,0
fx10,7,3,lower_right_leaf,93,644.88,621,10237.062801932367,9712.0,621,0.17623765766620636,0.16015073657035828,0.13403542339801788,0.284510999917984,0.255869060754776,0,0
fx10,7,3,lower_right_leaf,94,647.58,621,10310.106280193237,9744.0,621,0.17241652309894562,0.15594175457954407,0.13038362562656403,0.2798020839691162,0.25010234117507935,0,0
fx10,7,3,lower_right_leaf,95,650.29,621,10425.09500805153,9856.0,621,0.1697554588317871,0.15353353321552277,0.12817630171775818,0.278453528881073,0.24484944343566895,0,0
fx10,7,3,lower_right_leaf,96,652.99,621,10448.592592592593,9872.0,621,0.16777534782886505,0.15254613757133484,0.12605415284633636,0.2778865098953247,0.24279999732971191,0,0
fx10,7,3,lower_right_leaf,97,655.69,621,10269.835748792271,9680.0,621,0.16596803069114685,0.15018148720264435,0.12466124445199966,0.27456140518188477,0.2418808490037918,0,0
fx10,7,3,lower_right_leaf,98,658.4,621,10019.890499194848,9472.0,621,0.1636062115430832,0.1477377712726593,0.12273550778627396,0.2745274603366852,0.2426966279745102,0,0
fx10,7,3,lower_right_leaf,99,661.1,621,9834.640901771336,9280.0,621,0.1603126972913742,0.14499531686306,0.11992445588111877,0.2702205777168274,0.24062368273735046,0,0
fx10,7,3,lower_right_leaf,100,663.81,621,9885.423510466988,9344.0,621,0.15696050226688385,0.14215025305747986,0.11646494269371033,0.2674550712108612,0.2362937480211258,0,0
fx10,7,3,lower_right_leaf,101,666.52,621,10014.016103059581,9456.0,621,0.15409815311431885,0.13851132988929749,0.11436054110527039,0.26321330666542053,0.22925511002540588,0,0
fx10,7,3,lower_right_leaf,102,669.23,621,10177.777777777777,9584.0,621,0.15189193189144135,0.13638253509998322,0.11279916763305664,0.2622222304344177,0.2240927815437317,0,0
fx10,7,3,lower_right_leaf,103,671.94,621,10225.082125603865,9648.0,621,0.15020538866519928,0.13517914712429047,0.11070261150598526,0.26076507568359375,0.22226297855377197,0,0
fx10,7,3,lower_right_leaf,104,674.65,621,10137.481481481482,9568.0,621,0.1494903564453125,0.13409648835659027,0.11065064370632172,0.2595512568950653,0.22180521488189697,0,0
fx10,7,3,lower_right_leaf,105,677.36,621,10083.529790660225,9488.0,621,0.14923511445522308,0.13436584174633026,0.11147407442331314,0.2588956952095032,0.2225126028060913,0,0
fx10,7,3,lower_right_leaf,106,680.07,621,10173.68115942029,9616.0,621,0.14969196915626526,0.13533835113048553,0.11067681759595871,0.2590130865573883,0.2224690020084381,0,0
fx10,7,3,lower_right_leaf,107,682.79,621,10465.752012882447,9888.0,621,0.1506510078907013,0.13570019602775574,0.11185770481824875,0.2608366310596466,0.21929512917995453,0,0
fx10,7,3,lower_right_leaf,108,685.5,621,10937.35265700483,10304.0,621,0.15415431559085846,0.13894104957580566,0.11449498683214188,0.26457154750823975,0.21880804002285004,0,0
fx10,7,3,lower_right_leaf,109,688.22,621,11444.483091787439,10768.0,621,0.16026946902275085,0.14507772028446198,0.11958533525466919,0.27255144715309143,0.2221125364303589,0,0
fx10,7,3,lower_right_leaf,110,690.93,621,11928.837359098228,11264.0,621,0.17061474919319153,0.1557554006576538,0.1281864494085312,0.28093644976615906,0.2303818017244339,0,0
fx10,7,3,lower_right_leaf,111,693.65,621,12460.959742351046,11792.0,621,0.18635877966880798,0.1720588207244873,0.14198558032512665,0.29404309391975403,0.24751976132392883,0,0
fx10,7,3,lower_right_leaf,112,696.37,621,13024.128824476651,12416.0,621,0.2077617049217224,0.19359815120697021,0.1611538529396057,0.31179139018058777,0.2693310081958771,0,0
fx10,7,3,lower_right_leaf,113,699.09,621,14023.806763285023,13504.0,621,0.23496006429195404,0.2218330353498459,0.18390804529190063,0.3333333432674408,0.29715898633003235,0,0
fx10,7,3,lower_right_leaf,114,701.81,621,15439.381642512077,14912.0,621,0.26594895124435425,0.2541818916797638,0.21115155518054962,0.3589359223842621,0.3248251676559448,0,0
fx10,7,3,lower_right_leaf,115,704.53,621,17404.959742351046,16912.0,621,0.30028703808784485,0.28928571939468384,0.24125809967517853,0.39970308542251587,0.3540797531604767,0,0
fx10,7,3,lower_right_leaf,116,707.25,621,19652.76650563607,19136.0,621,0.3359268307685852,0.3243618607521057,0.2714867889881134,0.43939924240112305,0.3828100264072418,0,0
fx10,7,3,lower_right_leaf,117,709.97,621,21879.549114331723,21280.0,621,0.37178799510002136,0.35916441679000854,0.3032982051372528,0.483445942401886,0.41251957416534424,0,0
fx10,7,3,lower_right_leaf,118,712.7,621,23913.42995169082,23232.0,621,0.40859469771385193,0.39424508810043335,0.33355841040611267,0.520686149597168,0.44434094429016113,0,0
fx10,7,3,lower_right_leaf,119,715.42,621,25598.170692431562,24896.0,621,0.44521966576576233,0.4299795925617218,0.36271530389785767,0.5688592791557312,0.4777328073978424,0,0
fx10,7,3,lower_right_leaf,120,718.15,621,27182.196457326892,26384.0,621,0.48244336247444153,0.46528130769729614,0.3909338712692261,0.6179624795913696,0.5109149813652039,0,0
fx10,7,3,lower_right_leaf,121,720.87,621,28949.590982286634,28064.0,621,0.5192482471466064,0.5025243759155273,0.4171546697616577,0.6671168208122253,0.5441085696220398,0,0
fx10,7,3,lower_right_leaf,122,723.6,621,30993.339774557167,30080.0,621,0.554868221282959,0.5355954766273499,0.44767048954963684,0.7150465846061707,0.5747020840644836,0,0
fx10,7,3,lower_right_leaf,123,726.33,621,33235.117552334945,32224.0,621,0.5878883600234985,0.5673107504844666,0.476266086101532,0.7612468004226685,0.6014150977134705,0,0
fx10,7,3,lower_right_leaf,124,729.06,621,35427.066022544284,34336.0,621,0.617870032787323,0.5944390892982483,0.5,0.8013981580734253,0.6273127794265747,0,0
fx10,7,3,lower_right_leaf,125,731.79,621,37286.698872785826,36208.0,621,0.6437877416610718,0.620753824710846,0.5211178064346313,0.8320373296737671,0.6500644087791443,0,0
fx10,7,3,lower_right_leaf,126,734.52,621,38656.15458937198,37456.0,621,0.6658385396003723,0.641871988773346,0.5392265319824219,0.8604147434234619,0.6701388955116272,0,0
fx10,7,3,lower_right_leaf,127,737.25,621,39564.80515297907,38320.0,621,0.6841577887535095,0.6588857769966125,0.554648220539093,0.8875501751899719,0.6854500770568848,0,0
fx10,7,3,lower_right_leaf,128,739.98,621,40213.719806763285,39040.0,621,0.6990261077880859,0.6745635867118835,0.5674784183502197,0.903548538684845,0.7004147171974182,0,0
fx10,7,3,lower_right_leaf,129,742.72,621,40707.504025764894,39440.0,621,0.7114253640174866,0.6863237023353577,0.5764316320419312,0.9245253801345825,0.710867702960968,0,0
fx10,7,3,lower_right_leaf,130,745.45,621,41149.913043478264,39808.0,621,0.7214439511299133,0.6958972811698914,0.5849889516830444,0.9369649887084961,0.7197691202163696,0,0
fx10,7,3,lower_right_leaf,131,748.19,621,41456.64412238325,40160.0,621,0.7295902967453003,0.7045813798904419,0.591284990310669,0.9487099051475525,0.7282359600067139,0,0
fx10,7,3,lower_right_leaf,132,750.93,621,41566.19645732689,40176.0,621,0.7356327772140503,0.7093828916549683,0.5977965593338013,0.9540411829948425,0.731993556022644,0,0
fx10,7,3,lower_right_leaf,133,753.66,621,41672.038647343,40320.0,621,0.7405255436897278,0.7130298018455505,0.6012526154518127,0.9594166278839111,0.7361727356910706,0,0
fx10,7,3,lower_right_leaf,134,756.4,621,41834.9500805153,40528.0,621,0.744548499584198,0.7174156308174133,0.6036152243614197,0.9636536240577698,0.7402767539024353,0,0
fx10,7,3,lower_right_leaf,135,759.14,621,42156.006441223835,40848.0,621,0.7474853992462158,0.7206606268882751,0.6061968207359314,0.9701445698738098,0.7425727844238281,0,0
fx10,7,3,lower_right_leaf,136,761.88,621,42566.87922705314,41200.0,621,0.7497246861457825,0.7217280864715576,0.6088207364082336,0.9698964953422546,0.7440648674964905,0,0
fx10,7,3,lower_right_leaf,137,764.62,621,43049.55877616747,41680.0,621,0.7519866824150085,0.7241920232772827,0.6107181906700134,0.9745815396308899,0.745586097240448,0,0
fx10,7,3,lower_right_leaf,138,767.36,621,43257.17230273752,41888.0,621,0.7542420029640198,0.7264838218688965,0.6130700707435608,0.9765287041664124,0.7478931546211243,0,0
fx10,7,3,lower_right_leaf,139,770.11,621,43089.339774557164,41680.0,621,0.7557730078697205,0.7273588180541992,0.6150919198989868,0.9798136353492737,0.7491289377212524,0,0
fx10,7,3,lower_right_leaf,140,772.85,621,42425.3268921095,41088.0,621,0.7565516829490662,0.7287487983703613,0.6141504645347595,0.9777919054031372,0.7505854964256287,0,0
fx10,7,3,lower_right_leaf,141,775.6,621,41552.515297906604,40240.0,621,0.7570096850395203,0.7283611297607422,0.6151320934295654,0.9800680875778198,0.7508532404899597,0,0
fx10,7,3,lower_right_leaf,142,778.34,621,40685.24315619968,39312.0,621,0.7571868896484375,0.7295432090759277,0.6150218844413757,0.9808173775672913,0.7516881227493286,0,0
fx10,7,3,lower_right_leaf,143,781.09,621,40315.38808373591,39040.0,621,0.7577022314071655,0.7285014390945435,0.6147083640098572,0.9803789854049683,0.7512769103050232,0,0
fx10,7,3,lower_right_leaf,144,783.84,621,40585.17230273752,39344.0,621,0.7585422396659851,0.7306910753250122,0.6155154705047607,0.9819880127906799,0.7529521584510803,0,0
fx10,7,3,lower_right_leaf,145,786.58,621,41373.320450885665,40112.0,621,0.7598313689231873,0.731424868106842,0.6158465147018433,0.9798460006713867,0.7535573840141296,0,0
fx10,7,3,lower_right_leaf,146,789.33,621,42310.647342995166,40928.0,621,0.7610942721366882,0.7328724265098572,0.6188296675682068,0.9806987047195435,0.7533372044563293,0,0
fx10,7,3,lower_right_leaf,147,792.08,621,43036.57326892109,41648.0,621,0.7624311447143555,0.7343602776527405,0.6197139620780945,0.984736442565918,0.7548592686653137,0,0
fx10,7,3,lower_right_leaf,148,794.84,621,43227.80032206119,41888.0,621,0.7635079622268677,0.7350612878799438,0.6200831532478333,0.9866331219673157,0.7556191682815552,0,0
fx10,7,3,lower_right_leaf,149,797.59,621,42707.890499194844,41296.0,621,0.7638237476348877,0.7358520030975342,0.6201876401901245,0.9851359724998474,0.7565422058105469,0,0
fx10,7,3,lower_right_leaf,150,800.34,621,41510.003220611914,40144.0,621,0.7639188766479492,0.7362709641456604,0.6209744215011597,0.9893109798431396,0.7577770948410034,0,0
fx10,7,3,lower_right_leaf,151,803.1,621,39932.2383252818,38656.0,621,0.7634941935539246,0.7360028028488159,0.6210597157478333,0.9881869554519653,0.7585443258285522,0,0
fx10,7,3,lower_right_leaf,152,805.85,621,38406.72463768116,37216.0,621,0.7628948092460632,0.7352415323257446,0.6203169822692871,0.9871703386306763,0.7587875127792358,0,0
fx10,7,3,lower_right_leaf,153,808.61,621,37465.739130434784,36256.0,621,0.762374758720398,0.7332366704940796,0.6191536784172058,0.9857907295227051,0.7573359608650208,0,0
fx10,7,3,lower_right_leaf,154,811.36,621,37135.51046698873,35920.0,621,0.762554943561554,0.7340205907821655,0.6191545128822327,0.9858735799789429,0.7582119703292847,0,0
fx10,7,3,lower_right_leaf,155,814.12,621,37468.52173913043,36240.0,621,0.7634606957435608,0.7353262901306152,0.6188693642616272,0.9904481768608093,0.7588932514190674,0,0
fx10,7,3,lower_right_leaf,156,816.88,621,38222.6344605475,37024.0,621,0.7643881440162659,0.7354651093482971,0.6218823790550232,0.9921203255653381,0.7595717310905457,0,0
fx10,7,3,lower_right_leaf,157,819.64,621,39066.07407407407,37872.0,621,0.7658202052116394,0.738178014755249,0.6215583682060242,0.989654541015625,0.7610647678375244,0,0
fx10,7,3,lower_right_leaf,158,822.4,621,39666.96296296296,38368.0,621,0.7663449645042419,0.737463116645813,0.6237139701843262,0.9877141118049622,0.7599490880966187,0,0
fx10,7,3,lower_right_leaf,159,825.16,621,39911.80676328502,38656.0,621,0.7673136591911316,0.7398884296417236,0.622773289680481,0.9903780221939087,0.762252151966095,0,0
fx10,7,3,lower_right_leaf,160,827.92,621,39616.92753623189,38384.0,621,0.7673362493515015,0.7406014800071716,0.6223153471946716,0.99339359998703,0.7625534534454346,0,0
fx10,7,3,lower_right_leaf,161,830.69,621,38900.5346215781,37584.0,621,0.7673436999320984,0.7398743033409119,0.6242402791976929,0.9951965808868408,0.7627444863319397,0,0
fx10,7,3,lower_right_leaf,162,833.45,621,38005.719806763285,36768.0,621,0.7669656872749329,0.7390907406806946,0.6236047744750977,0.9909189939498901,0.7625851631164551,0,0
fx10,7,3,lower_right_leaf,163,836.22,621,37209.09500805153,35984.0,621,0.766769528388977,0.7391060590744019,0.6218202114105225,0.9927576780319214,0.7627657651901245,0,0
fx10,7,3,lower_right_leaf,164,838.98,621,36722.52495974235,35552.0,621,0.7668339014053345,0.7390809059143066,0.6221883296966553,0.9905695915222168,0.763283371925354,0,0
fx10,7,3,lower_right_leaf,165,841.75,621,36643.066022544284,35456.0,621,0.7671791911125183,0.7384378910064697,0.6221020221710205,0.9918729662895203,0.7629474997520447,0,0
fx10,7,3,lower_right_leaf,166,844.52,621,36914.1384863124,35696.0,621,0.7677156329154968,0.7384268045425415,0.623664140701294,0.99134361743927,0.76295405626297,0,0
fx10,7,3,lower_right_leaf,167,847.29,621,37405.88727858293,36176.0,621,0.7685625553131104,0.7413533926010132,0.6243883967399597,0.9923975467681885,0.7652807831764221,0,0
fx10,7,3,lower_right_leaf,168,850.06,621,37940.61191626409,36720.0,621,0.76959627866745,0.7417805790901184,0.6264656782150269,0.993037760257721,0.7649999856948853,0,0
fx10,7,3,lower_right_leaf,169,852.83,621,38352.0,37088.0,621,0.7704779505729675,0.7430340647697449,0.6269258856773376,0.9944053292274475,0.7660925984382629,0,0
fx10,7,3,lower_right_leaf,170,855.6,621,38529.23671497584,37312.0,621,0.7708977460861206,0.7439224720001221,0.6258302330970764,0.9967591166496277,0.7663179039955139,0,0
fx10,7,3,lower_right_leaf,171,858.37,621,38476.933977455716,37264.0,621,0.7714473009109497,0.744194507598877,0.6276518106460571,0.9947682023048401,0.766705334186554,0,0
fx10,7,3,lower_right_leaf,172,861.14,621,38111.79388083736,36880.0,621,0.7716286778450012,0.7448477149009705,0.6293057203292847,0.99744713306427,0.7678008079528809,0,0
fx10,7,3,lower_right_leaf,173,863.92,621,37527.239935587764,36288.0,621,0.7717944383621216,0.7439939975738525,0.6294910311698914,0.9972113966941833,0.7675401568412781,0,0
fx10,7,3,lower_right_leaf,174,866.69,621,36740.97262479871,35552.0,621,0.7708394527435303,0.743177592754364,0.6282528042793274,0.993720293045044,0.7672739624977112,0,0
fx10,7,3,lower_right_leaf,175,869.47,621,35945.301127214174,34768.0,621,0.7709478139877319,0.7440313100814819,0.628773033618927,0.9959040284156799,0.7686593532562256,0,0
fx10,7,3,lower_right_leaf,176,872.25,621,35211.41384863124,34016.0,621,0.7708065509796143,0.7435238361358643,0.6285023093223572,0.9954137802124023,0.7687272429466248,0,0
fx10,7,3,lower_right_leaf,177,875.03,621,34617.04347826087,33472.0,621,0.7708644866943359,0.7433916330337524,0.6275153756141663,0.9963459372520447,0.7687797546386719,0,0
fx10,7,3,lower_right_leaf,178,877.8,621,34140.392914653785,33056.0,621,0.7708832621574402,0.743963360786438,0.6283204555511475,0.9964839816093445,0.7696629166603088,0,0
fx10,7,3,lower_right_leaf,179,880.58,621,33872.0,32800.0,621,0.7710261940956116,0.7428691387176514,0.6251583099365234,0.9991638660430908,0.7690288424491882,0,0
fx10,7,3,lower_right_leaf,180,883.37,621,33687.98711755234,32640.0,621,0.771428108215332,0.7442343831062317,0.6280111074447632,0.9953722953796387,0.770370364189148,0,0
fx10,7,3,lower_right_leaf,181,886.15,621,33586.3961352657,32544.0,621,0.7716562747955322,0.7440978288650513,0.6296059489250183,0.9953625798225403,0.77016282081604,0,0
fx10,7,3,lower_right_leaf,182,888.93,621,33581.24315619968,32528.0,621,0.7721806168556213,0.7451963424682617,0.6291120052337646,1.0,0.7716834545135498,0,0
fx10,7,3,lower_right_leaf,183,891.71,621,33479.961352657,32352.0,621,0.7724601626396179,0.7436884641647339,0.632556140422821,0.9978840351104736,0.7704672813415527,0,0
fx10,7,3,lower_right_leaf,184,894.5,621,33292.933977455716,32208.0,621,0.7729352712631226,0.7459505796432495,0.629315972328186,1.000425934791565,0.7721280455589294,0,0
fx10,7,3,lower_right_leaf,185,897.28,621,32945.3655394525,31904.0,621,0.7731677889823914,0.7466551661491394,0.6286562085151672,0.997842013835907,0.7725687623023987,0,0
fx10,7,3,lower_right_leaf,186,900.07,621,32437.977455716587,31424.0,621,0.773124635219574,0.7460004091262817,0.63068687915802,0.9969257712364197,0.7734127044677734,0,0
fx10,7,3,lower_right_leaf,187,902.86,621,31750.57004830918,30736.0,621,0.772904098033905,0.7464660406112671,0.6292649507522583,0.9977537989616394,0.7742328643798828,0,0
fx10,7,3,lower_right_leaf,188,905.64,621,30910.866344605474,29920.0,621,0.7722214460372925,0.7448180317878723,0.6290543675422668,0.9955967664718628,0.7739542722702026,0,0
fx10,7,3,lower_right_leaf,189,908.43,621,30031.665056360707,29104.0,621,0.7715065479278564,0.7432301640510559,0.6299517154693604,0.9980760216712952,0.7729799151420593,0,0
fx10,7,3,lower_right_leaf,190,911.22,621,29184.850241545893,28272.0,621,0.770618200302124,0.7428146600723267,0.6269240379333496,0.9940535426139832,0.7734323740005493,0,0
fx10,7,3,lower_right_leaf,191,914.02,621,28451.297906602253,27568.0,621,0.769898533821106,0.7421131730079651,0.6283563375473022,0.9938868880271912,0.7735052108764648,0,0
fx10,7,3,lower_right_leaf,192,916.81,621,27847.446054750402,26960.0,621,0.7696083188056946,0.741532027721405,0.6267159581184387,0.9924341440200806,0.7734013199806213,0,0
fx10,7,3,lower_right_leaf,193,919.6,621,27501.165861513688,26608.0,621,0.7691432237625122,0.7402840852737427,0.6277687549591064,0.9949695467948914,0.7730545997619629,0,0
fx10,7,3,lower_right_leaf,194,922.39,621,27310.685990338163,26480.0,621,0.7685657143592834,0.740841269493103,0.6262466907501221,0.9925333261489868,0.7737503051757812,0,0
fx10,7,3,lower_right_leaf,195,925.19,621,27251.916264090178,26400.0,621,0.767746090888977,0.739107072353363,0.6268007755279541,0.9911882281303406,0.7726092338562012,0,0
fx10,7,3,lower_right_leaf,196,927.98,621,27195.85185185185,26400.0,621,0.7670543789863586,0.7408611178398132,0.6256130933761597,0.9887760281562805,0.7740576267242432,0,0
fx10,7,3,lower_right_leaf,197,930.78,621,27057.93236714976,26208.0,621,0.766021192073822,0.73758864402771,0.6266776323318481,0.9862570762634277,0.7711418867111206,0,0
fx10,7,3,lower_right_leaf,198,933.58,621,26780.135265700483,25936.0,621,0.7647551894187927,0.7372105717658997,0.624758780002594,0.9878015518188477,0.7711418867111206,0,0
fx10,7,3,lower_right_leaf,199,936.38,621,26355.632850241545,25536.0,621,0.7634713053703308,0.7353932857513428,0.622561514377594,0.9866888523101807,0.7699283957481384,0,0
fx10,7,3,lower_right_leaf,200,939.18,621,25743.098228663446,24992.0,621,0.7613257169723511,0.7330496311187744,0.6241685152053833,0.9834945797920227,0.7685139775276184,0,0
fx10,7,3,lower_right_leaf,201,941.98,621,24863.40740740741,24096.0,621,0.7592164278030396,0.7300936579704285,0.6202111840248108,0.9787610769271851,0.7674897313117981,0,0
fx10,7,3,lower_right_leaf,202,944.78,621,23843.040257648954,23072.0,621,0.7564637064933777,0.7278324961662292,0.6214510798454285,0.9739454388618469,0.7670156955718994,0,0
fx10,7,3,lower_right_leaf,203,947.58,621,22707.452495974234,22064.0,621,0.7525503635406494,0.7263088226318359,0.6153846383094788,0.9696376323699951,0.7676767706871033,0,0
fx10,7,3,lower_right_leaf,204,950.38,621,21531.28502415459,20912.0,621,0.7487450838088989,0.7208480834960938,0.6157635450363159,0.9667590260505676,0.764774739742279,0,0
fx10,7,3,lower_right_leaf,205,953.19,621,20489.584541062803,19904.0,621,0.7442344427108765,0.716911792755127,0.610534131526947,0.9617083668708801,0.7641216516494751,0,0
fx10,7,3,lower_right_leaf,206,955.99,621,19605.359098228662,19056.0,621,0.7396830320358276,0.7123076915740967,0.6082554459571838,0.9546154141426086,0.7626903653144836,0,0
fx10,7,3,lower_right_leaf,207,958.8,621,18899.813204508857,18336.0,621,0.7360391616821289,0.7074939608573914,0.6063912510871887,0.9474110007286072,0.7601042985916138,0,0
fx10,7,3,lower_right_leaf,208,961.6,621,18356.45732689211,17840.0,621,0.7333991527557373,0.7057837247848511,0.604538083076477,0.9482470750808716,0.7600545287132263,0,0
fx10,7,3,lower_right_leaf,209,964.41,621,17973.513687600644,17504.0,621,0.7318613529205322,0.7052677273750305,0.6006974577903748,0.9408740401268005,0.7615732550621033,0,0
fx10,7,3,lower_right_leaf,210,967.22,621,17642.563607085347,17120.0,621,0.7306146025657654,0.7021276354789734,0.6010638475418091,0.9390618205070496,0.7593772411346436,0,0
fx10,7,3,lower_right_leaf,211,970.03,621,17409.855072463768,16912.0,621,0.730710506439209,0.7051397562026978,0.600921630859375,0.9434801936149597,0.7620764374732971,0,0
fx10,7,3,lower_right_leaf,212,972.84,621,17160.70853462158,16656.0,621,0.7305905818939209,0.7028985619544983,0.6013011336326599,0.9408553242683411,0.7618699669837952,0,0
fx10,7,3,lower_right_leaf,213,975.65,621,16845.52657004831,16416.0,621,0.7304236888885498,0.7022684216499329,0.6018957495689392,0.9430438876152039,0.7622222304344177,0,0
fx10,7,3,lower_right_leaf,214,978.46,621,16506.409017713366,16112.0,621,0.7302058339118958,0.7032442688941956,0.603515625,0.939828097820282,0.7649282217025757,0,0
fx10,7,3,lower_right_leaf,215,981.27,621,16082.03542673108,15616.0,621,0.7302531003952026,0.7020000219345093,0.602327823638916,0.9422885775566101,0.7649556398391724,0,0
fx10,7,3,lower_right_leaf,216,984.09,621,15599.355877616747,15168.0,621,0.7309389710426331,0.7021052837371826,0.6032926440238953,0.93795245885849,0.7678643465042114,0,0
fx10,7,3,lower_right_leaf,217,986.9,621,15029.719806763285,14640.0,621,0.7314313054084778,0.7018498182296753,0.6036131978034973,0.938486635684967,0.7705479264259338,0,0
fx10,7,3,lower_right_leaf,218,989.72,621,14467.555555555555,14112.0,621,0.732351541519165,0.7052631378173828,0.6018845438957214,0.9396051168441772,0.7754010558128357,0,0
fx10,7,3,lower_right_leaf,219,992.54,621,13914.434782608696,13568.0,621,0.7336666584014893,0.7066748142242432,0.6046221256256104,0.9426129460334778,0.7798165082931519,0,0
fx10,7,3,lower_right_leaf,220,995.35,621,13393.932367149759,13104.0,621,0.7347749471664429,0.7093023061752319,0.6069782972335815,0.9468222856521606,0.7851002812385559,0,0
fx10,7,3,lower_right_leaf,221,998.17,621,12922.769726247987,12592.0,621,0.7364115118980408,0.7087045907974243,0.6072931289672852,0.9458533525466919,0.7884231805801392,0,0
fx10,7,3,lower_right_leaf,222,1000.99,621,12531.040257648954,12208.0,621,0.7383133769035339,0.710564374923706,0.6102190017700195,0.9509379267692566,0.7918834686279297,0,0
fx10,7,3,lower_right_leaf,223,1003.81,621,12482.447665056361,12176.0,621,0.738462507724762,0.7110481858253479,0.6089508533477783,0.9516245722770691,0.7931747436523438,0,0
fx10,8,4,upper_green_leaf,0,397.66,375,5047.68,5040.0,375,0.604706883430481,0.6029411554336548,0.48571428656578064,0.7303518831729889,0.9202279448509216,0,0
fx10,8,4,upper_green_leaf,1,400.28,375,5015.210666666667,5008.0,375,0.6004704833030701,0.5972222089767456,0.5142857432365417,0.699999988079071,0.9176470637321472,0,0
fx10,8,4,upper_green_leaf,2,402.9,375,5013.973333333333,5024.0,375,0.5797922015190125,0.5753424763679504,0.4933333396911621,0.6756756901741028,0.9098712205886841,0,0
fx10,8,4,upper_green_leaf,3,405.52,375,5049.002666666666,5056.0,375,0.5692199468612671,0.5657894611358643,0.48051947355270386,0.6623376607894897,0.9046242833137512,0,0
fx10,8,4,upper_green_leaf,4,408.13,375,5065.898666666667,5056.0,375,0.5469736456871033,0.550000011920929,0.46741944551467896,0.6296296119689941,0.8968481421470642,0,0
fx10,8,4,upper_green_leaf,5,410.75,375,5062.058666666667,5056.0,375,0.5366837382316589,0.5357142686843872,0.47058823704719543,0.6099662065505982,0.8891966938972473,0,0
fx10,8,4,upper_green_leaf,6,413.37,375,5088.170666666667,5088.0,375,0.5247642993927002,0.5227272510528564,0.449438214302063,0.5961642563343048,0.8821917772293091,0,0
fx10,8,4,upper_green_leaf,7,416.0,375,5107.114666666666,5104.0,375,0.512765109539032,0.510869562625885,0.4444444477558136,0.5869565010070801,0.8767507076263428,0,0
fx10,8,4,upper_green_leaf,8,418.62,375,5105.493333333333,5104.0,375,0.5017662644386292,0.5,0.4371010661125183,0.5714285969734192,0.8695651888847351,0,0
fx10,8,4,upper_green_leaf,9,421.24,375,5124.224,5136.0,375,0.4951414465904236,0.49494948983192444,0.4323235511779785,0.5600000023841858,0.8643617033958435,0,0
fx10,8,4,upper_green_leaf,10,423.86,375,5143.850666666666,5136.0,375,0.48935267329216003,0.4901960790157318,0.42574256658554077,0.5544554591178894,0.8613333106040955,0,0
fx10,8,4,upper_green_leaf,11,426.49,375,5181.653333333334,5152.0,375,0.4778035581111908,0.4761904776096344,0.4134615361690521,0.5471698045730591,0.8529411554336548,0,0
fx10,8,4,upper_green_leaf,12,429.12,375,5195.178666666667,5184.0,375,0.46222224831581116,0.45945945382118225,0.4017857015132904,0.5181818008422852,0.843589723110199,0,0
fx10,8,4,upper_green_leaf,13,431.74,375,5190.613333333334,5184.0,375,0.455293208360672,0.45614033937454224,0.3965517282485962,0.5203983902931214,0.8372092843055725,0,0
fx10,8,4,upper_green_leaf,14,434.37,375,5198.421333333334,5200.0,375,0.43805351853370667,0.4390243887901306,0.38343414664268494,0.4959999918937683,0.8229166865348816,0,0
fx10,8,4,upper_green_leaf,15,437.0,375,5213.653333333334,5216.0,375,0.4206588566303253,0.41791045665740967,0.3681888490915298,0.4777107059955597,0.8064516186714172,0,0
fx10,8,4,upper_green_leaf,16,439.63,375,5284.096,5280.0,375,0.4059833586215973,0.40425533056259155,0.3546099364757538,0.4657776474952698,0.7966507077217102,0,0
fx10,8,4,upper_green_leaf,17,442.26,375,5340.416,5328.0,375,0.39370205998420715,0.3935483992099762,0.34205433428287507,0.4520499169826508,0.7814726829528809,0,0
fx10,8,4,upper_green_leaf,18,444.89,375,5352.789333333333,5344.0,375,0.3802542984485626,0.379518061876297,0.32999506294727327,0.42823193967342377,0.7653758525848389,0,0
fx10,8,4,upper_green_leaf,19,447.52,375,5391.658666666666,5376.0,375,0.3719632923603058,0.36781609058380127,0.3212873637676239,0.4337539166212082,0.7544642686843872,0,0
fx10,8,4,upper_green_leaf,20,450.16,375,5420.672,5408.0,375,0.36089372634887695,0.3586956560611725,0.31303131878376006,0.4212734788656235,0.7407407164573669,0,0
fx10,8,4,upper_green_leaf,21,452.79,375,5413.845333333334,5408.0,375,0.35775455832481384,0.35449734330177307,0.3119222104549408,0.42142439186573033,0.7340659499168396,0,0
fx10,8,4,upper_green_leaf,22,455.43,375,5444.821333333333,5440.0,375,0.3514866232872009,0.34871795773506165,0.30356731116771696,0.40944055914878846,0.726881742477417,0,0
fx10,8,4,upper_green_leaf,23,458.06,375,5480.234666666666,5472.0,375,0.34744521975517273,0.3448275923728943,0.29822351336479186,0.405473455786705,0.7200000286102295,0,0
fx10,8,4,upper_green_leaf,24,460.7,375,5463.722666666667,5456.0,375,0.34730297327041626,0.3448275923728943,0.30153392255306244,0.4079602062702179,0.7200854420661926,0,0
fx10,8,4,upper_green_leaf,25,463.34,375,5473.2373333333335,5472.0,375,0.341666579246521,0.339712917804718,0.2998550832271576,0.40316822528839114,0.7134020328521729,0,0
fx10,8,4,upper_green_leaf,26,465.98,375,5510.4,5488.0,375,0.33273428678512573,0.3288288414478302,0.2881031781435013,0.39461883902549744,0.6986986994743347,0,0
fx10,8,4,upper_green_leaf,27,468.62,375,5555.498666666666,5536.0,375,0.33039936423301697,0.3273542523384094,0.2817977428436279,0.392423877120018,0.6975806355476379,0,0
fx10,8,4,upper_green_leaf,28,471.26,375,5568.0,5552.0,375,0.32740214467048645,0.3231441080570221,0.2830126941204071,0.39617049396038057,0.6916996240615845,0,0
fx10,8,4,upper_green_leaf,29,473.9,375,5625.301333333334,5616.0,375,0.3168303966522217,0.3132530152797699,0.2728719711303711,0.3863179087638855,0.6723809242248535,0,0
fx10,8,4,upper_green_leaf,30,476.54,375,5636.224,5616.0,375,0.3085682988166809,0.3041824996471405,0.2643027573823929,0.3740797817707062,0.6578947305679321,0,0
fx10,8,4,upper_green_leaf,31,479.18,375,5690.88,5680.0,375,0.3031981587409973,0.29739776253700256,0.25830256938934326,0.3740740716457367,0.6520947217941284,0,0
fx10,8,4,upper_green_leaf,32,481.83,375,5724.074666666666,5712.0,375,0.2939920723438263,0.2881355881690979,0.2542372941970825,0.3677230685949326,0.6302816867828369,0,0
fx10,8,4,upper_green_leaf,33,484.47,375,5803.946666666667,5792.0,375,0.2853407859802246,0.28129830956459045,0.24664427936077118,0.3549197882413864,0.6097972989082336,0,0
fx10,8,4,upper_green_leaf,34,487.12,375,5830.229333333334,5808.0,375,0.2816045880317688,0.27627629041671753,0.2409638613462448,0.3549966871738434,0.6009933948516846,0,0
fx10,8,4,upper_green_leaf,35,489.77,375,5870.805333333334,5856.0,375,0.2754749357700348,0.2706552743911743,0.23292847722768784,0.3501226305961609,0.5883306264877319,0,0
fx10,8,4,upper_green_leaf,36,492.42,375,5968.170666666667,5952.0,375,0.2665928602218628,0.2610965967178345,0.22773725539445877,0.340600860118866,0.5679389238357544,0,0
fx10,8,4,upper_green_leaf,37,495.07,375,6038.613333333334,6016.0,375,0.2633477449417114,0.25935161113739014,0.2237139403820038,0.3374782890081406,0.5580357313156128,0,0
fx10,8,4,upper_green_leaf,38,497.72,375,6073.685333333333,6048.0,375,0.26015418767929077,0.2545017898082733,0.2211538404226303,0.3365224003791809,0.5485047698020935,0,0
fx10,8,4,upper_green_leaf,39,500.37,375,6158.208,6128.0,375,0.25787353515625,0.25227272510528564,0.21952917128801347,0.3307496279478073,0.5383542776107788,0,0
fx10,8,4,upper_green_leaf,40,503.02,375,6219.904,6192.0,375,0.2570458650588989,0.25221237540245056,0.21895394325256348,0.3280899435281754,0.534246563911438,0,0
fx10,8,4,upper_green_leaf,41,505.67,375,6228.010666666667,6192.0,375,0.25866401195526123,0.25330397486686707,0.22080132514238357,0.33134852051734925,0.5329670310020447,0,0
fx10,8,4,upper_green_leaf,42,508.32,375,6291.669333333333,6256.0,375,0.2583974301815033,0.25265392661094666,0.2197339877486229,0.3340425491333008,0.5248321890830994,0,0
fx10,8,4,upper_green_leaf,43,510.98,375,6397.44,6352.0,375,0.2578869163990021,0.25250500440597534,0.218843711912632,0.3339672327041626,0.5162549018859863,0,0
fx10,8,4,upper_green_leaf,44,513.63,375,6440.405333333333,6384.0,375,0.2616809606552124,0.25600001215934753,0.22106183618307113,0.33955020606517794,0.5178455710411072,0,0
fx10,8,4,upper_green_leaf,45,516.29,375,6466.474666666667,6400.0,375,0.2664298713207245,0.26008063554763794,0.2276722878217697,0.3453815281391144,0.5208333134651184,0,0
fx10,8,4,upper_green_leaf,46,518.95,375,6603.093333333333,6544.0,375,0.26913031935691833,0.2622641623020172,0.2309950292110443,0.3502846240997315,0.5124069452285767,0,0
fx10,8,4,upper_green_leaf,47,521.61,375,6796.672,6736.0,375,0.2725066840648651,0.2651245594024658,0.23108023554086685,0.3528602182865143,0.5054282546043396,0,0
fx10,8,4,upper_green_leaf,48,524.27,375,6861.696,6800.0,375,0.2796230614185333,0.270944744348526,0.2356194704771042,0.36256619095802306,0.5086567401885986,0,0
fx10,8,4,upper_green_leaf,49,526.93,375,6930.944,6848.0,375,0.2866348326206207,0.2768959403038025,0.24569310396909713,0.37199108600616454,0.5095465183258057,0,0
fx10,8,4,upper_green_leaf,50,529.59,375,7218.133333333333,7120.0,375,0.28813406825065613,0.2788461446762085,0.24628496319055557,0.37475512325763705,0.4988763928413391,0,0
fx10,8,4,upper_green_leaf,51,532.25,375,7540.736,7440.0,375,0.2883204221725464,0.2774146795272827,0.2427338108420372,0.3760993182659149,0.48094746470451355,0,0
fx10,8,4,upper_green_leaf,52,534.91,375,7731.242666666667,7632.0,375,0.2891536056995392,0.2806539535522461,0.24276076704263685,0.3754120856523514,0.4754754900932312,0,0
fx10,8,4,upper_green_leaf,53,537.57,375,7810.3893333333335,7712.0,375,0.2915870249271393,0.28184282779693604,0.24781617075204848,0.37804877758026123,0.47472745180130005,0,0
fx10,8,4,upper_green_leaf,54,540.24,375,7967.744,7856.0,375,0.2911602258682251,0.2814910113811493,0.2466556742787361,0.37913039028644563,0.46720919013023376,0,0
fx10,8,4,upper_green_leaf,55,542.91,375,8247.808,8128.0,375,0.2889194190502167,0.27909737825393677,0.2444126769900322,0.3778040111064911,0.455031156539917,0,0
fx10,8,4,upper_green_leaf,56,545.57,375,8445.568,8320.0,375,0.28838732838630676,0.27975183725357056,0.2428303599357605,0.3781407058238983,0.4481865167617798,0,0
fx10,8,4,upper_green_leaf,57,548.24,375,8525.824,8400.0,375,0.2888590395450592,0.2792494595050812,0.24357062578201294,0.3776018887758255,0.446153849363327,0,0
fx10,8,4,upper_green_leaf,58,550.91,375,8633.856,8512.0,375,0.28802546858787537,0.27872341871261597,0.24087786227464675,0.3785408198833466,0.4407622218132019,0,0
fx10,8,4,upper_green_leaf,59,553.58,375,8878.037333333334,8720.0,375,0.2855220437049866,0.27555111050605774,0.24006551504135132,0.3770351052284241,0.4302005469799042,0,0
fx10,8,4,upper_green_leaf,60,556.25,375,9065.685333333333,8912.0,375,0.28323888778686523,0.27385497093200684,0.23685463815927504,0.37325023412704467,0.4231354594230652,0,0
fx10,8,4,upper_green_leaf,61,558.92,375,9133.269333333334,8960.0,375,0.2809809744358063,0.27047261595726013,0.2355654552578926,0.370952844619751,0.41963282227516174,0,0
fx10,8,4,upper_green_leaf,62,561.59,375,9160.832,8992.0,375,0.2770523130893707,0.2668513357639313,0.22926045209169388,0.366940850019455,0.41549816727638245,0,0
fx10,8,4,upper_green_leaf,63,564.26,375,9202.090666666667,9024.0,375,0.27239036560058594,0.26251691579818726,0.22859456837177278,0.36195334792137146,0.4068891406059265,0,0
fx10,8,4,upper_green_leaf,64,566.94,375,9214.506666666666,9056.0,375,0.26714131236076355,0.25661376118659973,0.222318235039711,0.3567108780145645,0.3991507291793823,0,0
fx10,8,4,upper_green_leaf,65,569.61,375,9089.28,8912.0,375,0.2613387107849121,0.250657320022583,0.21822763681411744,0.3502326250076294,0.3943060636520386,0,0
fx10,8,4,upper_green_leaf,66,572.29,375,8993.962666666666,8800.0,375,0.2554652690887451,0.24456048011779785,0.212796750664711,0.3417467325925827,0.3892236649990082,0,0
fx10,8,4,upper_green_leaf,67,574.96,375,9062.613333333333,8864.0,375,0.24962502717971802,0.2391212433576584,0.20886349231004714,0.3375316917896271,0.3799999952316284,0,0
fx10,8,4,upper_green_leaf,68,577.64,375,9208.576,9008.0,375,0.24441860616207123,0.23397435247898102,0.1998738393187523,0.3306784272193909,0.37155961990356445,0,0
fx10,8,4,upper_green_leaf,69,580.32,375,9144.874666666667,8944.0,375,0.24008508026599884,0.2301238477230072,0.20041295737028123,0.32420448660850526,0.36710527539253235,0,0
fx10,8,4,upper_green_leaf,70,583.0,375,8930.688,8736.0,375,0.2373959720134735,0.2268211990594864,0.19537495225667953,0.3216892957687378,0.36788618564605713,0,0
fx10,8,4,upper_green_leaf,71,585.68,375,8789.674666666666,8624.0,375,0.23459790647029877,0.22492656111717224,0.19441199004650117,0.3201347887516022,0.3681318759918213,0,0
fx10,8,4,upper_green_leaf,72,588.36,375,8947.157333333333,8784.0,375,0.2311917245388031,0.22168675065040588,0.18899552673101425,0.3154559195041657,0.3612392842769623,0,0
fx10,8,4,upper_green_leaf,73,591.04,375,9218.56,9024.0,375,0.22750748693943024,0.217326357960701,0.18642251640558244,0.311432296037674,0.3496721684932709,0,0
fx10,8,4,upper_green_leaf,74,593.73,375,9382.357333333333,9168.0,375,0.225010946393013,0.21484653651714325,0.1866326868534088,0.3083874374628067,0.3425149619579315,0,0
fx10,8,4,upper_green_leaf,75,596.41,375,9332.096,9136.0,375,0.22373245656490326,0.21408045291900635,0.18398319482803344,0.3084417551755905,0.34270334243774414,0,0
fx10,8,4,upper_green_leaf,76,599.1,375,9255.722666666667,9056.0,375,0.2228076159954071,0.21251820027828217,0.18236484676599501,0.30779883563518523,0.3416111469268799,0,0
fx10,8,4,upper_green_leaf,77,601.78,375,9406.421333333334,9184.0,375,0.2207658737897873,0.20967741310596466,0.1797486037015915,0.30476923286914825,0.3360655605792999,0,0
fx10,8,4,upper_green_leaf,78,604.47,375,9714.176,9456.0,375,0.21785935759544373,0.20760799944400787,0.17725523114204406,0.3025838762521744,0.32592591643333435,0,0
fx10,8,4,upper_green_leaf,79,607.16,375,10001.237333333333,9760.0,375,0.21467983722686768,0.2054251730442047,0.17522178441286088,0.2994361937046051,0.3175921142101288,0,0
fx10,8,4,upper_green_leaf,80,609.85,375,10061.056,9840.0,375,0.21230587363243103,0.2028554379940033,0.1727945774793625,0.29640292525291445,0.3141547739505768,0,0
fx10,8,4,upper_green_leaf,81,612.53,375,9937.493333333334,9712.0,375,0.21005679666996002,0.20041753351688385,0.17145432829856871,0.2931289613246918,0.3124512732028961,0,0
fx10,8,4,upper_green_leaf,82,615.23,375,9868.330666666667,9616.0,375,0.20775938034057617,0.19821429252624512,0.16677777767181395,0.29206493794918065,0.30951768159866333,0,0
fx10,8,4,upper_green_leaf,83,617.92,375,10030.976,9760.0,375,0.20452703535556793,0.1949685513973236,0.16455964148044586,0.28921827971935277,0.3027319610118866,0,0
fx10,8,4,upper_green_leaf,84,620.61,375,10321.28,10032.0,375,0.20152729749679565,0.19247311353683472,0.16271575540304184,0.28346326053142545,0.2946028709411621,0,0
fx10,8,4,upper_green_leaf,85,623.3,375,10575.018666666667,10304.0,375,0.1994355469942093,0.19025759398937225,0.16142016500234604,0.2825747400522232,0.28927117586135864,0,0
fx10,8,4,upper_green_leaf,86,626.0,375,10690.133333333333,10400.0,375,0.1987898349761963,0.18922999501228333,0.16108856350183487,0.2834519296884537,0.28717041015625,0,0
fx10,8,4,upper_green_leaf,87,628.69,375,10631.552,10352.0,375,0.19791817665100098,0.18879354000091553,0.15961484760046005,0.2814535558223724,0.28609272837638855,0,0
fx10,8,4,upper_green_leaf,88,631.39,375,10677.802666666666,10384.0,375,0.1966058611869812,0.18756169080734253,0.15773687660694122,0.28037704825401305,0.2834061086177826,0,0
fx10,8,4,upper_green_leaf,89,634.08,375,10797.952,10496.0,375,0.19508305191993713,0.18616893887519836,0.15790209025144578,0.27781147658824923,0.28012752532958984,0,0
fx10,8,4,upper_green_leaf,90,636.78,375,10871.936,10560.0,375,0.19263987243175507,0.18366864323616028,0.15413457304239273,0.275338014960289,0.2756168842315674,0,0
fx10,8,4,upper_green_leaf,91,639.48,375,10832.213333333333,10560.0,375,0.1895439177751541,0.18143656849861145,0.1512499198317528,0.2710455656051636,0.2727460265159607,0,0
fx10,8,4,upper_green_leaf,92,642.18,375,10782.890666666666,10512.0,375,0.186299666762352,0.17772622406482697,0.14959681481122972,0.2659870386123657,0.2691757082939148,0,0
fx10,8,4,upper_green_leaf,93,644.88,375,10782.677333333333,10496.0,375,0.1826089322566986,0.17466454207897186,0.14650994539260864,0.26277574300765993,0.2645803689956665,0,0
fx10,8,4,upper_green_leaf,94,647.58,375,10882.261333333334,10608.0,375,0.1792997568845749,0.17147856950759888,0.1426537200808525,0.2588570982217789,0.25872206687927246,0,0
fx10,8,4,upper_green_leaf,95,650.29,375,11043.541333333333,10736.0,375,0.17680677771568298,0.16860835254192352,0.14074585884809493,0.2552559465169907,0.2544761896133423,0,0
fx10,8,4,upper_green_leaf,96,652.99,375,11031.168,10768.0,375,0.17522868514060974,0.16774462163448334,0.13893208354711534,0.2534802258014679,0.252821683883667,0,0
fx10,8,4,upper_green_leaf,97,655.69,375,10819.882666666666,10560.0,375,0.17370332777500153,0.1666666716337204,0.13800534158945083,0.2528341203927994,0.25319838523864746,0,0
fx10,8,4,upper_green_leaf,98,658.4,375,10589.781333333332,10336.0,375,0.17229688167572021,0.1651538610458374,0.13750719279050827,0.2507810771465302,0.2545812726020813,0,0
fx10,8,4,upper_green_leaf,99,661.1,375,10496.554666666667,10224.0,375,0.17012055218219757,0.16320212185382843,0.13476044982671737,0.24676395356655123,0.25238853693008423,0,0
fx10,8,4,upper_green_leaf,100,663.81,375,10617.6,10336.0,375,0.1678108423948288,0.16028910875320435,0.13288637548685073,0.24569606631994248,0.24754193425178528,0,0
fx10,8,4,upper_green_leaf,101,666.52,375,10842.624,10576.0,375,0.1655580699443817,0.15856881439685822,0.1299112007021904,0.24424737244844438,0.24277879297733307,0,0
fx10,8,4,upper_green_leaf,102,669.23,375,10991.018666666667,10704.0,375,0.16397343575954437,0.1572900116443634,0.12834794968366622,0.2405855730175972,0.23780705034732819,0,0
fx10,8,4,upper_green_leaf,103,671.94,375,11002.453333333333,10720.0,375,0.1627497375011444,0.15561622381210327,0.1279185578227043,0.2403564378619194,0.23610134422779083,0,0
fx10,8,4,upper_green_leaf,104,674.65,375,10875.392,10624.0,375,0.16252699494361877,0.1553666740655899,0.1268138602375984,0.23934716284275054,0.23733048141002655,0,0
fx10,8,4,upper_green_leaf,105,677.36,375,10849.237333333333,10608.0,375,0.1625385582447052,0.15572458505630493,0.1269923910498619,0.23841306269168855,0.2388649433851242,0,0
fx10,8,4,upper_green_leaf,106,680.07,375,10990.549333333332,10720.0,375,0.1629907190799713,0.15600624680519104,0.1265798255801201,0.23932256698608398,0.2363700270652771,0,0
fx10,8,4,upper_green_leaf,107,682.79,375,11355.605333333333,11072.0,375,0.1632201224565506,0.15571321547031403,0.12742477059364318,0.2408395603299141,0.2337837815284729,0,0
fx10,8,4,upper_green_leaf,108,685.5,375,11841.749333333333,11488.0,375,0.16539596021175385,0.1580342948436737,0.1301494225859642,0.24547908604145052,0.23143963515758514,0,0
fx10,8,4,upper_green_leaf,109,688.22,375,12301.098666666667,11904.0,375,0.1699313074350357,0.16203227639198303,0.1328865483403206,0.24931319504976274,0.23316551744937897,0,0
fx10,8,4,upper_green_leaf,110,690.93,375,12676.48,12272.0,375,0.17881879210472107,0.16963064670562744,0.14048583954572677,0.26024672389030457,0.24022698402404785,0,0
fx10,8,4,upper_green_leaf,111,693.65,375,13135.232,12656.0,375,0.1938110888004303,0.18363763391971588,0.15256946086883544,0.279964879155159,0.25462740659713745,0,0
fx10,8,4,upper_green_leaf,112,696.37,375,13711.872,13184.0,375,0.215300053358078,0.20236337184906006,0.1710656002163887,0.3074534863233567,0.27492445707321167,0,0
fx10,8,4,upper_green_leaf,113,699.09,375,14802.56,14256.0,375,0.24449992179870605,0.23114264011383057,0.19323657900094987,0.34272372126579287,0.3015603721141815,0,0
fx10,8,4,upper_green_leaf,114,701.81,375,16511.872,15984.0,375,0.2767929136753082,0.2633790075778961,0.21620492935180663,0.3810997933149338,0.33044925332069397,0,0
fx10,8,4,upper_green_leaf,115,704.53,375,18693.205333333335,18160.0,375,0.31257447600364685,0.300454705953598,0.2459152400493622,0.42444002330303193,0.36124324798583984,0,0
fx10,8,4,upper_green_leaf,116,707.25,375,21137.706666666665,20608.0,375,0.3492088317871094,0.33817392587661743,0.27080140113830564,0.4692903906106949,0.3931832015514374,0,0
fx10,8,4,upper_green_leaf,117,709.97,375,23496.192,22944.0,375,0.38621610403060913,0.3748593330383301,0.305041441321373,0.5113626420497894,0.42470812797546387,0,0
fx10,8,4,upper_green_leaf,118,712.7,375,25553.322666666667,25024.0,375,0.423289954662323,0.4129321277141571,0.33535520136356356,0.5548861265182495,0.4599149823188782,0,0
fx10,8,4,upper_green_leaf,119,715.42,375,27300.906666666666,26800.0,375,0.46080559492111206,0.45101842284202576,0.37094391584396363,0.6001567900180816,0.49449095129966736,0,0
fx10,8,4,upper_green_leaf,120,718.15,375,28954.922666666665,28384.0,375,0.4987216889858246,0.4871752858161926,0.40259524881839753,0.6450858175754547,0.5283862352371216,0,0
fx10,8,4,upper_green_leaf,121,720.87,375,30868.608,30352.0,375,0.5361250042915344,0.5263327956199646,0.43482728600502013,0.6879953384399415,0.5647583603858948,0,0
fx10,8,4,upper_green_leaf,122,723.6,375,33230.037333333334,32656.0,375,0.5722417235374451,0.5617303252220154,0.4694673836231232,0.7322473347187043,0.5960419178009033,0,0
fx10,8,4,upper_green_leaf,123,726.33,375,35679.14666666667,35056.0,375,0.6057170629501343,0.591928243637085,0.49765952825546267,0.7693255841732025,0.6229461431503296,0,0
fx10,8,4,upper_green_leaf,124,729.06,375,38059.94666666666,37328.0,375,0.6359878182411194,0.6216744184494019,0.5279398560523987,0.8015889883041383,0.6496565341949463,0,0
fx10,8,4,upper_green_leaf,125,731.79,375,40005.333333333336,39264.0,374,0.6601596474647522,0.6466271877288818,0.5504195064306259,0.8286625921726226,0.6727166175842285,1,0
fx10,8,4,upper_green_leaf,126,734.52,375,41383.33866666667,40720.0,373,0.6809860467910767,0.671511173248291,0.5678431510925293,0.8508943080902098,0.6956163048744202,2,0
fx10,8,4,upper_green_leaf,127,737.25,375,42263.509333333335,41616.0,373,0.6994554400444031,0.6900619268417358,0.5807578325271606,0.8674945950508117,0.7126059532165527,2,0
fx10,8,4,upper_green_leaf,128,739.98,375,42908.88533333333,42192.0,373,0.7146148085594177,0.7052881717681885,0.5955507397651673,0.8863340973854065,0.7268493175506592,2,0
fx10,8,4,upper_green_leaf,129,742.72,375,43378.688,42704.0,373,0.7264323234558105,0.7164313793182373,0.6061721563339233,0.9002021551132201,0.7383728623390198,2,0
fx10,8,4,upper_green_leaf,130,745.45,375,43852.37333333334,43072.0,372,0.7354873418807983,0.7252451777458191,0.6143644511699676,0.9092659533023834,0.7457790970802307,3,0
fx10,8,4,upper_green_leaf,131,748.19,375,44179.28533333333,43344.0,372,0.7434503436088562,0.7321933507919312,0.6188756138086319,0.9147584795951843,0.7521592378616333,3,0
fx10,8,4,upper_green_leaf,132,750.93,375,44331.73333333333,43536.0,372,0.7498549818992615,0.7396602034568787,0.6235276490449906,0.9259641885757446,0.7591137886047363,3,0
fx10,8,4,upper_green_leaf,133,753.66,375,44495.104,43712.0,372,0.7550711631774902,0.7439990043640137,0.6296066462993621,0.9316574692726135,0.7635706067085266,3,0
fx10,8,4,upper_green_leaf,134,756.4,375,44696.064,43920.0,372,0.7589878439903259,0.7462483644485474,0.6321729898452759,0.9364826768636704,0.7654887437820435,3,0
fx10,8,4,upper_green_leaf,135,759.14,375,45076.05333333334,44272.0,372,0.7620925903320312,0.7517173886299133,0.6342735648155212,0.941431763768196,0.770121157169342,3,0
fx10,8,4,upper_green_leaf,136,761.88,375,45631.274666666664,44944.0,372,0.764618992805481,0.7539125680923462,0.6378659695386887,0.9449896275997162,0.7724707722663879,3,0
fx10,8,4,upper_green_leaf,137,764.62,375,46128.768,45328.0,372,0.7669675946235657,0.7552980184555054,0.6371639907360077,0.9467942178249359,0.7738039493560791,3,0
fx10,8,4,upper_green_leaf,138,767.36,375,46341.80266666667,45648.0,371,0.7678252458572388,0.758701741695404,0.6408266723155975,0.9464651346206665,0.7764321565628052,4,0
fx10,8,4,upper_green_leaf,139,770.11,375,45993.51466666667,45184.0,372,0.7702412009239197,0.75876384973526,0.6413217931985855,0.9527815014123916,0.7765524983406067,3,0
fx10,8,4,upper_green_leaf,140,772.85,375,45182.293333333335,44432.0,372,0.7705433964729309,0.7586253881454468,0.6423669904470444,0.949834582209587,0.77678382396698,3,0
fx10,8,4,upper_green_leaf,141,775.6,375,44153.81333333333,43280.0,372,0.7710170745849609,0.7606008052825928,0.6424945414066314,0.9507859081029891,0.7790067195892334,3,0
fx10,8,4,upper_green_leaf,142,778.34,375,43287.46666666667,42512.0,373,0.772941529750824,0.759265124797821,0.6434157490730286,0.9585322618484496,0.7786192893981934,2,0
fx10,8,4,upper_green_leaf,143,781.09,375,42982.613333333335,42208.0,373,0.773284912109375,0.7611128687858582,0.6428754806518555,0.9589584350585937,0.7798069715499878,2,0
fx10,8,4,upper_green_leaf,144,783.84,375,43423.573333333334,42640.0,373,0.7747295498847961,0.7616020441055298,0.6444303512573242,0.9622663140296935,0.7804449796676636,2,0
fx10,8,4,upper_green_leaf,145,786.58,375,44362.026666666665,43600.0,372,0.7744068503379822,0.7618896961212158,0.6443102598190308,0.9546396672725677,0.7801698446273804,3,0
fx10,8,4,upper_green_leaf,146,789.33,375,45451.392,44672.0,372,0.7757276296615601,0.7635100483894348,0.6480215281248093,0.9543029367923735,0.7814487814903259,3,0
fx10,8,4,upper_green_leaf,147,792.08,375,46174.634666666665,45520.0,371,0.7760295867919922,0.7656273245811462,0.6485216319561005,0.9545753300189972,0.7830410003662109,4,0
fx10,8,4,upper_green_leaf,148,794.84,375,46280.91733333333,45536.0,371,0.7763609290122986,0.7647584676742554,0.6494853794574738,0.9524217247962952,0.782464861869812,4,0
fx10,8,4,upper_green_leaf,149,797.59,375,45582.933333333334,44784.0,372,0.777523398399353,0.7658362984657288,0.6481031209230423,0.9586499005556106,0.7837644815444946,3,0
fx10,8,4,upper_green_leaf,150,800.34,375,44196.778666666665,43456.0,373,0.7786107659339905,0.7669903039932251,0.650260055065155,0.9623208403587341,0.7852300405502319,2,0
fx10,8,4,upper_green_leaf,151,803.1,375,42441.55733333333,41744.0,373,0.7782491445541382,0.764782726764679,0.6474284172058106,0.9647341609001159,0.7840048670768738,2,0
fx10,8,4,upper_green_leaf,152,805.85,375,40849.92,40144.0,374,0.779191792011261,0.7639882564544678,0.6483644247055054,0.9677469134330748,0.7839400172233582,1,0
fx10,8,4,upper_green_leaf,153,808.61,375,39883.477333333336,39216.0,374,0.7791661620140076,0.7646588087081909,0.6479699701070786,0.9703655928373336,0.7850661277770996,1,0
fx10,8,4,upper_green_leaf,154,811.36,375,39651.11466666667,38944.0,375,0.7809256911277771,0.7647474408149719,0.6485627889633179,0.9712353885173798,0.7852997779846191,0,0
fx10,8,4,upper_green_leaf,155,814.12,375,40108.416,39376.0,374,0.7803496718406677,0.765697717666626,0.6460704445838928,0.9701734989881514,0.7858977317810059,1,0
fx10,8,4,upper_green_leaf,156,816.88,375,40923.34933333333,40224.0,374,0.7816407084465027,0.7669571042060852,0.6503420442342758,0.9696762859821318,0.7863324284553528,1,0
fx10,8,4,upper_green_leaf,157,819.64,375,41885.184,41152.0,373,0.781062126159668,0.7671369314193726,0.6518172144889831,0.9685293316841125,0.786052942276001,2,0
fx10,8,4,upper_green_leaf,158,822.4,375,42507.306666666664,41760.0,373,0.7818582057952881,0.7684486508369446,0.6517325282096863,0.9674807786941526,0.787131667137146,2,0
fx10,8,4,upper_green_leaf,159,825.16,375,42665.685333333335,41872.0,373,0.7824133634567261,0.7682445645332336,0.6523563265800476,0.9662892580032347,0.7872211933135986,2,0
fx10,8,4,upper_green_leaf,160,827.92,375,42223.274666666664,41520.0,373,0.7821491360664368,0.7696620225906372,0.6526306390762329,0.9682827949523924,0.7886339426040649,2,0
fx10,8,4,upper_green_leaf,161,830.69,375,41379.541333333334,40640.0,373,0.7819125652313232,0.7697490453720093,0.6521445512771606,0.9658664345741271,0.7888802886009216,2,0
fx10,8,4,upper_green_leaf,162,833.45,375,40345.856,39648.0,374,0.7828269600868225,0.7683222889900208,0.6515895098447799,0.9719822973012924,0.7881194353103638,1,0
fx10,8,4,upper_green_leaf,163,836.22,375,39504.0,38800.0,375,0.7839008569717407,0.7677488327026367,0.652031946182251,0.9713947832584381,0.7879478931427002,0,0
fx10,8,4,upper_green_leaf,164,838.98,375,39032.23466666666,38288.0,375,0.7841877341270447,0.7668524384498596,0.6505788564682007,0.9724697291851043,0.7873808741569519,0,0
fx10,8,4,upper_green_leaf,165,841.75,375,39017.51466666667,38304.0,375,0.7848339080810547,0.7692584991455078,0.6507933914661408,0.9737086296081543,0.7894650101661682,0,0
fx10,8,4,upper_green_leaf,166,844.52,375,39391.104,38672.0,375,0.7855451107025146,0.7699999809265137,0.6532318234443665,0.974781847000122,0.790243923664093,0,0
fx10,8,4,upper_green_leaf,167,847.29,375,40018.261333333336,39280.0,374,0.7848117351531982,0.7703260183334351,0.653051134943962,0.9700133234262465,0.7899683713912964,1,0
fx10,8,4,upper_green_leaf,168,850.06,375,40609.536,39824.0,374,0.7855846285820007,0.7714956998825073,0.6521801620721817,0.9728302389383315,0.7914184331893921,1,0
fx10,8,4,upper_green_leaf,169,852.83,375,41122.261333333336,40400.0,374,0.7862548828125,0.771170973777771,0.653565326333046,0.9729163169860839,0.7913205027580261,1,0
fx10,8,4,upper_green_leaf,170,855.6,375,41258.15466666667,40544.0,373,0.7854710817337036,0.7734919190406799,0.6554149985313416,0.9682334184646606,0.7928515672683716,2,0
fx10,8,4,upper_green_leaf,171,858.37,375,41130.70933333333,40400.0,373,0.7858580946922302,0.7720323204994202,0.656007981300354,0.9677867293357848,0.7918956875801086,2,0
fx10,8,4,upper_green_leaf,172,861.14,375,40725.16266666666,40064.0,374,0.7872896194458008,0.7732285261154175,0.6563275992870331,0.9713723152875899,0.7926952838897705,1,0
fx10,8,4,upper_green_leaf,173,863.92,375,40013.738666666664,39296.0,374,0.78701251745224,0.7723115682601929,0.6564565867185592,0.971890315413475,0.7923276424407959,1,0
fx10,8,4,upper_green_leaf,174,866.69,375,39141.12,38448.0,375,0.7877127528190613,0.771345853805542,0.6556351900100708,0.9738333761692047,0.7918999195098877,0,0
fx10,8,4,upper_green_leaf,175,869.47,375,38300.07466666667,37616.0,375,0.7879711985588074,0.7709185481071472,0.6549629509449005,0.9733209013938904,0.7916807532310486,0,0
fx10,8,4,upper_green_leaf,176,872.25,375,37515.306666666664,36800.0,375,0.7879607677459717,0.7719364762306213,0.6544406712055206,0.972518664598465,0.7926409840583801,0,0
fx10,8,4,upper_green_leaf,177,875.03,375,36895.31733333333,36240.0,375,0.7879273891448975,0.7725155353546143,0.6569326400756836,0.9721381425857544,0.7944532036781311,0,0
fx10,8,4,upper_green_leaf,178,877.8,375,36396.33066666667,35712.0,375,0.7879217863082886,0.7699586153030396,0.6554518222808838,0.974405986070633,0.7922378778457642,0,0
fx10,8,4,upper_green_leaf,179,880.58,375,36136.064,35504.0,375,0.7883603572845459,0.7720617055892944,0.6557263851165771,0.9775436103343964,0.7944225668907166,0,0
fx10,8,4,upper_green_leaf,180,883.37,375,35979.306666666664,35376.0,375,0.7889208197593689,0.7727815508842468,0.6557058274745942,0.9726974964141846,0.7954138517379761,0,0
fx10,8,4,upper_green_leaf,181,886.15,375,35942.869333333336,35280.0,375,0.7893981337547302,0.7735773921012878,0.6595341265201569,0.9752626597881318,0.7957645654678345,0,0
fx10,8,4,upper_green_leaf,182,888.93,375,35951.44533333334,35312.0,375,0.789644181728363,0.7728542685508728,0.655967915058136,0.9766239106655121,0.7952501177787781,0,0
fx10,8,4,upper_green_leaf,183,891.71,375,35873.57866666667,35232.0,375,0.7900110483169556,0.7742840051651001,0.6577385723590851,0.9762954413890839,0.7961412668228149,0,0
fx10,8,4,upper_green_leaf,184,894.5,375,35667.2,35008.0,375,0.7902138829231262,0.7744542956352234,0.6591937482357025,0.9748535752296448,0.7964988946914673,0,0
fx10,8,4,upper_green_leaf,185,897.28,375,35275.562666666665,34640.0,375,0.7908149361610413,0.7735306024551392,0.6588527441024781,0.9778172075748445,0.7958503365516663,0,0
fx10,8,4,upper_green_leaf,186,900.07,375,34663.424,34032.0,375,0.7908369898796082,0.7746772170066833,0.6604250967502594,0.9744926691055298,0.7972263693809509,0,0
fx10,8,4,upper_green_leaf,187,902.86,375,33928.448,33280.0,375,0.7907283306121826,0.7740281820297241,0.6586650848388672,0.9765261828899384,0.7975506782531738,0,0
fx10,8,4,upper_green_leaf,188,905.64,375,32969.045333333335,32320.0,375,0.7902895212173462,0.7729277014732361,0.6566240549087524,0.9739666342735291,0.797164261341095,0,0
fx10,8,4,upper_green_leaf,189,908.43,375,31994.02666666667,31392.0,375,0.7893940210342407,0.7733575701713562,0.6583642780780792,0.9693744361400605,0.7983822226524353,0,0
fx10,8,4,upper_green_leaf,190,911.22,375,31051.818666666666,30464.0,375,0.7887012362480164,0.772104024887085,0.6560947895050049,0.9706622362136842,0.79798823595047,0,0
fx10,8,4,upper_green_leaf,191,914.02,375,30286.72,29664.0,375,0.7880444526672363,0.7734242081642151,0.6544780194759369,0.9720330595970155,0.7998278141021729,0,0
fx10,8,4,upper_green_leaf,192,916.81,375,29690.02666666667,29152.0,375,0.7874922156333923,0.7698412537574768,0.6580933332443237,0.970920604467392,0.7979820370674133,0,0
fx10,8,4,upper_green_leaf,193,919.6,375,29350.613333333335,28880.0,375,0.7869119644165039,0.7720533013343811,0.6562046527862548,0.9692760229110718,0.7993806600570679,0,0
fx10,8,4,upper_green_leaf,194,922.39,375,29270.229333333333,28688.0,375,0.7866246700286865,0.7685302495956421,0.6563430786132812,0.967311328649521,0.7960000038146973,0,0
fx10,8,4,upper_green_leaf,195,925.19,375,29234.986666666668,28720.0,375,0.7860963344573975,0.7690374255180359,0.6544555604457856,0.96798694729805,0.796726405620575,0,0
fx10,8,4,upper_green_leaf,196,927.98,375,29212.032,28704.0,375,0.7855439186096191,0.7680646777153015,0.6520230948925019,0.9663474798202515,0.7962716221809387,0,0
fx10,8,4,upper_green_leaf,197,930.78,375,29085.141333333333,28528.0,375,0.7846222519874573,0.7684076428413391,0.6534111082553864,0.9649779081344605,0.7964165806770325,0,0
fx10,8,4,upper_green_leaf,198,933.58,375,28778.368,28272.0,375,0.783247709274292,0.7665198445320129,0.6539557874202728,0.9611848115921021,0.7951807379722595,0,0
fx10,8,4,upper_green_leaf,199,936.38,375,28262.784,27776.0,375,0.7818460464477539,0.7648902535438538,0.6476006984710694,0.9597323000431062,0.7939421534538269,0,0
fx10,8,4,upper_green_leaf,200,939.18,375,27606.997333333333,27136.0,375,0.7804228663444519,0.7631579041481018,0.6508300244808197,0.9610414206981659,0.7932489514350891,0,0
fx10,8,4,upper_green_leaf,201,941.98,375,26644.906666666666,26160.0,375,0.7780091762542725,0.7620111703872681,0.6484375,0.9539419353008272,0.7936893105506897,0,0
fx10,8,4,upper_green_leaf,202,944.78,375,25510.016,25040.0,375,0.7754903435707092,0.7587020397186279,0.6476021647453308,0.9512931048870087,0.7918574810028076,0,0
fx10,8,4,upper_green_leaf,203,947.58,375,24269.738666666668,23792.0,375,0.7722591161727905,0.7545878887176514,0.6449813842773438,0.9536332130432129,0.7893190979957581,0,0
fx10,8,4,upper_green_leaf,204,950.38,375,23025.237333333334,22608.0,375,0.7685157656669617,0.7527164816856384,0.642565780878067,0.9453538715839387,0.7898876667022705,0,0
fx10,8,4,upper_green_leaf,205,953.19,375,21931.178666666667,21584.0,375,0.7641842365264893,0.7486187815666199,0.640440845489502,0.9397871553897859,0.7884950637817383,0,0
fx10,8,4,upper_green_leaf,206,955.99,375,20954.368,20624.0,375,0.759816586971283,0.7448680400848389,0.6363475918769836,0.9355146884918214,0.7868952751159668,0,0
fx10,8,4,upper_green_leaf,207,958.8,375,20228.138666666666,19872.0,375,0.7566065192222595,0.740121603012085,0.632139652967453,0.9322630107402802,0.7845862507820129,0,0
fx10,8,4,upper_green_leaf,208,961.6,375,19666.389333333333,19312.0,375,0.7541131377220154,0.73854660987854,0.6299021422863007,0.9320664048194885,0.7843648195266724,0,0
fx10,8,4,upper_green_leaf,209,964.41,375,19251.754666666668,18928.0,375,0.7529017925262451,0.7363781929016113,0.6280530989170074,0.9256188273429871,0.7838104367256165,0,0
fx10,8,4,upper_green_leaf,210,967.22,375,18943.530666666666,18624.0,375,0.7521398067474365,0.7363225221633911,0.6254452407360077,0.9232663929462434,0.7838383913040161,0,0
fx10,8,4,upper_green_leaf,211,970.03,375,18695.125333333333,18416.0,375,0.752223789691925,0.7363598346710205,0.6323849558830261,0.9214295387268067,0.7842069268226624,0,0
fx10,8,4,upper_green_leaf,212,972.84,375,18428.501333333334,18144.0,375,0.7526057958602905,0.7368420958518982,0.6321226358413696,0.9236623108386993,0.7865013480186462,0,0
fx10,8,4,upper_green_leaf,213,975.65,375,18142.208,17888.0,375,0.7526168823242188,0.7380330562591553,0.6300126075744629,0.9256540060043336,0.7878788113594055,0,0
fx10,8,4,upper_green_leaf,214,978.46,375,17726.848,17440.0,375,0.7535433173179626,0.737364649772644,0.6304881572723389,0.9251475095748902,0.7887324094772339,0,0
fx10,8,4,upper_green_leaf,215,981.27,375,17279.488,17008.0,375,0.7540673613548279,0.7387640476226807,0.6340998709201813,0.923687219619751,0.7920058965682983,0,0
fx10,8,4,upper_green_leaf,216,984.09,375,16723.157333333333,16464.0,375,0.7552177906036377,0.738959789276123,0.6328339397907257,0.9239391684532166,0.7942768931388855,0,0
fx10,8,4,upper_green_leaf,217,986.9,375,16105.557333333334,15888.0,375,0.7557243704795837,0.7393561601638794,0.6336135029792785,0.9247811734676361,0.7961476445198059,0,0
fx10,8,4,upper_green_leaf,218,989.72,375,15466.112,15232.0,375,0.7567154765129089,0.7393674850463867,0.6343511462211608,0.9274726867675781,0.7986491918563843,0,0
fx10,8,4,upper_green_leaf,219,992.54,375,14865.493333333334,14688.0,375,0.7582840323448181,0.7442660331726074,0.6369053065776825,0.9301102638244629,0.8057491183280945,0,0
fx10,8,4,upper_green_leaf,220,995.35,375,14302.464,14096.0,375,0.7598603367805481,0.7432762980461121,0.6359296441078186,0.9321058630943299,0.808080792427063,0,0
fx10,8,4,upper_green_leaf,221,998.17,375,13775.957333333334,13568.0,375,0.761980414390564,0.744516134262085,0.6456773996353149,0.928723043203354,0.811302661895752,0,0
fx10,8,4,upper_green_leaf,222,1000.99,375,13356.202666666666,13152.0,375,0.7624106407165527,0.7459239363670349,0.6392725765705108,0.9349826157093049,0.8143712282180786,0,0
fx10,8,4,upper_green_leaf,223,1003.81,375,13308.032,13120.0,375,0.7621404528617859,0.7461069822311401,0.6383764445781708,0.9327904045581819,0.8140108585357666,0,0
fx10,9,4,lower_green_leaf,0,397.66,417,5095.443645083933,5104.0,417,0.6696942448616028,0.6811594367027283,0.5340513706207275,0.7887324094772339,0.9351032376289368,0,0
fx10,9,4,lower_green_leaf,1,400.28,417,5056.383693045564,5056.0,417,0.6703179478645325,0.6760563254356384,0.5630330085754395,0.7746478915214539,0.9321534037590027,0,0
fx10,9,4,lower_green_leaf,2,402.9,417,5114.896882494005,5120.0,417,0.6526095271110535,0.653333306312561,0.54666668176651,0.7432432174682617,0.9252873659133911,0,0
fx10,9,4,lower_green_leaf,3,405.52,417,5108.220623501199,5104.0,417,0.6384090781211853,0.6410256624221802,0.5324675440788269,0.7307692170143127,0.9193083643913269,0,0
fx10,9,4,lower_green_leaf,4,408.13,417,5138.6091127098325,5136.0,417,0.6234227418899536,0.6265060305595398,0.5308641791343689,0.7108433842658997,0.9137930870056152,0,0
fx10,9,4,lower_green_leaf,5,410.75,417,5174.9448441247005,5184.0,417,0.608691930770874,0.6117647290229797,0.5164432525634766,0.6908703088760375,0.9067796468734741,0,0
fx10,9,4,lower_green_leaf,6,413.37,417,5212.201438848921,5216.0,417,0.5984480381011963,0.6067415475845337,0.5056179761886597,0.6787924647331237,0.9019607901573181,0,0
fx10,9,4,lower_green_leaf,7,416.0,417,5204.182254196643,5200.0,417,0.5916179418563843,0.5913978219032288,0.5161290168762207,0.6703296899795532,0.8950276374816895,0,0
fx10,9,4,lower_green_leaf,8,418.62,417,5233.99520383693,5232.0,417,0.5793044567108154,0.5833333134651184,0.5052414417266846,0.65625,0.8904109597206116,0,0
fx10,9,4,lower_green_leaf,9,421.24,417,5228.354916067146,5232.0,417,0.5705615282058716,0.5757575631141663,0.49494948983192444,0.6464646458625793,0.8856382966041565,0,0
fx10,9,4,lower_green_leaf,10,423.86,417,5290.896882494005,5280.0,417,0.569987952709198,0.5728155374526978,0.49514561891555786,0.6435643434524536,0.8829787373542786,0,0
fx10,9,4,lower_green_leaf,11,426.49,417,5286.062350119904,5280.0,417,0.5579993724822998,0.5566037893295288,0.4850813508033752,0.6320754885673523,0.875,0,0
fx10,9,4,lower_green_leaf,12,429.12,417,5329.304556354916,5328.0,417,0.5467387437820435,0.5495495200157166,0.46816683411598203,0.6216216087341309,0.8684210777282715,0,0
fx10,9,4,lower_green_leaf,13,431.74,417,5349.026378896882,5344.0,417,0.5414918065071106,0.5384615659713745,0.470085471868515,0.6122083544731141,0.8616188168525696,0,0
fx10,9,4,lower_green_leaf,14,434.37,417,5380.067146282973,5376.0,417,0.5268584489822388,0.524193525314331,0.45528456568717957,0.6016260385513306,0.850632905960083,0,0
fx10,9,4,lower_green_leaf,15,437.0,417,5411.299760191847,5424.0,417,0.5100309252738953,0.5111111402511597,0.43795621395111084,0.5820895433425903,0.8365853428840637,0,0
fx10,9,4,lower_green_leaf,16,439.63,417,5446.484412470024,5440.0,417,0.49991369247436523,0.4965035021305084,0.42957746982574463,0.5706237435340881,0.8264058828353882,0,0
fx10,9,4,lower_green_leaf,17,442.26,417,5553.6115107913665,5552.0,417,0.48624560236930847,0.4838709533214569,0.41721853613853455,0.5584118962287903,0.8139534592628479,0,0
fx10,9,4,lower_green_leaf,18,444.89,417,5620.757793764988,5616.0,417,0.47548845410346985,0.47590360045433044,0.40963855385780334,0.539393961429596,0.8022727370262146,0,0
fx10,9,4,lower_green_leaf,19,447.52,417,5640.249400479616,5632.0,417,0.4708876311779022,0.46857142448425293,0.3965517282485962,0.5409155011177063,0.792792797088623,0,0
fx10,9,4,lower_green_leaf,20,450.16,417,5714.455635491607,5712.0,417,0.46117475628852844,0.4590163826942444,0.385869562625885,0.5308311343193054,0.7830802798271179,0,0
fx10,9,4,lower_green_leaf,21,452.79,417,5700.297362110312,5696.0,417,0.4554538428783417,0.45502644777297974,0.38396416902542113,0.5240641832351685,0.7748917937278748,0,0
fx10,9,4,lower_green_leaf,22,455.43,417,5768.556354916067,5776.0,417,0.45186272263526917,0.4512820541858673,0.3761578261852264,0.5206303238868714,0.7705262899398804,0,0
fx10,9,4,lower_green_leaf,23,458.06,417,5806.196642685852,5808.0,417,0.44971293210983276,0.4482758641242981,0.3762376308441162,0.5232732772827149,0.7644628286361694,0,0
fx10,9,4,lower_green_leaf,24,460.7,417,5780.681055155876,5776.0,417,0.44637542963027954,0.4455445408821106,0.3777350902557373,0.5198019742965698,0.7635206580162048,0,0
fx10,9,4,lower_green_leaf,25,463.34,417,5778.954436450839,5776.0,417,0.44535404443740845,0.44337350130081177,0.3701923191547394,0.5219511985778809,0.7573839426040649,0,0
fx10,9,4,lower_green_leaf,26,465.98,417,5880.326139088729,5888.0,417,0.43668267130851746,0.4363636374473572,0.3652553379535675,0.5049816489219665,0.7474541664123535,0,0
fx10,9,4,lower_green_leaf,27,468.62,417,5937.5347721822545,5920.0,417,0.43702808022499084,0.4363636374473572,0.36010646224021914,0.5089446783065796,0.7465346455574036,0,0
fx10,9,4,lower_green_leaf,28,471.26,417,5975.021582733813,5952.0,417,0.43186134099960327,0.43171805143356323,0.36563876271247864,0.5068180918693542,0.7424547076225281,0,0
fx10,9,4,lower_green_leaf,29,473.9,417,6007.098321342925,6016.0,417,0.4197341501712799,0.41532257199287415,0.3327957093715668,0.49899396300315857,0.7211538553237915,0,0
fx10,9,4,lower_green_leaf,30,476.54,417,6059.127098321343,6048.0,417,0.41554394364356995,0.4137931168079376,0.3335809826850891,0.49923808574676515,0.7104030251502991,0,0
fx10,9,4,lower_green_leaf,31,479.18,417,6109.851318944844,6096.0,417,0.41059255599975586,0.4095940887928009,0.32888888716697695,0.4874456703662872,0.706099808216095,0,0
fx10,9,4,lower_green_leaf,32,481.83,417,6201.093525179856,6192.0,417,0.4012814462184906,0.3986254334449768,0.318428772687912,0.4813559353351593,0.6869955062866211,0,0
fx10,9,4,lower_green_leaf,33,484.47,417,6351.079136690648,6336.0,417,0.39359375834465027,0.3918495178222656,0.3023174524307251,0.4733542203903198,0.6700854897499084,0,0
fx10,9,4,lower_green_leaf,34,487.12,417,6392.249400479616,6384.0,417,0.389216810464859,0.3891402781009674,0.3011142373085022,0.4693859577178955,0.6633744835853577,0,0
fx10,9,4,lower_green_leaf,35,489.77,417,6458.935251798561,6464.0,417,0.38358867168426514,0.38395416736602783,0.29489277601242064,0.46268637776374816,0.6525974273681641,0,0
fx10,9,4,lower_green_leaf,36,492.42,417,6619.2038369304555,6608.0,417,0.376465380191803,0.3773086965084076,0.28676811456680296,0.4594289183616638,0.6365030407905579,0,0
fx10,9,4,lower_green_leaf,37,495.07,417,6717.045563549161,6720.0,417,0.37368547916412354,0.37359899282455444,0.2717313528060913,0.45750001072883606,0.6265060305595398,0,0
fx10,9,4,lower_green_leaf,38,497.72,417,6800.115107913669,6800.0,417,0.37000808119773865,0.3689320385456085,0.2742168664932251,0.455031418800354,0.6193264722824097,0,0
fx10,9,4,lower_green_leaf,39,500.37,417,6904.364508393285,6896.0,417,0.3667530119419098,0.3661327362060547,0.27737651467323304,0.45087074041366576,0.608146071434021,0,0
fx10,9,4,lower_green_leaf,40,503.02,417,6961.880095923261,6960.0,417,0.36448752880096436,0.36343613266944885,0.2717149257659912,0.44852107763290405,0.6033519506454468,0,0
fx10,9,4,lower_green_leaf,41,505.67,417,6957.659472422062,6944.0,417,0.36446887254714966,0.3636363744735718,0.2706401765346527,0.44533091783523554,0.6011080145835876,0,0
fx10,9,4,lower_green_leaf,42,508.32,417,7078.752997601919,7088.0,417,0.3637881875038147,0.3636363744735718,0.26711193919181825,0.4458598792552948,0.597278892993927,0,0
fx10,9,4,lower_green_leaf,43,510.98,417,7207.712230215828,7216.0,417,0.3627167344093323,0.36234816908836365,0.2679297924041748,0.44719725251197817,0.5890766978263855,0,0
fx10,9,4,lower_green_leaf,44,513.63,417,7239.251798561151,7248.0,417,0.36466625332832336,0.3651115596294403,0.2661290466785431,0.4486921429634094,0.5899934768676758,0,0
fx10,9,4,lower_green_leaf,45,516.29,417,7268.7961630695445,7296.0,417,0.36721405386924744,0.36895161867141724,0.2715856432914734,0.4504237771034241,0.5936487317085266,0,0
fx10,9,4,lower_green_leaf,46,518.95,417,7429.678657074341,7424.0,417,0.37042897939682007,0.3721373975276947,0.2725155115127563,0.45492892265319823,0.5855513215065002,0,0
fx10,9,4,lower_green_leaf,47,521.61,417,7661.928057553957,7680.0,417,0.3726857006549835,0.3745519816875458,0.2706384599208832,0.45474061369895935,0.5795180797576904,0,0
fx10,9,4,lower_green_leaf,48,524.27,417,7718.10071942446,7760.0,417,0.3792100250720978,0.38282647728919983,0.2742507100105286,0.4640801608562469,0.5843373537063599,0,0
fx10,9,4,lower_green_leaf,49,526.93,417,7825.6115107913665,7872.0,417,0.38587838411331177,0.39084506034851074,0.28369760513305664,0.46917529702186583,0.5883762836456299,0,0
fx10,9,4,lower_green_leaf,50,529.59,417,8178.53237410072,8240.0,417,0.38757166266441345,0.3938411772251129,0.284099155664444,0.4668186783790588,0.5796610116958618,0,0
fx10,9,4,lower_green_leaf,51,532.25,417,8611.107913669064,8672.0,417,0.38762763142585754,0.3944686949253082,0.27391305565834045,0.470211797952652,0.5646687746047974,0,0
fx10,9,4,lower_green_leaf,52,534.91,417,8864.42206235012,8928.0,417,0.3888772428035736,0.3947368562221527,0.2737734138965607,0.4757173895835876,0.5591182112693787,0,0
fx10,9,4,lower_green_leaf,53,537.57,417,8933.79376498801,9008.0,417,0.3907950818538666,0.3978201746940613,0.27302247285842896,0.4750109136104584,0.559440553188324,0,0
fx10,9,4,lower_green_leaf,54,540.24,417,9173.141486810551,9264.0,417,0.3909189701080322,0.39896708726882935,0.27979195713996885,0.4747557699680328,0.554973840713501,0,0
fx10,9,4,lower_green_leaf,55,542.91,417,9546.01438848921,9632.0,417,0.38921380043029785,0.3976190388202667,0.2705796122550964,0.4747837662696838,0.5443094968795776,0,0
fx10,9,4,lower_green_leaf,56,545.57,417,9810.95443645084,9888.0,417,0.3884945511817932,0.39590445160865784,0.273859840631485,0.4741397976875305,0.5374564528465271,0,0
fx10,9,4,lower_green_leaf,57,548.24,417,9889.841726618704,10000.0,417,0.38922959566116333,0.3966480493545532,0.27438450455665586,0.4745575189590454,0.5362937450408936,0,0
fx10,9,4,lower_green_leaf,58,550.91,417,10087.750599520383,10192.0,417,0.38803741335868835,0.3965517282485962,0.269841468334198,0.4720112025737762,0.532608687877655,0,0
fx10,9,4,lower_green_leaf,59,553.58,417,10423.558752997602,10528.0,417,0.3863345682621002,0.39516130089759827,0.2708178460597992,0.4726042449474334,0.524760365486145,0,0
fx10,9,4,lower_green_leaf,60,556.25,417,10704.767386091127,10848.0,417,0.38366246223449707,0.39174267649650574,0.26375077962875365,0.4689546644687652,0.5178707242012024,0,0
fx10,9,4,lower_green_leaf,61,558.92,417,10769.68824940048,10896.0,417,0.38036802411079407,0.3889681398868561,0.26191378235816953,0.4685833752155304,0.5145447850227356,0,0
fx10,9,4,lower_green_leaf,62,561.59,417,10795.47242206235,10944.0,417,0.37598732113838196,0.38425493240356445,0.2590469539165497,0.46359698176383973,0.5092661380767822,0,0
fx10,9,4,lower_green_leaf,63,564.26,417,10884.796163069544,11008.0,417,0.37004607915878296,0.3776978552341461,0.2558004081249237,0.4544295608997345,0.49963846802711487,0,0
fx10,9,4,lower_green_leaf,64,566.94,417,10959.194244604316,11088.0,417,0.3643568158149719,0.37023913860321045,0.25216494798660277,0.45199574232101436,0.4928571283817291,0,0
fx10,9,4,lower_green_leaf,65,569.61,417,10797.237410071943,10896.0,417,0.3580985367298126,0.36355555057525635,0.24609960317611695,0.4472470462322235,0.48685145378112793,0,0
fx10,9,4,lower_green_leaf,66,572.29,417,10702.235011990408,10800.0,417,0.35137736797332764,0.35569286346435547,0.24243493378162384,0.4393280208110809,0.48065316677093506,0,0
fx10,9,4,lower_green_leaf,67,574.96,417,10833.880095923261,10912.0,417,0.3454499840736389,0.34972211718559265,0.23270382285118102,0.4311779797077179,0.47164592146873474,0,0
fx10,9,4,lower_green_leaf,68,577.64,417,11034.551558752997,11088.0,417,0.34005028009414673,0.34292662143707275,0.2268892854452133,0.4290378153324127,0.46133333444595337,0,0
fx10,9,4,lower_green_leaf,69,580.32,417,11006.73381294964,11040.0,417,0.33600807189941406,0.3380281627178192,0.22313082814216614,0.42433329224586486,0.456233412027359,0,0
fx10,9,4,lower_green_leaf,70,583.0,417,10760.134292565946,10784.0,417,0.33374565839767456,0.3358395993709564,0.22430604100227355,0.4234754085540771,0.45807769894599915,0,0
fx10,9,4,lower_green_leaf,71,585.68,417,10589.314148681055,10608.0,417,0.33110710978507996,0.33192211389541626,0.22411586940288544,0.41929542422294613,0.4563206434249878,0,0
fx10,9,4,lower_green_leaf,72,588.36,417,10787.069544364509,10800.0,417,0.32717809081077576,0.32793521881103516,0.2199971079826355,0.4159818410873413,0.44828733801841736,0,0
fx10,9,4,lower_green_leaf,73,591.04,417,11210.513189448442,11216.0,417,0.3243173360824585,0.3247734010219574,0.21703214347362518,0.41118247509002687,0.4393135607242584,0,0
fx10,9,4,lower_green_leaf,74,593.73,417,11485.774580335732,11488.0,417,0.32221949100494385,0.32225432991981506,0.2123154491186142,0.40820223093032837,0.43399637937545776,0,0
fx10,9,4,lower_green_leaf,75,596.41,417,11410.302158273382,11408.0,417,0.32114431262016296,0.32145455479621887,0.21217528581619263,0.41140814423561095,0.4329710006713867,0,0
fx10,9,4,lower_green_leaf,76,599.1,417,11322.666666666666,11296.0,417,0.3200382590293884,0.320381224155426,0.213177153468132,0.4090579152107239,0.43292683362960815,0,0
fx10,9,4,lower_green_leaf,77,601.78,417,11568.038369304557,11536.0,417,0.31844937801361084,0.318502813577652,0.21258686482906342,0.4059628903865814,0.4265402853488922,0,0
fx10,9,4,lower_green_leaf,78,604.47,417,12045.083932853717,12032.0,417,0.3156068027019501,0.31520316004753113,0.210394686460495,0.40235909819602966,0.41763725876808167,0,0
fx10,9,4,lower_green_leaf,79,607.16,417,12501.410071942446,12464.0,417,0.31269246339797974,0.3114250600337982,0.20721712708473206,0.3999748706817627,0.409411758184433,0,0
fx10,9,4,lower_green_leaf,80,609.85,417,12600.249400479617,12576.0,417,0.3105388879776001,0.3091180920600891,0.20493730306625366,0.3980963289737701,0.40561622381210327,0,0
fx10,9,4,lower_green_leaf,81,612.53,417,12455.443645083933,12384.0,417,0.30848488211631775,0.30666667222976685,0.203207266330719,0.39649741649627684,0.40458810329437256,0,0
fx10,9,4,lower_green_leaf,82,615.23,417,12409.515587529975,12352.0,417,0.3059670925140381,0.30407240986824036,0.2022322803735733,0.3937036871910095,0.40186673402786255,0,0
fx10,9,4,lower_green_leaf,83,617.92,417,12718.657074340528,12640.0,417,0.30325010418891907,0.3005512058734894,0.19886851608753203,0.3915116310119629,0.39540690183639526,0,0
fx10,9,4,lower_green_leaf,84,620.61,417,13220.143884892086,13120.0,417,0.3009408712387085,0.2978260815143585,0.19288409650325775,0.38989604711532594,0.3879392147064209,0,0
fx10,9,4,lower_green_leaf,85,623.3,417,13607.904076738609,13504.0,417,0.2994060218334198,0.29593411087989807,0.1949844092130661,0.39074844121932983,0.3821656107902527,0,0
fx10,9,4,lower_green_leaf,86,626.0,417,13719.136690647481,13584.0,417,0.2982149124145508,0.2946564853191376,0.19235934913158417,0.38992204070091246,0.3796958923339844,0,0
fx10,9,4,lower_green_leaf,87,628.69,417,13697.841726618704,13568.0,417,0.2974536716938019,0.29392319917678833,0.19483021199703218,0.38833049535751335,0.37845057249069214,0,0
fx10,9,4,lower_green_leaf,88,631.39,417,13812.834532374101,13696.0,417,0.296613872051239,0.2930861711502075,0.194388484954834,0.3896494507789612,0.37742504477500916,0,0
fx10,9,4,lower_green_leaf,89,634.08,417,14055.827338129497,13952.0,417,0.29538241028785706,0.29205265641212463,0.19222405254840852,0.389530336856842,0.3749461770057678,0,0
fx10,9,4,lower_green_leaf,90,636.78,417,14282.436450839328,14160.0,417,0.294048935174942,0.29014554619789124,0.19107476174831392,0.3908309519290924,0.37246620655059814,0,0
fx10,9,4,lower_green_leaf,91,639.48,417,14259.146282973621,14112.0,417,0.2923728823661804,0.28908833861351013,0.19060150086879732,0.3884551644325256,0.3685421347618103,0,0
fx10,9,4,lower_green_leaf,92,642.18,417,14294.752997601918,14144.0,417,0.28984305262565613,0.28564751148223877,0.18511944711208345,0.3875234603881836,0.3656224310398102,0,0
fx10,9,4,lower_green_leaf,93,644.88,417,14417.304556354917,14288.0,417,0.2874005436897278,0.28356507420539856,0.18131639659404755,0.38414381742477416,0.36274710297584534,0,0
fx10,9,4,lower_green_leaf,94,647.58,417,14677.947242206235,14544.0,417,0.28533291816711426,0.281402587890625,0.18086270987987518,0.3856319189071655,0.3582206666469574,0,0
fx10,9,4,lower_green_leaf,95,650.29,417,14953.553956834532,14768.0,417,0.28325405716896057,0.2788420617580414,0.17908606231212615,0.38296961784362793,0.35266998410224915,0,0
fx10,9,4,lower_green_leaf,96,652.99,417,15025.227817745803,14816.0,417,0.2817836403846741,0.27661818265914917,0.17930833399295806,0.38064514994621274,0.35069116950035095,0,0
fx10,9,4,lower_green_leaf,97,655.69,417,14757.25659472422,14560.0,417,0.28077954053878784,0.27627888321876526,0.17701171934604645,0.3826424956321716,0.3512364625930786,0,0
fx10,9,4,lower_green_leaf,98,658.4,417,14361.78417266187,14144.0,417,0.27900105714797974,0.27296820282936096,0.17684304118156433,0.37764230370521545,0.3509749174118042,0,0
fx10,9,4,lower_green_leaf,99,661.1,417,14244.988009592325,14064.0,417,0.2767399251461029,0.2715053856372833,0.17574386894702912,0.37780773639678955,0.3497399091720581,0,0
fx10,9,4,lower_green_leaf,100,663.81,417,14492.968824940048,14288.0,417,0.27475878596305847,0.2695951759815216,0.17327471375465392,0.3751196265220642,0.3458413779735565,0,0
fx10,9,4,lower_green_leaf,101,666.52,417,14892.585131894484,14672.0,417,0.2727775573730469,0.26658400893211365,0.17266009449958802,0.37529982924461364,0.3400222957134247,0,0
fx10,9,4,lower_green_leaf,102,669.23,417,15253.218225419665,15024.0,417,0.27126944065093994,0.26571768522262573,0.1700996369123459,0.37265815138816827,0.33681556582450867,0,0
fx10,9,4,lower_green_leaf,103,671.94,417,15305.630695443646,15072.0,417,0.2703517973423004,0.26496565341949463,0.17084237635135652,0.3685657501220703,0.33570411801338196,0,0
fx10,9,4,lower_green_leaf,104,674.65,417,15088.498800959233,14896.0,417,0.26970797777175903,0.26456505060195923,0.16967033147811889,0.3682789921760559,0.33669063448905945,0,0
fx10,9,4,lower_green_leaf,105,677.36,417,14993.419664268586,14752.0,417,0.26948046684265137,0.26342248916625977,0.16898912489414214,0.37384927868843076,0.3364383578300476,0,0
fx10,9,4,lower_green_leaf,106,680.07,417,15222.752997601918,14976.0,417,0.27014872431755066,0.2641209363937378,0.16803472340106965,0.3750655531883239,0.3353528082370758,0,0
fx10,9,4,lower_green_leaf,107,682.79,417,15848.479616306955,15584.0,417,0.27058592438697815,0.26450639963150024,0.16826656758785247,0.375847589969635,0.33310532569885254,0,0
fx10,9,4,lower_green_leaf,108,685.5,417,16567.558752997604,16336.0,417,0.2726277709007263,0.26683247089385986,0.17001063227653504,0.38237822055816645,0.33169934153556824,0,0
fx10,9,4,lower_green_leaf,109,688.22,417,17168.65227817746,16848.0,417,0.2760362923145294,0.26982492208480835,0.17199178040027618,0.389272528886795,0.33217883110046387,0,0
fx10,9,4,lower_green_leaf,110,690.93,417,17420.853717026377,17168.0,417,0.28145313262939453,0.2758145034313202,0.17579424381256104,0.3958739340305328,0.33739131689071655,0,0
fx10,9,4,lower_green_leaf,111,693.65,417,17463.48201438849,17200.0,417,0.2908515930175781,0.28455284237861633,0.18276176750659942,0.39886269569396954,0.34712347388267517,0,0
fx10,9,4,lower_green_leaf,112,696.37,417,17682.83932853717,17456.0,417,0.30683720111846924,0.3015463948249817,0.19531844258308412,0.4160925269126891,0.36575615406036377,0,0
fx10,9,4,lower_green_leaf,113,699.09,417,18376.709832134293,18240.0,417,0.3309597074985504,0.32797306776046753,0.21711020767688752,0.4325483560562133,0.3897785246372223,0,0
fx10,9,4,lower_green_leaf,114,701.81,417,20098.800959232613,20128.0,417,0.3610117435455322,0.3614368140697479,0.24317359328269958,0.46018440723419185,0.4201708734035492,0,0
fx10,9,4,lower_green_leaf,115,704.53,417,22438.330935251797,22624.0,417,0.39868682622909546,0.4028293490409851,0.27152071595191957,0.4901418149471283,0.45488297939300537,0,0
fx10,9,4,lower_green_leaf,116,707.25,417,25365.06474820144,25872.0,417,0.44152846932411194,0.4518418312072754,0.30931254625320437,0.5328716635704039,0.4978328049182892,0,0
fx10,9,4,lower_green_leaf,117,709.97,417,28318.61870503597,29008.0,417,0.4881494343280792,0.5024470090866089,0.34665426015853884,0.5858792304992676,0.5423779487609863,0,0
fx10,9,4,lower_green_leaf,118,712.7,417,31111.750599520383,31936.0,417,0.538926362991333,0.5560755133628845,0.39204403162002566,0.6419634819030762,0.5916579961776733,0,0
fx10,9,4,lower_green_leaf,119,715.42,417,33692.81534772182,34672.0,417,0.5941528081893921,0.615060031414032,0.43688603639602663,0.7002108693122864,0.6457586884498596,0,0
fx10,9,4,lower_green_leaf,120,718.15,417,36324.681055155874,37520.0,417,0.6540367603302002,0.6794850826263428,0.4809918224811554,0.761310338973999,0.7053329348564148,0,0
fx10,9,4,lower_green_leaf,121,720.87,417,39483.39568345324,40864.0,417,0.7171356678009033,0.7458617091178894,0.5300291657447815,0.8284797191619873,0.7666468620300293,0,0
fx10,9,4,lower_green_leaf,122,723.6,417,43314.14868105516,44752.0,417,0.7804034352302551,0.8095390796661377,0.5805649757385254,0.898944890499115,0.8248969912528992,0,0
fx10,9,4,lower_green_leaf,123,726.33,417,47500.43165467626,49168.0,417,0.8418573141098022,0.8734491467475891,0.6266438722610473,0.970596706867218,0.8831614851951599,0,0
fx10,9,4,lower_green_leaf,124,729.06,417,51659.549160671464,53440.0,417,0.8997488617897034,0.9325414896011353,0.6692205905914307,1.0361608743667603,0.9376670718193054,0,0
fx10,9,4,lower_green_leaf,125,731.79,417,55221.29496402878,56944.0,417,0.9517739415168762,0.9832234978675842,0.7085776686668396,1.0968557119369506,0.9844573736190796,0,0
fx10,9,4,lower_green_leaf,126,734.52,417,57839.96163069544,59728.0,387,0.9843826293945312,1.0222948789596558,0.7420482039451599,1.131165325641632,1.0206384658813477,30,0
fx10,9,4,lower_green_leaf,127,737.25,417,59441.03597122302,61728.0,315,0.9906796216964722,1.016114592552185,0.7668070435523987,1.1351020574569701,1.0149253606796265,102,0
fx10,9,4,lower_green_leaf,128,739.98,417,60422.86810551559,63344.0,259,0.9929482936859131,1.0186634063720703,0.7861913919448853,1.1397015810012818,1.0172702074050903,158,0
fx10,9,4,lower_green_leaf,129,742.72,417,61125.14148681055,64960.0,235,1.0045852661132812,1.0262399911880493,0.8048370480537415,1.1489489197731018,1.0242059230804443,182,0
fx10,9,4,lower_green_leaf,130,745.45,417,61649.57314148681,65488.0,211,1.0091081857681274,1.0314104557037354,0.8208805918693542,1.1497434377670288,1.0289291143417358,206,0
fx10,9,4,lower_green_leaf,131,748.19,417,62015.23261390888,65520.0,194,1.013857126235962,1.0261012315750122,0.8307367652654648,1.1504987180233002,1.024179458618164,223,0
fx10,9,4,lower_green_leaf,132,750.93,417,62237.467625899284,65520.0,187,1.022324562072754,1.032209038734436,0.8423758685588837,1.1577639937400819,1.0297669172286987,230,0
fx10,9,4,lower_green_leaf,133,753.66,417,62389.525179856115,65520.0,182,1.0287501811981201,1.038968563079834,0.8504338681697845,1.1621366739273071,1.0359630584716797,235,0
fx10,9,4,lower_green_leaf,134,756.4,417,62609.26618705036,65520.0,175,1.0316038131713867,1.039743185043335,0.8545329570770264,1.163938307762146,1.0366817712783813,242,0
fx10,9,4,lower_green_leaf,135,759.14,417,62855.82733812949,65520.0,166,1.0307986736297607,1.040247917175293,0.8598209023475647,1.1550667583942413,1.0371947288513184,251,0
fx10,9,4,lower_green_leaf,136,761.88,417,63139.491606714626,65520.0,153,1.0248870849609375,1.030312180519104,0.861733591556549,1.1444169759750367,1.0280711650848389,264,0
fx10,9,4,lower_green_leaf,137,764.62,417,63381.90887290168,65520.0,140,1.0170397758483887,1.0245518684387207,0.8635897845029831,1.132454413175583,1.0227210521697998,277,0
fx10,9,4,lower_green_leaf,138,767.36,417,63444.91127098321,65520.0,135,1.0158957242965698,1.0255414247512817,0.8627008080482483,1.13334059715271,1.0236220359802246,282,0
fx10,9,4,lower_green_leaf,139,770.11,417,63361.64988009592,65520.0,141,1.0248149633407593,1.0312312841415405,0.869204580783844,1.1446974277496338,1.0288407802581787,276,0
fx10,9,4,lower_green_leaf,140,772.85,417,63024.15347721823,65520.0,163,1.0462509393692017,1.059855341911316,0.8723352253437042,1.1658967733383179,1.0552635192871094,254,0
fx10,9,4,lower_green_leaf,141,775.6,417,62515.83693045563,65520.0,188,1.0696258544921875,1.0841944217681885,0.8816559404134751,1.197421485185623,1.0777904987335205,229,0
fx10,9,4,lower_green_leaf,142,778.34,417,62031.23261390888,65520.0,203,1.0844358205795288,1.0970220565795898,0.8848114490509034,1.2252543568611145,1.0894068479537964,214,0
fx10,9,4,lower_green_leaf,143,781.09,417,61854.657074340525,65520.0,204,1.0877468585968018,1.105616569519043,0.8867687851190567,1.2339101910591126,1.0972650051116943,213,0
fx10,9,4,lower_green_leaf,144,783.84,417,62132.10551558753,65520.0,196,1.0824347734451294,1.0983517169952393,0.8849936723709106,1.2212312817573547,1.090440273284912,221,0
fx10,9,4,lower_green_leaf,145,786.58,417,62694.90647482014,65520.0,178,1.0688472986221313,1.078871726989746,0.8862075835466385,1.196201753616333,1.072679042816162,239,0
fx10,9,4,lower_green_leaf,146,789.33,417,63208.74820143885,65520.0,153,1.0484745502471924,1.0642791986465454,0.8831745862960816,1.1672174453735351,1.0593891143798828,264,0
fx10,9,4,lower_green_leaf,147,792.08,417,63544.74820143885,65520.0,129,1.0275241136550903,1.0360616445541382,0.8794258594512939,1.1445260524749756,1.0333287715911865,288,0
fx10,9,4,lower_green_leaf,148,794.84,417,63576.63309352518,65520.0,126,1.0261820554733276,1.0400487184524536,0.8774854242801666,1.1441766023635864,1.0370428562164307,291,0
fx10,9,4,lower_green_leaf,149,797.59,417,63321.82254196643,65520.0,157,1.0544686317443848,1.0719413757324219,0.8862218856811523,1.1663159370422362,1.0664972066879272,260,0
fx10,9,4,lower_green_leaf,150,800.34,417,62648.97841726619,65520.0,193,1.0858467817306519,1.1032849550247192,0.8930558681488037,1.2084190845489502,1.0950028896331787,224,0
fx10,9,4,lower_green_leaf,151,803.1,417,61600.88249400479,65264.0,246,1.1268573999404907,1.1590911149978638,0.8972006887197495,1.267119824886322,1.1459218263626099,171,0
fx10,9,4,lower_green_leaf,152,805.85,417,60335.07913669065,63040.0,304,1.1660408973693848,1.1953959465026855,0.9113524407148361,1.3188970625400542,1.1788374185562134,113,0
fx10,9,4,lower_green_leaf,153,808.61,417,59368.594724220624,61616.0,327,1.1818772554397583,1.209702968597412,0.9121994853019715,1.3520691514015197,1.1913392543792725,90,0
fx10,9,4,lower_green_leaf,154,811.36,417,59119.00239808153,61184.0,331,1.185396432876587,1.2113227844238281,0.9130696356296539,1.358392357826233,1.1928513050079346,86,0
fx10,9,4,lower_green_leaf,155,814.12,417,59609.592326139085,61936.0,318,1.1788569688796997,1.2053391933441162,0.9144164144992828,1.3461111962795258,1.1872638463974,99,0
fx10,9,4,lower_green_leaf,156,816.88,417,60457.47721822542,63376.0,288,1.1614640951156616,1.18996000289917,0.9119576394557953,1.317476749420166,1.1740705966949463,129,0
fx10,9,4,lower_green_leaf,157,819.64,417,61261.77458033573,64704.0,242,1.132493495941162,1.1601921319961548,0.9066372275352478,1.2858833074569702,1.147101879119873,175,0
fx10,9,4,lower_green_leaf,158,822.4,417,61690.359712230216,65440.0,214,1.1129428148269653,1.1386674642562866,0.9034976005554199,1.2597841918468475,1.1271895170211792,203,0
fx10,9,4,lower_green_leaf,159,825.16,417,61821.58273381295,65488.0,210,1.1104446649551392,1.1335917711257935,0.9057842195034027,1.2558825373649598,1.1227166652679443,207,0
fx10,9,4,lower_green_leaf,160,827.92,417,61517.8896882494,65200.0,235,1.1289111375808716,1.1563539505004883,0.9074688911437988,1.2787527084350585,1.1435552835464478,182,0
fx10,9,4,lower_green_leaf,161,830.69,417,60864.03836930456,64048.0,274,1.1556777954101562,1.1869266033172607,0.9147571742534637,1.3072328567504883,1.1712064743041992,143,0
fx10,9,4,lower_green_leaf,162,833.45,417,59924.450839328536,62192.0,320,1.1836178302764893,1.2149181365966797,0.9201408267021179,1.3415346205234528,1.196699619293213,97,0
fx10,9,4,lower_green_leaf,163,836.22,417,59025.342925659475,61056.0,348,1.2010804414749146,1.2275909185409546,0.9249167740345001,1.3740240633487701,1.2073308229446411,69,0
fx10,9,4,lower_green_leaf,164,838.98,417,58470.446043165466,60320.0,368,1.2127960920333862,1.2432968616485596,0.9285980969667434,1.3917957246303558,1.221337080001831,49,0
fx10,9,4,lower_green_leaf,165,841.75,417,58409.323741007196,60176.0,365,1.2123708724975586,1.2429461479187012,0.9307038068771363,1.395962381362915,1.221189022064209,52,0
fx10,9,4,lower_green_leaf,166,844.52,417,58899.22302158274,60880.0,346,1.2027918100357056,1.2288720607757568,0.9302613586187363,1.3798268139362335,1.2084451913833618,71,0
fx10,9,4,lower_green_leaf,167,847.29,417,59584.80575539568,61616.0,328,1.1929373741149902,1.2195115089416504,0.9271791249513627,1.360379022359848,1.2005864381790161,89,0
fx10,9,4,lower_green_leaf,168,850.06,417,60206.88729016786,62736.0,300,1.1771581172943115,1.2029709815979004,0.92458935379982,1.3376699388027191,1.1858434677124023,117,0
fx10,9,4,lower_green_leaf,169,852.83,417,60667.39568345324,63536.0,273,1.1623218059539795,1.1937553882598877,0.920754075050354,1.3200538158416748,1.1772733926773071,144,0
fx10,9,4,lower_green_leaf,170,855.6,417,60836.75779376499,63904.0,268,1.1600544452667236,1.192876935005188,0.9218026846647263,1.3180092751979828,1.1763787269592285,149,0
fx10,9,4,lower_green_leaf,171,858.37,417,60745.630695443644,63536.0,272,1.1630817651748657,1.1944637298583984,0.9240017622709275,1.3203660607337953,1.1776626110076904,145,0
fx10,9,4,lower_green_leaf,172,861.14,417,60348.20143884892,62992.0,294,1.1771364212036133,1.2046942710876465,0.9253040105104446,1.3361195206642151,1.187069058418274,123,0
fx10,9,4,lower_green_leaf,173,863.92,417,59650.647482014385,62048.0,327,1.197033405303955,1.227345585823059,0.9285714864730835,1.3587238669395447,1.207338809967041,90,0
fx10,9,4,lower_green_leaf,174,866.69,417,58748.70023980815,60736.0,367,1.220489501953125,1.2498626708984375,0.9388140797615051,1.3969334006309508,1.227160096168518,50,0
fx10,9,4,lower_green_leaf,175,869.47,417,57581.544364508394,59296.0,397,1.2376134395599365,1.2682193517684937,0.9439098477363587,1.419931125640869,1.2434723377227783,20,0
fx10,9,4,lower_green_leaf,176,872.25,417,56448.99760191847,57968.0,415,1.2482577562332153,1.281738519668579,0.9444403409957886,1.442977511882782,1.255355954170227,2,0
fx10,9,4,lower_green_leaf,177,875.03,417,55524.25899280576,57104.0,417,1.2504727840423584,1.285603404045105,0.9453250646591187,1.4449047327041626,1.2580645084381104,0,0
fx10,9,4,lower_green_leaf,178,877.8,417,54801.07434052758,56336.0,417,1.25118088722229,1.2872340679168701,0.9456392884254455,1.4449130773544312,1.2592461109161377,0,0
fx10,9,4,lower_green_leaf,179,880.58,417,54419.414868105516,56080.0,417,1.251686453819275,1.2869634628295898,0.9467724919319153,1.4453502416610717,1.2586051225662231,0,0
fx10,9,4,lower_green_leaf,180,883.37,417,54185.0551558753,55744.0,417,1.2526540756225586,1.2900900840759277,0.9462912201881408,1.4487738847732543,1.2609400749206543,0,0
fx10,9,4,lower_green_leaf,181,886.15,417,54126.00479616307,55712.0,417,1.253037691116333,1.2869318723678589,0.9471083879470825,1.4493599653244018,1.2585046291351318,0,0
fx10,9,4,lower_green_leaf,182,888.93,417,54105.17026378897,55648.0,417,1.2542921304702759,1.2887451648712158,0.9465254068374633,1.4506294965744018,1.2599599361419678,0,0
fx10,9,4,lower_green_leaf,183,891.71,417,53987.10791366907,55568.0,417,1.2549551725387573,1.2900886535644531,0.9474011063575745,1.4517672300338744,1.2615329027175903,0,0
fx10,9,4,lower_green_leaf,184,894.5,417,53705.438848920865,55216.0,417,1.2556544542312622,1.2908496856689453,0.9484371185302735,1.4481739282608033,1.261860966682434,0,0
fx10,9,4,lower_green_leaf,185,897.28,417,53120.19184652278,54576.0,417,1.257062554359436,1.2951359748840332,0.9486448168754578,1.4512150764465332,1.2661709785461426,0,0
fx10,9,4,lower_green_leaf,186,900.07,417,52182.484412470025,53792.0,417,1.2578283548355103,1.2957100868225098,0.94994615316391,1.4531738042831421,1.2658227682113647,0,0
fx10,9,4,lower_green_leaf,187,902.86,417,51012.02877697842,52496.0,417,1.2585383653640747,1.297471046447754,0.9475644111633301,1.4559873580932616,1.2661043405532837,0,0
fx10,9,4,lower_green_leaf,188,905.64,417,49583.539568345324,50960.0,417,1.258486032485962,1.2965610027313232,0.9466501951217652,1.4559209823608399,1.2641209363937378,0,0
fx10,9,4,lower_green_leaf,189,908.43,417,48006.82973621103,49520.0,417,1.2586877346038818,1.2976081371307373,0.9494262099266052,1.4554819107055663,1.2653814554214478,0,0
fx10,9,4,lower_green_leaf,190,911.22,417,46568.05755395684,47840.0,417,1.2582896947860718,1.2963671684265137,0.946957015991211,1.4582298517227172,1.2626005411148071,0,0
fx10,9,4,lower_green_leaf,191,914.02,417,45344.537170263786,46544.0,417,1.2578926086425781,1.2933398485183716,0.9473077535629273,1.4562225103378297,1.2594196796417236,0,0
fx10,9,4,lower_green_leaf,192,916.81,417,44499.414868105516,45744.0,417,1.257698893547058,1.293823480606079,0.9459635257720947,1.457944679260254,1.2587535381317139,0,0
fx10,9,4,lower_green_leaf,193,919.6,417,43994.32134292566,45200.0,417,1.2572232484817505,1.2939095497131348,0.9483031392097473,1.4566073179244996,1.2591931819915771,0,0
fx10,9,4,lower_green_leaf,194,922.39,417,43771.66426858513,44880.0,417,1.2562565803527832,1.2864397764205933,0.9518563032150269,1.4539279699325562,1.2528014183044434,0,0
fx10,9,4,lower_green_leaf,195,925.19,417,43716.8345323741,44768.0,417,1.2550121545791626,1.2934530973434448,0.9474210619926453,1.451539397239685,1.2569116353988647,0,0
fx10,9,4,lower_green_leaf,196,927.98,417,43691.318944844126,44896.0,417,1.254098892211914,1.2872287034988403,0.9440014839172364,1.4529573440551757,1.2528889179229736,0,0
fx10,9,4,lower_green_leaf,197,930.78,417,43503.19424460432,44720.0,417,1.2526463270187378,1.2916139364242554,0.9428791642189026,1.451607847213745,1.256518840789795,0,0
fx10,9,4,lower_green_leaf,198,933.58,417,43065.74580335731,44192.0,417,1.2516299486160278,1.2884318828582764,0.9429733991622925,1.4508159160614014,1.2531588077545166,0,0
fx10,9,4,lower_green_leaf,199,936.38,417,42276.79616306954,43520.0,417,1.2492609024047852,1.2893908023834229,0.9365413308143615,1.4486955404281616,1.2522894144058228,0,0
fx10,9,4,lower_green_leaf,200,939.18,417,41211.70263788969,42464.0,417,1.2465118169784546,1.2859842777252197,0.9351022362709045,1.443330454826355,1.2502954006195068,0,0
fx10,9,4,lower_green_leaf,201,941.98,417,39706.589928057554,40912.0,417,1.2435156106948853,1.2863163948059082,0.9325084090232849,1.4403330564498902,1.249756097793579,0,0
fx10,9,4,lower_green_leaf,202,944.78,417,37883.93285371703,38928.0,417,1.2399332523345947,1.2811304330825806,0.9331384658813476,1.4403839826583862,1.2426937818527222,0,0
fx10,9,4,lower_green_leaf,203,947.58,417,35971.03117505995,37040.0,417,1.2348413467407227,1.2794991731643677,0.9254848718643188,1.4320587158203124,1.2378653287887573,0,0
fx10,9,4,lower_green_leaf,204,950.38,417,33991.635491606714,34992.0,417,1.2291022539138794,1.2690154314041138,0.9233411192893982,1.4249901294708252,1.2285314798355103,0,0
fx10,9,4,lower_green_leaf,205,953.19,417,32240.95923261391,33152.0,417,1.2218542098999023,1.2613556385040283,0.9201073169708252,1.4192224979400634,1.218713402748108,0,0
fx10,9,4,lower_green_leaf,206,955.99,417,30675.146282973623,31568.0,417,1.2155951261520386,1.2566964626312256,0.915235161781311,1.4128945827484132,1.2148194313049316,0,0
fx10,9,4,lower_green_leaf,207,958.8,417,29559.86570743405,30496.0,417,1.2092149257659912,1.251336932182312,0.9075750470161438,1.4030305385589599,1.2079646587371826,0,0
fx10,9,4,lower_green_leaf,208,961.6,417,28655.731414868107,29488.0,417,1.2047464847564697,1.2474470138549805,0.9056579113006592,1.3970073938369751,1.2038835287094116,0,0
fx10,9,4,lower_green_leaf,209,964.41,417,27992.63309352518,28880.0,417,1.2030912637710571,1.2453137636184692,0.899522602558136,1.3996912002563477,1.200132966041565,0,0
fx10,9,4,lower_green_leaf,210,967.22,417,27531.664268585133,28304.0,417,1.2014111280441284,1.2435578107833862,0.8994708061218262,1.3930163145065309,1.1990488767623901,0,0
fx10,9,4,lower_green_leaf,211,970.03,417,27069.928057553956,27840.0,417,1.201624870300293,1.245139479637146,0.8989379167556762,1.3957191705703735,1.2000000476837158,0,0
fx10,9,4,lower_green_leaf,212,972.84,417,26651.741007194243,27392.0,417,1.201242446899414,1.240069031715393,0.8973752021789551,1.3926658391952516,1.1948143243789673,0,0
fx10,9,4,lower_green_leaf,213,975.65,417,26165.525179856115,26832.0,417,1.2014635801315308,1.240439534187317,0.8999341487884521,1.394746685028076,1.1941782236099243,0,0
fx10,9,4,lower_green_leaf,214,978.46,417,25546.43645083933,26240.0,417,1.2016949653625488,1.2381383180618286,0.9018830418586731,1.3939892768859863,1.1907347440719604,0,0
fx10,9,4,lower_green_leaf,215,981.27,417,24817.956834532375,25504.0,417,1.2029352188110352,1.242890477180481,0.9006083369255066,1.395923113822937,1.1946208477020264,0,0
fx10,9,4,lower_green_leaf,216,984.09,417,23925.410071942446,24544.0,417,1.2045599222183228,1.2460473775863647,0.9027062892913819,1.396631383895874,1.1942278146743774,0,0
fx10,9,4,lower_green_leaf,217,986.9,417,22988.354916067146,23616.0,417,1.2057911157608032,1.25,0.9060098528862,1.4011559724807738,1.1946687698364258,0,0
fx10,9,4,lower_green_leaf,218,989.72,417,21987.338129496402,22592.0,417,1.2070832252502441,1.2519084215164185,0.8995181083679199,1.401863121986389,1.1951013803482056,0,0
fx10,9,4,lower_green_leaf,219,992.54,417,20990.158273381294,21568.0,417,1.208387017250061,1.2470862865447998,0.9103299021720886,1.4065650224685669,1.1874446868896484,0,0
fx10,9,4,lower_green_leaf,220,995.35,417,20078.235011990408,20672.0,417,1.2102659940719604,1.253056287765503,0.9108648896217346,1.4048203229904175,1.1895604133605957,0,0
fx10,9,4,lower_green_leaf,221,998.17,417,19218.071942446044,19728.0,417,1.2121520042419434,1.2537508010864258,0.915307092666626,1.405461311340332,1.187831997871399,0,0
fx10,9,4,lower_green_leaf,222,1000.99,417,18606.081534772184,19088.0,417,1.2142763137817383,1.2569491863250732,0.9168249011039734,1.4104406595230103,1.1886227130889893,0,0
fx10,9,4,lower_green_leaf,223,1003.81,417,18554.32134292566,19024.0,417,1.2146192789077759,1.2557823657989502,0.911743950843811,1.4131558895111085,1.1876246929168701,0,0
fx10,10,5,lower_left_green_leaf,0,397.66,1749,5125.937106918239,5120.0,1749,0.721086323261261,0.720588207244873,0.6086956262588501,0.834645688533783,0.9441176652908325,0,0
fx10,10,5,lower_left_green_leaf,1,400.28,1749,5140.821040594626,5136.0,1749,0.7093321084976196,0.7083333134651184,0.6291976571083069,0.7971014380455017,0.9406528472900391,0,0
fx10,10,5,lower_left_green_leaf,2,402.9,1749,5146.922813036021,5136.0,1749,0.6894322037696838,0.6891891956329346,0.605411422252655,0.7724137902259827,0.9339080452919006,0,0
fx10,10,5,lower_left_green_leaf,3,405.52,1749,5155.128644939966,5152.0,1749,0.67287278175354,0.6712328791618347,0.6000000238418579,0.7532467246055603,0.9281609058380127,0,0
fx10,10,5,lower_left_green_leaf,4,408.13,1749,5174.668953687821,5168.0,1749,0.6522076725959778,0.6538461446762085,0.5802469253540039,0.7250000238418579,0.9209039807319641,0,0
fx10,10,5,lower_left_green_leaf,5,410.75,1749,5191.089765580332,5184.0,1749,0.6327058672904968,0.6309523582458496,0.5647059082984924,0.7030302882194519,0.913165271282196,0,0
fx10,10,5,lower_left_green_leaf,6,413.37,1749,5202.790165809034,5200.0,1749,0.6170224547386169,0.6162790656089783,0.5517241358757019,0.6860465407371521,0.9065155982971191,0,0
fx10,10,5,lower_left_green_leaf,7,416.0,1749,5210.126929674099,5216.0,1749,0.6058186888694763,0.6067415475845337,0.54347825050354,0.6725296616554257,0.9013698697090149,0,0
fx10,10,5,lower_left_green_leaf,8,418.62,1749,5235.9702687249855,5232.0,1749,0.595121443271637,0.593406617641449,0.5333333611488342,0.6593406796455383,0.8961748480796814,0,0
fx10,10,5,lower_left_green_leaf,9,421.24,1749,5241.25786163522,5232.0,1749,0.5796713829040527,0.5773195624351501,0.5201632499694824,0.6421052813529968,0.8885869383811951,0,0
fx10,10,5,lower_left_green_leaf,10,423.86,1749,5254.915951972555,5248.0,1749,0.5708352327346802,0.5699999928474426,0.5119476795196534,0.6326530575752258,0.8840970396995544,0,0
fx10,10,5,lower_left_green_leaf,11,426.49,1749,5282.287021154945,5280.0,1749,0.5604742765426636,0.5588235259056091,0.5,0.6201095581054686,0.8783068656921387,0,0
fx10,10,5,lower_left_green_leaf,12,429.12,1749,5289.065751858205,5280.0,1749,0.545028567314148,0.5454545617103577,0.4909090995788574,0.6036036014556885,0.8680738806724548,0,0
fx10,10,5,lower_left_green_leaf,13,431.74,1749,5309.758719268153,5296.0,1749,0.5359698534011841,0.5350877046585083,0.48085713982582096,0.5948275923728943,0.8623376488685608,0,0
fx10,10,5,lower_left_green_leaf,14,434.37,1749,5357.7678673527735,5344.0,1749,0.5162954926490784,0.5163934230804443,0.4628099203109741,0.5714285969734192,0.8502538204193115,0,0
fx10,10,5,lower_left_green_leaf,15,437.0,1749,5391.1675242996,5392.0,1749,0.4946664571762085,0.49242424964904785,0.442748099565506,0.5496183037757874,0.8349753618240356,0,0
fx10,10,5,lower_left_green_leaf,16,439.63,1749,5401.67867352773,5392.0,1749,0.48044154047966003,0.47887325286865234,0.4287792265415192,0.5362318754196167,0.8238213658332825,0,0
fx10,10,5,lower_left_green_leaf,17,442.26,1749,5435.480846197827,5424.0,1749,0.46247780323028564,0.4615384638309479,0.410492479801178,0.5199999809265137,0.8081534504890442,0,0
fx10,10,5,lower_left_green_leaf,18,444.89,1749,5485.88679245283,5488.0,1749,0.4448098838329315,0.4444444477558136,0.3913043439388275,0.5,0.7931034564971924,0,0
fx10,10,5,lower_left_green_leaf,19,447.52,1749,5542.906803887936,5536.0,1749,0.4358092248439789,0.4345238208770752,0.3834285020828247,0.4912280738353729,0.7828054428100586,0,0
fx10,10,5,lower_left_green_leaf,20,450.16,1749,5576.654088050314,5568.0,1749,0.42496129870414734,0.42307692766189575,0.37078651785850525,0.4820048987865446,0.7711111307144165,0,0
fx10,10,5,lower_left_green_leaf,21,452.79,1749,5568.0,5568.0,1749,0.41924718022346497,0.4175824224948883,0.36702126264572144,0.47816531658172606,0.7640692591667175,0,0
fx10,10,5,lower_left_green_leaf,22,455.43,1749,5588.784448256147,5584.0,1749,0.41245925426483154,0.409326434135437,0.36082473397254944,0.47340425848960876,0.7558886408805847,0,0
fx10,10,5,lower_left_green_leaf,23,458.06,1749,5620.784448256147,5616.0,1749,0.4041271209716797,0.4010416567325592,0.3515946209430695,0.4650000035762787,0.7473002076148987,0,0
fx10,10,5,lower_left_green_leaf,24,460.7,1749,5615.2224128073185,5616.0,1749,0.4038902521133423,0.402010053396225,0.3506234109401703,0.46192893385887146,0.7478813529014587,0,0
fx10,10,5,lower_left_green_leaf,25,463.34,1749,5626.483704974271,5616.0,1749,0.4002559781074524,0.3970588147640228,0.3484848439693451,0.46078431606292725,0.7430406808853149,0,0
fx10,10,5,lower_left_green_leaf,26,465.98,1749,5688.626643796455,5680.0,1749,0.388274610042572,0.3844393491744995,0.33640551567077637,0.45215058922767637,0.7280334830284119,0,0
fx10,10,5,lower_left_green_leaf,27,468.62,1749,5699.723270440251,5680.0,1749,0.38473930954933167,0.38181817531585693,0.3309089481830597,0.44700461626052856,0.7248995900154114,0,0
fx10,10,5,lower_left_green_leaf,28,471.26,1749,5694.31675242996,5680.0,1749,0.3815596103668213,0.37727272510528564,0.3288888931274414,0.44295843243598937,0.7203219532966614,0,0
fx10,10,5,lower_left_green_leaf,29,473.9,1749,5768.498570611778,5760.0,1749,0.3669917583465576,0.36252546310424805,0.3155737817287445,0.42775787711143487,0.6998050808906555,0,0
fx10,10,5,lower_left_green_leaf,30,476.54,1749,5830.449399656947,5808.0,1749,0.3560892343521118,0.3524904251098633,0.30363962054252625,0.42023345828056335,0.6848030090332031,0,0
fx10,10,5,lower_left_green_leaf,31,479.18,1749,5826.351057747284,5808.0,1749,0.3529008626937866,0.3486590087413788,0.30038022994995117,0.41801164746284486,0.6785714030265808,0,0
fx10,10,5,lower_left_green_leaf,32,481.83,1749,5884.148656375071,5856.0,1749,0.34108853340148926,0.3362521827220917,0.28723403811454773,0.40540044307708734,0.6601073145866394,0,0
fx10,10,5,lower_left_green_leaf,33,484.47,1749,5982.042309891366,5968.0,1749,0.32795313000679016,0.3228840231895447,0.27272728085517883,0.39483742117881776,0.6379310488700867,0,0
fx10,10,5,lower_left_green_leaf,34,487.12,1749,6015.048599199543,5984.0,1749,0.32262808084487915,0.31790122389793396,0.269696980714798,0.3900928795337677,0.6271186470985413,0,0
fx10,10,5,lower_left_green_leaf,35,489.77,1749,6073.898227558605,6048.0,1749,0.31694215536117554,0.3119533658027649,0.26608186960220337,0.3820234179496765,0.6166394948959351,0,0
fx10,10,5,lower_left_green_leaf,36,492.42,1749,6164.491709548313,6128.0,1749,0.30851128697395325,0.3027777671813965,0.2541362226009369,0.3758645415306091,0.596875011920929,0,0
fx10,10,5,lower_left_green_leaf,37,495.07,1749,6238.810748999428,6192.0,1749,0.3034136891365051,0.2966752052307129,0.25,0.37487342357635495,0.5843558311462402,0,0
fx10,10,5,lower_left_green_leaf,38,497.72,1749,6303.332189822756,6256.0,1749,0.301346093416214,0.29556649923324585,0.24713043570518495,0.3749436378479003,0.5784023404121399,0,0
fx10,10,5,lower_left_green_leaf,39,500.37,1749,6389.991995425958,6352.0,1749,0.29808512330055237,0.2914218604564667,0.24388858973979952,0.3702991425991058,0.5676056146621704,0,0
fx10,10,5,lower_left_green_leaf,40,503.02,1749,6454.4951400800455,6416.0,1749,0.2977789342403412,0.2917594611644745,0.24184356033802032,0.3719862103462219,0.5616246461868286,0,0
fx10,10,5,lower_left_green_leaf,41,505.67,1749,6469.452258433391,6416.0,1749,0.30221307277679443,0.29504504799842834,0.2449520230293274,0.37837839126586914,0.563259482383728,0,0
fx10,10,5,lower_left_green_leaf,42,508.32,1749,6562.762721555175,6512.0,1749,0.305184006690979,0.2976445257663727,0.24778760969638824,0.3818161308765411,0.5602739453315735,0,0
fx10,10,5,lower_left_green_leaf,43,510.98,1749,6697.166380789023,6640.0,1749,0.30725014209747314,0.2998986840248108,0.24793387949466705,0.38410548567771907,0.5509383082389832,0,0
fx10,10,5,lower_left_green_leaf,44,513.63,1749,6784.5946255002855,6736.0,1749,0.315460741519928,0.3076923191547394,0.2532717287540436,0.39545818567276,0.5541694164276123,0,0
fx10,10,5,lower_left_green_leaf,45,516.29,1749,6850.845054316753,6800.0,1749,0.3273126184940338,0.3201621174812317,0.2615796148777008,0.40905197262763976,0.5646438002586365,0,0
fx10,10,5,lower_left_green_leaf,46,518.95,1749,7064.626643796455,7008.0,1749,0.33745768666267395,0.3306930661201477,0.26953125,0.4228456914424896,0.5637065768241882,0,0
fx10,10,5,lower_left_green_leaf,47,521.61,1749,7371.663807890223,7312.0,1749,0.3471418023109436,0.3401486873626709,0.27767781615257264,0.435992568731308,0.558282196521759,0,0
fx10,10,5,lower_left_green_leaf,48,524.27,1749,7550.133790737565,7488.0,1749,0.36106589436531067,0.3543165326118469,0.2865872323513031,0.45300057530403137,0.5656934380531311,0,0
fx10,10,5,lower_left_green_leaf,49,526.93,1749,7666.479130931961,7616.0,1749,0.3762519955635071,0.37142857909202576,0.2988138794898987,0.4721919775009155,0.5782396197319031,0,0
fx10,10,5,lower_left_green_leaf,50,529.59,1749,7993.157232704402,7920.0,1749,0.38447311520576477,0.3785594701766968,0.3004750609397888,0.48420430421829214,0.5736250877380371,0,0
fx10,10,5,lower_left_green_leaf,51,532.25,1749,8492.843910806176,8432.0,1749,0.3883266746997833,0.38291606307029724,0.3027290225028992,0.49169368743896485,0.561366081237793,0,0
fx10,10,5,lower_left_green_leaf,52,534.91,1749,8801.088622069754,8752.0,1749,0.3915558457374573,0.3863319456577301,0.30329864025115966,0.4964496254920959,0.5540950298309326,0,0
fx10,10,5,lower_left_green_leaf,53,537.57,1749,8938.044596912521,8880.0,1749,0.39646482467651367,0.39256197214126587,0.3068270981311798,0.5013759016990662,0.5567951202392578,0,0
fx10,10,5,lower_left_green_leaf,54,540.24,1749,9142.632361349342,9088.0,1749,0.3983403146266937,0.3931398391723633,0.3058584153652191,0.5066148638725281,0.553816020488739,0,0
fx10,10,5,lower_left_green_leaf,55,542.91,1749,9520.37507146941,9456.0,1749,0.39727362990379333,0.3927272856235504,0.30235076546669004,0.5059125185012817,0.5435380339622498,0,0
fx10,10,5,lower_left_green_leaf,56,545.57,1749,9858.835906232132,9808.0,1749,0.3973586857318878,0.3923611044883728,0.3019182920455933,0.5069510221481324,0.5372480154037476,0,0
fx10,10,5,lower_left_green_leaf,57,548.24,1749,9974.36706689537,9920.0,1749,0.39848360419273376,0.39377084374427795,0.30388649106025695,0.5082842707633972,0.5358391404151917,0,0
fx10,10,5,lower_left_green_leaf,58,550.91,1749,10106.163522012579,10048.0,1749,0.39858973026275635,0.3936052918434143,0.3027319431304932,0.5093029141426086,0.5329391956329346,0,0
fx10,10,5,lower_left_green_leaf,59,553.58,1749,10412.532875929102,10352.0,1749,0.39616018533706665,0.39116719365119934,0.2995707273483276,0.5058401226997375,0.5246165990829468,0,0
fx10,10,5,lower_left_green_leaf,60,556.25,1749,10698.008004574041,10624.0,1749,0.3920779228210449,0.3868110179901123,0.29629053473472594,0.5041448950767516,0.5159781575202942,0,0
fx10,10,5,lower_left_green_leaf,61,558.92,1749,10714.858776443682,10640.0,1749,0.3866909146308899,0.38090646266937256,0.29305422902107237,0.49685900807380673,0.5089355111122131,0,0
fx10,10,5,lower_left_green_leaf,62,561.59,1749,10668.880503144654,10592.0,1749,0.37963762879371643,0.3742690086364746,0.28997754454612734,0.4888091504573822,0.5023112297058105,0,0
fx10,10,5,lower_left_green_leaf,63,564.26,1749,10708.60148656375,10640.0,1749,0.36994263529777527,0.3650868237018585,0.27965547442436217,0.4771022200584411,0.49262535572052,0,0
fx10,10,5,lower_left_green_leaf,64,566.94,1749,10709.214408233276,10624.0,1749,0.3588118851184845,0.3532560169696808,0.2709870457649231,0.4632593095302582,0.47999998927116394,0,0
fx10,10,5,lower_left_green_leaf,65,569.61,1749,10494.042309891367,10384.0,1749,0.3472564220428467,0.34117648005485535,0.26475964188575746,0.4508856534957886,0.4705035984516144,0,0
fx10,10,5,lower_left_green_leaf,66,572.29,1749,10237.90508862207,10128.0,1749,0.3354942500591278,0.3294329345226288,0.256206750869751,0.43662653565406795,0.46159473061561584,0,0
fx10,10,5,lower_left_green_leaf,67,574.96,1749,10196.281303602058,10064.0,1749,0.3238542973995209,0.3172042965888977,0.2475901037454605,0.42359786629676816,0.44844987988471985,0,0
fx10,10,5,lower_left_green_leaf,68,577.64,1749,10326.056032018296,10192.0,1749,0.31334179639816284,0.30731508135795593,0.2387281119823456,0.41023895144462585,0.43528610467910767,0,0
fx10,10,5,lower_left_green_leaf,69,580.32,1749,10322.277873070327,10176.0,1749,0.30506086349487305,0.298288494348526,0.23256179094314575,0.4004290819168091,0.42464834451675415,0,0
fx10,10,5,lower_left_green_leaf,70,583.0,1749,10057.239565465981,9920.0,1749,0.2990570366382599,0.2920875549316406,0.22669094502925874,0.39387252926826477,0.42272573709487915,0,0
fx10,10,5,lower_left_green_leaf,71,585.68,1749,9791.670668953688,9648.0,1749,0.29383525252342224,0.28633594512939453,0.22372880578041077,0.3868489563465118,0.42212826013565063,0,0
fx10,10,5,lower_left_green_leaf,72,588.36,1749,9829.717552887365,9664.0,1749,0.2880607843399048,0.28076109290122986,0.22087015509605407,0.3802086770534515,0.41396161913871765,0,0
fx10,10,5,lower_left_green_leaf,73,591.04,1749,10111.414522584333,9952.0,1749,0.2827438712120056,0.27580833435058594,0.21436371207237243,0.3742878258228302,0.40204864740371704,0,0
fx10,10,5,lower_left_green_leaf,74,593.73,1749,10359.748427672956,10192.0,1749,0.2784676253795624,0.27097252011299133,0.21005425751209258,0.3685067534446716,0.3923705816268921,0,0
fx10,10,5,lower_left_green_leaf,75,596.41,1749,10354.698684962836,10176.0,1749,0.2761680781841278,0.26851513981819153,0.20879121124744415,0.3660260915756225,0.38902589678764343,0,0
fx10,10,5,lower_left_green_leaf,76,599.1,1749,10217.66952544311,10032.0,1749,0.2738988697528839,0.2668643295764923,0.20685054063796998,0.36440067887306204,0.3895619809627533,0,0
fx10,10,5,lower_left_green_leaf,77,601.78,1749,10285.612349914236,10112.0,1749,0.270471453666687,0.26259759068489075,0.20408763587474824,0.36134132742881775,0.3834039866924286,0,0
fx10,10,5,lower_left_green_leaf,78,604.47,1749,10637.228130360207,10448.0,1749,0.26548662781715393,0.25787004828453064,0.19955567121505738,0.3555249989032745,0.37300896644592285,0,0
fx10,10,5,lower_left_green_leaf,79,607.16,1749,10944.82332761578,10736.0,1749,0.2597350776195526,0.2515413165092468,0.19494783282279968,0.34792733788490293,0.35965144634246826,0,0
fx10,10,5,lower_left_green_leaf,80,609.85,1749,11050.017152658662,10816.0,1749,0.25402313470840454,0.2460317462682724,0.19042890071868895,0.3409592568874359,0.3519538342952728,0,0
fx10,10,5,lower_left_green_leaf,81,612.53,1749,10860.084619782732,10624.0,1749,0.24900193512439728,0.24059222638607025,0.18661184310913087,0.3330477952957153,0.3475046157836914,0,0
fx10,10,5,lower_left_green_leaf,82,615.23,1749,10651.581475128645,10432.0,1749,0.2436685711145401,0.23518575727939606,0.18235593736171724,0.32661881446838376,0.3433544337749481,0,0
fx10,10,5,lower_left_green_leaf,83,617.92,1749,10748.981132075472,10496.0,1749,0.238333597779274,0.2293413132429123,0.1771627426147461,0.31953336000442506,0.3361090123653412,0,0
fx10,10,5,lower_left_green_leaf,84,620.61,1749,10992.585477415667,10736.0,1749,0.23363524675369263,0.22500696778297424,0.17260579764842987,0.3160258412361145,0.3268129825592041,0,0
fx10,10,5,lower_left_green_leaf,85,623.3,1749,11263.359634076614,10992.0,1749,0.23014691472053528,0.2217414826154709,0.17028630673885345,0.3114856302738189,0.319597065448761,0,0
fx10,10,5,lower_left_green_leaf,86,626.0,1749,11373.850200114352,11072.0,1749,0.22789601981639862,0.2188229262828827,0.16922076046466827,0.3090972363948822,0.3151487708091736,0,0
fx10,10,5,lower_left_green_leaf,87,628.69,1749,11360.969696969696,11072.0,1749,0.22658947110176086,0.2179751992225647,0.16755991876125337,0.3080405533313751,0.3137970268726349,0,0
fx10,10,5,lower_left_green_leaf,88,631.39,1749,11399.007432818753,11136.0,1749,0.22536642849445343,0.2165803164243698,0.1664318323135376,0.3062553882598877,0.3121281564235687,0,0
fx10,10,5,lower_left_green_leaf,89,634.08,1749,11506.598056032019,11216.0,1749,0.22311832010746002,0.21490900218486786,0.16590071022510527,0.30314147472381586,0.3078930079936981,0,0
fx10,10,5,lower_left_green_leaf,90,636.78,1749,11572.070897655803,11280.0,1749,0.21980752050876617,0.21133382618427277,0.16309214532375335,0.2994054973125456,0.30309543013572693,0,0
fx10,10,5,lower_left_green_leaf,91,639.48,1749,11511.281875357347,11216.0,1749,0.21520741283893585,0.20724637806415558,0.15832158625125886,0.2929790019989013,0.2984127104282379,0,0
fx10,10,5,lower_left_green_leaf,92,642.18,1749,11349.47970268725,11040.0,1749,0.20967823266983032,0.20115219056606293,0.15437955856323243,0.28643092513084406,0.2925782799720764,0,0
fx10,10,5,lower_left_green_leaf,93,644.88,1749,11251.101200686106,10960.0,1749,0.20354972779750824,0.19482918083667755,0.15009686648845671,0.2782263875007629,0.28553667664527893,0,0
fx10,10,5,lower_left_green_leaf,94,647.58,1749,11285.589479702687,10992.0,1749,0.1978098750114441,0.1894303411245346,0.14512908160686494,0.2705279290676117,0.2775757610797882,0,0
fx10,10,5,lower_left_green_leaf,95,650.29,1749,11389.164093767868,11088.0,1749,0.1931598037481308,0.18463553488254547,0.14130301773548126,0.26490811109542844,0.2705332934856415,0,0
fx10,10,5,lower_left_green_leaf,96,652.99,1749,11371.7918810749,11072.0,1749,0.18930736184120178,0.1809217631816864,0.1386527568101883,0.25955107212066647,0.26625144481658936,0,0
fx10,10,5,lower_left_green_leaf,97,655.69,1749,11156.336192109777,10864.0,1749,0.18628595769405365,0.1784927248954773,0.13707423210144043,0.25643943548202514,0.2648637890815735,0,0
fx10,10,5,lower_left_green_leaf,98,658.4,1749,10841.413379073756,10544.0,1749,0.18275803327560425,0.17493237555027008,0.1349328100681305,0.2504247665405273,0.2644426226615906,0,0
fx10,10,5,lower_left_green_leaf,99,661.1,1749,10599.839908519154,10320.0,1749,0.17845891416072845,0.17049328982830048,0.1330074042081833,0.24510419666767116,0.26173827052116394,0,0
fx10,10,5,lower_left_green_leaf,100,663.81,1749,10564.62893081761,10304.0,1749,0.17385752499103546,0.16637630760669708,0.1288760393857956,0.239820647239685,0.25566279888153076,0,0
fx10,10,5,lower_left_green_leaf,101,666.52,1749,10730.008004574041,10464.0,1749,0.16998080909252167,0.16276662051677704,0.12572066187858583,0.23451068699359892,0.24947065114974976,0,0
fx10,10,5,lower_left_green_leaf,102,669.23,1749,10868.537449971413,10592.0,1749,0.16681599617004395,0.15990357100963593,0.12395071834325791,0.23038287758827208,0.24300441145896912,0,0
fx10,10,5,lower_left_green_leaf,103,671.94,1749,10898.07661520869,10640.0,1749,0.16526742279529572,0.1584935337305069,0.12316951155662537,0.2274940788745879,0.2407105267047882,0,0
fx10,10,5,lower_left_green_leaf,104,674.65,1749,10791.849056603774,10544.0,1749,0.16454589366912842,0.1572895348072052,0.12328281849622727,0.22623893022537225,0.24084919691085815,0,0
fx10,10,5,lower_left_green_leaf,105,677.36,1749,10702.481417953117,10464.0,1749,0.16453738510608673,0.1576797366142273,0.12283989042043686,0.22478381395339964,0.24286513030529022,0,0
fx10,10,5,lower_left_green_leaf,106,680.07,1749,10802.405946255003,10544.0,1749,0.16508306562900543,0.15813566744327545,0.12342599034309387,0.22601169347763053,0.24173441529273987,0,0
fx10,10,5,lower_left_green_leaf,107,682.79,1749,11157.122927387078,10880.0,1749,0.16595813632011414,0.15872405469417572,0.1240554392337799,0.22895829081535335,0.23925833404064178,0,0
fx10,10,5,lower_left_green_leaf,108,685.5,1749,11702.467695826186,11408.0,1749,0.16971305012702942,0.16237913072109222,0.12644304037094117,0.2333982229232788,0.23845255374908447,0,0
fx10,10,5,lower_left_green_leaf,109,688.22,1749,12384.082332761578,12048.0,1749,0.1777370572090149,0.16988277435302734,0.1315730780363083,0.24336917698383329,0.24230453372001648,0,0
fx10,10,5,lower_left_green_leaf,110,690.93,1749,13179.7918810749,12816.0,1749,0.193305104970932,0.1849096715450287,0.1426498681306839,0.26359679102897643,0.25577664375305176,0,0
fx10,10,5,lower_left_green_leaf,111,693.65,1749,14150.31217838765,13808.0,1749,0.21925318241119385,0.21226246654987335,0.16299357116222382,0.29587413668632506,0.2816947400569916,0,0
fx10,10,5,lower_left_green_leaf,112,696.37,1749,15375.377930245855,15104.0,1749,0.25695744156837463,0.24981577694416046,0.19328047335147858,0.34421445131301875,0.3189097046852112,0,0
fx10,10,5,lower_left_green_leaf,113,699.09,1749,17201.28073184677,16960.0,1749,0.30729541182518005,0.30116409063339233,0.23198226988315582,0.40807109475135805,0.36659735441207886,0,0
fx10,10,5,lower_left_green_leaf,114,701.81,1749,19801.26700971984,19616.0,1749,0.3631049394607544,0.35889628529548645,0.2710342288017273,0.4732966065406799,0.4182458519935608,0,0
fx10,10,5,lower_left_green_leaf,115,704.53,1749,23102.124642652943,22992.0,1749,0.42423558235168457,0.42186352610588074,0.3135104477405548,0.5454144835472107,0.47317788004875183,0,0
fx10,10,5,lower_left_green_leaf,116,707.25,1749,26873.120640365923,26816.0,1749,0.48610609769821167,0.4856542944908142,0.3587780773639679,0.6199809074401855,0.5295900702476501,0,0
fx10,10,5,lower_left_green_leaf,117,709.97,1749,30549.90051457976,30592.0,1749,0.5474774837493896,0.5471248626708984,0.40189874768257144,0.6938610076904297,0.5848800539970398,0,0
fx10,10,5,lower_left_green_leaf,118,712.7,1749,33908.61063464837,33952.0,1749,0.6079027652740479,0.6083800792694092,0.43944464325904853,0.7633857250213623,0.6401779055595398,0,0
fx10,10,5,lower_left_green_leaf,119,715.42,1749,36615.33676386507,36704.0,1749,0.6671549677848816,0.6685356497764587,0.48244913220405583,0.8328112006187438,0.6957311630249023,0,0
fx10,10,5,lower_left_green_leaf,120,718.15,1749,39100.64265294454,39264.0,1749,0.7247449159622192,0.7264785170555115,0.5244776368141174,0.8971882700920105,0.7491483688354492,0,0
fx10,10,5,lower_left_green_leaf,121,720.87,1749,41696.576329331045,42016.0,1749,0.7799718379974365,0.7843336462974548,0.5662182211875916,0.9571610450744629,0.8021406531333923,0,0
fx10,10,5,lower_left_green_leaf,122,723.6,1749,44786.643796455115,45120.0,1749,0.8312951922416687,0.8373644948005676,0.6048835873603821,1.0106631755828857,0.8507662415504456,0,0
fx10,10,5,lower_left_green_leaf,123,726.33,1749,48102.29388221841,48448.0,1749,0.877284586429596,0.8857605457305908,0.6446208000183106,1.0596206665039063,0.8949221968650818,0,0
fx10,10,5,lower_left_green_leaf,124,729.06,1749,51264.56718124643,51728.0,1744,0.9163839817047119,0.9251636266708374,0.674500185251236,1.1006461024284362,0.930959939956665,5,0
fx10,10,5,lower_left_green_leaf,125,731.79,1749,53851.563178959404,54272.0,1718,0.9464351534843445,0.95809406042099,0.7029953062534332,1.1255489647388457,0.9612858295440674,31,0
fx10,10,5,lower_left_green_leaf,126,734.52,1749,55652.69296740995,56128.0,1676,0.9692313075065613,0.9828170537948608,0.7247166335582733,1.1329024732112885,0.9841203689575195,73,0
fx10,10,5,lower_left_green_leaf,127,737.25,1749,56724.3453401944,57344.0,1638,0.9880247116088867,1.0028010606765747,0.7465831398963928,1.1407090663909911,1.0025866031646729,111,0
fx10,10,5,lower_left_green_leaf,128,739.98,1749,57440.82332761578,58128.0,1603,1.0031638145446777,1.0189307928085327,0.7582772850990296,1.1484584093093873,1.0175340175628662,146,0
fx10,10,5,lower_left_green_leaf,129,742.72,1749,57995.46255002859,58752.0,1573,1.0153491497039795,1.0329300165176392,0.7716869354248047,1.1548296928405761,1.030440330505371,176,0
fx10,10,5,lower_left_green_leaf,130,745.45,1749,58503.25443110349,59328.0,1550,1.02545964717865,1.0444157123565674,0.7810742974281311,1.162307506799698,1.04109787940979,199,0
fx10,10,5,lower_left_green_leaf,131,748.19,1749,58810.20011435106,59712.0,1522,1.0325208902359009,1.0515931844711304,0.7825642943382263,1.1661544382572173,1.0476524829864502,227,0
fx10,10,5,lower_left_green_leaf,132,750.93,1749,58975.93596340766,59808.0,1513,1.0393788814544678,1.0592259168624878,0.7887924313545227,1.1732044458389281,1.0546236038208008,236,0
fx10,10,5,lower_left_green_leaf,133,753.66,1749,59053.74042309891,59872.0,1513,1.0456459522247314,1.0643789768218994,0.7943989276885987,1.1796361923217773,1.0593633651733398,236,0
fx10,10,5,lower_left_green_leaf,134,756.4,1749,59148.99942824471,60032.0,1502,1.0496255159378052,1.0692200660705566,0.7972576379776001,1.1829982995986938,1.0639301538467407,247,0
fx10,10,5,lower_left_green_leaf,135,759.14,1749,59457.90280160092,60336.0,1469,1.0500918626785278,1.0698848962783813,0.8005608558654785,1.1807195663452148,1.0643988847732544,280,0
fx10,10,5,lower_left_green_leaf,136,761.88,1749,59951.75300171527,60992.0,1422,1.0482937097549438,1.069331169128418,0.7979311376810074,1.1774831771850587,1.0639588832855225,327,0
fx10,10,5,lower_left_green_leaf,137,764.62,1749,60475.96569468267,61680.0,1336,1.0425254106521606,1.0641205310821533,0.791802316904068,1.1688401997089386,1.0591785907745361,413,0
fx10,10,5,lower_left_green_leaf,138,767.36,1749,60699.76443682104,62032.0,1305,1.041215419769287,1.0637059211730957,0.7921033263206482,1.165023136138916,1.0588068962097168,444,0
fx10,10,5,lower_left_green_leaf,139,770.11,1749,60515.4671240709,61792.0,1363,1.0487737655639648,1.0718934535980225,0.7975983917713165,1.172202146053314,1.066480040550232,386,0
fx10,10,5,lower_left_green_leaf,140,772.85,1749,59790.984562607206,60848.0,1477,1.0610198974609375,1.0809729099273682,0.809678065776825,1.1888431072235108,1.0749074220657349,272,0
fx10,10,5,lower_left_green_leaf,141,775.6,1749,58631.300171526585,59408.0,1579,1.0734039545059204,1.091522216796875,0.8230683028697967,1.2142462253570556,1.0841453075408936,170,0
fx10,10,5,lower_left_green_leaf,142,778.34,1749,57459.265866209265,58048.0,1627,1.080345630645752,1.0969845056533813,0.8266958355903625,1.2370634078979492,1.0892187356948853,122,0
fx10,10,5,lower_left_green_leaf,143,781.09,1749,56861.03602058319,57360.0,1646,1.0836079120635986,1.1001646518707275,0.8273781388998032,1.245622605085373,1.0919241905212402,103,0
fx10,10,5,lower_left_green_leaf,144,783.84,1749,57139.43053173242,57632.0,1634,1.0832726955413818,1.1000244617462158,0.8275045871734619,1.2418739318847656,1.091737985610962,115,0
fx10,10,5,lower_left_green_leaf,145,786.58,1749,58151.656946826755,58704.0,1590,1.0790091753005981,1.0967329740524292,0.8244283676147461,1.225644165277481,1.0889396667480469,159,0
fx10,10,5,lower_left_green_leaf,146,789.33,1749,59367.62035448828,60192.0,1501,1.0702708959579468,1.090091586112976,0.8151037693023682,1.2067952156066895,1.083080530166626,248,0
fx10,10,5,lower_left_green_leaf,147,792.08,1749,60363.581475128645,61424.0,1371,1.058276653289795,1.0806995630264282,0.8040097653865814,1.1908420324325562,1.074546456336975,378,0
fx10,10,5,lower_left_green_leaf,148,794.84,1749,60672.10977701544,61872.0,1320,1.0538959503173828,1.0778703689575195,0.7977804481983185,1.1783206582069397,1.0719541311264038,429,0
fx10,10,5,lower_left_green_leaf,149,797.59,1749,60271.89937106918,61408.0,1438,1.065474271774292,1.0880112648010254,0.815316441655159,1.191483849287033,1.0812325477600098,311,0
fx10,10,5,lower_left_green_leaf,150,800.34,1749,58954.95025728988,59776.0,1586,1.0811872482299805,1.1009089946746826,0.8238411247730255,1.2179509997367859,1.0928199291229248,163,0
fx10,10,5,lower_left_green_leaf,151,803.1,1749,57015.281875357345,57616.0,1677,1.093340516090393,1.1076558828353882,0.8313158869743348,1.2610479354858397,1.0987178087234497,72,0
fx10,10,5,lower_left_green_leaf,152,805.85,1749,54891.874213836476,55264.0,1718,1.1002708673477173,1.111851453781128,0.8334234207868576,1.2839560151100158,1.1022546291351318,31,0
fx10,10,5,lower_left_green_leaf,153,808.61,1749,53383.6295025729,53776.0,1734,1.1035386323928833,1.114188313484192,0.8364894211292268,1.2968314588069916,1.1041427850723267,15,0
fx10,10,5,lower_left_green_leaf,154,811.36,1749,52802.579759862776,53120.0,1735,1.1042876243591309,1.1143543720245361,0.8383183896541595,1.2990532040596008,1.1041911840438843,14,0
fx10,10,5,lower_left_green_leaf,155,814.12,1749,53145.12064036592,53392.0,1732,1.1042603254318237,1.1147630214691162,0.8378796577453613,1.2969737708568572,1.1045491695404053,17,0
fx10,10,5,lower_left_green_leaf,156,816.88,1749,54104.42538593482,54368.0,1718,1.1024070978164673,1.1144592761993408,0.8375944554805755,1.2864763796329497,1.1042600870132446,31,0
fx10,10,5,lower_left_green_leaf,157,819.64,1749,55278.79245283019,55600.0,1695,1.099722146987915,1.1121528148651123,0.834166157245636,1.2734675884246827,1.1025969982147217,54,0
fx10,10,5,lower_left_green_leaf,158,822.4,1749,56149.34248141795,56576.0,1671,1.0966817140579224,1.1104934215545654,0.8328283131122589,1.265741229057312,1.1010571718215942,78,0
fx10,10,5,lower_left_green_leaf,159,825.16,1749,56537.21212121212,56992.0,1662,1.0957541465759277,1.1107935905456543,0.8348962426185608,1.2617379188537596,1.1016228199005127,87,0
fx10,10,5,lower_left_green_leaf,160,827.92,1749,56172.542024013725,56672.0,1679,1.098330020904541,1.111883282661438,0.8343425691127777,1.269209361076355,1.1023521423339844,70,0
fx10,10,5,lower_left_green_leaf,161,830.69,1749,55183.048599199545,55600.0,1707,1.1025681495666504,1.1149826049804688,0.836343950033188,1.2804845690727233,1.1050955057144165,42,0
fx10,10,5,lower_left_green_leaf,162,833.45,1749,53872.82332761578,54288.0,1733,1.1066880226135254,1.1172266006469727,0.8399277687072754,1.2986978769302366,1.1068891286849976,16,0
fx10,10,5,lower_left_green_leaf,163,836.22,1749,52651.73699256718,53008.0,1741,1.1085162162780762,1.1187825202941895,0.8420481085777283,1.3029861450195312,1.1080350875854492,8,0
fx10,10,5,lower_left_green_leaf,164,838.98,1749,51829.47055460263,52112.0,1743,1.1091747283935547,1.1191554069519043,0.8401294648647308,1.3069940805435178,1.1082674264907837,6,0
fx10,10,5,lower_left_green_leaf,165,841.75,1749,51638.66895368782,51936.0,1744,1.1096762418746948,1.1200528144836426,0.8377383768558502,1.3070332050323485,1.1089907884597778,5,0
fx10,10,5,lower_left_green_leaf,166,844.52,1749,51965.84105202973,52256.0,1742,1.109427571296692,1.1199355125427246,0.8389085859060288,1.3054527163505554,1.1089322566986084,7,0
fx10,10,5,lower_left_green_leaf,167,847.29,1749,52664.096054888505,52960.0,1737,1.108839750289917,1.1195652484893799,0.8389603137969971,1.302956104278564,1.1086598634719849,12,0
fx10,10,5,lower_left_green_leaf,168,850.06,1749,53447.16295025729,53712.0,1730,1.1078177690505981,1.11920166015625,0.8387145102024078,1.296733236312866,1.108673095703125,19,0
fx10,10,5,lower_left_green_leaf,169,852.83,1749,54122.98684962836,54448.0,1716,1.1060822010040283,1.117711067199707,0.8404117673635483,1.288345605134964,1.1074814796447754,33,0
fx10,10,5,lower_left_green_leaf,170,855.6,1749,54464.8324757004,54832.0,1712,1.1061935424804688,1.118741750717163,0.8385529041290283,1.2862005352973938,1.1082589626312256,37,0
fx10,10,5,lower_left_green_leaf,171,858.37,1749,54437.964551172096,54800.0,1712,1.106514811515808,1.1189887523651123,0.8407885670661926,1.2864867091178893,1.1086654663085938,37,0
fx10,10,5,lower_left_green_leaf,172,861.14,1749,54055.27272727273,54432.0,1726,1.1088697910308838,1.1205648183822632,0.8399624824523926,1.2947676181793213,1.11002516746521,23,0
fx10,10,5,lower_left_green_leaf,173,863.92,1749,53277.42938822184,53600.0,1737,1.111226201057434,1.1218161582946777,0.8368161916732788,1.3033964633941646,1.1107814311981201,12,0
fx10,10,5,lower_left_green_leaf,174,866.69,1749,52281.55974842767,52608.0,1744,1.1134132146835327,1.12349534034729,0.8371879726648331,1.3121594250202178,1.1122850179672241,5,0
fx10,10,5,lower_left_green_leaf,175,869.47,1749,51165.58490566038,51472.0,1748,1.1147481203079224,1.1239862442016602,0.8404921025037766,1.316555333137512,1.112330675125122,1,0
fx10,10,5,lower_left_green_leaf,176,872.25,1749,50037.36077758719,50368.0,1749,1.1155211925506592,1.1247563362121582,0.838633942604065,1.3176848411560058,1.1128917932510376,0,0
fx10,10,5,lower_left_green_leaf,177,875.03,1749,49147.52658662092,49456.0,1749,1.1156971454620361,1.125541090965271,0.8410697102546693,1.3187835931777954,1.1135231256484985,0,0
fx10,10,5,lower_left_green_leaf,178,877.8,1749,48411.919954259574,48720.0,1749,1.1161518096923828,1.1252747774124146,0.8378332376480103,1.3184166908264159,1.1130748987197876,0,0
fx10,10,5,lower_left_green_leaf,179,880.58,1749,47924.10748999428,48192.0,1749,1.1165536642074585,1.126189947128296,0.8413346648216248,1.3196062326431275,1.1136653423309326,0,0
fx10,10,5,lower_left_green_leaf,180,883.37,1749,47624.05946255003,47888.0,1749,1.1167411804199219,1.1268656253814697,0.8384063959121705,1.3198068380355834,1.1142216920852661,0,0
fx10,10,5,lower_left_green_leaf,181,886.15,1749,47472.740994854204,47744.0,1749,1.117102861404419,1.1272423267364502,0.8384710550308228,1.3177843809127807,1.1140483617782593,0,0
fx10,10,5,lower_left_green_leaf,182,888.93,1749,47435.124070897655,47680.0,1749,1.1174980401992798,1.1273858547210693,0.8378202676773071,1.3182795524597168,1.1147851943969727,0,0
fx10,10,5,lower_left_green_leaf,183,891.71,1749,47356.917095483135,47664.0,1749,1.117909550666809,1.1279447078704834,0.8389990210533143,1.3208605527877808,1.1150375604629517,0,0
fx10,10,5,lower_left_green_leaf,184,894.5,1749,47123.53116066324,47392.0,1749,1.1182397603988647,1.1281079053878784,0.8410207509994507,1.3216389179229735,1.1151078939437866,0,0
fx10,10,5,lower_left_green_leaf,185,897.28,1749,46676.711263579185,46960.0,1749,1.1188431978225708,1.1286412477493286,0.8442511558532715,1.3216622352600098,1.1154208183288574,0,0
fx10,10,5,lower_left_green_leaf,186,900.07,1749,45962.11778158948,46240.0,1749,1.119204044342041,1.1298701763153076,0.8423108577728272,1.3221937656402587,1.1162340641021729,0,0
fx10,10,5,lower_left_green_leaf,187,902.86,1749,44963.604345340194,45248.0,1749,1.1192736625671387,1.1285713911056519,0.8412622570991517,1.3241209030151366,1.1147347688674927,0,0
fx10,10,5,lower_left_green_leaf,188,905.64,1749,43743.762149799884,44000.0,1749,1.1188873052597046,1.1276692152023315,0.8392950892448425,1.3224502801895142,1.1136730909347534,0,0
fx10,10,5,lower_left_green_leaf,189,908.43,1749,42379.480846197825,42624.0,1749,1.1180517673492432,1.128395676612854,0.839308500289917,1.323302674293518,1.1139971017837524,0,0
fx10,10,5,lower_left_green_leaf,190,911.22,1749,41056.26529445397,41296.0,1749,1.1174163818359375,1.1268565654754639,0.8356745123863221,1.3226695299148559,1.1120671033859253,0,0
fx10,10,5,lower_left_green_leaf,191,914.02,1749,39902.21612349914,40128.0,1749,1.1166764497756958,1.1263847351074219,0.8370538353919983,1.3221302509307862,1.1111602783203125,0,0
fx10,10,5,lower_left_green_leaf,192,916.81,1749,38982.092624356774,39184.0,1749,1.1162233352661133,1.1264952421188354,0.8385637283325196,1.3219993114471436,1.1111607551574707,0,0
fx10,10,5,lower_left_green_leaf,193,919.6,1749,38396.487135506,38576.0,1749,1.1155961751937866,1.1234469413757324,0.8380093216896057,1.3196481943130494,1.1084010601043701,0,0
fx10,10,5,lower_left_green_leaf,194,922.39,1749,38101.45225843339,38288.0,1749,1.1146851778030396,1.123716950416565,0.8360467553138733,1.3193044900894164,1.1082831621170044,0,0
fx10,10,5,lower_left_green_leaf,195,925.19,1749,38002.56146369354,38192.0,1749,1.1138321161270142,1.1239407062530518,0.8341212987899781,1.3189631462097169,1.1080577373504639,0,0
fx10,10,5,lower_left_green_leaf,196,927.98,1749,37945.26700971984,38128.0,1749,1.112691879272461,1.121913194656372,0.837009072303772,1.3160605669021603,1.1066151857376099,0,0
fx10,10,5,lower_left_green_leaf,197,930.78,1749,37813.10463121784,38016.0,1749,1.1114083528518677,1.1207497119903564,0.8343127489089966,1.31492760181427,1.1055814027786255,0,0
fx10,10,5,lower_left_green_leaf,198,933.58,1749,37537.65580331618,37744.0,1749,1.110126256942749,1.1194736957550049,0.8320053458213806,1.3157627344131468,1.1044083833694458,0,0
fx10,10,5,lower_left_green_leaf,199,936.38,1749,37035.060034305316,37216.0,1749,1.1084589958190918,1.1176148653030396,0.8292207002639771,1.311872100830078,1.1026241779327393,0,0
fx10,10,5,lower_left_green_leaf,200,939.18,1749,36346.27329902801,36560.0,1749,1.10640549659729,1.1156424283981323,0.8245358943939209,1.3113374948501586,1.1003663539886475,0,0
fx10,10,5,lower_left_green_leaf,201,941.98,1749,35195.32532875929,35408.0,1749,1.1039812564849854,1.1125866174697876,0.8208871364593506,1.309716248512268,1.097402572631836,0,0
fx10,10,5,lower_left_green_leaf,202,944.78,1749,33766.53173241852,34000.0,1749,1.101096510887146,1.1089762449264526,0.8200099110603333,1.3045145273208616,1.0939821004867554,0,0
fx10,10,5,lower_left_green_leaf,203,947.58,1749,32122.675814751285,32336.0,1749,1.0970921516418457,1.1059268712997437,0.8150903224945069,1.3006541728973389,1.090561866760254,0,0
fx10,10,5,lower_left_green_leaf,204,950.38,1749,30433.134362492852,30656.0,1749,1.092258334159851,1.1010781526565552,0.8130170822143554,1.295112681388855,1.085584282875061,0,0
fx10,10,5,lower_left_green_leaf,205,953.19,1749,28852.491709548314,29040.0,1749,1.086834192276001,1.0958904027938843,0.8076081275939941,1.289603567123413,1.080314040184021,0,0
fx10,10,5,lower_left_green_leaf,206,955.99,1749,27477.14122355632,27616.0,1749,1.081135630607605,1.090290904045105,0.8022008538246155,1.282306957244873,1.0749369859695435,0,0
fx10,10,5,lower_left_green_leaf,207,958.8,1749,26343.181246426528,26480.0,1749,1.0761778354644775,1.08475923538208,0.7964841723442078,1.2770537614822388,1.0697067975997925,0,0
fx10,10,5,lower_left_green_leaf,208,961.6,1749,25514.245854774155,25680.0,1749,1.0727157592773438,1.0809917449951172,0.7979655861854553,1.2740375757217406,1.066216230392456,0,0
fx10,10,5,lower_left_green_leaf,209,964.41,1749,24840.617495711835,25008.0,1749,1.0708956718444824,1.0790144205093384,0.7924628376960754,1.2707697868347168,1.0644831657409668,0,0
fx10,10,5,lower_left_green_leaf,210,967.22,1749,24351.396226415094,24496.0,1749,1.069913625717163,1.0792419910430908,0.7919471502304077,1.2678781032562256,1.064226508140564,0,0
fx10,10,5,lower_left_green_leaf,211,970.03,1749,23957.699256718126,24080.0,1749,1.0694360733032227,1.0785714387893677,0.7939324498176574,1.2684340000152587,1.0634249448776245,0,0
fx10,10,5,lower_left_green_leaf,212,972.84,1749,23567.432818753572,23712.0,1749,1.0693787336349487,1.0780398845672607,0.791417908668518,1.2680211305618285,1.0630757808685303,0,0
fx10,10,5,lower_left_green_leaf,213,975.65,1749,23155.851343624927,23280.0,1749,1.0692627429962158,1.0774807929992676,0.791690194606781,1.2667309522628785,1.0621836185455322,0,0
fx10,10,5,lower_left_green_leaf,214,978.46,1749,22662.138364779876,22800.0,1749,1.0695081949234009,1.0790475606918335,0.7909389853477479,1.2681046724319458,1.0631579160690308,0,0
fx10,10,5,lower_left_green_leaf,215,981.27,1749,22058.703259005146,22176.0,1749,1.0704480409622192,1.0793036222457886,0.7919075727462769,1.2708775043487548,1.062839388847351,0,0
fx10,10,5,lower_left_green_leaf,216,984.09,1749,21326.536306460835,21472.0,1749,1.07154381275177,1.0789743661880493,0.7936443567276001,1.2711046934127808,1.062106966972351,0,0
fx10,10,5,lower_left_green_leaf,217,986.9,1749,20503.355060034304,20624.0,1749,1.0726755857467651,1.0810526609420776,0.7930611133575439,1.2701924324035643,1.0630114078521729,0,0
fx10,10,5,lower_left_green_leaf,218,989.72,1749,19666.4516866781,19776.0,1749,1.0739058256149292,1.0832408666610718,0.7941267251968384,1.270061206817627,1.0640138387680054,0,0
fx10,10,5,lower_left_green_leaf,219,992.54,1749,18805.95540308748,18912.0,1749,1.0756525993347168,1.0845069885253906,0.7976541996002198,1.2720139741897583,1.0637915134429932,0,0
fx10,10,5,lower_left_green_leaf,220,995.35,1749,17986.030874785592,18096.0,1749,1.0776581764221191,1.0871731042861938,0.801489782333374,1.2733169317245483,1.0648236274719238,0,0
fx10,10,5,lower_left_green_leaf,221,998.17,1749,17247.432818753572,17344.0,1749,1.0792046785354614,1.088624358177185,0.8057143449783325,1.2792645454406737,1.065206527709961,0,0
fx10,10,5,lower_left_green_leaf,222,1000.99,1749,16693.351629502573,16784.0,1749,1.0805078744888306,1.0897616147994995,0.8032427310943604,1.2778254270553588,1.0650826692581177,0,0
fx10,10,5,lower_left_green_leaf,223,1003.81,1749,16632.727272727272,16720.0,1749,1.0805264711380005,1.0883190631866455,0.8025669693946839,1.2791956663131712,1.0635721683502197,0,0
fx10,11,5,upper_left_red_leaf,0,397.66,1096,5236.569343065694,5232.0,1096,0.8467349410057068,0.8461538553237915,0.7121211886405945,0.9701492786407471,0.9702380895614624,0,0
fx10,11,5,upper_left_red_leaf,1,400.28,1096,5250.963503649635,5248.0,1096,0.83321613073349,0.8358209133148193,0.7321315705776215,0.9242424368858337,0.9675516486167908,0,0
fx10,11,5,upper_left_red_leaf,2,402.9,1096,5265.7226277372265,5264.0,1096,0.8082630634307861,0.8088235259056091,0.7077205777168274,0.8985507488250732,0.9614243507385254,0,0
fx10,11,5,upper_left_red_leaf,3,405.52,1096,5264.160583941606,5264.0,1096,0.7807708978652954,0.784296989440918,0.6811594367027283,0.8648648858070374,0.9538905024528503,0,0
fx10,11,5,upper_left_red_leaf,4,408.13,1096,5262.700729927007,5264.0,1096,0.7561363577842712,0.7594936490058899,0.6623376607894897,0.8399999737739563,0.9464544057846069,0,0
fx10,11,5,upper_left_red_leaf,5,410.75,1096,5300.160583941606,5296.0,1096,0.7361736297607422,0.7388535141944885,0.6419752836227417,0.8205128312110901,0.9398906826972961,0,0
fx10,11,5,upper_left_red_leaf,6,413.37,1096,5308.043795620438,5312.0,1096,0.7179211378097534,0.7209302186965942,0.6235294342041016,0.800000011920929,0.93388432264328,0,0
fx10,11,5,upper_left_red_leaf,7,416.0,1096,5329.211678832116,5328.0,1096,0.7051857113838196,0.7078651785850525,0.617977499961853,0.7865168452262878,0.9293063879013062,0,0
fx10,11,5,upper_left_red_leaf,8,418.62,1096,5355.094890510949,5344.0,1096,0.6940483450889587,0.695652186870575,0.6043956279754639,0.7719861567020416,0.9242519736289978,0,0
fx10,11,5,upper_left_red_leaf,9,421.24,1096,5359.63503649635,5360.0,1096,0.6801588535308838,0.6813187003135681,0.5874607563018799,0.7628865838050842,0.9182561039924622,0,0
fx10,11,5,upper_left_red_leaf,10,423.86,1096,5392.832116788321,5392.0,1096,0.6723946928977966,0.6736842393875122,0.5858585834503174,0.7525773048400879,0.9146005511283875,0,0
fx10,11,5,upper_left_red_leaf,11,426.49,1096,5405.620437956204,5408.0,1096,0.6587080359458923,0.6617676019668579,0.5739222466945648,0.7352941036224365,0.9083557724952698,0,0
fx10,11,5,upper_left_red_leaf,12,429.12,1096,5412.6423357664235,5408.0,1096,0.6377133727073669,0.6415094137191772,0.5540043413639069,0.7142857313156128,0.898684024810791,0,0
fx10,11,5,upper_left_red_leaf,13,431.74,1096,5451.3722627737225,5456.0,1096,0.6277139186859131,0.6293103694915771,0.5405405163764954,0.7037037014961243,0.8921052813529968,0,0
fx10,11,5,upper_left_red_leaf,14,434.37,1096,5496.744525547445,5488.0,1096,0.6094617247581482,0.6101694703102112,0.529667317867279,0.6872821748256683,0.8817480802536011,0,0
fx10,11,5,upper_left_red_leaf,15,437.0,1096,5537.912408759124,5536.0,1096,0.5841732621192932,0.5846154093742371,0.5078754872083664,0.6613220870494843,0.8671678900718689,0,0
fx10,11,5,upper_left_red_leaf,16,439.63,1096,5575.868613138686,5568.0,1096,0.5698786973953247,0.5703703761100769,0.49275362491607666,0.6427366733551025,0.8566188812255859,0,0
fx10,11,5,upper_left_red_leaf,17,442.26,1096,5614.8175182481755,5616.0,1096,0.5497754812240601,0.5492957830429077,0.46969593316316605,0.6258503198623657,0.8429951667785645,0,0
fx10,11,5,upper_left_red_leaf,18,444.89,1096,5673.63503649635,5664.0,1096,0.5314033031463623,0.5305478572845459,0.4538145586848259,0.6065959185361862,0.8279069662094116,0,0
fx10,11,5,upper_left_red_leaf,19,447.52,1096,5719.78102189781,5712.0,1096,0.519257128238678,0.518405556678772,0.4498417600989342,0.5939839780330658,0.8175519704818726,0,0
fx10,11,5,upper_left_red_leaf,20,450.16,1096,5778.613138686132,5760.0,1096,0.5062569379806519,0.5036039352416992,0.4325842559337616,0.5791809409856796,0.8068181872367859,0,0
fx10,11,5,upper_left_red_leaf,21,452.79,1096,5763.766423357664,5760.0,1096,0.4994422197341919,0.4972067177295685,0.4267820864915848,0.5747126340866089,0.800000011920929,0,0
fx10,11,5,upper_left_red_leaf,22,455.43,1096,5803.240875912409,5808.0,1096,0.4960625171661377,0.4943501055240631,0.4180566892027855,0.5745856165885925,0.7943567037582397,0,0
fx10,11,5,upper_left_red_leaf,23,458.06,1096,5842.189781021898,5840.0,1096,0.48798036575317383,0.48691099882125854,0.41304177045822144,0.5677083134651184,0.7860261797904968,0,0
fx10,11,5,upper_left_red_leaf,24,460.7,1096,5844.759124087591,5840.0,1096,0.4887564480304718,0.4871794879436493,0.41308214515447617,0.5684210658073425,0.7867091298103333,0,0
fx10,11,5,upper_left_red_leaf,25,463.34,1096,5866.656934306569,5872.0,1096,0.48807191848754883,0.48691099882125854,0.4138398915529251,0.5666719973087311,0.7855626344680786,0,0
fx10,11,5,upper_left_red_leaf,26,465.98,1096,5930.131386861314,5920.0,1096,0.4752333164215088,0.4725666642189026,0.40535859763622284,0.5554304867982864,0.7708121538162231,0,0
fx10,11,5,upper_left_red_leaf,27,468.62,1096,5977.795620437956,5968.0,1096,0.4726071357727051,0.4697674512863159,0.4000000059604645,0.5550239086151123,0.7674897313117981,0,0
fx10,11,5,upper_left_red_leaf,28,471.26,1096,5979.912408759124,5968.0,1096,0.4714893400669098,0.4696255028247833,0.3970235511660576,0.5520103424787521,0.7658683061599731,0,0
fx10,11,5,upper_left_red_leaf,29,473.9,1096,6040.948905109489,6032.0,1096,0.4556737244129181,0.45299145579338074,0.3823443502187729,0.5361599326133728,0.7465069890022278,0,0
fx10,11,5,upper_left_red_leaf,30,476.54,1096,6150.496350364963,6136.0,1096,0.44278138875961304,0.4390730857849121,0.37109375,0.5261572450399399,0.7303259968757629,0,0
fx10,11,5,upper_left_red_leaf,31,479.18,1096,6151.313868613139,6136.0,1096,0.4370627999305725,0.4346153736114502,0.36354759335517883,0.5157480239868164,0.7248576879501343,0,0
fx10,11,5,upper_left_red_leaf,32,481.83,1096,6213.737226277372,6192.0,1096,0.4261940121650696,0.4234875440597534,0.35101716220378876,0.5097074806690216,0.708791196346283,0,0
fx10,11,5,upper_left_red_leaf,33,484.47,1096,6346.846715328467,6336.0,1096,0.4116382896900177,0.408193439245224,0.3377939686179161,0.49335526674985886,0.686956524848938,0,0
fx10,11,5,upper_left_red_leaf,34,487.12,1096,6448.554744525547,6400.0,1096,0.40608927607536316,0.40186914801597595,0.33126935362815857,0.4889589846134186,0.6757447719573975,0,0
fx10,11,5,upper_left_red_leaf,35,489.77,1096,6478.948905109489,6464.0,1096,0.4028880000114441,0.39817628264427185,0.33110998570919037,0.486423060297966,0.6683312654495239,0,0
fx10,11,5,upper_left_red_leaf,36,492.42,1096,6619.036496350365,6592.0,1096,0.3978215157985687,0.39323458075523376,0.3227880150079727,0.483146071434021,0.6530612111091614,0,0
fx10,11,5,upper_left_red_leaf,37,495.07,1096,6761.153284671533,6720.0,1096,0.39653176069259644,0.39050132036209106,0.32204925268888474,0.4833924025297165,0.6442233324050903,0,0
fx10,11,5,upper_left_red_leaf,38,497.72,1096,6872.861313868613,6848.0,1096,0.39943817257881165,0.3953785002231598,0.3238914906978607,0.4876421168446541,0.6430723071098328,0,0
fx10,11,5,upper_left_red_leaf,39,500.37,1096,7020.262773722628,6992.0,1096,0.40226003527641296,0.39855071902275085,0.3214210569858551,0.4913686290383339,0.6371937990188599,0,0
fx10,11,5,upper_left_red_leaf,40,503.02,1096,7161.883211678832,7136.0,1096,0.4080045819282532,0.40440165996551514,0.33079347014427185,0.49822256714105606,0.6350777745246887,0,0
fx10,11,5,upper_left_red_leaf,41,505.67,1096,7221.343065693431,7200.0,1096,0.4201468825340271,0.4175691604614258,0.340954914689064,0.5128805637359619,0.6425501108169556,0,0
fx10,11,5,upper_left_red_leaf,42,508.32,1096,7396.131386861314,7392.0,1096,0.431232750415802,0.4285714328289032,0.34495146572589874,0.5266175866127014,0.6478776335716248,0,0
fx10,11,5,upper_left_red_leaf,43,510.98,1096,7627.868613138686,7616.0,1096,0.43949031829833984,0.43790850043296814,0.3492133542895317,0.5438202321529388,0.6434426307678223,0,0
fx10,11,5,upper_left_red_leaf,44,513.63,1096,7761.591240875912,7744.0,1096,0.4502950608730316,0.4483841061592102,0.35707101225852966,0.5535854399204254,0.6474143266677856,0,0
fx10,11,5,upper_left_red_leaf,45,516.29,1096,7824.875912408759,7808.0,1096,0.464803010225296,0.46202927827835083,0.3665032759308815,0.5700519979000092,0.659850001335144,0,0
fx10,11,5,upper_left_red_leaf,46,518.95,1096,8066.80291970803,8064.0,1096,0.47389957308769226,0.47076812386512756,0.3735133558511734,0.5853293389081955,0.6605018973350525,0,0
fx10,11,5,upper_left_red_leaf,47,521.61,1096,8409.664233576643,8408.0,1096,0.479097843170166,0.4766724705696106,0.376825787127018,0.5933523327112198,0.6534847021102905,0,0
fx10,11,5,upper_left_red_leaf,48,524.27,1096,8606.861313868612,8592.0,1096,0.48537418246269226,0.48311036825180054,0.3837837874889374,0.6008202284574509,0.6547331809997559,0,0
fx10,11,5,upper_left_red_leaf,49,526.93,1096,8621.839416058394,8608.0,1096,0.4930187165737152,0.4909861385822296,0.38916632533073425,0.6144343167543411,0.6607102155685425,0,0
fx10,11,5,upper_left_red_leaf,50,529.59,1096,8901.080291970802,8880.0,1096,0.4955044388771057,0.4927670955657959,0.3905799314379692,0.6202668100595474,0.656324565410614,0,0
fx10,11,5,upper_left_red_leaf,51,532.25,1096,9404.087591240876,9392.0,1096,0.49199971556663513,0.4888705015182495,0.38264190405607224,0.6176525354385376,0.6397361755371094,0,0
fx10,11,5,upper_left_red_leaf,52,534.91,1096,9829.693430656935,9808.0,1096,0.4908331334590912,0.48836424946784973,0.38180772960186005,0.6197538524866104,0.631445050239563,0,0
fx10,11,5,upper_left_red_leaf,53,537.57,1096,9945.05109489051,9936.0,1096,0.49207884073257446,0.48899585008621216,0.3834315538406372,0.6201559603214264,0.6301928758621216,0,0
fx10,11,5,upper_left_red_leaf,54,540.24,1096,10087.620437956204,10080.0,1096,0.4911985695362091,0.4886966347694397,0.38166750222444534,0.6218630373477936,0.6257309913635254,0,0
fx10,11,5,upper_left_red_leaf,55,542.91,1096,10515.591240875912,10496.0,1096,0.4888598620891571,0.48602795600891113,0.37781233340501785,0.6211068034172058,0.6164153814315796,0,0
fx10,11,5,upper_left_red_leaf,56,545.57,1096,10958.642335766423,10928.0,1096,0.4873102605342865,0.4842473864555359,0.3768618628382683,0.6213583946228027,0.6098718643188477,0,0
fx10,11,5,upper_left_red_leaf,57,548.24,1096,11118.992700729927,11088.0,1096,0.487806111574173,0.48525282740592957,0.37542662024497986,0.622376412153244,0.6078091859817505,0,0
fx10,11,5,upper_left_red_leaf,58,550.91,1096,11260.21897810219,11248.0,1096,0.4891287386417389,0.48701950907707214,0.37510404735803604,0.6215127259492874,0.6066579818725586,0,0
fx10,11,5,upper_left_red_leaf,59,553.58,1096,11645.138686131388,11632.0,1096,0.489942729473114,0.48722827434539795,0.3750104159116745,0.6225874274969101,0.6024489998817444,0,0
fx10,11,5,upper_left_red_leaf,60,556.25,1096,12115.459854014598,12112.0,1096,0.4922873079776764,0.49077308177948,0.37580646574497223,0.6273887902498245,0.6004719734191895,0,0
fx10,11,5,upper_left_red_leaf,61,558.92,1096,12333.2700729927,12320.0,1096,0.49680566787719727,0.49561381340026855,0.3771190270781517,0.6303815245628357,0.6024380922317505,0,0
fx10,11,5,upper_left_red_leaf,62,561.59,1096,12505.693430656935,12504.0,1096,0.5027854442596436,0.5009920597076416,0.3819895386695862,0.6423189640045166,0.6062126159667969,0,0
fx10,11,5,upper_left_red_leaf,63,564.26,1096,12845.795620437957,12856.0,1096,0.5090754628181458,0.5086087584495544,0.3857248052954674,0.650012195110321,0.6093159914016724,0,0
fx10,11,5,upper_left_red_leaf,64,566.94,1096,13266.992700729927,13264.0,1096,0.5158098340034485,0.5158333778381348,0.38908519595861435,0.6559449583292007,0.6125515699386597,0,0
fx10,11,5,upper_left_red_leaf,65,569.61,1096,13422.963503649635,13424.0,1096,0.5235541462898254,0.5231267213821411,0.39522747695446014,0.6635470390319824,0.6189154982566833,0,0
fx10,11,5,upper_left_red_leaf,66,572.29,1096,13440.525547445255,13456.0,1096,0.5315797924995422,0.5331190824508667,0.39799126237630844,0.6714215129613876,0.6271718740463257,0,0
fx10,11,5,upper_left_red_leaf,67,574.96,1096,13746.043795620439,13776.0,1096,0.538104772567749,0.5400998592376709,0.40387529879808426,0.6789876222610474,0.6315783262252808,0,0
fx10,11,5,upper_left_red_leaf,68,577.64,1096,14393.109489051094,14448.0,1096,0.5437390208244324,0.5451843738555908,0.4068836122751236,0.686979129910469,0.6318202614784241,0,0
fx10,11,5,upper_left_red_leaf,69,580.32,1096,14879.547445255474,14936.0,1096,0.5496153831481934,0.5514610409736633,0.412017360329628,0.6921174079179764,0.6346676349639893,0,0
fx10,11,5,upper_left_red_leaf,70,583.0,1096,14817.897810218978,14848.0,1096,0.555957555770874,0.5585627555847168,0.41447511315345764,0.69975446164608,0.6409185528755188,0,0
fx10,11,5,upper_left_red_leaf,71,585.68,1096,14562.306569343065,14624.0,1096,0.5623996257781982,0.5661526918411255,0.41932085901498795,0.7054407447576523,0.6499944925308228,0,0
fx10,11,5,upper_left_red_leaf,72,588.36,1096,14824.759124087592,14928.0,1096,0.5682340860366821,0.5730832815170288,0.42019668966531754,0.7131981998682022,0.6545006632804871,0,0
fx10,11,5,upper_left_red_leaf,73,591.04,1096,15651.197080291971,15736.0,1096,0.5736286044120789,0.5780708193778992,0.42432913929224014,0.7226010859012604,0.6542215347290039,0,0
fx10,11,5,upper_left_red_leaf,74,593.73,1096,16552.5401459854,16656.0,1096,0.580179750919342,0.5857374668121338,0.43020424991846085,0.7291788160800934,0.6570157408714294,0,0
fx10,11,5,upper_left_red_leaf,75,596.41,1096,16964.525547445257,17072.0,1096,0.5889953970909119,0.5940552949905396,0.4326348900794983,0.7383466064929962,0.6632304191589355,0,0
fx10,11,5,upper_left_red_leaf,76,599.1,1096,16980.204379562045,17104.0,1096,0.5997173190116882,0.6060488224029541,0.4422674775123596,0.7488730102777481,0.6734300851821899,0,0
fx10,11,5,upper_left_red_leaf,77,601.78,1096,17453.4598540146,17616.0,1096,0.6120277643203735,0.6198606491088867,0.45066453516483307,0.765629768371582,0.6836271286010742,0,0
fx10,11,5,upper_left_red_leaf,78,604.47,1096,18668.0,18864.0,1096,0.6256908178329468,0.6342683434486389,0.4622705578804016,0.7819796949625015,0.6933965682983398,0,0
fx10,11,5,upper_left_red_leaf,79,607.16,1096,20173.66423357664,20416.0,1096,0.6410704851150513,0.6516007781028748,0.47127752751111984,0.7978159785270691,0.704074501991272,0,0
fx10,11,5,upper_left_red_leaf,80,609.85,1096,21340.394160583943,21648.0,1096,0.6574907898902893,0.6701711416244507,0.4806659072637558,0.8141330629587173,0.7180495262145996,0,0
fx10,11,5,upper_left_red_leaf,81,612.53,1096,21814.87591240876,22144.0,1096,0.675679087638855,0.6894419193267822,0.48896948248147964,0.8317251056432724,0.733799397945404,0,0
fx10,11,5,upper_left_red_leaf,82,615.23,1096,22103.21167883212,22472.0,1096,0.695091724395752,0.7101951837539673,0.4973239079117775,0.851523831486702,0.751921534538269,0,0
fx10,11,5,upper_left_red_leaf,83,617.92,1096,23071.591240875914,23472.0,1096,0.7144045233726501,0.7317904233932495,0.5095694810152054,0.8737244606018066,0.7697970867156982,0,0
fx10,11,5,upper_left_red_leaf,84,620.61,1096,24677.912408759123,25160.0,1096,0.7339652180671692,0.7540333271026611,0.5155857503414154,0.8932024091482162,0.7867349982261658,0,0
fx10,11,5,upper_left_red_leaf,85,623.3,1096,26382.51094890511,26904.0,1096,0.7530251145362854,0.7750003337860107,0.524166539311409,0.9126400202512741,0.8034839630126953,0,0
fx10,11,5,upper_left_red_leaf,86,626.0,1096,27594.467153284673,28256.0,1096,0.772494912147522,0.7953187823295593,0.5339374095201492,0.9311338365077972,0.8206896185874939,0,0
fx10,11,5,upper_left_red_leaf,87,628.69,1096,28303.82481751825,28992.0,1096,0.7911417484283447,0.8150143623352051,0.5423462837934494,0.9509551376104355,0.8380297422409058,0,0
fx10,11,5,upper_left_red_leaf,88,631.39,1096,29058.233576642335,29800.0,1096,0.8085622787475586,0.8323453664779663,0.5501540452241898,0.9707452058792114,0.8529583215713501,0,0
fx10,11,5,upper_left_red_leaf,89,634.08,1096,30114.744525547445,30912.0,1096,0.8237693905830383,0.8494833707809448,0.5554722398519516,0.9840655326843262,0.8677414655685425,0,0
fx10,11,5,upper_left_red_leaf,90,636.78,1096,31090.700729927008,31968.0,1096,0.8345951437950134,0.861422598361969,0.554134339094162,0.9974146038293839,0.878101110458374,0,0
fx10,11,5,upper_left_red_leaf,91,639.48,1096,31650.919708029196,32480.0,1096,0.8405469655990601,0.86775141954422,0.542373850941658,1.0111404955387115,0.8834031224250793,0,0
fx10,11,5,upper_left_red_leaf,92,642.18,1096,31761.05109489051,32776.0,1096,0.8415742516517639,0.8675932884216309,0.533929169178009,1.0189271569252014,0.8828900456428528,0,0
fx10,11,5,upper_left_red_leaf,93,644.88,1096,31999.12408759124,33120.0,1096,0.8388882875442505,0.8698722720146179,0.5194964706897736,1.0252499282360077,0.884685754776001,0,0
fx10,11,5,upper_left_red_leaf,94,647.58,1096,32749.532846715327,34024.0,1096,0.8355572819709778,0.8664504885673523,0.5002090856432915,1.0289794504642487,0.881885290145874,0,0
fx10,11,5,upper_left_red_leaf,95,650.29,1096,33861.48905109489,35304.0,1096,0.8338503241539001,0.8691837787628174,0.49096745252609253,1.0331935584545135,0.8837071657180786,0,0
fx10,11,5,upper_left_red_leaf,96,652.99,1096,34617.03649635037,36088.0,1096,0.8349635004997253,0.8704972267150879,0.48645371198654175,1.037487119436264,0.8843497037887573,0,0
fx10,11,5,upper_left_red_leaf,97,655.69,1096,34425.22627737226,35880.0,1096,0.8363010883331299,0.8702856302261353,0.48212848603725433,1.0420831739902496,0.8842650055885315,0,0
fx10,11,5,upper_left_red_leaf,98,658.4,1096,33501.38686131387,34968.0,1096,0.8340286612510681,0.8688986301422119,0.4774632230401039,1.042755126953125,0.8836625218391418,0,0
fx10,11,5,upper_left_red_leaf,99,661.1,1096,32677.591240875914,34264.0,1096,0.826907217502594,0.8652548789978027,0.4655783399939537,1.0416402220726013,0.8806066513061523,0,0
fx10,11,5,upper_left_red_leaf,100,663.81,1096,32749.912408759123,34376.0,1096,0.8160240650177002,0.8588804602622986,0.44506174325942993,1.0376041531562805,0.8746084570884705,0,0
fx10,11,5,upper_left_red_leaf,101,666.52,1096,33577.09489051095,35360.0,1096,0.8044448494911194,0.8505110740661621,0.42634328454732895,1.0345976948738098,0.8664823770523071,0,0
fx10,11,5,upper_left_red_leaf,102,669.23,1096,34508.9197080292,36464.0,1096,0.7952682375907898,0.8404334783554077,0.4147002846002579,1.0295128226280212,0.8564965128898621,0,0
fx10,11,5,upper_left_red_leaf,103,671.94,1096,34957.92700729927,37024.0,1096,0.789790689945221,0.8363696336746216,0.40672925114631653,1.0287496745586395,0.8527960777282715,0,0
fx10,11,5,upper_left_red_leaf,104,674.65,1096,34678.56934306569,36632.0,1096,0.7882410287857056,0.8351303339004517,0.4058893099427223,1.0293323397636414,0.8518483638763428,0,0
fx10,11,5,upper_left_red_leaf,105,677.36,1096,34292.45255474452,36168.0,1096,0.7911502718925476,0.8376386165618896,0.40571337193250656,1.0346356630325317,0.8544739484786987,0,0
fx10,11,5,upper_left_red_leaf,106,680.07,1096,34906.788321167885,36872.0,1096,0.8022485971450806,0.8485285043716431,0.41295941174030304,1.0426719188690186,0.864082932472229,0,0
fx10,11,5,upper_left_red_leaf,107,682.79,1096,37094.99270072993,39048.0,1096,0.8269698619842529,0.8731808662414551,0.43840502947568893,1.0581572949886322,0.8855005502700806,0,0
fx10,11,5,upper_left_red_leaf,108,685.5,1096,40578.700729927004,42560.0,1096,0.8668249845504761,0.9065221548080444,0.48113973438739777,1.0865426659584045,0.9153541326522827,0,0
fx10,11,5,upper_left_red_leaf,109,688.22,1096,44350.75912408759,46056.0,1096,0.9141400456428528,0.9482114315032959,0.54726442694664,1.1163705885410309,0.952914297580719,0,0
fx10,11,5,upper_left_red_leaf,110,690.93,1096,47198.189781021894,48536.0,1096,0.9604545831680298,0.9916393756866455,0.6124548614025116,1.153312861919403,0.9923677444458008,0,0
fx10,11,5,upper_left_red_leaf,111,693.65,1096,48384.52554744526,49712.0,1096,0.9992678165435791,1.0273387432098389,0.6822555065155029,1.1798687279224396,1.0249152183532715,0,0
fx10,11,5,upper_left_red_leaf,112,696.37,1096,48130.42335766424,49168.0,1096,1.0302693843841553,1.0568804740905762,0.7380565255880356,1.2035506069660187,1.0516834259033203,0,0
fx10,11,5,upper_left_red_leaf,113,699.09,1096,47793.722627737225,48800.0,1096,1.0554203987121582,1.0821809768676758,0.7899086177349091,1.2236524820327759,1.0744669437408447,0,0
fx10,11,5,upper_left_red_leaf,114,701.81,1096,49045.766423357665,49976.0,1096,1.0750612020492554,1.0985207557678223,0.8198610544204712,1.2367970645427704,1.0892291069030762,0,0
fx10,11,5,upper_left_red_leaf,115,704.53,1096,51110.948905109486,52096.0,1096,1.091283917427063,1.1170178651809692,0.8455203324556351,1.2507469058036804,1.1060304641723633,0,0
fx10,11,5,upper_left_red_leaf,116,707.25,1096,53855.16788321168,54864.0,1096,1.1042721271514893,1.1297080516815186,0.8614759892225266,1.2622110545635223,1.1185009479522705,0,0
fx10,11,5,upper_left_red_leaf,117,709.97,1096,56195.299270072996,57208.0,1096,1.115234375,1.1403002738952637,0.8793321996927261,1.2716739177703857,1.1283092498779297,0,0
fx10,11,5,upper_left_red_leaf,118,712.7,1096,57641.53284671533,58664.0,1082,1.1223474740982056,1.1481566429138184,0.8914563179016113,1.271045047044754,1.1356425285339355,14,0
fx10,11,5,upper_left_red_leaf,119,715.42,1096,58019.868613138686,59024.0,1073,1.1293795108795166,1.1541072130203247,0.902483093738556,1.275608229637146,1.141213059425354,23,0
fx10,11,5,upper_left_red_leaf,120,718.15,1096,57918.65693430657,58920.0,1073,1.1372179985046387,1.1616580486297607,0.9112134337425232,1.2829241275787353,1.1478477716445923,23,0
fx10,11,5,upper_left_red_leaf,121,720.87,1096,58034.61313868613,59008.0,1071,1.1439810991287231,1.1670736074447632,0.9230711758136749,1.2892577648162842,1.152623176574707,25,0
fx10,11,5,upper_left_red_leaf,122,723.6,1096,58932.233576642335,59936.0,1062,1.1491280794143677,1.1732070446014404,0.9320125192403793,1.2926003456115722,1.1585880517959595,34,0
fx10,11,5,upper_left_red_leaf,123,726.33,1096,60295.57664233576,61504.0,997,1.1453253030776978,1.168349027633667,0.9370238900184631,1.2802499532699585,1.1549506187438965,99,0
fx10,11,5,upper_left_red_leaf,124,729.06,1096,61578.80291970803,63160.0,831,1.12758207321167,1.1529558897018433,0.9323490858078003,1.247460424900055,1.1407140493392944,265,0
fx10,11,5,upper_left_red_leaf,125,731.79,1096,62463.79562043796,64560.0,696,1.1122844219207764,1.1318389177322388,0.9342298209667206,1.228925734758377,1.1213374137878418,400,0
fx10,11,5,upper_left_red_leaf,126,734.52,1096,62910.39416058394,65328.0,601,1.1013838052749634,1.1215548515319824,0.9369176626205444,1.2091763019561768,1.1121563911437988,495,0
fx10,11,5,upper_left_red_leaf,127,737.25,1096,63032.846715328466,65440.0,565,1.0989867448806763,1.1193982362747192,0.9402847170829773,1.2059549570083619,1.1096736192703247,531,0
fx10,11,5,upper_left_red_leaf,128,739.98,1096,63044.20437956204,65464.0,574,1.1044636964797974,1.124732494354248,0.9438373506069183,1.2092670917510986,1.1152541637420654,522,0
fx10,11,5,upper_left_red_leaf,129,742.72,1096,63045.459854014596,65424.0,581,1.10939359664917,1.1291614770889282,0.948630154132843,1.2147512435913086,1.1192712783813477,515,0
fx10,11,5,upper_left_red_leaf,130,745.45,1096,63079.28467153285,65456.0,577,1.111295223236084,1.1324758529663086,0.9492152571678162,1.2131922245025635,1.1219656467437744,519,0
fx10,11,5,upper_left_red_leaf,131,748.19,1096,63081.78102189781,65416.0,582,1.11545729637146,1.1356656551361084,0.9540306031703949,1.2203065156936646,1.1250202655792236,514,0
fx10,11,5,upper_left_red_leaf,132,750.93,1096,63030.36496350365,65360.0,601,1.1215072870254517,1.1413341760635376,0.9577465057373047,1.2270392179489136,1.1299434900283813,495,0
fx10,11,5,upper_left_red_leaf,133,753.66,1096,62928.20437956204,65232.0,614,1.1260874271392822,1.1475541591644287,0.961613854765892,1.2305554747581482,1.135757327079773,482,0
fx10,11,5,upper_left_red_leaf,134,756.4,1096,62862.0,65128.0,642,1.1327790021896362,1.1560382843017578,0.9651069551706314,1.2400631546974181,1.143308162689209,454,0
fx10,11,5,upper_left_red_leaf,135,759.14,1096,62907.299270072996,65168.0,619,1.1304879188537598,1.150943398475647,0.9618535101413727,1.2383567452430726,1.138807773590088,477,0
fx10,11,5,upper_left_red_leaf,136,761.88,1096,63126.62773722628,65440.0,571,1.1233769655227661,1.1427679061889648,0.9587772488594055,1.2342524528503418,1.131776213645935,525,0
fx10,11,5,upper_left_red_leaf,137,764.62,1096,63453.255474452555,65520.0,500,1.112767219543457,1.1321254968643188,0.9572547137737274,1.2209964394569397,1.1214110851287842,596,0
fx10,11,5,upper_left_red_leaf,138,767.36,1096,63639.357664233576,65520.0,466,1.1084675788879395,1.1270859241485596,0.9551530480384827,1.2132305800914764,1.117104172706604,630,0
fx10,11,5,upper_left_red_leaf,139,770.11,1096,63595.53284671533,65520.0,481,1.1133239269256592,1.1340107917785645,0.9595393538475037,1.2155240774154663,1.1235464811325073,615,0
fx10,11,5,upper_left_red_leaf,140,772.85,1096,63240.04379562044,65472.0,594,1.1343077421188354,1.1583914756774902,0.9712668657302856,1.232156652212143,1.1459176540374756,502,0
fx10,11,5,upper_left_red_leaf,141,775.6,1096,62511.94160583941,64424.0,764,1.1632685661315918,1.1894453763961792,0.9822474479675293,1.2651694893836976,1.1738836765289307,332,0
fx10,11,5,upper_left_red_leaf,142,778.34,1096,61495.73722627737,62888.0,892,1.1840698719024658,1.2089449167251587,0.9865511119365692,1.2985252141952515,1.1915537118911743,204,0
fx10,11,5,upper_left_red_leaf,143,781.09,1096,60748.75912408759,61904.0,989,1.1992685794830322,1.2213242053985596,0.9951321125030518,1.3269951343536377,1.2026811838150024,107,0
fx10,11,5,upper_left_red_leaf,144,783.84,1096,60770.81751824817,61944.0,976,1.199354887008667,1.2205970287322998,0.9958966076374054,1.329372763633728,1.2015759944915771,120,0
fx10,11,5,upper_left_red_leaf,145,786.58,1096,61560.21897810219,62912.0,905,1.1906800270080566,1.214880108833313,0.9924045085906983,1.3108371496200562,1.1967570781707764,191,0
fx10,11,5,upper_left_red_leaf,146,789.33,1096,62592.87591240876,64624.0,746,1.1700630187988281,1.1941750049591064,0.9851897209882736,1.281118392944336,1.1780672073364258,350,0
fx10,11,5,upper_left_red_leaf,147,792.08,1096,63346.96350364963,65520.0,547,1.1408910751342773,1.1588935852050781,0.9738930523395538,1.2523523330688475,1.1461970806121826,549,0
fx10,11,5,upper_left_red_leaf,148,794.84,1096,63649.06569343065,65520.0,464,1.124932885169983,1.1435673236846924,0.9705582112073898,1.2308204174041748,1.1323983669281006,632,0
fx10,11,5,upper_left_red_leaf,149,797.59,1096,63570.83211678832,65520.0,513,1.1333144903182983,1.1555986404418945,0.9768964171409606,1.233038306236267,1.143154501914978,583,0
fx10,11,5,upper_left_red_leaf,150,800.34,1096,62917.85401459854,65040.0,748,1.1707738637924194,1.19954252243042,0.9914994537830353,1.2615840792655946,1.1833736896514893,348,0
fx10,11,5,upper_left_red_leaf,151,803.1,1096,61553.48905109489,62952.0,1002,1.2067753076553345,1.2326686382293701,1.003780597448349,1.3089432001113892,1.2130591869354248,94,0
fx10,11,5,upper_left_red_leaf,152,805.85,1096,59490.99270072993,60488.0,1080,1.2229149341583252,1.2445201873779297,1.0129610180854798,1.3527301907539369,1.223170518875122,16,0
fx10,11,5,upper_left_red_leaf,153,808.61,1096,57677.313868613135,58656.0,1096,1.227873682975769,1.2479445934295654,1.0159482657909393,1.361892282962799,1.2255990505218506,0,0
fx10,11,5,upper_left_red_leaf,154,811.36,1096,56763.88321167883,57760.0,1096,1.2292284965515137,1.249506950378418,1.0137684047222137,1.3624960780143738,1.2264262437820435,0,0
fx10,11,5,upper_left_red_leaf,155,814.12,1096,56874.56934306569,57872.0,1096,1.2297810316085815,1.2506238222122192,1.0111210942268372,1.3635288774967194,1.2277913093566895,0,0
fx10,11,5,upper_left_red_leaf,156,816.88,1096,57707.94160583941,58728.0,1094,1.229486107826233,1.2504138946533203,1.013316923379898,1.3635645508766174,1.2278794050216675,2,0
fx10,11,5,upper_left_red_leaf,157,819.64,1096,58946.189781021894,60048.0,1081,1.2280011177062988,1.250555157661438,1.0145833492279053,1.3580843210220337,1.228477954864502,15,0
fx10,11,5,upper_left_red_leaf,158,822.4,1096,59994.7299270073,61120.0,1052,1.22456693649292,1.2470042705535889,1.0129171371459962,1.3556884050369262,1.2256150245666504,44,0
fx10,11,5,upper_left_red_leaf,159,825.16,1096,60552.686131386865,61696.0,1015,1.2205063104629517,1.2427150011062622,1.014213240146637,1.3501152753829957,1.2216026782989502,81,0
fx10,11,5,upper_left_red_leaf,160,827.92,1096,60381.41605839416,61504.0,1043,1.224119782447815,1.2478336095809937,1.0134570240974425,1.3519803166389466,1.2263374328613281,53,0
fx10,11,5,upper_left_red_leaf,161,830.69,1096,59558.21897810219,60672.0,1072,1.2288516759872437,1.2517244815826416,1.0153593063354491,1.3590784609317779,1.229426622390747,24,0
fx10,11,5,upper_left_red_leaf,162,833.45,1096,58266.36496350365,59224.0,1091,1.2327826023101807,1.2544487714767456,1.0183191895484924,1.3643688559532166,1.2314554452896118,5,0
fx10,11,5,upper_left_red_leaf,163,836.22,1096,56937.38686131387,57920.0,1096,1.2350378036499023,1.2561410665512085,1.0193700194358826,1.3673740923404694,1.2323577404022217,0,0
fx10,11,5,upper_left_red_leaf,164,838.98,1096,55881.13868613139,56864.0,1096,1.2361564636230469,1.2567931413650513,1.019570529460907,1.3688247501850128,1.2329273223876953,0,0
fx10,11,5,upper_left_red_leaf,165,841.75,1096,55448.437956204376,56432.0,1096,1.2369023561477661,1.257857084274292,1.023433893918991,1.3704645335674286,1.2335102558135986,0,0
fx10,11,5,upper_left_red_leaf,166,844.52,1096,55597.47445255474,56552.0,1096,1.2371249198913574,1.257951259613037,1.0232884883880615,1.3688027262687683,1.2337769269943237,0,0
fx10,11,5,upper_left_red_leaf,167,847.29,1096,56214.51094890511,57184.0,1096,1.2373886108398438,1.2587560415267944,1.024402916431427,1.3699000179767609,1.235018014907837,0,0
fx10,11,5,upper_left_red_leaf,168,850.06,1096,57017.53284671533,57984.0,1096,1.2377560138702393,1.2595797777175903,1.0236068665981293,1.3691942393779755,1.235363483428955,0,0
fx10,11,5,upper_left_red_leaf,169,852.83,1096,57790.30656934307,58816.0,1095,1.2376891374588013,1.2593984603881836,1.0231398582458495,1.3677544951438902,1.2356771230697632,1,0
fx10,11,5,upper_left_red_leaf,170,855.6,1096,58275.912408759126,59336.0,1092,1.237582802772522,1.2585448026657104,1.0246660232543945,1.3672387957572938,1.2358050346374512,4,0
fx10,11,5,upper_left_red_leaf,171,858.37,1096,58413.664233576645,59464.0,1092,1.2382115125656128,1.2602497339248657,1.0244225800037383,1.3679710686206819,1.2371342182159424,4,0
fx10,11,5,upper_left_red_leaf,172,861.14,1096,58152.40875912409,59176.0,1094,1.2393089532852173,1.2603867053985596,1.0266752004623414,1.3706260740756988,1.2371220588684082,2,0
fx10,11,5,upper_left_red_leaf,173,863.92,1096,57471.73722627737,58480.0,1096,1.2405402660369873,1.2619681358337402,1.027636468410492,1.3708143532276154,1.2381529808044434,0,0
fx10,11,5,upper_left_red_leaf,174,866.69,1096,56527.22627737226,57568.0,1096,1.2425861358642578,1.264177918434143,1.0271688103675842,1.3749035596847534,1.2398630380630493,0,0
fx10,11,5,upper_left_red_leaf,175,869.47,1096,55362.32116788321,56352.0,1096,1.2439243793487549,1.2660696506500244,1.0273750722408295,1.375247061252594,1.2404651641845703,0,0
fx10,11,5,upper_left_red_leaf,176,872.25,1096,54203.83941605839,55176.0,1096,1.2450294494628906,1.2673563957214355,1.0282703042030334,1.3771749138832092,1.2412426471710205,0,0
fx10,11,5,upper_left_red_leaf,177,875.03,1096,53202.11678832117,54176.0,1096,1.2460150718688965,1.2686066627502441,1.0293290615081787,1.3783041834831238,1.2418034076690674,0,0
fx10,11,5,upper_left_red_leaf,178,877.8,1096,52321.109489051094,53280.0,1096,1.2468994855880737,1.2694296836853027,1.0282536745071411,1.380603313446045,1.2425711154937744,0,0
fx10,11,5,upper_left_red_leaf,179,880.58,1096,51707.79562043796,52656.0,1096,1.247811198234558,1.271507978439331,1.0302683413028717,1.3827027082443237,1.2435507774353027,0,0
fx10,11,5,upper_left_red_leaf,180,883.37,1096,51298.16058394161,52272.0,1096,1.2485454082489014,1.2720303535461426,1.0306882560253143,1.3813409507274628,1.2441685199737549,0,0
fx10,11,5,upper_left_red_leaf,181,886.15,1096,51058.52554744526,52032.0,1096,1.2491958141326904,1.2710081338882446,1.029652088880539,1.3818476796150208,1.2429375648498535,0,0
fx10,11,5,upper_left_red_leaf,182,888.93,1096,50963.73722627737,51856.0,1096,1.2500423192977905,1.2731516361236572,1.0314705073833466,1.3825656473636627,1.244650959968567,0,0
fx10,11,5,upper_left_red_leaf,183,891.71,1096,50863.43065693431,51792.0,1096,1.250676155090332,1.2725729942321777,1.0337043404579163,1.3825124502182007,1.2441691160202026,0,0
fx10,11,5,upper_left_red_leaf,184,894.5,1096,50633.94160583941,51552.0,1096,1.251396656036377,1.2738052606582642,1.0320775210857391,1.3849474787712097,1.2452898025512695,0,0
fx10,11,5,upper_left_red_leaf,185,897.28,1096,50228.80291970803,51152.0,1096,1.2520533800125122,1.2744418382644653,1.0326353311538696,1.3848552703857422,1.2454735040664673,0,0
fx10,11,5,upper_left_red_leaf,186,900.07,1096,49549.63503649635,50432.0,1096,1.252720594406128,1.2764753103256226,1.0356025397777557,1.3860203623771667,1.2468974590301514,0,0
fx10,11,5,upper_left_red_leaf,187,902.86,1096,48593.970802919706,49488.0,1096,1.253546953201294,1.274972915649414,1.0346597731113434,1.3883072137832642,1.2452995777130127,0,0
fx10,11,5,upper_left_red_leaf,188,905.64,1096,47334.49635036496,48224.0,1096,1.2536628246307373,1.2763354778289795,1.0345562398433685,1.3880245685577393,1.2457685470581055,0,0
fx10,11,5,upper_left_red_leaf,189,908.43,1096,45933.37226277372,46768.0,1096,1.2535141706466675,1.2750296592712402,1.0334799587726593,1.3879410326480865,1.2438052892684937,0,0
fx10,11,5,upper_left_red_leaf,190,911.22,1096,44466.36496350365,45232.0,1096,1.2533698081970215,1.2760963439941406,1.0330999791622162,1.3871314823627472,1.2432610988616943,0,0
fx10,11,5,upper_left_red_leaf,191,914.02,1096,43124.90510948905,43896.0,1096,1.253119945526123,1.2751574516296387,1.03351691365242,1.3882368803024292,1.2415459156036377,0,0
fx10,11,5,upper_left_red_leaf,192,916.81,1096,42023.16788321168,42800.0,1096,1.2531450986862183,1.275757074356079,1.0331346988677979,1.3876935839653015,1.2415460348129272,0,0
fx10,11,5,upper_left_red_leaf,193,919.6,1096,41286.04379562044,42048.0,1096,1.2530070543289185,1.2751436233520508,1.0319474339485168,1.3878988921642303,1.2401045560836792,0,0
fx10,11,5,upper_left_red_leaf,194,922.39,1096,40860.51094890511,41616.0,1096,1.2522895336151123,1.2746082544326782,1.0299191176891327,1.3860523104667664,1.2392034530639648,0,0
fx10,11,5,upper_left_red_leaf,195,925.19,1096,40686.087591240874,41448.0,1096,1.2515761852264404,1.2751960754394531,1.0281633138656616,1.38688725233078,1.2391047477722168,0,0
fx10,11,5,upper_left_red_leaf,196,927.98,1096,40620.55474452555,41384.0,1096,1.250503659248352,1.2725045680999756,1.026657521724701,1.3860484957695007,1.2374236583709717,0,0
fx10,11,5,upper_left_red_leaf,197,930.78,1096,40481.69343065693,41216.0,1096,1.2488347291946411,1.2735095024108887,1.0263453423976898,1.38472118973732,1.2386424541473389,0,0
fx10,11,5,upper_left_red_leaf,198,933.58,1096,40234.39416058394,40976.0,1096,1.247304916381836,1.2699824571609497,1.0225847959518433,1.3828539848327637,1.2348122596740723,0,0
fx10,11,5,upper_left_red_leaf,199,936.38,1096,39789.41605839416,40560.0,1096,1.2455569505691528,1.2684049606323242,1.021325707435608,1.380444884300232,1.233280897140503,0,0
fx10,11,5,upper_left_red_leaf,200,939.18,1096,39137.2700729927,39872.0,1096,1.2435177564620972,1.2665421962738037,1.015765368938446,1.3787622451782227,1.2310597896575928,0,0
fx10,11,5,upper_left_red_leaf,201,941.98,1096,38073.44525547445,38760.0,1096,1.2417691946029663,1.264736533164978,1.0167146921157837,1.3785268068313599,1.2287447452545166,0,0
fx10,11,5,upper_left_red_leaf,202,944.78,1096,36607.722627737225,37280.0,1096,1.2388893365859985,1.2616384029388428,1.0145920515060425,1.3752151429653168,1.224543809890747,0,0
fx10,11,5,upper_left_red_leaf,203,947.58,1096,34937.78102189781,35552.0,1096,1.2353075742721558,1.2587218284606934,1.0084695219993591,1.3703278601169586,1.2204766273498535,0,0
fx10,11,5,upper_left_red_leaf,204,950.38,1096,33126.686131386865,33728.0,1096,1.2306779623031616,1.2547268867492676,1.0038024485111237,1.3672305941581726,1.2152302265167236,0,0
fx10,11,5,upper_left_red_leaf,205,953.19,1096,31383.75182481752,31984.0,1096,1.2255306243896484,1.2483234405517578,0.9951473474502563,1.3606738448143005,1.2078492641448975,0,0
fx10,11,5,upper_left_red_leaf,206,955.99,1096,29847.4598540146,30400.0,1096,1.2206519842147827,1.2440412044525146,0.9900346547365189,1.3571221232414246,1.202322244644165,0,0
fx10,11,5,upper_left_red_leaf,207,958.8,1096,28561.956204379563,29088.0,1096,1.2161736488342285,1.2400325536727905,0.98499496281147,1.353632539510727,1.1978785991668701,0,0
fx10,11,5,upper_left_red_leaf,208,961.6,1096,27598.97810218978,28096.0,1096,1.2131801843643188,1.2375584840774536,0.9776491671800613,1.3506921827793121,1.1938467025756836,0,0
fx10,11,5,upper_left_red_leaf,209,964.41,1096,26789.167883211678,27280.0,1096,1.212127923965454,1.2355424165725708,0.9790526330471039,1.350273072719574,1.1909608840942383,0,0
fx10,11,5,upper_left_red_leaf,210,967.22,1096,26202.992700729927,26704.0,1096,1.2120133638381958,1.2358418703079224,0.9772753566503525,1.3470033407211304,1.1902989149093628,0,0
fx10,11,5,upper_left_red_leaf,211,970.03,1096,25781.518248175184,26288.0,1096,1.2121285200119019,1.2383064031600952,0.9759679585695267,1.3479052782058716,1.1922271251678467,0,0
fx10,11,5,upper_left_red_leaf,212,972.84,1096,25326.919708029196,25784.0,1096,1.2123783826828003,1.2368004322052002,0.9796364009380341,1.3488143980503082,1.190242052078247,0,0
fx10,11,5,upper_left_red_leaf,213,975.65,1096,24889.620437956204,25368.0,1096,1.2126743793487549,1.236867904663086,0.9786639660596848,1.348903775215149,1.188931941986084,0,0
fx10,11,5,upper_left_red_leaf,214,978.46,1096,24398.963503649637,24864.0,1096,1.2136704921722412,1.2390177249908447,0.9800698906183243,1.3522716462612152,1.1897871494293213,0,0
fx10,11,5,upper_left_red_leaf,215,981.27,1096,23777.036496350363,24248.0,1096,1.2160887718200684,1.2394788265228271,0.982094019651413,1.3552111685276031,1.1886568069458008,0,0
fx10,11,5,upper_left_red_leaf,216,984.09,1096,22991.883211678833,23424.0,1096,1.2168171405792236,1.2413052320480347,0.9812242835760117,1.3568575978279114,1.188333511352539,0,0
fx10,11,5,upper_left_red_leaf,217,986.9,1096,22161.357664233576,22544.0,1096,1.219130516052246,1.2440605163574219,0.9848689287900925,1.3572814464569092,1.1881272792816162,0,0
fx10,11,5,upper_left_red_leaf,218,989.72,1096,21230.218978102188,21600.0,1096,1.2205954790115356,1.2453703880310059,0.9834851026535034,1.356974184513092,1.1868467330932617,0,0
fx10,11,5,upper_left_red_leaf,219,992.54,1096,20298.905109489053,20632.0,1096,1.2229974269866943,1.2464189529418945,0.986625999212265,1.3590935468673706,1.1851142644882202,0,0
fx10,11,5,upper_left_red_leaf,220,995.35,1096,19390.5401459854,19752.0,1096,1.22537100315094,1.2488665580749512,0.9888843446969986,1.363157868385315,1.184640884399414,0,0
fx10,11,5,upper_left_red_leaf,221,998.17,1096,18563.85401459854,18896.0,1096,1.2276244163513184,1.2517147064208984,0.9911434352397919,1.3647509813308716,1.1834588050842285,0,0
fx10,11,5,upper_left_red_leaf,222,1000.99,1096,17906.627737226278,18208.0,1096,1.2297182083129883,1.2543967962265015,0.9939804077148438,1.3676284849643707,1.1834948062896729,0,0
fx10,11,5,upper_left_red_leaf,223,1003.81,1096,17834.467153284673,18128.0,1096,1.2301914691925049,1.2547200918197632,0.9953406900167465,1.3694724142551422,1.18389892578125,0,0
fx10,12,5,outer_red_leaf_UNCOVERED,0,397.66,693,4950.6955266955265,4944.0,0,,,,,,0,0
fx10,12,5,outer_red_leaf_UNCOVERED,1,400.28,693,4964.063492063492,4960.0,0,,,,,,0,0
fx10,12,5,outer_red_leaf_UNCOVERED,2,402.9,693,4980.502164502164,4976.0,0,,,,,,0,0
fx10,12,5,outer_red_leaf_UNCOVERED,3,405.52,693,4985.673881673882,4976.0,0,,,,,,0,0
fx10,12,5,outer_red_leaf_UNCOVERED,4,408.13,693,4980.109668109668,4992.0,0,,,,,,0,0
fx10,12,5,outer_red_leaf_UNCOVERED,5,410.75,693,5039.053391053391,5040.0,0,,,,,,0,0
fx10,12,5,outer_red_leaf_UNCOVERED,6,413.37,693,5036.929292929293,5040.0,0,,,,,,0,0
fx10,12,5,outer_red_leaf_UNCOVERED,7,416.0,693,5065.489177489178,5072.0,0,,,,,,0,0
fx10,12,5,outer_red_leaf_UNCOVERED,8,418.62,693,5073.893217893218,5072.0,0,,,,,,0,0
fx10,12,5,outer_red_leaf_UNCOVERED,9,421.24,693,5095.988455988456,5088.0,0,,,,,,0,0
fx10,12,5,outer_red_leaf_UNCOVERED,10,423.86,693,5086.891774891775,5088.0,0,,,,,,0,0
fx10,12,5,outer_red_leaf_UNCOVERED,11,426.49,693,5120.923520923521,5120.0,0,,,,,,0,0
fx10,12,5,outer_red_leaf_UNCOVERED,12,429.12,693,5155.948051948052,5152.0,0,,,,,,0,0
fx10,12,5,outer_red_leaf_UNCOVERED,13,431.74,693,5173.841269841269,5168.0,0,,,,,,0,0
fx10,12,5,outer_red_leaf_UNCOVERED,14,434.37,693,5212.721500721501,5216.0,0,,,,,,0,0
fx10,12,5,outer_red_leaf_UNCOVERED,15,437.0,693,5246.060606060606,5248.0,0,,,,,,0,0
fx10,12,5,outer_red_leaf_UNCOVERED,16,439.63,693,5298.401154401155,5296.0,0,,,,,,0,0
fx10,12,5,outer_red_leaf_UNCOVERED,17,442.26,693,5293.945165945166,5296.0,0,,,,,,0,0
fx10,12,5,outer_red_leaf_UNCOVERED,18,444.89,693,5340.606060606061,5344.0,0,,,,,,0,0
fx10,12,5,outer_red_leaf_UNCOVERED,19,447.52,693,5390.1529581529585,5376.0,0,,,,,,0,0
fx10,12,5,outer_red_leaf_UNCOVERED,20,450.16,693,5437.806637806638,5424.0,0,,,,,,0,0
fx10,12,5,outer_red_leaf_UNCOVERED,21,452.79,693,5411.694083694084,5424.0,0,,,,,,0,0
fx10,12,5,outer_red_leaf_UNCOVERED,22,455.43,693,5438.337662337663,5440.0,0,,,,,,0,0
fx10,12,5,outer_red_leaf_UNCOVERED,23,458.06,693,5459.578643578644,5472.0,0,,,,,,0,0
fx10,12,5,outer_red_leaf_UNCOVERED,24,460.7,693,5490.8167388167385,5488.0,0,,,,,,0,0
fx10,12,5,outer_red_leaf_UNCOVERED,25,463.34,693,5479.018759018759,5472.0,0,,,,,,0,0
fx10,12,5,outer_red_leaf_UNCOVERED,26,465.98,693,5560.450216450216,5536.0,0,,,,,,0,0
fx10,12,5,outer_red_leaf_UNCOVERED,27,468.62,693,5633.269841269841,5632.0,0,,,,,,0,0
fx10,12,5,outer_red_leaf_UNCOVERED,28,471.26,693,5617.685425685426,5600.0,0,,,,,,0,0
fx10,12,5,outer_red_leaf_UNCOVERED,29,473.9,693,5660.721500721501,5664.0,0,,,,,,0,0
fx10,12,5,outer_red_leaf_UNCOVERED,30,476.54,693,5739.636363636364,5728.0,0,,,,,,0,0
fx10,12,5,outer_red_leaf_UNCOVERED,31,479.18,693,5784.681096681096,5776.0,0,,,,,,0,0
fx10,12,5,outer_red_leaf_UNCOVERED,32,481.83,693,5833.581529581529,5824.0,0,,,,,,0,0
fx10,12,5,outer_red_leaf_UNCOVERED,33,484.47,693,5904.646464646465,5872.0,0,,,,,,0,0
fx10,12,5,outer_red_leaf_UNCOVERED,34,487.12,693,5998.568542568542,5968.0,0,,,,,,0,0
fx10,12,5,outer_red_leaf_UNCOVERED,35,489.77,693,6081.893217893218,6048.0,0,,,,,,0,0
fx10,12,5,outer_red_leaf_UNCOVERED,36,492.42,693,6155.197691197691,6144.0,0,,,,,,0,0
fx10,12,5,outer_red_leaf_UNCOVERED,37,495.07,693,6281.350649350649,6240.0,0,,,,,,0,0
fx10,12,5,outer_red_leaf_UNCOVERED,38,497.72,693,6383.838383838384,6352.0,0,,,,,,0,0
fx10,12,5,outer_red_leaf_UNCOVERED,39,500.37,693,6498.10101010101,6480.0,0,,,,,,0,0
fx10,12,5,outer_red_leaf_UNCOVERED,40,503.02,693,6653.714285714285,6624.0,0,,,,,,0,0
fx10,12,5,outer_red_leaf_UNCOVERED,41,505.67,693,6714.481962481963,6672.0,0,,,,,,0,0
fx10,12,5,outer_red_leaf_UNCOVERED,42,508.32,693,6800.8773448773445,6768.0,0,,,,,,0,0
fx10,12,5,outer_red_leaf_UNCOVERED,43,510.98,693,7023.468975468975,6992.0,0,,,,,,0,0
fx10,12,5,outer_red_leaf_UNCOVERED,44,513.63,693,7229.229437229437,7200.0,0,,,,,,0,0
fx10,12,5,outer_red_leaf_UNCOVERED,45,516.29,693,7298.932178932179,7264.0,0,,,,,,0,0
fx10,12,5,outer_red_leaf_UNCOVERED,46,518.95,693,7377.200577200577,7344.0,0,,,,,,0,0
fx10,12,5,outer_red_leaf_UNCOVERED,47,521.61,693,7654.533910533911,7632.0,0,,,,,,0,0
fx10,12,5,outer_red_leaf_UNCOVERED,48,524.27,693,7917.206349206349,7856.0,0,,,,,,0,0
fx10,12,5,outer_red_leaf_UNCOVERED,49,526.93,693,8005.402597402597,7952.0,0,,,,,,0,0
fx10,12,5,outer_red_leaf_UNCOVERED,50,529.59,693,8070.07215007215,8016.0,0,,,,,,0,0
fx10,12,5,outer_red_leaf_UNCOVERED,51,532.25,693,8417.108225108224,8368.0,0,,,,,,0,0
fx10,12,5,outer_red_leaf_UNCOVERED,52,534.91,693,8810.27417027417,8752.0,0,,,,,,0,0
fx10,12,5,outer_red_leaf_UNCOVERED,53,537.57,693,9021.829725829726,8976.0,0,,,,,,0,0
fx10,12,5,outer_red_leaf_UNCOVERED,54,540.24,693,9048.265512265512,8992.0,0,,,,,,0,0
fx10,12,5,outer_red_leaf_UNCOVERED,55,542.91,693,9279.792207792209,9200.0,0,,,,,,0,0
fx10,12,5,outer_red_leaf_UNCOVERED,56,545.57,693,9615.05339105339,9520.0,0,,,,,,0,0
fx10,12,5,outer_red_leaf_UNCOVERED,57,548.24,693,9833.096681096682,9760.0,0,,,,,,0,0
fx10,12,5,outer_red_leaf_UNCOVERED,58,550.91,693,9907.116883116883,9824.0,0,,,,,,0,0
fx10,12,5,outer_red_leaf_UNCOVERED,59,553.58,693,10115.532467532468,10032.0,0,,,,,,0,0
fx10,12,5,outer_red_leaf_UNCOVERED,60,556.25,693,10441.720057720058,10352.0,0,,,,,,0,0
fx10,12,5,outer_red_leaf_UNCOVERED,61,558.92,693,10656.323232323231,10512.0,0,,,,,,0,0
fx10,12,5,outer_red_leaf_UNCOVERED,62,561.59,693,10731.613275613276,10640.0,0,,,,,,0,0
fx10,12,5,outer_red_leaf_UNCOVERED,63,564.26,693,10901.910533910534,10816.0,0,,,,,,0,0
fx10,12,5,outer_red_leaf_UNCOVERED,64,566.94,693,11284.663780663781,11232.0,0,,,,,,0,0
fx10,12,5,outer_red_leaf_UNCOVERED,65,569.61,693,11512.51948051948,11424.0,0,,,,,,0,0
fx10,12,5,outer_red_leaf_UNCOVERED,66,572.29,693,11521.06204906205,11456.0,0,,,,,,0,0
fx10,12,5,outer_red_leaf_UNCOVERED,67,574.96,693,11567.007215007216,11488.0,0,,,,,,0,0
fx10,12,5,outer_red_leaf_UNCOVERED,68,577.64,693,11904.531024531025,11808.0,0,,,,,,0,0
fx10,12,5,outer_red_leaf_UNCOVERED,69,580.32,693,12379.936507936507,12304.0,0,,,,,,0,0
fx10,12,5,outer_red_leaf_UNCOVERED,70,583.0,693,12648.727272727272,12576.0,0,,,,,,0,0
fx10,12,5,outer_red_leaf_UNCOVERED,71,585.68,693,12544.877344877345,12496.0,0,,,,,,0,0
fx10,12,5,outer_red_leaf_UNCOVERED,72,588.36,693,12440.473304473304,12384.0,0,,,,,,0,0
fx10,12,5,outer_red_leaf_UNCOVERED,73,591.04,693,12862.176046176046,12768.0,0,,,,,,0,0
fx10,12,5,outer_red_leaf_UNCOVERED,74,593.73,693,13671.642135642136,13664.0,0,,,,,,0,0
fx10,12,5,outer_red_leaf_UNCOVERED,75,596.41,693,14398.453102453102,14352.0,0,,,,,,0,0
fx10,12,5,outer_red_leaf_UNCOVERED,76,599.1,693,14696.565656565657,14688.0,0,,,,,,0,0
fx10,12,5,outer_red_leaf_UNCOVERED,77,601.78,693,14920.565656565657,14880.0,0,,,,,,0,0
fx10,12,5,outer_red_leaf_UNCOVERED,78,604.47,693,15541.702741702742,15520.0,0,,,,,,0,0
fx10,12,5,outer_red_leaf_UNCOVERED,79,607.16,693,16708.271284271283,16640.0,0,,,,,,0,0
fx10,12,5,outer_red_leaf_UNCOVERED,80,609.85,693,17976.681096681095,17904.0,0,,,,,,0,0
fx10,12,5,outer_red_leaf_UNCOVERED,81,612.53,693,18982.1645021645,18912.0,0,,,,,,0,0
fx10,12,5,outer_red_leaf_UNCOVERED,82,615.23,693,19620.22510822511,19488.0,0,,,,,,0,0
fx10,12,5,outer_red_leaf_UNCOVERED,83,617.92,693,20343.780663780664,20208.0,0,,,,,,0,0
fx10,12,5,outer_red_leaf_UNCOVERED,84,620.61,693,21523.23232323232,21440.0,0,,,,,,0,0
fx10,12,5,outer_red_leaf_UNCOVERED,85,623.3,693,23038.70707070707,22912.0,0,,,,,,0,0
fx10,12,5,outer_red_leaf_UNCOVERED,86,626.0,693,24486.141414141413,24320.0,0,,,,,,0,0
fx10,12,5,outer_red_leaf_UNCOVERED,87,628.69,693,25586.33189033189,25392.0,0,,,,,,0,0
fx10,12,5,outer_red_leaf_UNCOVERED,88,631.39,693,26524.490620490622,26304.0,0,,,,,,0,0
fx10,12,5,outer_red_leaf_UNCOVERED,89,634.08,693,27596.60606060606,27392.0,0,,,,,,0,0
fx10,12,5,outer_red_leaf_UNCOVERED,90,636.78,693,28743.503607503608,28560.0,0,,,,,,0,0
fx10,12,5,outer_red_leaf_UNCOVERED,91,639.48,693,29698.1240981241,29504.0,0,,,,,,0,0
fx10,12,5,outer_red_leaf_UNCOVERED,92,642.18,693,30182.233766233767,30032.0,0,,,,,,0,0
fx10,12,5,outer_red_leaf_UNCOVERED,93,644.88,693,30400.20779220779,30384.0,0,,,,,,0,0
fx10,12,5,outer_red_leaf_UNCOVERED,94,647.58,693,30901.9797979798,30960.0,0,,,,,,0,0
fx10,12,5,outer_red_leaf_UNCOVERED,95,650.29,693,31932.929292929293,32080.0,0,,,,,,0,0
fx10,12,5,outer_red_leaf_UNCOVERED,96,652.99,693,33060.0404040404,33248.0,0,,,,,,0,0
fx10,12,5,outer_red_leaf_UNCOVERED,97,655.69,693,33620.54834054834,33840.0,0,,,,,,0,0
fx10,12,5,outer_red_leaf_UNCOVERED,98,658.4,693,33177.18903318903,33424.0,0,,,,,,0,0
fx10,12,5,outer_red_leaf_UNCOVERED,99,661.1,693,32121.8354978355,32432.0,0,,,,,,0,0
fx10,12,5,outer_red_leaf_UNCOVERED,100,663.81,693,31490.008658008657,31984.0,0,,,,,,0,0
fx10,12,5,outer_red_leaf_UNCOVERED,101,666.52,693,31655.526695526696,32240.0,0,,,,,,0,0
fx10,12,5,outer_red_leaf_UNCOVERED,102,669.23,693,32529.154401154403,33216.0,0,,,,,,0,0
fx10,12,5,outer_red_leaf_UNCOVERED,103,671.94,693,33535.67676767677,34272.0,0,,,,,,0,0
fx10,12,5,outer_red_leaf_UNCOVERED,104,674.65,693,34172.07503607504,35072.0,0,,,,,,0,0
fx10,12,5,outer_red_leaf_UNCOVERED,105,677.36,693,34263.757575757576,35184.0,0,,,,,,0,0
fx10,12,5,outer_red_leaf_UNCOVERED,106,680.07,693,34467.78643578644,35392.0,0,,,,,,0,0
fx10,12,5,outer_red_leaf_UNCOVERED,107,682.79,693,35836.121212121216,36736.0,0,,,,,,0,0
fx10,12,5,outer_red_leaf_UNCOVERED,108,685.5,693,38761.48917748918,39392.0,0,,,,,,0,0
fx10,12,5,outer_red_leaf_UNCOVERED,109,688.22,693,42486.21067821068,42832.0,0,,,,,,0,0
fx10,12,5,outer_red_leaf_UNCOVERED,110,690.93,693,46053.72582972583,45920.0,0,,,,,,0,0
fx10,12,5,outer_red_leaf_UNCOVERED,111,693.65,693,48413.16017316018,48016.0,0,,,,,,0,0
fx10,12,5,outer_red_leaf_UNCOVERED,112,696.37,693,49020.305916305915,48544.0,0,,,,,,0,0
fx10,12,5,outer_red_leaf_UNCOVERED,113,699.09,693,49178.066378066374,48864.0,0,,,,,,0,0
fx10,12,5,outer_red_leaf_UNCOVERED,114,701.81,693,49421.85281385281,49344.0,0,,,,,,0,0
fx10,12,5,outer_red_leaf_UNCOVERED,115,704.53,693,50772.2481962482,50816.0,0,,,,,,0,0
fx10,12,5,outer_red_leaf_UNCOVERED,116,707.25,693,53044.08658008658,53232.0,0,,,,,,0,0
fx10,12,5,outer_red_leaf_UNCOVERED,117,709.97,693,55552.992784992784,55856.0,0,,,,,,0,0
fx10,12,5,outer_red_leaf_UNCOVERED,118,712.7,693,57798.34920634921,58224.0,0,,,,,,4,0
fx10,12,5,outer_red_leaf_UNCOVERED,119,715.42,693,59036.88311688312,59568.0,0,,,,,,53,0
fx10,12,5,outer_red_leaf_UNCOVERED,120,718.15,693,59412.871572871576,60000.0,0,,,,,,73,0
fx10,12,5,outer_red_leaf_UNCOVERED,121,720.87,693,59477.74891774892,60064.0,0,,,,,,77,0
fx10,12,5,outer_red_leaf_UNCOVERED,122,723.6,693,59801.99711399712,60512.0,0,,,,,,87,0
fx10,12,5,outer_red_leaf_UNCOVERED,123,726.33,693,60547.694083694085,61424.0,0,,,,,,134,0
fx10,12,5,outer_red_leaf_UNCOVERED,124,729.06,693,61425.36219336219,62608.0,0,,,,,,202,0
fx10,12,5,outer_red_leaf_UNCOVERED,125,731.79,693,62224.50793650794,63744.0,0,,,,,,256,0
fx10,12,5,outer_red_leaf_UNCOVERED,126,734.52,693,62774.118326118325,65008.0,0,,,,,,312,0
fx10,12,5,outer_red_leaf_UNCOVERED,127,737.25,693,63075.80952380953,65488.0,0,,,,,,338,0
fx10,12,5,outer_red_leaf_UNCOVERED,128,739.98,693,63207.36507936508,65504.0,0,,,,,,345,0
fx10,12,5,outer_red_leaf_UNCOVERED,129,742.72,693,63313.63924963925,65520.0,0,,,,,,352,0
fx10,12,5,outer_red_leaf_UNCOVERED,130,745.45,693,63397.26406926407,65520.0,0,,,,,,363,0
fx10,12,5,outer_red_leaf_UNCOVERED,131,748.19,693,63422.59163059163,65520.0,0,,,,,,363,0
fx10,12,5,outer_red_leaf_UNCOVERED,132,750.93,693,63332.34054834055,65520.0,0,,,,,,350,0
fx10,12,5,outer_red_leaf_UNCOVERED,133,753.66,693,63146.73593073593,65456.0,0,,,,,,331,0
fx10,12,5,outer_red_leaf_UNCOVERED,134,756.4,693,62938.920634920636,65168.0,0,,,,,,312,0
fx10,12,5,outer_red_leaf_UNCOVERED,135,759.14,693,62776.242424242424,64784.0,0,,,,,,297,0
fx10,12,5,outer_red_leaf_UNCOVERED,136,761.88,693,62853.10245310245,64912.0,0,,,,,,296,0
fx10,12,5,outer_red_leaf_UNCOVERED,137,764.62,693,63085.367965367965,65296.0,0,,,,,,318,0
fx10,12,5,outer_red_leaf_UNCOVERED,138,767.36,693,63326.083694083696,65504.0,0,,,,,,346,0
fx10,12,5,outer_red_leaf_UNCOVERED,139,770.11,693,63520.48484848485,65520.0,0,,,,,,364,0
fx10,12,5,outer_red_leaf_UNCOVERED,140,772.85,693,63448.958152958156,65520.0,0,,,,,,352,0
fx10,12,5,outer_red_leaf_UNCOVERED,141,775.6,693,63082.82828282828,65216.0,0,,,,,,310,0
fx10,12,5,outer_red_leaf_UNCOVERED,142,778.34,693,62346.481962481965,64000.0,0,,,,,,240,0
fx10,12,5,outer_red_leaf_UNCOVERED,143,781.09,693,61530.62049062049,62640.0,0,,,,,,184,0
fx10,12,5,outer_red_leaf_UNCOVERED,144,783.84,693,61084.55988455989,61936.0,0,,,,,,154,0
fx10,12,5,outer_red_leaf_UNCOVERED,145,786.58,693,61247.30735930736,62112.0,0,,,,,,149,0
fx10,12,5,outer_red_leaf_UNCOVERED,146,789.33,693,61891.555555555555,63040.0,0,,,,,,196,0
fx10,12,5,outer_red_leaf_UNCOVERED,147,792.08,693,62688.41558441558,64432.0,0,,,,,,254,0
fx10,12,5,outer_red_leaf_UNCOVERED,148,794.84,693,63220.271284271286,65296.0,0,,,,,,313,0
fx10,12,5,outer_red_leaf_UNCOVERED,149,797.59,693,63454.03751803752,65520.0,0,,,,,,348,0
fx10,12,5,outer_red_leaf_UNCOVERED,150,800.34,693,63213.27561327561,65280.0,0,,,,,,323,0
fx10,12,5,outer_red_leaf_UNCOVERED,151,803.1,693,62445.55266955267,64144.0,0,,,,,,245,0
fx10,12,5,outer_red_leaf_UNCOVERED,152,805.85,693,61052.55988455989,61968.0,0,,,,,,132,0
fx10,12,5,outer_red_leaf_UNCOVERED,153,808.61,693,59346.44733044733,59808.0,0,,,,,,31,0
fx10,12,5,outer_red_leaf_UNCOVERED,154,811.36,693,57833.81240981241,58304.0,0,,,,,,3,0
fx10,12,5,outer_red_leaf_UNCOVERED,155,814.12,693,57168.831168831166,57616.0,0,,,,,,0,0
fx10,12,5,outer_red_leaf_UNCOVERED,156,816.88,693,57371.128427128424,57840.0,0,,,,,,1,0
fx10,12,5,outer_red_leaf_UNCOVERED,157,819.64,693,58222.868686868685,58640.0,0,,,,,,0,0
fx10,12,5,outer_red_leaf_UNCOVERED,158,822.4,693,59273.2582972583,59744.0,0,,,,,,17,0
fx10,12,5,outer_red_leaf_UNCOVERED,159,825.16,693,60110.06060606061,60656.0,0,,,,,,61,0
fx10,12,5,outer_red_leaf_UNCOVERED,160,827.92,693,60460.444444444445,61040.0,0,,,,,,92,0
fx10,12,5,outer_red_leaf_UNCOVERED,161,830.69,693,60291.232323232325,60880.0,0,,,,,,80,0
fx10,12,5,outer_red_leaf_UNCOVERED,162,833.45,693,59544.05772005772,60000.0,0,,,,,,24,0
fx10,12,5,outer_red_leaf_UNCOVERED,163,836.22,693,58444.79076479076,58896.0,0,,,,,,5,0
fx10,12,5,outer_red_leaf_UNCOVERED,164,838.98,693,57264.02308802309,57648.0,0,,,,,,1,0
fx10,12,5,outer_red_leaf_UNCOVERED,165,841.75,693,56422.41847041847,56768.0,0,,,,,,0,0
fx10,12,5,outer_red_leaf_UNCOVERED,166,844.52,693,56056.542568542565,56448.0,0,,,,,,0,0
fx10,12,5,outer_red_leaf_UNCOVERED,167,847.29,693,56151.24963924964,56560.0,0,,,,,,0,0
fx10,12,5,outer_red_leaf_UNCOVERED,168,850.06,693,56526.430014430014,56960.0,0,,,,,,0,0
fx10,12,5,outer_red_leaf_UNCOVERED,169,852.83,693,57057.01587301587,57520.0,0,,,,,,0,0
fx10,12,5,outer_red_leaf_UNCOVERED,170,855.6,693,57505.82395382395,57936.0,0,,,,,,0,0
fx10,12,5,outer_red_leaf_UNCOVERED,171,858.37,693,57830.256854256855,58256.0,0,,,,,,0,0
fx10,12,5,outer_red_leaf_UNCOVERED,172,861.14,693,57832.03463203463,58272.0,0,,,,,,0,0
fx10,12,5,outer_red_leaf_UNCOVERED,173,863.92,693,57512.88888888889,57952.0,0,,,,,,0,0
fx10,12,5,outer_red_leaf_UNCOVERED,174,866.69,693,56890.9898989899,57344.0,0,,,,,,0,0
fx10,12,5,outer_red_leaf_UNCOVERED,175,869.47,693,55912.33477633478,56320.0,0,,,,,,0,0
fx10,12,5,outer_red_leaf_UNCOVERED,176,872.25,693,54797.62193362194,55216.0,0,,,,,,0,0
fx10,12,5,outer_red_leaf_UNCOVERED,177,875.03,693,53710.52236652237,54112.0,0,,,,,,0,0
fx10,12,5,outer_red_leaf_UNCOVERED,178,877.8,693,52659.232323232325,53024.0,0,,,,,,0,0
fx10,12,5,outer_red_leaf_UNCOVERED,179,880.58,693,51788.99855699856,52160.0,0,,,,,,0,0
fx10,12,5,outer_red_leaf_UNCOVERED,180,883.37,693,51077.679653679654,51472.0,0,,,,,,0,0
fx10,12,5,outer_red_leaf_UNCOVERED,181,886.15,693,50569.72005772006,50928.0,0,,,,,,0,0
fx10,12,5,outer_red_leaf_UNCOVERED,182,888.93,693,50218.29725829726,50544.0,0,,,,,,0,0
fx10,12,5,outer_red_leaf_UNCOVERED,183,891.71,693,49995.5670995671,50352.0,0,,,,,,0,0
fx10,12,5,outer_red_leaf_UNCOVERED,184,894.5,693,49780.10966810967,50096.0,0,,,,,,0,0
fx10,12,5,outer_red_leaf_UNCOVERED,185,897.28,693,49459.60173160173,49840.0,0,,,,,,0,0
fx10,12,5,outer_red_leaf_UNCOVERED,186,900.07,693,48981.86435786436,49408.0,0,,,,,,0,0
fx10,12,5,outer_red_leaf_UNCOVERED,187,902.86,693,48262.34920634921,48592.0,0,,,,,,0,0
fx10,12,5,outer_red_leaf_UNCOVERED,188,905.64,693,47288.42712842713,47600.0,0,,,,,,0,0
fx10,12,5,outer_red_leaf_UNCOVERED,189,908.43,693,46054.76479076479,46400.0,0,,,,,,0,0
fx10,12,5,outer_red_leaf_UNCOVERED,190,911.22,693,44731.082251082255,45024.0,0,,,,,,0,0
fx10,12,5,outer_red_leaf_UNCOVERED,191,914.02,693,43354.04329004329,43680.0,0,,,,,,0,0
fx10,12,5,outer_red_leaf_UNCOVERED,192,916.81,693,42091.15151515151,42352.0,0,,,,,,0,0
fx10,12,5,outer_red_leaf_UNCOVERED,193,919.6,693,41056.48484848485,41360.0,0,,,,,,0,0
fx10,12,5,outer_red_leaf_UNCOVERED,194,922.39,693,40370.14718614719,40640.0,0,,,,,,0,0
fx10,12,5,outer_red_leaf_UNCOVERED,195,925.19,693,39946.73593073593,40224.0,0,,,,,,0,0
fx10,12,5,outer_red_leaf_UNCOVERED,196,927.98,693,39648.969696969696,39968.0,0,,,,,,0,0
fx10,12,5,outer_red_leaf_UNCOVERED,197,930.78,693,39388.767676767675,39648.0,0,,,,,,0,0
fx10,12,5,outer_red_leaf_UNCOVERED,198,933.58,693,39060.617604617604,39344.0,0,,,,,,0,0
fx10,12,5,outer_red_leaf_UNCOVERED,199,936.38,693,38663.52669552669,38928.0,0,,,,,,0,0
fx10,12,5,outer_red_leaf_UNCOVERED,200,939.18,693,38051.13997113997,38352.0,0,,,,,,0,0
fx10,12,5,outer_red_leaf_UNCOVERED,201,941.98,693,37121.98556998557,37408.0,0,,,,,,0,0
fx10,12,5,outer_red_leaf_UNCOVERED,202,944.78,693,35875.417027417025,36144.0,0,,,,,,0,0
fx10,12,5,outer_red_leaf_UNCOVERED,203,947.58,693,34377.35064935065,34608.0,0,,,,,,0,0
fx10,12,5,outer_red_leaf_UNCOVERED,204,950.38,693,32620.1443001443,32832.0,0,,,,,,0,0
fx10,12,5,outer_red_leaf_UNCOVERED,205,953.19,693,30841.304473304474,30976.0,0,,,,,,0,0
fx10,12,5,outer_red_leaf_UNCOVERED,206,955.99,693,29221.72582972583,29360.0,0,,,,,,0,0
fx10,12,5,outer_red_leaf_UNCOVERED,207,958.8,693,27851.70562770563,28016.0,0,,,,,,0,0
fx10,12,5,outer_red_leaf_UNCOVERED,208,961.6,693,26716.652236652237,26864.0,0,,,,,,0,0
fx10,12,5,outer_red_leaf_UNCOVERED,209,964.41,693,25829.217893217894,25984.0,0,,,,,,0,0
fx10,12,5,outer_red_leaf_UNCOVERED,210,967.22,693,25171.509379509378,25296.0,0,,,,,,0,0
fx10,12,5,outer_red_leaf_UNCOVERED,211,970.03,693,24606.12987012987,24736.0,0,,,,,,0,0
fx10,12,5,outer_red_leaf_UNCOVERED,212,972.84,693,24163.948051948053,24288.0,0,,,,,,0,0
fx10,12,5,outer_red_leaf_UNCOVERED,213,975.65,693,23716.848484848484,23824.0,0,,,,,,0,0
fx10,12,5,outer_red_leaf_UNCOVERED,214,978.46,693,23240.473304473304,23376.0,0,,,,,,0,0
fx10,12,5,outer_red_leaf_UNCOVERED,215,981.27,693,22674.33189033189,22784.0,0,,,,,,0,0
fx10,12,5,outer_red_leaf_UNCOVERED,216,984.09,693,22041.073593073594,22144.0,0,,,,,,0,0
fx10,12,5,outer_red_leaf_UNCOVERED,217,986.9,693,21333.079365079364,21440.0,0,,,,,,0,0
fx10,12,5,outer_red_leaf_UNCOVERED,218,989.72,693,20493.922077922078,20576.0,0,,,,,,0,0
fx10,12,5,outer_red_leaf_UNCOVERED,219,992.54,693,19637.933621933622,19728.0,0,,,,,,0,0
fx10,12,5,outer_red_leaf_UNCOVERED,220,995.35,693,18791.45743145743,18864.0,0,,,,,,0,0
fx10,12,5,outer_red_leaf_UNCOVERED,221,998.17,693,17981.275613275615,18080.0,0,,,,,,0,0
fx10,12,5,outer_red_leaf_UNCOVERED,222,1000.99,693,17260.329004329004,17360.0,0,,,,,,0,0
fx10,12,5,outer_red_leaf_UNCOVERED,223,1003.81,693,17146.27417027417,17216.0,0,,,,,,0,0
