id,sensor_id,sample_index,cloud_id,point_index,source_camera_id,original_camera_point_index,fused_point_index,source_scan_line,source_detector_column,mapping_input_row,vertex_distance,supporting_rgb_pairs,mapping_error_rgb_px,status
fx10_leaf_000096,fx10,96,P5,40588,0,4802254,904598,1811,375,0,8.115406977723494e-05,3,,rejected_for_measurement_local_warp_diagnostic
fx10_leaf_001497,fx10,1497,P5,59768,0,6510369,1392064,1860,380,1,8.569614497992782e-05,3,,rejected_for_measurement_local_warp_diagnostic
fx10_leaf_000624,fx10,624,P5,40988,0,4802654,904998,1830,370,2,8.928458758978418e-05,3,,rejected_for_measurement_local_warp_diagnostic
fx10_leaf_000405,fx10,405,P5,40766,0,4802432,904776,1823,393,3,9.60297060630856e-05,3,,rejected_for_measurement_local_warp_diagnostic
fx10_leaf_000875,fx10,875,P5,42476,0,4954181,946127,1837,361,4,9.926192009371543e-05,3,,rejected_for_measurement_local_warp_diagnostic
fx10_leaf_000671,fx10,671,P5,129366,0,7140234,1642888,1831,408,5,0.0001031922806471508,3,,rejected_for_measurement_local_warp_diagnostic
fx10_leaf_001200,fx10,1200,P5,136101,0,7225087,1659299,1846,451,6,0.00010538186751733653,3,,rejected_for_measurement_local_warp_diagnostic
fx10_leaf_001060,fx10,1060,P5,136567,0,7225566,1659778,1842,407,7,0.00011105725534573208,3,,rejected_for_measurement_local_warp_diagnostic
fx10_leaf_000750,fx10,750,P5,6057,0,669249,108168,1833,418,8,0.00011547871846118929,3,,rejected_for_measurement_local_warp_diagnostic
fx10_leaf_000051,fx10,51,P5,119427,0,7086291,1625542,1808,413,9,0.00012764543046542642,3,,rejected_for_measurement_local_warp_diagnostic
fx10_leaf_000175,fx10,175,P5,5633,0,668825,107744,1814,434,10,0.00012905068197014086,3,,rejected_for_measurement_local_warp_diagnostic
fx10_leaf_000684,fx10,684,P5,128443,0,7135932,1641019,1831,450,11,0.00012955726870932796,3,,rejected_for_measurement_local_warp_diagnostic
fx10_leaf_000819,fx10,819,P5,41008,0,4802674,905018,1835,392,12,0.00013748259102456628,3,,rejected_for_measurement_local_warp_diagnostic
fx10_leaf_000507,fx10,507,P5,5965,0,669157,108076,1826,414,13,0.00013753837759251727,3,,rejected_for_measurement_local_warp_diagnostic
fx10_leaf_001437,fx10,1437,P5,134971,0,7223109,1657458,1856,470,14,0.00014308549873048106,2,,rejected_for_measurement_local_warp_diagnostic
fx10_leaf_000019,fx10,19,P5,119395,0,7086259,1625510,1806,409,15,0.0001458533351526352,3,,rejected_for_measurement_local_warp_diagnostic
fx10_leaf_001452,fx10,1452,P5,136525,0,7225524,1659736,1857,423,16,0.00014626637672991185,2,,rejected_for_measurement_local_warp_diagnostic
fx10_leaf_001106,fx10,1106,P5,136063,0,7225049,1659261,1843,449,17,0.00014906834283299263,3,,rejected_for_measurement_local_warp_diagnostic
fx10_leaf_000168,fx10,168,P5,5682,0,668874,107793,1814,413,18,0.0001521527348364831,3,,rejected_for_measurement_local_warp_diagnostic
fx10_leaf_001320,fx10,1320,P5,136305,0,7225291,1659503,1851,426,19,0.0001533495840622292,3,,rejected_for_measurement_local_warp_diagnostic
fx10_leaf_000212,fx10,212,P5,40630,0,4802296,904640,1816,394,20,0.000155190911583614,3,,rejected_for_measurement_local_warp_diagnostic
fx10_leaf_000113,fx10,113,P5,119407,0,7086271,1625522,1811,436,21,0.0001594386692548824,3,,rejected_for_measurement_local_warp_diagnostic
fx10_leaf_000104,fx10,104,P5,40542,0,4802208,904552,1811,396,22,0.0001639549104325806,3,,rejected_for_measurement_local_warp_diagnostic
fx10_leaf_000946,fx10,946,P5,137403,0,7226626,1660614,1839,367,23,0.00016479869470754205,3,,rejected_for_measurement_local_warp_diagnostic
fx10_leaf_000182,fx10,182,P5,118965,0,7084822,1624482,1814,451,24,0.00016593256602958652,3,,rejected_for_measurement_local_warp_diagnostic
fx10_leaf_000229,fx10,229,P5,40716,0,4802382,904726,1817,366,25,0.0001662157381785073,3,,rejected_for_measurement_local_warp_diagnostic
fx10_leaf_001181,fx10,1181,P5,137493,0,7226716,1660704,1846,378,26,0.00017018316455466053,3,,rejected_for_measurement_local_warp_diagnostic
fx10_leaf_000673,fx10,673,P5,6029,0,669221,108140,1831,416,27,0.0001718088297851615,3,,rejected_for_measurement_local_warp_diagnostic
fx10_leaf_001611,fx10,1611,P5,17202,0,2654541,490499,1867,435,28,0.0001728394873237762,2,,rejected_for_measurement_local_warp_diagnostic
fx10_leaf_000701,fx10,701,P5,41030,0,4802696,905040,1832,366,29,0.00017523500876098815,3,,rejected_for_measurement_local_warp_diagnostic
fx10_leaf_001587,fx10,1587,P5,59826,0,6510427,1392122,1866,401,30,0.00017990144056333993,2,,rejected_for_measurement_local_warp_diagnostic
fx10_leaf_001108,fx10,1108,P5,136060,0,7225046,1659258,1843,454,31,0.00018061382790643513,3,,rejected_for_measurement_local_warp_diagnostic
fx10_leaf_000065,fx10,65,P5,15663,0,2452409,438658,1809,390,32,0.0001865943889627788,3,,rejected_for_measurement_local_warp_diagnostic
fx10_leaf_001284,fx10,1284,P5,136140,0,7225126,1659338,1849,453,33,0.0001871773891765656,3,,rejected_for_measurement_local_warp_diagnostic
fx10_leaf_000383,fx10,383,P5,5811,0,669003,107922,1822,432,34,0.00018872210924448916,3,,rejected_for_measurement_local_warp_diagnostic
fx10_leaf_000217,fx10,217,P5,5760,0,668952,107871,1816,413,35,0.00019523391175726458,3,,rejected_for_measurement_local_warp_diagnostic
fx10_leaf_000633,fx10,633,P5,40901,0,4802567,904911,1830,395,36,0.00019725303945512517,3,,rejected_for_measurement_local_warp_diagnostic
fx10_leaf_001021,fx10,1021,P5,137437,0,7226660,1660648,1841,365,37,0.00020037477073869028,3,,rejected_for_measurement_local_warp_diagnostic
fx10_leaf_001164,fx10,1164,P5,136151,0,7225137,1659349,1845,438,38,0.0002014602769766269,3,,rejected_for_measurement_local_warp_diagnostic
fx10_leaf_000718,fx10,718,P5,6008,0,669200,108119,1832,445,39,0.00020434411268266595,3,,rejected_for_measurement_local_warp_diagnostic
fx10_leaf_001023,fx10,1023,P5,137401,0,7226624,1660612,1841,371,40,0.00020438960224381216,3,,rejected_for_measurement_local_warp_diagnostic
fx10_leaf_001337,fx10,1337,P5,137582,0,7226805,1660793,1852,379,41,0.00020450089325763798,3,,rejected_for_measurement_local_warp_diagnostic
fx10_leaf_000256,fx10,256,P5,137823,0,7232536,1661389,1818,360,42,0.0002048964455631494,3,,rejected_for_measurement_local_warp_diagnostic
fx10_leaf_000132,fx10,132,P5,119445,0,7086309,1625560,1812,434,43,0.00020526227682076068,3,,rejected_for_measurement_local_warp_diagnostic
fx10_leaf_000992,fx10,992,P5,136133,0,7225119,1659331,1840,414,44,0.00020617805109142203,3,,rejected_for_measurement_local_warp_diagnostic
fx10_leaf_000475,fx10,475,P5,5939,0,669131,108050,1825,410,45,0.0002061932152562521,3,,rejected_for_measurement_local_warp_diagnostic
fx10_leaf_000141,fx10,141,P5,40617,0,4802283,904627,1813,377,46,0.00020716463951739704,3,,rejected_for_measurement_local_warp_diagnostic
fx10_leaf_001600,fx10,1600,P5,17163,0,2654498,490456,1866,439,47,0.0002087192642348241,2,,rejected_for_measurement_local_warp_diagnostic
fx10_leaf_000311,fx10,311,P5,138179,0,7232892,1661745,1820,355,48,0.00020966674384530405,3,,rejected_for_measurement_local_warp_diagnostic
fx10_leaf_001107,fx10,1107,P5,136058,0,7225044,1659256,1843,452,49,0.0002172319319803119,3,,rejected_for_measurement_local_warp_diagnostic
fx10_leaf_001492,fx10,1492,P5,136322,0,7225309,1659521,1859,446,50,0.00021885290399053608,3,,rejected_for_measurement_local_warp_diagnostic
fx10_leaf_001262,fx10,1262,P5,8885,0,1093068,167536,1848,480,51,0.0002198712427662262,2,,rejected_for_measurement_local_warp_diagnostic
fx10_leaf_000605,fx10,605,P5,128429,0,7135918,1641005,1829,452,52,0.0002279353190511234,3,,rejected_for_measurement_local_warp_diagnostic
fx10_leaf_000728,fx10,728,P5,118710,0,7084502,1624162,1832,469,53,0.0002323028228017813,3,,rejected_for_measurement_local_warp_diagnostic
fx10_leaf_000103,fx10,103,P5,40541,0,4802207,904551,1811,394,54,0.0002332271899605596,3,,rejected_for_measurement_local_warp_diagnostic
fx10_leaf_000370,fx10,370,P5,138236,0,7232949,1661802,1822,355,55,0.00023367957125614906,3,,rejected_for_measurement_local_warp_diagnostic
fx10_leaf_000720,fx10,720,P5,128456,0,7135945,1641032,1832,450,56,0.00023379710551048227,3,,rejected_for_measurement_local_warp_diagnostic
fx10_leaf_000059,fx10,59,P5,119342,0,7086206,1625457,1808,437,57,0.00023426849457999834,3,,rejected_for_measurement_local_warp_diagnostic
fx10_leaf_000491,fx10,491,P5,138318,0,7233032,1661885,1826,355,58,0.00023461783230496435,3,,rejected_for_measurement_local_warp_diagnostic
fx10_leaf_000179,fx10,179,P5,119474,0,7086338,1625589,1814,443,59,0.0002363849590853797,3,,rejected_for_measurement_local_warp_diagnostic
fx10_leaf_001096,fx10,1096,P5,137372,0,7226595,1660583,1843,405,60,0.00024018926705699623,3,,rejected_for_measurement_local_warp_diagnostic
fx10_leaf_000794,fx10,794,P5,6042,0,669234,108153,1834,439,61,0.0002405088661726716,3,,rejected_for_measurement_local_warp_diagnostic
fx10_leaf_001118,fx10,1118,P5,42506,0,4954211,946157,1844,357,62,0.00024158049930599008,3,,rejected_for_measurement_local_warp_diagnostic
fx10_leaf_000078,fx10,78,P5,40560,0,4802226,904570,1810,375,63,0.0002431856794066136,3,,rejected_for_measurement_local_warp_diagnostic
fx10_leaf_000991,fx10,991,P5,136135,0,7225121,1659333,1840,412,64,0.0002443931724973534,3,,rejected_for_measurement_local_warp_diagnostic
fx10_leaf_001442,fx10,1442,P5,59710,0,6510311,1392006,1857,373,65,0.0002454189250262578,3,,rejected_for_measurement_local_warp_diagnostic
fx10_leaf_001441,fx10,1441,P5,59654,0,6510255,1391950,1857,371,66,0.000245650078619617,3,,rejected_for_measurement_local_warp_diagnostic
fx10_leaf_000275,fx10,275,P5,5727,0,668919,107838,1818,436,67,0.00024643836442870523,3,,rejected_for_measurement_local_warp_diagnostic
fx10_leaf_000534,fx10,534,P5,40824,0,4802490,904834,1827,404,68,0.0002471151053748186,3,,rejected_for_measurement_local_warp_diagnostic
fx10_leaf_000589,fx10,589,P5,40996,0,4802662,905006,1829,361,69,0.00024786876835622846,3,,rejected_for_measurement_local_warp_diagnostic
fx10_leaf_000674,fx10,674,P5,6023,0,669215,108134,1831,420,70,0.0002481281316361456,3,,rejected_for_measurement_local_warp_diagnostic
fx10_leaf_001435,fx10,1435,P5,134852,0,7222990,1657339,1856,463,71,0.000249494860456612,3,,rejected_for_measurement_local_warp_diagnostic
fx10_leaf_000830,fx10,830,P5,6071,0,669263,108182,1835,439,72,0.00025008716891429907,3,,rejected_for_measurement_local_warp_diagnostic
fx10_leaf_000394,fx10,394,P5,138276,0,7232990,1661843,1823,353,73,0.00025050260779322,3,,rejected_for_measurement_local_warp_diagnostic
fx10_leaf_000190,fx10,190,P5,5718,0,668910,107829,1815,413,74,0.00025083473060446616,3,,rejected_for_measurement_local_warp_diagnostic
fx10_leaf_000524,fx10,524,P5,138355,0,7233069,1661922,1827,355,75,0.0002512730972823579,3,,rejected_for_measurement_local_warp_diagnostic
fx10_leaf_001287,fx10,1287,P5,41347,0,4844936,909440,1849,465,76,0.00025133650704492054,2,,rejected_for_measurement_local_warp_diagnostic
fx10_leaf_000313,fx10,313,P5,137829,0,7232542,1661395,1820,358,77,0.0002534742561129927,3,,rejected_for_measurement_local_warp_diagnostic
fx10_leaf_000107,fx10,107,P5,129279,0,7140128,1642782,1811,404,78,0.0002544988427869539,3,,rejected_for_measurement_local_warp_diagnostic
fx10_leaf_000510,fx10,510,P5,5919,0,669111,108030,1826,435,79,0.0002568109615404128,3,,rejected_for_measurement_local_warp_diagnostic
fx10_leaf_000443,fx10,443,P5,129344,0,7140204,1642858,1824,406,80,0.0002569896994382763,3,,rejected_for_measurement_local_warp_diagnostic
fx10_leaf_000632,fx10,632,P5,40905,0,4802571,904915,1830,393,81,0.00025821840279457943,3,,rejected_for_measurement_local_warp_diagnostic
fx10_leaf_000334,fx10,334,P5,5686,0,668878,107797,1820,449,82,0.00025849103569128745,3,,rejected_for_measurement_local_warp_diagnostic
fx10_leaf_000741,fx10,741,P5,41023,0,4802689,905033,1833,373,83,0.00025865679058509816,3,,rejected_for_measurement_local_warp_diagnostic
fx10_leaf_000205,fx10,205,P5,40682,0,4802348,904692,1816,369,84,0.00025894997846785336,3,,rejected_for_measurement_local_warp_diagnostic
fx10_leaf_000014,fx10,14,P5,119324,0,7086188,1625439,1805,428,85,0.00025916200911247045,3,,rejected_for_measurement_local_warp_diagnostic
fx10_leaf_000091,fx10,91,P5,119376,0,7086240,1625491,1810,436,86,0.00025935257591414615,3,,rejected_for_measurement_local_warp_diagnostic
fx10_leaf_000294,fx10,294,P5,5833,0,669025,107944,1819,407,87,0.00025992799406579454,3,,rejected_for_measurement_local_warp_diagnostic
fx10_leaf_000893,fx10,893,P5,6104,0,669296,108215,1837,440,88,0.0002605539834534729,3,,rejected_for_measurement_local_warp_diagnostic
fx10_leaf_001488,fx10,1488,P5,136516,0,7225515,1659727,1859,425,89,0.00026079678883092765,2,,rejected_for_measurement_local_warp_diagnostic
fx10_leaf_001230,fx10,1230,P5,136188,0,7225174,1659386,1847,440,90,0.00026272558177616967,3,,rejected_for_measurement_local_warp_diagnostic
fx10_leaf_000708,fx10,708,P5,129368,0,7140236,1642890,1832,406,91,0.00026681711047303147,3,,rejected_for_measurement_local_warp_diagnostic
fx10_leaf_000932,fx10,932,P5,128488,0,7135977,1641064,1838,450,92,0.00026685794319842546,3,,rejected_for_measurement_local_warp_diagnostic
fx10_leaf_000757,fx10,757,P5,6039,0,669231,108150,1833,440,93,0.00026848024946268367,3,,rejected_for_measurement_local_warp_diagnostic
fx10_leaf_000659,fx10,659,P5,41029,0,4802695,905039,1831,364,94,0.000269355690379948,3,,rejected_for_measurement_local_warp_diagnostic
fx10_leaf_000965,fx10,965,P5,6146,0,669338,108257,1839,442,95,0.00026974626488439037,3,,rejected_for_measurement_local_warp_diagnostic
fx10_leaf_000085,fx10,85,P5,119503,0,7086367,1625618,1810,412,96,0.00027017076826144716,3,,rejected_for_measurement_local_warp_diagnostic
fx10_leaf_001505,fx10,1505,P5,136522,0,7225521,1659733,1860,422,97,0.0002739325249680382,2,,rejected_for_measurement_local_warp_diagnostic
fx10_leaf_000821,fx10,821,P5,41004,0,4802670,905014,1835,399,98,0.0002759107908612461,3,,rejected_for_measurement_local_warp_diagnostic
fx10_leaf_000129,fx10,129,P5,119494,0,7086358,1625609,1812,425,99,0.0002764483039551008,3,,rejected_for_measurement_local_warp_diagnostic
fx10_leaf_000585,fx10,585,P5,138426,0,7233140,1661993,1829,348,100,0.00027669257910397803,3,,rejected_for_measurement_local_warp_diagnostic
fx10_leaf_001400,fx10,1400,P5,137591,0,7226814,1660802,1855,396,101,0.0002767438197579349,3,,rejected_for_measurement_local_warp_diagnostic
fx10_leaf_000204,fx10,204,P5,40684,0,4802350,904694,1816,366,102,0.0002775113416290173,3,,rejected_for_measurement_local_warp_diagnostic
fx10_leaf_001610,fx10,1610,P5,136715,0,7225714,1659926,1867,427,103,0.0002851003097089408,3,,rejected_for_measurement_local_warp_diagnostic
fx10_leaf_000285,fx10,285,P5,137827,0,7232540,1661393,1819,360,104,0.0002877981361790871,3,,rejected_for_measurement_local_warp_diagnostic
fx10_leaf_000021,fx10,21,P5,119393,0,7086257,1625508,1806,412,105,0.0002881867231477195,3,,rejected_for_measurement_local_warp_diagnostic
fx10_leaf_001282,fx10,1282,P5,136181,0,7225167,1659379,1849,447,106,0.0002897258876943356,3,,rejected_for_measurement_local_warp_diagnostic
fx10_leaf_000163,fx10,163,P5,40598,0,4802264,904608,1814,398,107,0.00029093348376875,3,,rejected_for_measurement_local_warp_diagnostic
fx10_leaf_001404,fx10,1404,P5,136466,0,7225463,1659675,1855,419,108,0.0002928763183135261,3,,rejected_for_measurement_local_warp_diagnostic
fx10_leaf_001024,fx10,1024,P5,137396,0,7226619,1660607,1841,374,109,0.0002929433907483903,3,,rejected_for_measurement_local_warp_diagnostic
fx10_leaf_000459,fx10,459,P5,37597,0,4577118,862386,1824,473,110,0.00029298578728922665,3,,rejected_for_measurement_local_warp_diagnostic
fx10_leaf_001001,fx10,1001,P5,136076,0,7225062,1659274,1840,438,111,0.0002930207806770448,3,,rejected_for_measurement_local_warp_diagnostic
fx10_leaf_000670,fx10,670,P5,129365,0,7140233,1642887,1831,406,112,0.0002930977257074461,3,,rejected_for_measurement_local_warp_diagnostic
fx10_leaf_000623,fx10,623,P5,40991,0,4802657,905001,1830,367,113,0.00029403183189432637,3,,rejected_for_measurement_local_warp_diagnostic
fx10_leaf_000686,fx10,686,P5,128442,0,7135931,1641018,1831,454,114,0.00029416204933906007,3,,rejected_for_measurement_local_warp_diagnostic
fx10_leaf_001508,fx10,1508,P5,136401,0,7225398,1659610,1860,431,115,0.0002954583302864503,3,,rejected_for_measurement_local_warp_diagnostic
fx10_leaf_000811,fx10,811,P5,42472,0,4954177,946123,1835,361,116,0.0002957982872858417,3,,rejected_for_measurement_local_warp_diagnostic
fx10_leaf_000810,fx10,810,P5,42471,0,4954176,946122,1835,359,117,0.00029593874997839887,3,,rejected_for_measurement_local_warp_diagnostic
fx10_leaf_000492,fx10,492,P5,40960,0,4802626,904970,1826,361,118,0.00029663813845900815,3,,rejected_for_measurement_local_warp_diagnostic
fx10_leaf_000740,fx10,740,P5,41027,0,4802693,905037,1833,370,119,0.00029722473848972587,3,,rejected_for_measurement_local_warp_diagnostic
fx10_leaf_000317,fx10,317,P5,40788,0,4802454,904798,1820,366,120,0.00029855726899445374,3,,rejected_for_measurement_local_warp_diagnostic
fx10_leaf_000552,fx10,552,P5,40998,0,4802664,905008,1828,361,121,0.00029869302951677433,3,,rejected_for_measurement_local_warp_diagnostic
fx10_leaf_001122,fx10,1122,P5,137462,0,7226685,1660673,1844,373,122,0.000299214152880296,3,,rejected_for_measurement_local_warp_diagnostic
fx10_leaf_000350,fx10,350,P5,40729,0,4802395,904739,1821,394,123,0.00030014130472366804,3,,rejected_for_measurement_local_warp_diagnostic
fx10_leaf_000981,fx10,981,P5,137399,0,7226622,1660610,1840,369,124,0.0003006468185763106,3,,rejected_for_measurement_local_warp_diagnostic
fx10_leaf_000767,fx10,767,P5,24024,0,3532219,657616,1834,345,125,0.0003018899996493487,3,,rejected_for_measurement_local_warp_diagnostic
fx10_leaf_001365,fx10,1365,P5,136334,0,7225321,1659533,1853,427,126,0.0003021342537361136,3,,rejected_for_measurement_local_warp_diagnostic
fx10_leaf_000342,fx10,342,P5,40786,0,4802452,904796,1821,368,127,0.0003040025060014438,3,,rejected_for_measurement_local_warp_diagnostic
fx10_leaf_000037,fx10,37,P5,15628,0,2452374,438623,1807,397,128,0.00030537559667122066,3,,rejected_for_measurement_local_warp_diagnostic
fx10_leaf_000665,fx10,665,P5,40936,0,4802602,904946,1831,395,129,0.0003055691092520993,3,,rejected_for_measurement_local_warp_diagnostic
fx10_leaf_000556,fx10,556,P5,40954,0,4802620,904964,1828,370,130,0.00030584387499082657,3,,rejected_for_measurement_local_warp_diagnostic
fx10_leaf_000562,fx10,562,P5,40869,0,4802535,904879,1828,394,131,0.0003086759478585479,3,,rejected_for_measurement_local_warp_diagnostic
fx10_leaf_000374,fx10,374,P5,40819,0,4802485,904829,1822,368,132,0.00030925048805024535,3,,rejected_for_measurement_local_warp_diagnostic
fx10_leaf_000160,fx10,160,P5,40646,0,4802312,904656,1814,376,133,0.0003104824905556057,3,,rejected_for_measurement_local_warp_diagnostic
fx10_leaf_000569,fx10,569,P5,5952,0,669144,108063,1828,435,134,0.0003127711033169955,3,,rejected_for_measurement_local_warp_diagnostic
fx10_leaf_001203,fx10,1203,P5,41321,0,4844901,909405,1846,459,135,0.0003168780472756234,3,,rejected_for_measurement_local_warp_diagnostic
fx10_leaf_000617,fx10,617,P5,23924,0,3532119,657516,1830,349,136,0.0003214822554462701,3,,rejected_for_measurement_local_warp_diagnostic
fx10_leaf_001180,fx10,1180,P5,42514,0,4954219,946165,1846,358,137,0.0003225142144790834,3,,rejected_for_measurement_local_warp_diagnostic
fx10_leaf_000240,fx10,240,P5,5795,0,668987,107906,1817,411,138,0.0003237131972503086,3,,rejected_for_measurement_local_warp_diagnostic
fx10_leaf_000359,fx10,359,P5,5772,0,668964,107883,1821,432,139,0.000324081577546355,3,,rejected_for_measurement_local_warp_diagnostic
fx10_leaf_000945,fx10,945,P5,42479,0,4954184,946130,1839,363,140,0.0003254693494058776,3,,rejected_for_measurement_local_warp_diagnostic
fx10_leaf_000123,fx10,123,P5,40571,0,4802237,904581,1812,397,141,0.00032574253278612957,3,,rejected_for_measurement_local_warp_diagnostic
fx10_leaf_000655,fx10,655,P5,23961,0,3532156,657553,1831,345,142,0.0003260111962048449,3,,rejected_for_measurement_local_warp_diagnostic
fx10_leaf_000122,fx10,122,P5,40574,0,4802240,904584,1812,395,143,0.0003278789094179125,3,,rejected_for_measurement_local_warp_diagnostic
fx10_leaf_000899,fx10,899,P5,128483,0,7135972,1641059,1837,457,144,0.00032791526900315435,3,,rejected_for_measurement_local_warp_diagnostic
fx10_leaf_000068,fx10,68,P5,15661,0,2452407,438656,1809,394,145,0.0003287047358567281,3,,rejected_for_measurement_local_warp_diagnostic
fx10_leaf_000752,fx10,752,P5,6055,0,669247,108166,1833,420,146,0.00032906026062555526,3,,rejected_for_measurement_local_warp_diagnostic
fx10_leaf_000782,fx10,782,P5,40964,0,4802630,904974,1834,407,147,0.00033013581438163793,3,,rejected_for_measurement_local_warp_diagnostic
fx10_leaf_000020,fx10,20,P5,119392,0,7086256,1625507,1806,411,148,0.00033042402348954755,3,,rejected_for_measurement_local_warp_diagnostic
fx10_leaf_000433,fx10,433,P5,137838,0,7232551,1661404,1824,358,149,0.00033044996743331246,3,,rejected_for_measurement_local_warp_diagnostic
fx10_leaf_001418,fx10,1418,P5,59611,0,6510212,1391907,1856,372,150,0.0003309171026038253,3,,rejected_for_measurement_local_warp_diagnostic
fx10_leaf_001051,fx10,1051,P5,137431,0,7226654,1660642,1842,374,151,0.00033112732285223937,3,,rejected_for_measurement_local_warp_diagnostic
fx10_leaf_000771,fx10,771,P5,41057,0,4802723,905067,1834,366,152,0.0003316986635865724,3,,rejected_for_measurement_local_warp_diagnostic
fx10_leaf_001046,fx10,1046,P5,137468,0,7226691,1660679,1842,365,153,0.00033269435887069225,3,,rejected_for_measurement_local_warp_diagnostic
fx10_leaf_001113,fx10,1113,P5,41307,0,4844887,909391,1843,468,154,0.0003348782509374716,2,,rejected_for_measurement_local_warp_diagnostic
fx10_leaf_000770,fx10,770,P5,42465,0,4954170,946116,1834,363,155,0.0003352132790553142,3,,rejected_for_measurement_local_warp_diagnostic
fx10_leaf_000067,fx10,67,P5,15659,0,2452405,438654,1809,393,156,0.0003355469092568879,3,,rejected_for_measurement_local_warp_diagnostic
fx10_leaf_000739,fx10,739,P5,41028,0,4802694,905038,1833,366,157,0.00033718466874993366,3,,rejected_for_measurement_local_warp_diagnostic
fx10_leaf_000736,fx10,736,P5,42469,0,4954174,946120,1833,357,158,0.00033752925876580185,3,,rejected_for_measurement_local_warp_diagnostic
fx10_leaf_001419,fx10,1419,P5,137741,0,7226964,1660952,1856,374,159,0.00033753144211242525,3,,rejected_for_measurement_local_warp_diagnostic
fx10_leaf_001569,fx10,1569,P5,59899,0,6510500,1392195,1865,391,160,0.0003387333289503329,2,,rejected_for_measurement_local_warp_diagnostic
fx10_leaf_000731,fx10,731,P5,37725,0,4577246,862514,1832,479,161,0.0003390303868863706,3,,rejected_for_measurement_local_warp_diagnostic
fx10_leaf_000578,fx10,578,P5,118664,0,7084456,1624116,1828,466,162,0.0003409412127013271,3,,rejected_for_measurement_local_warp_diagnostic
fx10_leaf_000587,fx10,587,P5,137846,0,7232559,1661412,1829,357,163,0.0003423338395977897,3,,rejected_for_measurement_local_warp_diagnostic
fx10_leaf_000136,fx10,136,P5,119401,0,7086265,1625516,1812,446,164,0.0003423542941314786,3,,rejected_for_measurement_local_warp_diagnostic
fx10_leaf_000125,fx10,125,P5,5651,0,668843,107762,1812,413,165,0.0003430900472586902,3,,rejected_for_measurement_local_warp_diagnostic
fx10_leaf_000983,fx10,983,P5,137362,0,7226585,1660573,1840,378,166,0.0003432478240085473,3,,rejected_for_measurement_local_warp_diagnostic
fx10_leaf_000133,fx10,133,P5,119440,0,7086304,1625555,1812,435,167,0.00034428852192644655,3,,rejected_for_measurement_local_warp_diagnostic
fx10_leaf_001052,fx10,1052,P5,137397,0,7226620,1660608,1842,376,168,0.0003443795960023043,3,,rejected_for_measurement_local_warp_diagnostic
fx10_leaf_001545,fx10,1545,P5,59862,0,6510463,1392158,1863,374,169,0.00034641811560403023,2,,rejected_for_measurement_local_warp_diagnostic
fx10_leaf_001500,fx10,1500,P5,59688,0,6510289,1391984,1860,389,170,0.0003468245473627513,2,,rejected_for_measurement_local_warp_diagnostic
fx10_leaf_000622,fx10,622,P5,137845,0,7232558,1661411,1830,361,171,0.00034713998905729873,3,,rejected_for_measurement_local_warp_diagnostic
fx10_leaf_000201,fx10,201,P5,5627,0,668819,107738,1815,443,172,0.00034822744137515577,3,,rejected_for_measurement_local_warp_diagnostic
fx10_leaf_000444,fx10,444,P5,5940,0,669132,108051,1824,410,173,0.0003485583881284797,3,,rejected_for_measurement_local_warp_diagnostic
fx10_leaf_000354,fx10,354,P5,5871,0,669063,107982,1821,407,174,0.0003490202912378261,3,,rejected_for_measurement_local_warp_diagnostic
fx10_leaf_000033,fx10,33,P5,15632,0,2452378,438627,1807,389,175,0.00035003757691398873,3,,rejected_for_measurement_local_warp_diagnostic
fx10_leaf_001073,fx10,1073,P5,136074,0,7225060,1659272,1842,438,176,0.0003500550774733508,3,,rejected_for_measurement_local_warp_diagnostic
fx10_leaf_000387,fx10,387,P5,5723,0,668915,107834,1822,450,177,0.0003507025481803557,3,,rejected_for_measurement_local_warp_diagnostic
fx10_leaf_001090,fx10,1090,P5,137469,0,7226692,1660680,1843,368,178,0.0003512519271838509,3,,rejected_for_measurement_local_warp_diagnostic
fx10_leaf_001146,fx10,1146,P5,42505,0,4954210,946156,1845,360,179,0.00035268267971944305,3,,rejected_for_measurement_local_warp_diagnostic
fx10_leaf_000254,fx10,254,P5,128279,0,7135757,1640844,1817,456,180,0.0003527372694574923,3,,rejected_for_measurement_local_warp_diagnostic
fx10_leaf_000053,fx10,53,P5,119389,0,7086253,1625504,1808,418,181,0.0003542548654439258,3,,rejected_for_measurement_local_warp_diagnostic
fx10_leaf_001286,fx10,1286,P5,41354,0,4844943,909447,1849,461,182,0.0003551310238743373,3,,rejected_for_measurement_local_warp_diagnostic
fx10_leaf_000666,fx10,666,P5,40933,0,4802599,904943,1831,396,183,0.0003551529311364669,3,,rejected_for_measurement_local_warp_diagnostic
fx10_leaf_000640,fx10,640,P5,6028,0,669220,108139,1830,414,184,0.0003554868516598618,3,,rejected_for_measurement_local_warp_diagnostic
fx10_leaf_000121,fx10,121,P5,40573,0,4802239,904583,1812,393,185,0.0003569352433144877,3,,rejected_for_measurement_local_warp_diagnostic
fx10_leaf_000094,fx10,94,P5,119372,0,7086236,1625487,1810,443,186,0.0003590323495810723,3,,rejected_for_measurement_local_warp_diagnostic
fx10_leaf_000199,fx10,199,P5,5657,0,668849,107768,1815,438,187,0.00036057890463796937,3,,rejected_for_measurement_local_warp_diagnostic
fx10_leaf_000561,fx10,561,P5,40833,0,4802499,904843,1828,393,188,0.00036392974505864887,3,,rejected_for_measurement_local_warp_diagnostic
fx10_leaf_000176,fx10,176,P5,5634,0,668826,107745,1814,435,189,0.0003661633582750201,3,,rejected_for_measurement_local_warp_diagnostic
fx10_leaf_001454,fx10,1454,P5,136287,0,7225273,1659485,1857,446,190,0.00036681041278827326,3,,rejected_for_measurement_local_warp_diagnostic
fx10_leaf_000409,fx10,409,P5,129333,0,7140186,1642840,1823,406,191,0.00036779912783539687,3,,rejected_for_measurement_local_warp_diagnostic
fx10_leaf_000202,fx10,202,P5,119473,0,7086337,1625588,1815,446,192,0.00037046774405294017,3,,rejected_for_measurement_local_warp_diagnostic
fx10_leaf_000298,fx10,298,P5,5792,0,668984,107903,1819,419,193,0.0003705626540390081,3,,rejected_for_measurement_local_warp_diagnostic
fx10_leaf_001151,fx10,1151,P5,137461,0,7226684,1660672,1845,377,194,0.0003739799102432091,3,,rejected_for_measurement_local_warp_diagnostic
fx10_leaf_001276,fx10,1276,P5,136279,0,7225265,1659477,1849,421,195,0.00037447030601272206,3,,rejected_for_measurement_local_warp_diagnostic
fx10_leaf_001374,fx10,1374,P5,134811,0,7222949,1657298,1853,465,196,0.00037496024024682084,3,,rejected_for_measurement_local_warp_diagnostic
fx10_leaf_001413,fx10,1413,P5,134809,0,7222947,1657296,1855,464,197,0.00037601959604167034,3,,rejected_for_measurement_local_warp_diagnostic
fx10_leaf_001172,fx10,1172,P5,134802,0,7222940,1657289,1845,456,198,0.0003768385058792635,3,,rejected_for_measurement_local_warp_diagnostic
fx10_leaf_001496,fx10,1496,P5,135245,0,7223389,1657738,1859,460,199,0.0003771208131234166,3,,rejected_for_measurement_local_warp_diagnostic
fx10_leaf_001050,fx10,1050,P5,137433,0,7226656,1660644,1842,373,200,0.0003774284265028772,3,,rejected_for_measurement_local_warp_diagnostic
fx10_leaf_000013,fx10,13,P5,119328,0,7086192,1625443,1805,420,201,0.0003788868911232866,3,,rejected_for_measurement_local_warp_diagnostic
fx10_leaf_001352,fx10,1352,P5,134817,0,7222955,1657304,1852,462,202,0.0003792003358817755,3,,rejected_for_measurement_local_warp_diagnostic
fx10_leaf_000008,fx10,8,P5,119366,0,7086230,1625481,1805,409,203,0.00037996359981910864,3,,rejected_for_measurement_local_warp_diagnostic
fx10_leaf_001221,fx10,1221,P5,137441,0,7226664,1660652,1847,406,204,0.000380023298491235,3,,rejected_for_measurement_local_warp_diagnostic
fx10_leaf_000908,fx10,908,P5,42480,0,4954185,946131,1838,361,205,0.0003813178485120496,3,,rejected_for_measurement_local_warp_diagnostic
fx10_leaf_001580,fx10,1580,P5,17166,0,2654501,490459,1865,435,206,0.0003822247623495738,3,,rejected_for_measurement_local_warp_diagnostic
fx10_leaf_000761,fx10,761,P5,128455,0,7135944,1641031,1833,451,207,0.00038653069141501384,3,,rejected_for_measurement_local_warp_diagnostic
fx10_leaf_000555,fx10,555,P5,40953,0,4802619,904963,1828,368,208,0.00038691819324599796,3,,rejected_for_measurement_local_warp_diagnostic
fx10_leaf_000988,fx10,988,P5,136562,0,7225561,1659773,1840,406,209,0.0003876403776115482,3,,rejected_for_measurement_local_warp_diagnostic
fx10_leaf_001127,fx10,1127,P5,136570,0,7225569,1659781,1844,413,210,0.00038863907698677896,3,,rejected_for_measurement_local_warp_diagnostic
fx10_leaf_001275,fx10,1275,P5,136589,0,7225588,1659800,1849,411,211,0.0003889851306087473,3,,rejected_for_measurement_local_warp_diagnostic
fx10_leaf_001307,fx10,1307,P5,41345,0,4844934,909438,1850,463,212,0.0003901430807539062,3,,rejected_for_measurement_local_warp_diagnostic
fx10_leaf_001047,fx10,1047,P5,137470,0,7226693,1660681,1842,367,213,0.00039106276517405754,3,,rejected_for_measurement_local_warp_diagnostic
fx10_leaf_000836,fx10,836,P5,118747,0,7084539,1624199,1835,475,214,0.0003918997430293013,3,,rejected_for_measurement_local_warp_diagnostic
fx10_leaf_001063,fx10,1063,P5,136171,0,7225157,1659369,1842,416,215,0.00039286123543731303,3,,rejected_for_measurement_local_warp_diagnostic
fx10_leaf_000843,fx10,843,P5,42475,0,4954180,946126,1836,359,216,0.00039314194268038976,3,,rejected_for_measurement_local_warp_diagnostic
fx10_leaf_000290,fx10,290,P5,40736,0,4802402,904746,1819,386,217,0.0003943122698637959,3,,rejected_for_measurement_local_warp_diagnostic
fx10_leaf_000348,fx10,348,P5,40735,0,4802401,904745,1821,390,218,0.00039464277810733335,3,,rejected_for_measurement_local_warp_diagnostic
fx10_leaf_000658,fx10,658,P5,137843,0,7232556,1661409,1831,363,219,0.00039635142421375194,3,,rejected_for_measurement_local_warp_diagnostic
fx10_leaf_000567,fx10,567,P5,5997,0,669189,108108,1828,415,220,0.00039671556366679527,3,,rejected_for_measurement_local_warp_diagnostic
fx10_leaf_001156,fx10,1156,P5,137406,0,7226629,1660617,1845,405,221,0.00039672745548837557,3,,rejected_for_measurement_local_warp_diagnostic
fx10_leaf_001306,fx10,1306,P5,134818,0,7222956,1657305,1850,461,222,0.00039677857661370923,3,,rejected_for_measurement_local_warp_diagnostic
fx10_leaf_001152,fx10,1152,P5,137458,0,7226681,1660669,1845,379,223,0.0003974922239571956,3,,rejected_for_measurement_local_warp_diagnostic
fx10_leaf_000812,fx10,812,P5,42470,0,4954175,946121,1835,363,224,0.00039914764466895736,3,,rejected_for_measurement_local_warp_diagnostic
fx10_leaf_000979,fx10,979,P5,42483,0,4954188,946134,1840,363,225,0.00039915312231877226,3,,rejected_for_measurement_local_warp_diagnostic
fx10_leaf_001223,fx10,1223,P5,136584,0,7225583,1659795,1847,409,226,0.0003996077166942575,3,,rejected_for_measurement_local_warp_diagnostic
fx10_leaf_000802,fx10,802,P5,118731,0,7084523,1624183,1834,470,227,0.00040016073432527245,3,,rejected_for_measurement_local_warp_diagnostic
fx10_leaf_001381,fx10,1381,P5,137565,0,7226788,1660776,1854,396,228,0.00040018682605287396,3,,rejected_for_measurement_local_warp_diagnostic
fx10_leaf_001129,fx10,1129,P5,136207,0,7225193,1659405,1844,416,229,0.0004002534235535529,3,,rejected_for_measurement_local_warp_diagnostic
fx10_leaf_001375,fx10,1375,P5,41370,0,4844973,909477,1853,467,230,0.00040066584887861164,2,,rejected_for_measurement_local_warp_diagnostic
fx10_leaf_000777,fx10,777,P5,40972,0,4802638,904982,1834,392,231,0.0004011098239572606,3,,rejected_for_measurement_local_warp_diagnostic
fx10_leaf_000155,fx10,155,P5,119398,0,7086262,1625513,1813,448,232,0.00040211083567265034,3,,rejected_for_measurement_local_warp_diagnostic
fx10_leaf_001443,fx10,1443,P5,59650,0,6510251,1391946,1857,376,233,0.0004022079289687451,3,,rejected_for_measurement_local_warp_diagnostic
fx10_leaf_000308,fx10,308,P5,128288,0,7135766,1640853,1819,455,234,0.00040230428241810017,3,,rejected_for_measurement_local_warp_diagnostic
fx10_leaf_001585,fx10,1585,P5,136390,0,7225387,1659599,1865,448,235,0.000403062984667077,3,,rejected_for_measurement_local_warp_diagnostic
fx10_leaf_001186,fx10,1186,P5,137440,0,7226663,1660651,1846,403,236,0.00040310371815392953,3,,rejected_for_measurement_local_warp_diagnostic
fx10_leaf_000465,fx10,465,P5,40925,0,4802591,904935,1825,360,237,0.00040323804829124616,3,,rejected_for_measurement_local_warp_diagnostic
fx10_leaf_000813,fx10,813,P5,137308,0,7226531,1660519,1835,365,238,0.000403276624196314,3,,rejected_for_measurement_local_warp_diagnostic
fx10_leaf_000291,fx10,291,P5,40699,0,4802365,904709,1819,388,239,0.0004033281560196383,3,,rejected_for_measurement_local_warp_diagnostic
fx10_leaf_001247,fx10,1247,P5,136280,0,7225266,1659478,1848,417,240,0.00040350996161543846,3,,rejected_for_measurement_local_warp_diagnostic
fx10_leaf_000135,fx10,135,P5,119403,0,7086267,1625518,1812,443,241,0.00040421404690802566,3,,rejected_for_measurement_local_warp_diagnostic
fx10_leaf_001347,fx10,1347,P5,136215,0,7225201,1659413,1852,450,242,0.00040711670291548754,3,,rejected_for_measurement_local_warp_diagnostic
fx10_leaf_001353,fx10,1353,P5,41338,0,4844925,909429,1852,465,243,0.00040737497938771584,3,,rejected_for_measurement_local_warp_diagnostic
fx10_leaf_000944,fx10,944,P5,42485,0,4954190,946136,1839,361,244,0.0004074665098185744,3,,rejected_for_measurement_local_warp_diagnostic
fx10_leaf_001316,fx10,1316,P5,136585,0,7225584,1659796,1851,415,245,0.00040768060580653357,3,,rejected_for_measurement_local_warp_diagnostic
fx10_leaf_000726,fx10,726,P5,118713,0,7084505,1624165,1832,467,246,0.0004091237002526917,3,,rejected_for_measurement_local_warp_diagnostic
fx10_leaf_001471,fx10,1471,P5,136378,0,7225375,1659587,1858,432,247,0.00040924812457746225,3,,rejected_for_measurement_local_warp_diagnostic
fx10_leaf_000909,fx10,909,P5,137370,0,7226593,1660581,1838,365,248,0.0004095805831794163,3,,rejected_for_measurement_local_warp_diagnostic
fx10_leaf_001331,fx10,1331,P5,134820,0,7222958,1657307,1851,463,249,0.0004099212719535494,3,,rejected_for_measurement_local_warp_diagnostic
fx10_leaf_000224,fx10,224,P5,5625,0,668817,107736,1816,445,250,0.0004112679722086188,3,,rejected_for_measurement_local_warp_diagnostic
fx10_leaf_001182,fx10,1182,P5,137447,0,7226670,1660658,1846,396,251,0.0004113958408112485,3,,rejected_for_measurement_local_warp_diagnostic
fx10_leaf_000438,fx10,438,P5,40850,0,4802516,904860,1824,372,252,0.0004127524955404691,3,,rejected_for_measurement_local_warp_diagnostic
fx10_leaf_001006,fx10,1006,P5,6134,0,669326,108245,1840,450,253,0.00041373701843207695,3,,rejected_for_measurement_local_warp_diagnostic
fx10_leaf_000236,fx10,236,P5,40702,0,4802368,904712,1817,384,254,0.00041530480269128174,3,,rejected_for_measurement_local_warp_diagnostic
fx10_leaf_001205,fx10,1205,P5,41300,0,4844879,909383,1846,466,255,0.0004161424839324617,2,,rejected_for_measurement_local_warp_diagnostic
fx10_leaf_000188,fx10,188,P5,40628,0,4802294,904638,1815,398,256,0.00041698468716630516,3,,rejected_for_measurement_local_warp_diagnostic
fx10_leaf_001191,fx10,1191,P5,136250,0,7225236,1659448,1846,415,257,0.00041861480086480133,3,,rejected_for_measurement_local_warp_diagnostic
fx10_leaf_001560,fx10,1560,P5,59960,0,6510565,1392260,1864,377,258,0.0004209148255827688,3,,rejected_for_measurement_local_warp_diagnostic
fx10_leaf_000645,fx10,645,P5,5985,0,669177,108096,1830,435,259,0.000421042557580421,3,,rejected_for_measurement_local_warp_diagnostic
fx10_leaf_000380,fx10,380,P5,5908,0,669100,108019,1822,411,260,0.00042133826767228765,3,,rejected_for_measurement_local_warp_diagnostic
fx10_leaf_001315,fx10,1315,P5,136588,0,7225587,1659799,1851,412,261,0.0004218205328618508,3,,rejected_for_measurement_local_warp_diagnostic
fx10_leaf_000541,fx10,541,P5,118668,0,7084460,1624120,1827,463,262,0.0004224282537401495,3,,rejected_for_measurement_local_warp_diagnostic
fx10_leaf_000100,fx10,100,P5,40546,0,4802212,904556,1811,389,263,0.0004226217514905202,3,,rejected_for_measurement_local_warp_diagnostic
fx10_leaf_000966,fx10,966,P5,6142,0,669334,108253,1839,444,264,0.0004231270551800499,3,,rejected_for_measurement_local_warp_diagnostic
fx10_leaf_001004,fx10,1004,P5,6140,0,669332,108251,1840,447,265,0.0004243483975568645,3,,rejected_for_measurement_local_warp_diagnostic
fx10_leaf_000197,fx10,197,P5,5784,0,668976,107895,1815,430,266,0.0004263269187941593,3,,rejected_for_measurement_local_warp_diagnostic
fx10_leaf_001177,fx10,1177,P5,41331,0,4844915,909419,1845,470,267,0.0004267384862310491,2,,rejected_for_measurement_local_warp_diagnostic
fx10_leaf_000856,fx10,856,P5,6111,0,669303,108222,1836,435,268,0.0004271369447816089,3,,rejected_for_measurement_local_warp_diagnostic
fx10_leaf_001407,fx10,1407,P5,136357,0,7225350,1659562,1855,429,269,0.00042828261653946736,3,,rejected_for_measurement_local_warp_diagnostic
fx10_leaf_001392,fx10,1392,P5,134861,0,7222999,1657348,1854,459,270,0.000429684512277531,3,,rejected_for_measurement_local_warp_diagnostic
fx10_leaf_000247,fx10,247,P5,5698,0,668890,107809,1817,432,271,0.00043140662005357506,3,,rejected_for_measurement_local_warp_diagnostic
fx10_leaf_001467,fx10,1467,P5,152441,1,210601,1721639,1858,403,272,0.0004322898196154616,3,,rejected_for_measurement_local_warp_diagnostic
fx10_leaf_000607,fx10,607,P5,118680,0,7084472,1624132,1829,465,273,0.00043315998811370774,3,,rejected_for_measurement_local_warp_diagnostic
fx10_leaf_000478,fx10,478,P5,5884,0,669076,107995,1825,435,274,0.00043449898674768255,3,,rejected_for_measurement_local_warp_diagnostic
fx10_leaf_000987,fx10,987,P5,137311,0,7226534,1660522,1840,405,275,0.00043478921990151604,3,,rejected_for_measurement_local_warp_diagnostic
fx10_leaf_000995,fx10,995,P5,136089,0,7225075,1659287,1840,422,276,0.00043555835562759503,3,,rejected_for_measurement_local_warp_diagnostic
fx10_leaf_000041,fx10,41,P5,119391,0,7086255,1625506,1807,416,277,0.0004356319604631497,3,,rejected_for_measurement_local_warp_diagnostic
fx10_leaf_000369,fx10,369,P5,138238,0,7232951,1661804,1822,353,278,0.00043701786467608897,3,,rejected_for_measurement_local_warp_diagnostic
fx10_leaf_000784,fx10,784,P5,6095,0,669287,108206,1834,411,279,0.00043730994615602043,3,,rejected_for_measurement_local_warp_diagnostic
fx10_leaf_000022,fx10,22,P5,119390,0,7086254,1625505,1806,414,280,0.00043798902928902515,3,,rejected_for_measurement_local_warp_diagnostic
fx10_leaf_001217,fx10,1217,P5,137481,0,7226704,1660692,1847,396,281,0.0004384444680806459,3,,rejected_for_measurement_local_warp_diagnostic
fx10_leaf_000820,fx10,820,P5,41007,0,4802673,905017,1835,397,282,0.0004388290301331202,3,,rejected_for_measurement_local_warp_diagnostic
fx10_leaf_001069,fx10,1069,P5,136122,0,7225108,1659320,1842,429,283,0.00044011223632159293,3,,rejected_for_measurement_local_warp_diagnostic
fx10_leaf_000371,fx10,371,P5,137832,0,7232545,1661398,1822,358,284,0.00044048494546342667,3,,rejected_for_measurement_local_warp_diagnostic
fx10_leaf_000114,fx10,114,P5,119408,0,7086272,1625523,1811,437,285,0.0004414446662179928,3,,rejected_for_measurement_local_warp_diagnostic
fx10_leaf_000876,fx10,876,P5,42474,0,4954179,946125,1837,363,286,0.0004422464904920226,3,,rejected_for_measurement_local_warp_diagnostic
fx10_leaf_001420,fx10,1420,P5,137742,0,7226965,1660953,1856,376,287,0.00044258370286382213,3,,rejected_for_measurement_local_warp_diagnostic
fx10_leaf_001480,fx10,1480,P5,59699,0,6510300,1391995,1859,382,288,0.0004435602222236243,3,,rejected_for_measurement_local_warp_diagnostic
fx10_leaf_000451,fx10,451,P5,5849,0,669041,107960,1824,435,289,0.0004446087428289434,3,,rejected_for_measurement_local_warp_diagnostic
fx10_leaf_001466,fx10,1466,P5,152440,1,210600,1721638,1858,401,290,0.0004447508268668659,3,,rejected_for_measurement_local_warp_diagnostic
fx10_leaf_000263,fx10,263,P5,40739,0,4802405,904749,1818,377,291,0.0004462091821299749,3,,rejected_for_measurement_local_warp_diagnostic
fx10_leaf_000910,fx10,910,P5,137368,0,7226591,1660579,1838,368,292,0.0004465492194669194,3,,rejected_for_measurement_local_warp_diagnostic
fx10_leaf_000931,fx10,931,P5,6106,0,669298,108217,1838,438,293,0.0004468813392440968,3,,rejected_for_measurement_local_warp_diagnostic
fx10_leaf_001372,fx10,1372,P5,134815,0,7222953,1657302,1853,461,294,0.00044833087784469145,3,,rejected_for_measurement_local_warp_diagnostic
fx10_leaf_001277,fx10,1277,P5,136275,0,7225261,1659473,1849,422,295,0.0004491762878089956,3,,rejected_for_measurement_local_warp_diagnostic
fx10_leaf_000328,fx10,328,P5,5778,0,668970,107889,1820,431,296,0.00044949731828016046,3,,rejected_for_measurement_local_warp_diagnostic
fx10_leaf_000119,fx10,119,P5,119368,0,7086232,1625483,1811,447,297,0.0004503870474391861,3,,rejected_for_measurement_local_warp_diagnostic
fx10_leaf_000900,fx10,900,P5,118776,0,7084568,1624228,1837,468,298,0.0004509905512881278,3,,rejected_for_measurement_local_warp_diagnostic
fx10_leaf_000007,fx10,7,P5,119364,0,7086228,1625479,1805,406,299,0.0004511457539387503,3,,rejected_for_measurement_local_warp_diagnostic
fx10_leaf_000458,fx10,458,P5,118628,0,7084420,1624080,1824,471,300,0.00045182344090787994,3,,rejected_for_measurement_local_warp_diagnostic
fx10_leaf_000396,fx10,396,P5,137837,0,7232550,1661403,1823,358,301,0.00045205919211608854,3,,rejected_for_measurement_local_warp_diagnostic
fx10_leaf_000697,fx10,697,P5,23923,0,3532118,657515,1832,354,302,0.00045242604118917,3,,rejected_for_measurement_local_warp_diagnostic
fx10_leaf_000737,fx10,737,P5,42467,0,4954172,946118,1833,360,303,0.0004524854675880211,3,,rejected_for_measurement_local_warp_diagnostic
fx10_leaf_000279,fx10,279,P5,5655,0,668847,107766,1818,447,304,0.00045287022596731216,3,,rejected_for_measurement_local_warp_diagnostic
fx10_leaf_000228,fx10,228,P5,40719,0,4802385,904729,1817,363,305,0.00045312672511883286,3,,rejected_for_measurement_local_warp_diagnostic
fx10_leaf_001273,fx10,1273,P5,136592,0,7225591,1659803,1849,408,306,0.0004532783922885142,3,,rejected_for_measurement_local_warp_diagnostic
fx10_leaf_000823,fx10,823,P5,6130,0,669322,108241,1835,411,307,0.00045454884788249554,3,,rejected_for_measurement_local_warp_diagnostic
fx10_leaf_000809,fx10,809,P5,42477,0,4954182,946128,1835,357,308,0.0004553783625685186,3,,rejected_for_measurement_local_warp_diagnostic
fx10_leaf_001598,fx10,1598,P5,17164,0,2654499,490457,1866,435,309,0.00045540052439767395,2,,rejected_for_measurement_local_warp_diagnostic
fx10_leaf_000873,fx10,873,P5,42481,0,4954186,946132,1837,358,310,0.00045585494112396376,3,,rejected_for_measurement_local_warp_diagnostic
fx10_leaf_000637,fx10,637,P5,129367,0,7140235,1642889,1830,409,311,0.00045676302548691765,3,,rejected_for_measurement_local_warp_diagnostic
fx10_leaf_001323,fx10,1323,P5,152399,1,210493,1721597,1851,434,312,0.00045693081127224386,3,,rejected_for_measurement_local_warp_diagnostic
fx10_leaf_000486,fx10,486,P5,37596,0,4577117,862385,1825,473,313,0.00045825311632669653,3,,rejected_for_measurement_local_warp_diagnostic
fx10_leaf_000745,fx10,745,P5,40971,0,4802637,904981,1833,397,314,0.00045847305509461446,3,,rejected_for_measurement_local_warp_diagnostic
fx10_leaf_000070,fx10,70,P5,705,0,159266,28253,1809,405,315,0.00046024651600740644,3,,rejected_for_measurement_local_warp_diagnostic
fx10_leaf_001148,fx10,1148,P5,42495,0,4954200,946146,1845,366,316,0.0004607994537753749,3,,rejected_for_measurement_local_warp_diagnostic
fx10_leaf_000788,fx10,788,P5,6092,0,669284,108203,1834,419,317,0.0004609935642728573,3,,rejected_for_measurement_local_warp_diagnostic
fx10_leaf_000463,fx10,463,P5,138319,0,7233033,1661886,1825,354,318,0.0004612293704388505,3,,rejected_for_measurement_local_warp_diagnostic
fx10_leaf_000818,fx10,818,P5,41046,0,4802712,905056,1835,380,319,0.00046167959189130793,3,,rejected_for_measurement_local_warp_diagnostic
fx10_leaf_000641,fx10,641,P5,6030,0,669222,108141,1830,416,320,0.00046292502229767357,3,,rejected_for_measurement_local_warp_diagnostic
fx10_leaf_000242,fx10,242,P5,5706,0,668898,107817,1817,425,321,0.0004652319391150498,3,,rejected_for_measurement_local_warp_diagnostic
fx10_leaf_001342,fx10,1342,P5,136594,0,7225593,1659805,1852,416,322,0.0004652770520010138,3,,rejected_for_measurement_local_warp_diagnostic
fx10_leaf_000643,fx10,643,P5,5996,0,669188,108107,1830,420,323,0.0004659839712778229,3,,rejected_for_measurement_local_warp_diagnostic
fx10_leaf_000499,fx10,499,P5,40881,0,4802547,904891,1826,379,324,0.00046623887563849645,3,,rejected_for_measurement_local_warp_diagnostic
fx10_leaf_000749,fx10,749,P5,6063,0,669255,108174,1833,411,325,0.0004678051054130386,3,,rejected_for_measurement_local_warp_diagnostic
fx10_leaf_001212,fx10,1212,P5,42503,0,4954208,946154,1847,364,326,0.00046889055922216404,3,,rejected_for_measurement_local_warp_diagnostic
fx10_leaf_001343,fx10,1343,P5,136312,0,7225298,1659510,1852,419,327,0.00046987195465840323,3,,rejected_for_measurement_local_warp_diagnostic
fx10_leaf_000073,fx10,73,P5,119467,0,7086331,1625582,1809,412,328,0.0004699983710031283,3,,rejected_for_measurement_local_warp_diagnostic
fx10_leaf_001269,fx10,1269,P5,137526,0,7226749,1660737,1849,373,329,0.00047010076026495054,3,,rejected_for_measurement_local_warp_diagnostic
fx10_leaf_000502,fx10,502,P5,40832,0,4802498,904842,1826,395,330,0.0004701408054440825,3,,rejected_for_measurement_local_warp_diagnostic
fx10_leaf_000118,fx10,118,P5,119369,0,7086233,1625484,1811,446,331,0.00047070100644060187,3,,rejected_for_measurement_local_warp_diagnostic
fx10_leaf_000038,fx10,38,P5,694,0,159255,28242,1807,405,332,0.0004720791489523451,3,,rejected_for_measurement_local_warp_diagnostic
fx10_leaf_000814,fx10,814,P5,137309,0,7226532,1660520,1835,366,333,0.0004732697184660688,3,,rejected_for_measurement_local_warp_diagnostic
fx10_leaf_000581,fx10,581,P5,37670,0,4577191,862459,1828,475,334,0.0004735656894979613,3,,rejected_for_measurement_local_warp_diagnostic
fx10_leaf_001330,fx10,1330,P5,134825,0,7222963,1657312,1851,460,335,0.0004736676934112853,3,,rejected_for_measurement_local_warp_diagnostic
fx10_leaf_000689,fx10,689,P5,118697,0,7084489,1624149,1831,465,336,0.0004739742322940749,3,,rejected_for_measurement_local_warp_diagnostic
fx10_leaf_000610,fx10,610,P5,118678,0,7084470,1624130,1829,470,337,0.0004748670614305507,3,,rejected_for_measurement_local_warp_diagnostic
fx10_leaf_000079,fx10,79,P5,40585,0,4802251,904595,1810,379,338,0.0004750884271345848,3,,rejected_for_measurement_local_warp_diagnostic
fx10_leaf_000738,fx10,738,P5,137848,0,7232561,1661414,1833,363,339,0.0004753945761600181,3,,rejected_for_measurement_local_warp_diagnostic
fx10_leaf_000173,fx10,173,P5,128329,0,7135807,1640894,1814,430,340,0.00047596996151703767,3,,rejected_for_measurement_local_warp_diagnostic
fx10_leaf_000560,fx10,560,P5,40872,0,4802538,904882,1828,392,341,0.0004763477449336952,3,,rejected_for_measurement_local_warp_diagnostic
fx10_leaf_000157,fx10,157,P5,40654,0,4802320,904664,1814,366,342,0.000476762815006662,3,,rejected_for_measurement_local_warp_diagnostic
fx10_leaf_000525,fx10,525,P5,137841,0,7232554,1661407,1827,356,343,0.00047702762339723085,3,,rejected_for_measurement_local_warp_diagnostic
fx10_leaf_001062,fx10,1062,P5,136170,0,7225156,1659368,1842,415,344,0.00047845719345645995,3,,rejected_for_measurement_local_warp_diagnostic
fx10_leaf_000975,fx10,975,P5,8630,0,1092752,167220,1839,483,345,0.0004793183503007867,3,,rejected_for_measurement_local_warp_diagnostic
fx10_leaf_001484,fx10,1484,P5,152439,1,210599,1721637,1859,402,346,0.00047983428811838744,3,,rejected_for_measurement_local_warp_diagnostic
fx10_leaf_000280,fx10,280,P5,128293,0,7135771,1640858,1818,458,347,0.00048004310337424974,3,,rejected_for_measurement_local_warp_diagnostic
fx10_leaf_001091,fx10,1091,P5,137464,0,7226687,1660675,1843,371,348,0.00048044857171156927,3,,rejected_for_measurement_local_warp_diagnostic
fx10_leaf_000092,fx10,92,P5,119377,0,7086241,1625492,1810,437,349,0.00048103434945166945,3,,rejected_for_measurement_local_warp_diagnostic
fx10_leaf_000803,fx10,803,P5,118724,0,7084516,1624176,1834,475,350,0.0004811346259691739,3,,rejected_for_measurement_local_warp_diagnostic
fx10_leaf_000564,fx10,564,P5,40866,0,4802532,904876,1828,399,351,0.0004826244929007264,3,,rejected_for_measurement_local_warp_diagnostic
fx10_leaf_000787,fx10,787,P5,6091,0,669283,108202,1834,418,352,0.0004835548615225719,3,,rejected_for_measurement_local_warp_diagnostic
fx10_leaf_001196,fx10,1196,P5,136195,0,7225181,1659393,1846,434,353,0.0004837603161891536,3,,rejected_for_measurement_local_warp_diagnostic
fx10_leaf_000917,fx10,917,P5,137280,0,7226503,1660491,1838,403,354,0.0004841712249282769,3,,rejected_for_measurement_local_warp_diagnostic
fx10_leaf_000432,fx10,432,P5,138322,0,7233036,1661889,1824,352,355,0.000484609098745619,3,,rejected_for_measurement_local_warp_diagnostic
fx10_leaf_001470,fx10,1470,P5,136490,0,7225487,1659699,1858,425,356,0.00048525039685849627,2,,rejected_for_measurement_local_warp_diagnostic
fx10_leaf_000101,fx10,101,P5,40547,0,4802213,904557,1811,390,357,0.00048535182411561654,3,,rejected_for_measurement_local_warp_diagnostic
fx10_leaf_001460,fx10,1460,P5,134970,0,7223108,1657457,1857,469,358,0.0004856705280381755,3,,rejected_for_measurement_local_warp_diagnostic
fx10_leaf_000234,fx10,234,P5,40703,0,4802369,904713,1817,378,359,0.00048626643204726755,3,,rejected_for_measurement_local_warp_diagnostic
fx10_leaf_000042,fx10,42,P5,119359,0,7086223,1625474,1807,419,360,0.0004874050170309601,3,,rejected_for_measurement_local_warp_diagnostic
fx10_leaf_001369,fx10,1369,P5,136213,0,7225199,1659411,1853,451,361,0.0004875871776696404,3,,rejected_for_measurement_local_warp_diagnostic
fx10_leaf_000956,fx10,956,P5,136096,0,7225082,1659294,1839,412,362,0.0004877462066591083,3,,rejected_for_measurement_local_warp_diagnostic
fx10_leaf_000495,fx10,495,P5,40922,0,4802588,904932,1826,366,363,0.00048825266584542583,3,,rejected_for_measurement_local_warp_diagnostic
fx10_leaf_000222,fx10,222,P5,5659,0,668851,107770,1816,442,364,0.0004884627349253495,3,,rejected_for_measurement_local_warp_diagnostic
fx10_leaf_001412,fx10,1412,P5,134856,0,7222994,1657343,1855,461,365,0.0004890113607959437,3,,rejected_for_measurement_local_warp_diagnostic
fx10_leaf_000404,fx10,404,P5,40767,0,4802433,904777,1823,390,366,0.0004904988399955888,3,,rejected_for_measurement_local_warp_diagnostic
fx10_leaf_001425,fx10,1425,P5,136494,0,7225491,1659703,1856,420,367,0.000491125949267512,3,,rejected_for_measurement_local_warp_diagnostic
fx10_leaf_000950,fx10,950,P5,137330,0,7226553,1660541,1839,378,368,0.0004913093927261155,3,,rejected_for_measurement_local_warp_diagnostic
fx10_leaf_000866,fx10,866,P5,118753,0,7084545,1624205,1836,469,369,0.0004917290023457871,3,,rejected_for_measurement_local_warp_diagnostic
fx10_leaf_000302,fx10,302,P5,5732,0,668924,107843,1819,436,370,0.0004934389121916468,3,,rejected_for_measurement_local_warp_diagnostic
fx10_leaf_000023,fx10,23,P5,119357,0,7086221,1625472,1806,420,371,0.000493841365150239,3,,rejected_for_measurement_local_warp_diagnostic
fx10_leaf_000656,fx10,656,P5,23958,0,3532153,657550,1831,347,372,0.0004939909938661307,3,,rejected_for_measurement_local_warp_diagnostic
fx10_leaf_001297,fx10,1297,P5,136586,0,7225585,1659797,1850,415,373,0.0004941451897426474,3,,rejected_for_measurement_local_warp_diagnostic
fx10_leaf_001114,fx10,1114,P5,41310,0,4844890,909394,1843,470,374,0.0004957226555971684,2,,rejected_for_measurement_local_warp_diagnostic
fx10_leaf_000120,fx10,120,P5,40577,0,4802243,904587,1812,391,375,0.0004969827827409958,3,,rejected_for_measurement_local_warp_diagnostic
fx10_leaf_000140,fx10,140,P5,40615,0,4802281,904625,1813,374,376,0.0004971505389881366,3,,rejected_for_measurement_local_warp_diagnostic
fx10_leaf_000864,fx10,864,P5,128473,0,7135962,1641049,1836,458,377,0.0004986524151938171,3,,rejected_for_measurement_local_warp_diagnostic
fx10_leaf_000266,fx10,266,P5,129310,0,7140159,1642813,1818,398,378,0.0004993439909084115,3,,rejected_for_measurement_local_warp_diagnostic
fx10_leaf_000128,fx10,128,P5,119497,0,7086361,1625612,1812,418,379,0.0004994003812878741,3,,rejected_for_measurement_local_warp_diagnostic
fx10_leaf_000058,fx10,58,P5,119345,0,7086209,1625460,1808,435,380,0.0005004616587315896,3,,rejected_for_measurement_local_warp_diagnostic
fx10_leaf_001027,fx10,1027,P5,137342,0,7226565,1660553,1841,405,381,0.0005013025496489838,3,,rejected_for_measurement_local_warp_diagnostic
fx10_leaf_000522,fx10,522,P5,138394,0,7233108,1661961,1827,348,382,0.0005025827263179625,3,,rejected_for_measurement_local_warp_diagnostic
fx10_leaf_001303,fx10,1303,P5,134833,0,7222971,1657320,1850,456,383,0.0005026779123035011,3,,rejected_for_measurement_local_warp_diagnostic
fx10_leaf_001222,fx10,1222,P5,136583,0,7225582,1659794,1847,407,384,0.0005027170085837142,3,,rejected_for_measurement_local_warp_diagnostic
fx10_leaf_001232,fx10,1232,P5,136098,0,7225084,1659296,1847,453,385,0.0005030698275355007,3,,rejected_for_measurement_local_warp_diagnostic
fx10_leaf_000184,fx10,184,P5,40672,0,4802338,904682,1815,377,386,0.0005031903064599262,3,,rejected_for_measurement_local_warp_diagnostic
fx10_leaf_000146,fx10,146,P5,40603,0,4802269,904613,1813,396,387,0.0005034736988916172,3,,rejected_for_measurement_local_warp_diagnostic
fx10_leaf_000412,fx10,412,P5,5903,0,669095,108014,1823,414,388,0.0005037179241266327,3,,rejected_for_measurement_local_warp_diagnostic
fx10_leaf_001298,fx10,1298,P5,136277,0,7225263,1659475,1850,421,389,0.0005040964897015351,3,,rejected_for_measurement_local_warp_diagnostic
fx10_leaf_000861,fx10,861,P5,128479,0,7135968,1641055,1836,450,390,0.0005045888113461821,3,,rejected_for_measurement_local_warp_diagnostic
fx10_leaf_000652,fx10,652,P5,118694,0,7084486,1624146,1830,475,391,0.0005046428008365249,3,,rejected_for_measurement_local_warp_diagnostic
fx10_leaf_000497,fx10,497,P5,40888,0,4802554,904898,1826,370,392,0.0005048954080002096,3,,rejected_for_measurement_local_warp_diagnostic
fx10_leaf_001248,fx10,1248,P5,136244,0,7225230,1659442,1848,421,393,0.000505593207050947,3,,rejected_for_measurement_local_warp_diagnostic
fx10_leaf_000940,fx10,940,P5,37803,0,4577324,862592,1838,483,394,0.0005060599291141502,3,,rejected_for_measurement_local_warp_diagnostic
fx10_leaf_001158,fx10,1158,P5,136252,0,7225238,1659450,1845,415,395,0.0005064905256791499,3,,rejected_for_measurement_local_warp_diagnostic
fx10_leaf_000657,fx10,657,P5,137849,0,7232562,1661415,1831,359,396,0.0005067739329216353,3,,rejected_for_measurement_local_warp_diagnostic
fx10_leaf_000005,fx10,5,P5,119290,0,7086154,1625405,1804,425,397,0.0005091268383631788,3,,rejected_for_measurement_local_warp_diagnostic
fx10_leaf_001456,fx10,1456,P5,134854,0,7222992,1657341,1857,461,398,0.0005092716931230753,3,,rejected_for_measurement_local_warp_diagnostic
fx10_leaf_000685,fx10,685,P5,128441,0,7135930,1641017,1831,453,399,0.0005112313924894405,3,,rejected_for_measurement_local_warp_diagnostic
fx10_leaf_000299,fx10,299,P5,5735,0,668927,107846,1819,431,400,0.0005122843041375544,3,,rejected_for_measurement_local_warp_diagnostic
fx10_leaf_000724,fx10,724,P5,118703,0,7084495,1624155,1832,458,401,0.0005131014379444767,3,,rejected_for_measurement_local_warp_diagnostic
fx10_leaf_000854,fx10,854,P5,6127,0,669319,108238,1836,420,402,0.0005132381615485272,3,,rejected_for_measurement_local_warp_diagnostic
fx10_leaf_000105,fx10,105,P5,40537,0,4802203,904547,1811,397,403,0.0005146869006312729,3,,rejected_for_measurement_local_warp_diagnostic
fx10_leaf_000851,fx10,851,P5,41033,0,4802699,905043,1836,401,404,0.0005149710582486338,3,,rejected_for_measurement_local_warp_diagnostic
fx10_leaf_000725,fx10,725,P5,118712,0,7084504,1624164,1832,465,405,0.0005150268844103039,3,,rejected_for_measurement_local_warp_diagnostic
fx10_leaf_000368,fx10,368,P5,138279,0,7232993,1661846,1822,351,406,0.000515433848689405,3,,rejected_for_measurement_local_warp_diagnostic
fx10_leaf_000411,fx10,411,P5,5906,0,669098,108017,1823,411,407,0.0005158627210207224,3,,rejected_for_measurement_local_warp_diagnostic
fx10_leaf_001296,fx10,1296,P5,136590,0,7225589,1659801,1850,413,408,0.0005163639404419104,3,,rejected_for_measurement_local_warp_diagnostic
fx10_leaf_000271,fx10,271,P5,5796,0,668988,107907,1818,414,409,0.0005165591560580286,3,,rejected_for_measurement_local_warp_diagnostic
fx10_leaf_000964,fx10,964,P5,6145,0,669337,108256,1839,441,410,0.0005169167802593781,3,,rejected_for_measurement_local_warp_diagnostic
fx10_leaf_000364,fx10,364,P5,128321,0,7135799,1640886,1821,455,411,0.0005173127505559553,3,,rejected_for_measurement_local_warp_diagnostic
fx10_leaf_000469,fx10,469,P5,40885,0,4802551,904895,1825,372,412,0.0005178594567437758,3,,rejected_for_measurement_local_warp_diagnostic
fx10_leaf_000690,fx10,690,P5,118695,0,7084487,1624147,1831,469,413,0.0005178948107554866,3,,rejected_for_measurement_local_warp_diagnostic
fx10_leaf_000340,fx10,340,P5,137834,0,7232547,1661400,1821,357,414,0.0005179368199112063,3,,rejected_for_measurement_local_warp_diagnostic
fx10_leaf_000698,fx10,698,P5,42468,0,4954173,946119,1832,355,415,0.0005189377503218237,3,,rejected_for_measurement_local_warp_diagnostic
fx10_leaf_000880,fx10,880,P5,137288,0,7226511,1660499,1837,396,416,0.000519846610721403,3,,rejected_for_measurement_local_warp_diagnostic
fx10_leaf_000083,fx10,83,P5,119504,0,7086368,1625619,1810,408,417,0.0005218832683168752,3,,rejected_for_measurement_local_warp_diagnostic
fx10_leaf_000955,fx10,955,P5,136560,0,7225559,1659771,1839,409,418,0.0005220816666242743,3,,rejected_for_measurement_local_warp_diagnostic
fx10_leaf_000066,fx10,66,P5,15658,0,2452404,438653,1809,391,419,0.0005238112257511282,3,,rejected_for_measurement_local_warp_diagnostic
fx10_leaf_000410,fx10,410,P5,5904,0,669096,108015,1823,408,420,0.0005239823439338901,3,,rejected_for_measurement_local_warp_diagnostic
fx10_leaf_000395,fx10,395,P5,138277,0,7232991,1661844,1823,354,421,0.0005244415491365755,3,,rejected_for_measurement_local_warp_diagnostic
fx10_leaf_000531,fx10,531,P5,40870,0,4802536,904880,1827,395,422,0.000524478647952072,3,,rejected_for_measurement_local_warp_diagnostic
fx10_leaf_000287,fx10,287,P5,40754,0,4802420,904764,1819,366,423,0.000524768596696514,3,,rejected_for_measurement_local_warp_diagnostic
fx10_leaf_000464,fx10,464,P5,137839,0,7232552,1661405,1825,358,424,0.0005249030171428635,3,,rejected_for_measurement_local_warp_diagnostic
fx10_leaf_000373,fx10,373,P5,40821,0,4802487,904831,1822,365,425,0.0005257962737333181,3,,rejected_for_measurement_local_warp_diagnostic
fx10_leaf_001268,fx10,1268,P5,137560,0,7226783,1660771,1849,371,426,0.0005260490207878444,3,,rejected_for_measurement_local_warp_diagnostic
fx10_leaf_001449,fx10,1449,P5,136636,0,7225635,1659847,1857,410,427,0.0005261088664415937,3,,rejected_for_measurement_local_warp_diagnostic
fx10_leaf_000727,fx10,727,P5,118714,0,7084506,1624166,1832,468,428,0.0005262824774986971,3,,rejected_for_measurement_local_warp_diagnostic
fx10_leaf_000420,fx10,420,P5,5812,0,669004,107923,1823,435,429,0.000526469201591451,3,,rejected_for_measurement_local_warp_diagnostic
fx10_leaf_000801,fx10,801,P5,118736,0,7084528,1624188,1834,468,430,0.0005273256452608578,3,,rejected_for_measurement_local_warp_diagnostic
fx10_leaf_001120,fx10,1120,P5,137467,0,7226690,1660678,1844,367,431,0.0005273295860746628,3,,rejected_for_measurement_local_warp_diagnostic
fx10_leaf_000048,fx10,48,P5,15629,0,2452375,438624,1808,391,432,0.0005275440301412022,3,,rejected_for_measurement_local_warp_diagnostic
fx10_leaf_001038,fx10,1038,P5,118787,0,7084579,1624239,1841,460,433,0.0005277716055727475,3,,rejected_for_measurement_local_warp_diagnostic
fx10_leaf_001334,fx10,1334,P5,42536,0,4954241,946187,1852,360,434,0.0005287105045035212,3,,rejected_for_measurement_local_warp_diagnostic
fx10_leaf_000315,fx10,315,P5,40789,0,4802455,904799,1820,362,435,0.000528748920908748,3,,rejected_for_measurement_local_warp_diagnostic
fx10_leaf_001142,fx10,1142,P5,41308,0,4844888,909392,1844,471,436,0.0005290213026211311,2,,rejected_for_measurement_local_warp_diagnostic
fx10_leaf_001098,fx10,1098,P5,136172,0,7225158,1659370,1843,413,437,0.000529700719011289,3,,rejected_for_measurement_local_warp_diagnostic
fx10_leaf_000579,fx10,579,P5,118665,0,7084457,1624117,1828,468,438,0.0005300386221271968,3,,rejected_for_measurement_local_warp_diagnostic
fx10_leaf_000301,fx10,301,P5,5731,0,668923,107842,1819,434,439,0.0005304208498778874,3,,rejected_for_measurement_local_warp_diagnostic
fx10_leaf_001115,fx10,1115,P5,8747,0,1092878,167346,1843,479,440,0.000530526379990148,2,,rejected_for_measurement_local_warp_diagnostic
fx10_leaf_001565,fx10,1565,P5,136368,0,7225365,1659577,1864,448,441,0.0005307565923035176,3,,rejected_for_measurement_local_warp_diagnostic
fx10_leaf_000996,fx10,996,P5,136084,0,7225070,1659282,1840,427,442,0.0005308344357697685,3,,rejected_for_measurement_local_warp_diagnostic
fx10_leaf_000733,fx10,733,P5,23991,0,3532186,657583,1833,346,443,0.0005309697122624948,3,,rejected_for_measurement_local_warp_diagnostic
fx10_leaf_001035,fx10,1035,P5,6136,0,669328,108247,1841,450,444,0.000532411485035662,3,,rejected_for_measurement_local_warp_diagnostic
fx10_leaf_000227,fx10,227,P5,40718,0,4802384,904728,1817,362,445,0.0005326034592420504,3,,rejected_for_measurement_local_warp_diagnostic
fx10_leaf_000399,fx10,399,P5,40817,0,4802483,904827,1823,371,446,0.0005335836702246887,3,,rejected_for_measurement_local_warp_diagnostic
fx10_leaf_001049,fx10,1049,P5,137436,0,7226659,1660647,1842,371,447,0.0005335838349382726,3,,rejected_for_measurement_local_warp_diagnostic
fx10_leaf_000489,fx10,489,P5,138393,0,7233107,1661960,1826,347,448,0.0005346863484710248,3,,rejected_for_measurement_local_warp_diagnostic
fx10_leaf_000954,fx10,954,P5,137281,0,7226504,1660492,1839,405,449,0.0005355434658715556,3,,rejected_for_measurement_local_warp_diagnostic
fx10_leaf_000546,fx10,546,P5,37638,0,4577159,862427,1827,478,450,0.0005358731419157591,3,,rejected_for_measurement_local_warp_diagnostic
fx10_leaf_000849,fx10,849,P5,41009,0,4802675,905019,1836,393,451,0.000536230306505684,3,,rejected_for_measurement_local_warp_diagnostic
fx10_leaf_000115,fx10,115,P5,119404,0,7086268,1625519,1811,439,452,0.000536298847590588,3,,rejected_for_measurement_local_warp_diagnostic
fx10_leaf_000959,fx10,959,P5,136088,0,7225074,1659286,1839,420,453,0.0005371626085898838,3,,rejected_for_measurement_local_warp_diagnostic
fx10_leaf_001123,fx10,1123,P5,137460,0,7226683,1660671,1844,375,454,0.0005373521715087454,3,,rejected_for_measurement_local_warp_diagnostic
fx10_leaf_000012,fx10,12,P5,119361,0,7086225,1625476,1805,416,455,0.0005379514532462516,3,,rejected_for_measurement_local_warp_diagnostic
fx10_leaf_000660,fx10,660,P5,40986,0,4802652,904996,1831,375,456,0.0005380120366962361,3,,rejected_for_measurement_local_warp_diagnostic
fx10_leaf_000258,fx10,258,P5,40717,0,4802383,904727,1818,362,457,0.0005381690523439332,3,,rejected_for_measurement_local_warp_diagnostic
fx10_leaf_000300,fx10,300,P5,5730,0,668922,107841,1819,432,458,0.0005404658632220531,3,,rejected_for_measurement_local_warp_diagnostic
fx10_leaf_001517,fx10,1517,P5,59863,0,6510464,1392159,1861,374,459,0.000540822719184963,3,,rejected_for_measurement_local_warp_diagnostic
fx10_leaf_000609,fx10,609,P5,118676,0,7084468,1624128,1829,468,460,0.0005423777728850325,3,,rejected_for_measurement_local_warp_diagnostic
fx10_leaf_000327,fx10,327,P5,5827,0,669019,107938,1820,419,461,0.0005423837136523464,3,,rejected_for_measurement_local_warp_diagnostic
fx10_leaf_000445,fx10,445,P5,5936,0,669128,108047,1824,412,462,0.0005431474533675485,3,,rejected_for_measurement_local_warp_diagnostic
fx10_leaf_001053,fx10,1053,P5,137395,0,7226618,1660606,1842,379,463,0.0005438567756101229,3,,rejected_for_measurement_local_warp_diagnostic
fx10_leaf_001119,fx10,1119,P5,42498,0,4954203,946149,1844,360,464,0.0005439455432012415,3,,rejected_for_measurement_local_warp_diagnostic
fx10_leaf_000597,fx10,597,P5,129364,0,7140232,1642886,1829,408,465,0.0005439483400095745,3,,rejected_for_measurement_local_warp_diagnostic
fx10_leaf_000699,fx10,699,P5,42466,0,4954171,946117,1832,359,466,0.0005444617321365675,3,,rejected_for_measurement_local_warp_diagnostic
fx10_leaf_001406,fx10,1406,P5,136360,0,7225353,1659565,1855,427,467,0.0005444991781580304,3,,rejected_for_measurement_local_warp_diagnostic
fx10_leaf_001189,fx10,1189,P5,136574,0,7225573,1659785,1846,412,468,0.0005448486864172332,3,,rejected_for_measurement_local_warp_diagnostic
fx10_leaf_001061,fx10,1061,P5,136566,0,7225565,1659777,1842,410,469,0.0005449979322571921,3,,rejected_for_measurement_local_warp_diagnostic
fx10_leaf_000093,fx10,93,P5,119373,0,7086237,1625488,1810,439,470,0.0005453260306192467,3,,rejected_for_measurement_local_warp_diagnostic
fx10_leaf_001246,fx10,1246,P5,136580,0,7225579,1659791,1848,415,471,0.0005468028732666932,3,,rejected_for_measurement_local_warp_diagnostic
fx10_leaf_000080,fx10,80,P5,40545,0,4802211,904555,1810,392,472,0.0005470742900981195,3,,rejected_for_measurement_local_warp_diagnostic
fx10_leaf_001373,fx10,1373,P5,134810,0,7222948,1657297,1853,464,473,0.0005475483988575904,3,,rejected_for_measurement_local_warp_diagnostic
fx10_leaf_000112,fx10,112,P5,119444,0,7086308,1625559,1811,433,474,0.0005479334599000608,3,,rejected_for_measurement_local_warp_diagnostic
fx10_leaf_000230,fx10,230,P5,40714,0,4802380,904724,1817,368,475,0.000549544492729783,3,,rejected_for_measurement_local_warp_diagnostic
fx10_leaf_000923,fx10,923,P5,6168,0,669360,108279,1838,420,476,0.0005513742674041325,3,,rejected_for_measurement_local_warp_diagnostic
fx10_leaf_000989,fx10,989,P5,136561,0,7225560,1659772,1840,409,477,0.0005515061287887759,3,,rejected_for_measurement_local_warp_diagnostic
fx10_leaf_000781,fx10,781,P5,40962,0,4802628,904972,1834,406,478,0.0005525329737385302,3,,rejected_for_measurement_local_warp_diagnostic
fx10_leaf_001097,fx10,1097,P5,136571,0,7225570,1659782,1843,407,479,0.0005525416610738233,3,,rejected_for_measurement_local_warp_diagnostic
fx10_leaf_000857,fx10,857,P5,6107,0,669299,108218,1836,437,480,0.0005528333522109576,3,,rejected_for_measurement_local_warp_diagnostic
fx10_leaf_000035,fx10,35,P5,15630,0,2452376,438625,1807,393,481,0.0005536036686127237,3,,rejected_for_measurement_local_warp_diagnostic
fx10_leaf_001034,fx10,1034,P5,6139,0,669331,108250,1841,447,482,0.0005536211026524697,3,,rejected_for_measurement_local_warp_diagnostic
fx10_leaf_000061,fx10,61,P5,40561,0,4802227,904571,1809,376,483,0.0005537573791935699,3,,rejected_for_measurement_local_warp_diagnostic
fx10_leaf_000156,fx10,156,P5,119399,0,7086263,1625514,1813,449,484,0.000554485354309609,3,,rejected_for_measurement_local_warp_diagnostic
fx10_leaf_000337,fx10,337,P5,128324,0,7135802,1640889,1820,458,485,0.0005548671717021235,3,,rejected_for_measurement_local_warp_diagnostic
fx10_leaf_000245,fx10,245,P5,5697,0,668889,107808,1817,430,486,0.0005550604391383754,3,,rejected_for_measurement_local_warp_diagnostic
fx10_leaf_001336,fx10,1336,P5,137585,0,7226808,1660796,1852,376,487,0.0005556123749191237,3,,rejected_for_measurement_local_warp_diagnostic
fx10_leaf_001025,fx10,1025,P5,137364,0,7226587,1660575,1841,377,488,0.0005556948772602105,3,,rejected_for_measurement_local_warp_diagnostic
fx10_leaf_000774,fx10,774,P5,41054,0,4802720,905064,1834,373,489,0.0005571275298323322,3,,rejected_for_measurement_local_warp_diagnostic
fx10_leaf_000461,fx10,461,P5,138362,0,7233076,1661929,1825,347,490,0.0005574260937434977,3,,rejected_for_measurement_local_warp_diagnostic
fx10_leaf_001147,fx10,1147,P5,42497,0,4954202,946148,1845,364,491,0.0005577626178968608,3,,rejected_for_measurement_local_warp_diagnostic
fx10_leaf_000501,fx10,501,P5,40835,0,4802501,904845,1826,392,492,0.0005587888479750198,3,,rejected_for_measurement_local_warp_diagnostic
fx10_leaf_000323,fx10,323,P5,40694,0,4802360,904704,1820,397,493,0.0005593543906048407,3,,rejected_for_measurement_local_warp_diagnostic
fx10_leaf_000729,fx10,729,P5,118706,0,7084498,1624158,1832,475,494,0.0005597153475150363,3,,rejected_for_measurement_local_warp_diagnostic
fx10_leaf_001111,fx10,1111,P5,41241,0,4844820,909324,1843,466,495,0.0005602649463305182,3,,rejected_for_measurement_local_warp_diagnostic
fx10_leaf_000877,fx10,877,P5,137339,0,7226562,1660550,1837,367,496,0.0005603996635311157,3,,rejected_for_measurement_local_warp_diagnostic
fx10_leaf_000756,fx10,756,P5,6043,0,669235,108154,1833,437,497,0.0005616815911442469,3,,rejected_for_measurement_local_warp_diagnostic
fx10_leaf_000329,fx10,329,P5,5773,0,668965,107884,1820,434,498,0.0005621468009443106,3,,rejected_for_measurement_local_warp_diagnostic
fx10_leaf_000853,fx10,853,P5,6126,0,669318,108237,1836,419,499,0.0005622853762982196,3,,rejected_for_measurement_local_warp_diagnostic
fx10_leaf_000261,fx10,261,P5,40743,0,4802409,904753,1818,373,500,0.000563638108225918,3,,rejected_for_measurement_local_warp_diagnostic
fx10_leaf_000422,fx10,422,P5,5842,0,669034,107953,1823,441,501,0.0005662195706379157,3,,rejected_for_measurement_local_warp_diagnostic
fx10_leaf_000967,fx10,967,P5,6097,0,669289,108208,1839,449,502,0.0005669450451960007,3,,rejected_for_measurement_local_warp_diagnostic
fx10_leaf_000611,fx10,611,P5,37671,0,4577192,862460,1829,477,503,0.0005671215894362915,3,,rejected_for_measurement_local_warp_diagnostic
fx10_leaf_001173,fx10,1173,P5,41316,0,4844896,909400,1845,460,504,0.0005671405444412216,3,,rejected_for_measurement_local_warp_diagnostic
fx10_leaf_000009,fx10,9,P5,119367,0,7086231,1625482,1805,411,505,0.0005675791971155228,3,,rejected_for_measurement_local_warp_diagnostic
fx10_leaf_000351,fx10,351,P5,40724,0,4802390,904734,1821,397,506,0.0005686258540799735,3,,rejected_for_measurement_local_warp_diagnostic
fx10_leaf_000273,fx10,273,P5,5734,0,668926,107845,1818,428,507,0.0005687261015268765,3,,rejected_for_measurement_local_warp_diagnostic
fx10_leaf_001509,fx10,1509,P5,136402,0,7225399,1659611,1860,433,508,0.000569571745998492,3,,rejected_for_measurement_local_warp_diagnostic
fx10_leaf_000748,fx10,748,P5,40928,0,4802594,904938,1833,405,509,0.0005705284305646064,3,,rejected_for_measurement_local_warp_diagnostic
fx10_leaf_000318,fx10,318,P5,40749,0,4802415,904759,1820,368,510,0.0005707916618605087,3,,rejected_for_measurement_local_warp_diagnostic
fx10_leaf_001202,fx10,1202,P5,134801,0,7222939,1657288,1846,457,511,0.0005708023470912994,3,,rejected_for_measurement_local_warp_diagnostic
fx10_leaf_001301,fx10,1301,P5,136180,0,7225166,1659378,1850,448,512,0.0005709185049947347,3,,rejected_for_measurement_local_warp_diagnostic
fx10_leaf_000768,fx10,768,P5,24021,0,3532216,657613,1834,347,513,0.0005714254831096868,3,,rejected_for_measurement_local_warp_diagnostic
fx10_leaf_000707,fx10,707,P5,40927,0,4802593,904937,1832,405,514,0.0005730285478411311,3,,rejected_for_measurement_local_warp_diagnostic
fx10_leaf_001188,fx10,1188,P5,136577,0,7225576,1659788,1846,409,515,0.0005731233579417539,3,,rejected_for_measurement_local_warp_diagnostic
fx10_leaf_001582,fx10,1582,P5,17167,0,2654502,490460,1865,437,516,0.0005736674747180301,2,,rejected_for_measurement_local_warp_diagnostic
fx10_leaf_000679,fx10,679,P5,6011,0,669203,108122,1831,435,517,0.000574384362121812,3,,rejected_for_measurement_local_warp_diagnostic
fx10_leaf_000527,fx10,527,P5,40997,0,4802663,905007,1827,359,518,0.0005749297103855107,3,,rejected_for_measurement_local_warp_diagnostic
fx10_leaf_001408,fx10,1408,P5,152421,1,210528,1721619,1855,434,519,0.0005755908091132597,3,,rejected_for_measurement_local_warp_diagnostic
fx10_leaf_000869,fx10,869,P5,37779,0,4577300,862568,1836,483,520,0.0005773253799494827,3,,rejected_for_measurement_local_warp_diagnostic
fx10_leaf_000694,fx10,694,P5,23962,0,3532157,657554,1832,346,521,0.0005775203393985958,3,,rejected_for_measurement_local_warp_diagnostic
fx10_leaf_001080,fx10,1080,P5,41284,0,4844863,909367,1842,464,522,0.0005795935218645723,2,,rejected_for_measurement_local_warp_diagnostic
fx10_leaf_000776,fx10,776,P5,41019,0,4802685,905029,1834,378,523,0.0005800647766401308,3,,rejected_for_measurement_local_warp_diagnostic
fx10_leaf_000265,fx10,265,P5,40666,0,4802332,904676,1818,394,524,0.0005810549444973918,3,,rejected_for_measurement_local_warp_diagnostic
fx10_leaf_000180,fx10,180,P5,119433,0,7086297,1625548,1814,446,525,0.0005817268171024961,3,,rejected_for_measurement_local_warp_diagnostic
fx10_leaf_000030,fx10,30,P5,15667,0,2452413,438662,1807,384,526,0.000582652919218532,3,,rejected_for_measurement_local_warp_diagnostic
fx10_leaf_000865,fx10,865,P5,118758,0,7084550,1624210,1836,467,527,0.0005829478715162578,3,,rejected_for_measurement_local_warp_diagnostic
fx10_leaf_001239,fx10,1239,P5,137531,0,7226754,1660742,1848,371,528,0.0005837266354012933,3,,rejected_for_measurement_local_warp_diagnostic
fx10_leaf_001567,fx10,1567,P5,59907,0,6510508,1392203,1865,380,529,0.0005846489249431226,3,,rejected_for_measurement_local_warp_diagnostic
fx10_leaf_000797,fx10,797,P5,128463,0,7135952,1641039,1834,452,530,0.000585524587325226,3,,rejected_for_measurement_local_warp_diagnostic
fx10_leaf_001211,fx10,1211,P5,42513,0,4954218,946164,1847,360,531,0.0005858624864626325,3,,rejected_for_measurement_local_warp_diagnostic
fx10_leaf_000734,fx10,734,P5,23989,0,3532184,657581,1833,349,532,0.0005869507431230701,3,,rejected_for_measurement_local_warp_diagnostic
fx10_leaf_000780,fx10,780,P5,40963,0,4802629,904973,1834,405,533,0.0005880505406829391,3,,rejected_for_measurement_local_warp_diagnostic
fx10_leaf_001588,fx10,1588,P5,59780,0,6510381,1392076,1866,402,534,0.000589816105132439,2,,rejected_for_measurement_local_warp_diagnostic
fx10_leaf_001556,fx10,1556,P5,135174,0,7223313,1657662,1863,452,535,0.0005900406548479376,3,,rejected_for_measurement_local_warp_diagnostic
fx10_leaf_001393,fx10,1393,P5,41368,0,4844971,909475,1854,467,536,0.0005900760979912941,3,,rejected_for_measurement_local_warp_diagnostic
fx10_leaf_000596,fx10,596,P5,40863,0,4802529,904873,1829,403,537,0.0005906066066051447,3,,rejected_for_measurement_local_warp_diagnostic
fx10_leaf_000090,fx10,90,P5,119410,0,7086274,1625525,1810,433,538,0.0005911847495788649,3,,rejected_for_measurement_local_warp_diagnostic
fx10_leaf_000700,fx10,700,P5,137850,0,7232563,1661416,1832,361,539,0.0005915384189947338,3,,rejected_for_measurement_local_warp_diagnostic
fx10_leaf_000526,fx10,526,P5,137842,0,7232555,1661408,1827,358,540,0.0005919755497326023,3,,rejected_for_measurement_local_warp_diagnostic
fx10_leaf_000530,fx10,530,P5,40914,0,4802580,904924,1827,378,541,0.0005920523821884917,3,,rejected_for_measurement_local_warp_diagnostic
fx10_leaf_001126,fx10,1126,P5,137410,0,7226633,1660621,1844,402,542,0.0005923076889047955,3,,rejected_for_measurement_local_warp_diagnostic
fx10_leaf_000384,fx10,384,P5,5807,0,668999,107918,1822,439,543,0.000592324589846528,3,,rejected_for_measurement_local_warp_diagnostic
fx10_leaf_000336,fx10,336,P5,128300,0,7135778,1640865,1820,454,544,0.0005929972626966727,3,,rejected_for_measurement_local_warp_diagnostic
fx10_leaf_001234,fx10,1234,P5,41357,0,4844946,909450,1847,460,545,0.0005933118785454589,3,,rejected_for_measurement_local_warp_diagnostic
fx10_leaf_001366,fx10,1366,P5,136335,0,7225322,1659534,1853,428,546,0.0005937413871990336,3,,rejected_for_measurement_local_warp_diagnostic
fx10_leaf_001235,fx10,1235,P5,41358,0,4844947,909451,1847,462,547,0.0005937996092664555,2,,rejected_for_measurement_local_warp_diagnostic
fx10_leaf_000268,fx10,268,P5,40657,0,4802323,904667,1818,403,548,0.0005963885379144624,3,,rejected_for_measurement_local_warp_diagnostic
fx10_leaf_001206,fx10,1206,P5,41303,0,4844882,909386,1846,468,549,0.0005964051449902151,2,,rejected_for_measurement_local_warp_diagnostic
fx10_leaf_000322,fx10,322,P5,40693,0,4802359,904703,1820,394,550,0.0005964122800699767,3,,rejected_for_measurement_local_warp_diagnostic
fx10_leaf_000248,fx10,248,P5,5691,0,668883,107802,1817,436,551,0.0005969002987771369,3,,rejected_for_measurement_local_warp_diagnostic
fx10_leaf_001258,fx10,1258,P5,136100,0,7225086,1659298,1848,452,552,0.0005971744205298228,3,,rejected_for_measurement_local_warp_diagnostic
fx10_leaf_000590,fx10,590,P5,40995,0,4802661,905005,1829,364,553,0.0005974579190104958,3,,rejected_for_measurement_local_warp_diagnostic
fx10_leaf_000887,fx10,887,P5,6167,0,669359,108278,1837,419,554,0.0005988712523568913,3,,rejected_for_measurement_local_warp_diagnostic
fx10_leaf_001371,fx10,1371,P5,134822,0,7222960,1657309,1853,459,555,0.0005989638267229941,3,,rejected_for_measurement_local_warp_diagnostic
fx10_leaf_001506,fx10,1506,P5,136513,0,7225512,1659724,1860,423,556,0.0005990144052266637,3,,rejected_for_measurement_local_warp_diagnostic
fx10_leaf_000257,fx10,257,P5,137820,0,7232533,1661386,1818,361,557,0.0005998090005258377,3,,rejected_for_measurement_local_warp_diagnostic
fx10_leaf_000862,fx10,862,P5,128477,0,7135966,1641053,1836,453,558,0.0006006054654672727,3,,rejected_for_measurement_local_warp_diagnostic
fx10_leaf_000082,fx10,82,P5,708,0,159269,28256,1810,405,559,0.000600652445494606,3,,rejected_for_measurement_local_warp_diagnostic
fx10_leaf_001089,fx10,1089,P5,42487,0,4954192,946138,1843,363,560,0.0006018632828505566,3,,rejected_for_measurement_local_warp_diagnostic
fx10_leaf_000407,fx10,407,P5,40765,0,4802431,904775,1823,395,561,0.000604022607008668,3,,rejected_for_measurement_local_warp_diagnostic
fx10_leaf_000303,fx10,303,P5,5728,0,668920,107839,1819,439,562,0.0006040386067369258,3,,rejected_for_measurement_local_warp_diagnostic
fx10_leaf_000153,fx10,153,P5,119441,0,7086305,1625556,1813,438,563,0.0006040938947165396,3,,rejected_for_measurement_local_warp_diagnostic
fx10_leaf_000031,fx10,31,P5,15633,0,2452379,438628,1807,386,564,0.0006044482730538016,3,,rejected_for_measurement_local_warp_diagnostic
fx10_leaf_000343,fx10,343,P5,40787,0,4802453,904797,1821,369,565,0.0006050489878130072,3,,rejected_for_measurement_local_warp_diagnostic
fx10_leaf_001028,fx10,1028,P5,136127,0,7225113,1659325,1841,426,566,0.0006053080244550579,3,,rejected_for_measurement_local_warp_diagnostic
fx10_leaf_000150,fx10,150,P5,128331,0,7135809,1640896,1813,428,567,0.0006063806942296668,3,,rejected_for_measurement_local_warp_diagnostic
fx10_leaf_001481,fx10,1481,P5,59641,0,6510242,1391937,1859,384,568,0.0006064721806894912,3,,rejected_for_measurement_local_warp_diagnostic
fx10_leaf_001071,fx10,1071,P5,136115,0,7225101,1659313,1842,436,569,0.0006070204630516118,3,,rejected_for_measurement_local_warp_diagnostic
fx10_leaf_000216,fx10,216,P5,5759,0,668951,107870,1816,412,570,0.000608389552884937,3,,rejected_for_measurement_local_warp_diagnostic
fx10_leaf_001434,fx10,1434,P5,134855,0,7222993,1657342,1856,461,571,0.0006085104652799951,3,,rejected_for_measurement_local_warp_diagnostic
fx10_leaf_000816,fx10,816,P5,41020,0,4802686,905030,1835,375,572,0.0006090748048631893,3,,rejected_for_measurement_local_warp_diagnostic
fx10_leaf_001465,fx10,1465,P5,59599,0,6510200,1391895,1858,391,573,0.0006097963796676229,3,,rejected_for_measurement_local_warp_diagnostic
fx10_leaf_000884,fx10,884,P5,6171,0,669363,108282,1837,411,574,0.0006110535796313855,3,,rejected_for_measurement_local_warp_diagnostic
fx10_leaf_000785,fx10,785,P5,6093,0,669285,108204,1834,413,575,0.0006119107998259141,3,,rejected_for_measurement_local_warp_diagnostic
fx10_leaf_000892,fx10,892,P5,6108,0,669300,108219,1837,439,576,0.0006121701162422399,3,,rejected_for_measurement_local_warp_diagnostic
fx10_leaf_000557,fx10,557,P5,40918,0,4802584,904928,1828,374,577,0.000612361621077183,3,,rejected_for_measurement_local_warp_diagnostic
fx10_leaf_001245,fx10,1245,P5,136582,0,7225581,1659793,1848,413,578,0.0006128606561491756,3,,rejected_for_measurement_local_warp_diagnostic
fx10_leaf_000482,fx10,482,P5,118651,0,7084443,1624103,1825,464,579,0.0006130899988432025,3,,rejected_for_measurement_local_warp_diagnostic
fx10_leaf_001344,fx10,1344,P5,136339,0,7225326,1659538,1852,421,580,0.0006157723823620385,3,,rejected_for_measurement_local_warp_diagnostic
fx10_leaf_000102,fx10,102,P5,40578,0,4802244,904588,1811,392,581,0.0006160154063706151,3,,rejected_for_measurement_local_warp_diagnostic
fx10_leaf_001457,fx10,1457,P5,134851,0,7222989,1657338,1857,464,582,0.0006166596355840904,3,,rejected_for_measurement_local_warp_diagnostic
fx10_leaf_000331,fx10,331,P5,5770,0,668962,107881,1820,438,583,0.0006170394799875673,3,,rejected_for_measurement_local_warp_diagnostic
fx10_leaf_000196,fx10,196,P5,5670,0,668862,107781,1815,428,584,0.0006178841203099877,3,,rejected_for_measurement_local_warp_diagnostic
fx10_leaf_000735,fx10,735,P5,23955,0,3532150,657547,1833,354,585,0.0006191763592636495,3,,rejected_for_measurement_local_warp_diagnostic
fx10_leaf_000595,fx10,595,P5,40896,0,4802562,904906,1829,399,586,0.000619609490162808,3,,rejected_for_measurement_local_warp_diagnostic
fx10_leaf_000957,fx10,957,P5,136094,0,7225080,1659292,1839,413,587,0.0006200634546472497,3,,rejected_for_measurement_local_warp_diagnostic
fx10_leaf_000314,fx10,314,P5,137830,0,7232543,1661396,1820,360,588,0.000620813756696657,3,,rejected_for_measurement_local_warp_diagnostic
fx10_leaf_000922,fx10,922,P5,6166,0,669358,108277,1838,419,589,0.0006210442177832907,3,,rejected_for_measurement_local_warp_diagnostic
fx10_leaf_000470,fx10,470,P5,40802,0,4802468,904812,1825,393,590,0.0006211939828913947,3,,rejected_for_measurement_local_warp_diagnostic
fx10_leaf_001039,fx10,1039,P5,41253,0,4844832,909336,1841,463,591,0.0006212969427473749,2,,rejected_for_measurement_local_warp_diagnostic
fx10_leaf_000779,fx10,779,P5,40966,0,4802632,904976,1834,403,592,0.0006213319530444197,3,,rejected_for_measurement_local_warp_diagnostic
fx10_leaf_001341,fx10,1341,P5,136598,0,7225597,1659809,1852,414,593,0.0006247885916652453,3,,rejected_for_measurement_local_warp_diagnostic
fx10_leaf_000763,fx10,763,P5,118721,0,7084513,1624173,1833,458,594,0.0006248444927828488,3,,rejected_for_measurement_local_warp_diagnostic
fx10_leaf_000563,fx10,563,P5,40864,0,4802530,904874,1828,397,595,0.0006252068973753733,3,,rejected_for_measurement_local_warp_diagnostic
fx10_leaf_000824,fx10,824,P5,6128,0,669320,108239,1835,413,596,0.0006252688556027212,3,,rejected_for_measurement_local_warp_diagnostic
fx10_leaf_001153,fx10,1153,P5,137414,0,7226637,1660625,1845,396,597,0.0006260159921627146,3,,rejected_for_measurement_local_warp_diagnostic
fx10_leaf_001092,fx10,1092,P5,137432,0,7226655,1660643,1843,376,598,0.0006261696303296437,3,,rejected_for_measurement_local_warp_diagnostic
fx10_leaf_000055,fx10,55,P5,119381,0,7086245,1625496,1808,425,599,0.0006262296749261318,3,,rejected_for_measurement_local_warp_diagnostic
fx10_leaf_000506,fx10,506,P5,5969,0,669161,108080,1826,412,600,0.0006276559025832226,3,,rejected_for_measurement_local_warp_diagnostic
fx10_leaf_001124,fx10,1124,P5,137459,0,7226682,1660670,1844,378,601,0.0006292187591213559,3,,rejected_for_measurement_local_warp_diagnostic
fx10_leaf_000621,fx10,621,P5,137844,0,7232557,1661410,1830,359,602,0.0006304774751642348,3,,rejected_for_measurement_local_warp_diagnostic
fx10_leaf_001081,fx10,1081,P5,41309,0,4844889,909393,1842,469,603,0.0006308211608910145,2,,rejected_for_measurement_local_warp_diagnostic
fx10_leaf_000050,fx10,50,P5,119466,0,7086330,1625581,1808,410,604,0.0006344508248547882,3,,rejected_for_measurement_local_warp_diagnostic
fx10_leaf_000829,fx10,829,P5,6076,0,669268,108187,1835,438,605,0.000634462087934434,3,,rejected_for_measurement_local_warp_diagnostic
fx10_leaf_001157,fx10,1157,P5,136569,0,7225568,1659780,1845,412,606,0.0006345724692325617,3,,rejected_for_measurement_local_warp_diagnostic
fx10_leaf_000017,fx10,17,P5,15599,0,2452345,438594,1806,397,607,0.0006349887905598075,3,,rejected_for_measurement_local_warp_diagnostic
fx10_leaf_000344,fx10,344,P5,40782,0,4802448,904792,1821,371,608,0.0006353605794746771,3,,rejected_for_measurement_local_warp_diagnostic
fx10_leaf_001377,fx10,1377,P5,9003,0,1093219,167687,1853,481,609,0.000636764297772533,2,,rejected_for_measurement_local_warp_diagnostic
fx10_leaf_000528,fx10,528,P5,40917,0,4802583,904927,1827,371,610,0.0006374793937921776,3,,rejected_for_measurement_local_warp_diagnostic
fx10_leaf_000960,fx10,960,P5,6164,0,669356,108275,1839,422,611,0.0006395817183070345,3,,rejected_for_measurement_local_warp_diagnostic
fx10_leaf_000095,fx10,95,P5,40587,0,4802253,904597,1811,373,612,0.0006397857447075695,3,,rejected_for_measurement_local_warp_diagnostic
fx10_leaf_000863,fx10,863,P5,128472,0,7135961,1641048,1836,456,613,0.000639838076641563,3,,rejected_for_measurement_local_warp_diagnostic
fx10_leaf_001318,fx10,1318,P5,136311,0,7225297,1659509,1851,421,614,0.0006401413257115171,3,,rejected_for_measurement_local_warp_diagnostic
fx10_leaf_001355,fx10,1355,P5,42532,0,4954237,946183,1853,369,615,0.0006406459963439891,3,,rejected_for_measurement_local_warp_diagnostic
fx10_leaf_001608,fx10,1608,P5,136718,0,7225717,1659929,1867,424,616,0.0006407422165035355,3,,rejected_for_measurement_local_warp_diagnostic
fx10_leaf_000468,fx10,468,P5,40884,0,4802550,904894,1825,370,617,0.0006433114744245262,3,,rejected_for_measurement_local_warp_diagnostic
fx10_leaf_001208,fx10,1208,P5,8804,0,1092947,167415,1846,482,618,0.0006439020082790436,2,,rejected_for_measurement_local_warp_diagnostic
fx10_leaf_000751,fx10,751,P5,6058,0,669250,108169,1833,419,619,0.0006448664063021741,3,,rejected_for_measurement_local_warp_diagnostic
fx10_leaf_000930,fx10,930,P5,6148,0,669340,108259,1838,436,620,0.0006456128806606638,3,,rejected_for_measurement_local_warp_diagnostic
fx10_leaf_001274,fx10,1274,P5,136593,0,7225592,1659804,1849,409,621,0.0006470885523679773,3,,rejected_for_measurement_local_warp_diagnostic
fx10_leaf_000805,fx10,805,P5,37751,0,4577272,862540,1834,481,622,0.0006471412491589848,3,,rejected_for_measurement_local_warp_diagnostic
fx10_leaf_001290,fx10,1290,P5,42530,0,4954235,946181,1850,358,623,0.0006472696380581859,3,,rejected_for_measurement_local_warp_diagnostic
fx10_leaf_000894,fx10,894,P5,6105,0,669297,108216,1837,442,624,0.0006481853219418074,3,,rejected_for_measurement_local_warp_diagnostic
fx10_leaf_000145,fx10,145,P5,40602,0,4802268,904612,1813,394,625,0.0006483115790010918,3,,rejected_for_measurement_local_warp_diagnostic
fx10_leaf_001193,fx10,1193,P5,136203,0,7225189,1659401,1846,424,626,0.0006488631381812687,3,,rejected_for_measurement_local_warp_diagnostic
fx10_leaf_000874,fx10,874,P5,42482,0,4954187,946133,1837,359,627,0.0006494864090691938,3,,rejected_for_measurement_local_warp_diagnostic
fx10_leaf_001411,fx10,1411,P5,136212,0,7225198,1659410,1855,454,628,0.0006499536843474044,3,,rejected_for_measurement_local_warp_diagnostic
fx10_leaf_001294,fx10,1294,P5,137559,0,7226782,1660770,1850,376,629,0.0006501780821703583,3,,rejected_for_measurement_local_warp_diagnostic
fx10_leaf_000668,fx10,668,P5,40932,0,4802598,904942,1831,402,630,0.0006511222433959202,3,,rejected_for_measurement_local_warp_diagnostic
fx10_leaf_000636,fx10,636,P5,40894,0,4802560,904904,1830,403,631,0.0006514794949242162,3,,rejected_for_measurement_local_warp_diagnostic
fx10_leaf_001384,fx10,1384,P5,136613,0,7225612,1659824,1854,408,632,0.0006532378352375125,3,,rejected_for_measurement_local_warp_diagnostic
fx10_leaf_000703,fx10,703,P5,40980,0,4802646,904990,1832,377,633,0.0006539839304642659,3,,rejected_for_measurement_local_warp_diagnostic
fx10_leaf_001141,fx10,1141,P5,41304,0,4844883,909387,1844,468,634,0.0006540647964419677,2,,rejected_for_measurement_local_warp_diagnostic
fx10_leaf_001299,fx10,1299,P5,136234,0,7225220,1659432,1850,433,635,0.0006540855145959862,3,,rejected_for_measurement_local_warp_diagnostic
fx10_leaf_000476,fx10,476,P5,5935,0,669127,108046,1825,413,636,0.0006542167585134484,3,,rejected_for_measurement_local_warp_diagnostic
fx10_leaf_000288,fx10,288,P5,40751,0,4802417,904761,1819,368,637,0.0006550112423660357,3,,rejected_for_measurement_local_warp_diagnostic
fx10_leaf_000606,fx10,606,P5,118683,0,7084475,1624135,1829,462,638,0.0006553790403576378,3,,rejected_for_measurement_local_warp_diagnostic
fx10_leaf_000722,fx10,722,P5,128450,0,7135939,1641026,1832,456,639,0.0006555555567797002,3,,rejected_for_measurement_local_warp_diagnostic
fx10_leaf_000608,fx10,608,P5,118681,0,7084473,1624133,1829,466,640,0.0006565727537731577,3,,rejected_for_measurement_local_warp_diagnostic
fx10_leaf_000817,fx10,817,P5,41050,0,4802716,905060,1835,378,641,0.0006574197704720349,3,,rejected_for_measurement_local_warp_diagnostic
fx10_leaf_001579,fx10,1579,P5,17165,0,2654500,490458,1865,434,642,0.0006575515685538086,2,,rejected_for_measurement_local_warp_diagnostic
fx10_leaf_001128,fx10,1128,P5,136209,0,7225195,1659407,1844,414,643,0.0006578084958516387,3,,rejected_for_measurement_local_warp_diagnostic
fx10_leaf_000796,fx10,796,P5,128468,0,7135957,1641044,1834,447,644,0.0006581235638607966,3,,rejected_for_measurement_local_warp_diagnostic
fx10_leaf_000536,fx10,536,P5,5971,0,669163,108082,1827,408,645,0.0006587213706203934,3,,rejected_for_measurement_local_warp_diagnostic
fx10_leaf_000878,fx10,878,P5,137307,0,7226530,1660518,1837,370,646,0.0006589545031747206,3,,rejected_for_measurement_local_warp_diagnostic
fx10_leaf_001260,fx10,1260,P5,134830,0,7222968,1657317,1848,459,647,0.0006593493226137129,3,,rejected_for_measurement_local_warp_diagnostic
fx10_leaf_000616,fx10,616,P5,23929,0,3532124,657521,1830,345,648,0.0006593576315544363,3,,rejected_for_measurement_local_warp_diagnostic
fx10_leaf_000316,fx10,316,P5,40790,0,4802456,904800,1820,363,649,0.0006594681431777447,3,,rejected_for_measurement_local_warp_diagnostic
fx10_leaf_001132,fx10,1132,P5,136153,0,7225139,1659351,1844,438,650,0.0006598570387961185,3,,rejected_for_measurement_local_warp_diagnostic
fx10_leaf_001317,fx10,1317,P5,136313,0,7225299,1659511,1851,418,651,0.0006607454056636793,3,,rejected_for_measurement_local_warp_diagnostic
fx10_leaf_000131,fx10,131,P5,119482,0,7086346,1625597,1812,432,652,0.0006614087996847549,3,,rejected_for_measurement_local_warp_diagnostic
fx10_leaf_000924,fx10,924,P5,6122,0,669314,108233,1838,422,653,0.0006622137290181149,3,,rejected_for_measurement_local_warp_diagnostic
fx10_leaf_000361,fx10,361,P5,5724,0,668916,107835,1821,448,654,0.0006623062460276438,3,,rejected_for_measurement_local_warp_diagnostic
fx10_leaf_000000,fx10,0,P5,119263,0,7086127,1625378,1803,424,655,0.0006624338015635351,3,,rejected_for_measurement_local_warp_diagnostic
fx10_leaf_000060,fx10,60,P5,119343,0,7086207,1625458,1808,439,656,0.0006625024822058081,3,,rejected_for_measurement_local_warp_diagnostic
fx10_leaf_000026,fx10,26,P5,119351,0,7086215,1625466,1806,426,657,0.0006625807002750596,3,,rejected_for_measurement_local_warp_diagnostic
fx10_leaf_001463,fx10,1463,P5,59645,0,6510246,1391941,1858,379,658,0.000662730332834162,3,,rejected_for_measurement_local_warp_diagnostic
fx10_leaf_000716,fx10,716,P5,6009,0,669201,108120,1832,440,659,0.0006636077107383077,3,,rejected_for_measurement_local_warp_diagnostic
fx10_leaf_001280,fx10,1280,P5,136231,0,7225217,1659429,1849,438,660,0.0006654924236283297,3,,rejected_for_measurement_local_warp_diagnostic
fx10_leaf_001395,fx10,1395,P5,42552,0,4954257,946203,1855,362,661,0.0006654925864066754,3,,rejected_for_measurement_local_warp_diagnostic
fx10_leaf_000366,fx10,366,P5,118615,0,7084407,1624067,1821,469,662,0.0006659096579135925,3,,rejected_for_measurement_local_warp_diagnostic
fx10_leaf_000669,fx10,669,P5,40895,0,4802561,904905,1831,405,663,0.0006663505080566206,3,,rejected_for_measurement_local_warp_diagnostic
fx10_leaf_000231,fx10,231,P5,40711,0,4802377,904721,1817,371,664,0.0006665456767411445,3,,rejected_for_measurement_local_warp_diagnostic
fx10_leaf_001256,fx10,1256,P5,136142,0,7225128,1659340,1848,448,665,0.000666838639160176,3,,rejected_for_measurement_local_warp_diagnostic
fx10_leaf_001078,fx10,1078,P5,6132,0,669324,108243,1842,452,666,0.0006671444750349431,3,,rejected_for_measurement_local_warp_diagnostic
fx10_leaf_001390,fx10,1390,P5,134863,0,7223001,1657350,1854,456,667,0.0006685149039151784,3,,rejected_for_measurement_local_warp_diagnostic
fx10_leaf_000097,fx10,97,P5,40589,0,4802255,904599,1811,377,668,0.0006691062703957897,3,,rejected_for_measurement_local_warp_diagnostic
fx10_leaf_001226,fx10,1226,P5,136242,0,7225228,1659440,1847,423,669,0.0006696719983058061,3,,rejected_for_measurement_local_warp_diagnostic
fx10_leaf_000628,fx10,628,P5,40950,0,4802616,904960,1830,374,670,0.0006700791756034876,3,,rejected_for_measurement_local_warp_diagnostic
fx10_leaf_001032,fx10,1032,P5,136073,0,7225059,1659271,1841,441,671,0.0006727846599794066,3,,rejected_for_measurement_local_warp_diagnostic
fx10_leaf_001002,fx10,1002,P5,136072,0,7225058,1659270,1840,439,672,0.0006728028389864332,3,,rejected_for_measurement_local_warp_diagnostic
fx10_leaf_001346,fx10,1346,P5,152396,1,210490,1721594,1852,442,673,0.0006745076255782044,3,,rejected_for_measurement_local_warp_diagnostic
fx10_leaf_000921,fx10,921,P5,136095,0,7225081,1659293,1838,415,674,0.0006745085864371003,3,,rejected_for_measurement_local_warp_diagnostic
fx10_leaf_000040,fx10,40,P5,119426,0,7086290,1625541,1807,411,675,0.0006745281194810077,3,,rejected_for_measurement_local_warp_diagnostic
fx10_leaf_001519,fx10,1519,P5,59681,0,6510282,1391977,1861,391,676,0.000675256298013439,3,,rejected_for_measurement_local_warp_diagnostic
fx10_leaf_001093,fx10,1093,P5,137424,0,7226647,1660635,1843,379,677,0.000675603184287143,3,,rejected_for_measurement_local_warp_diagnostic
fx10_leaf_000516,fx10,516,P5,118658,0,7084450,1624110,1826,473,678,0.0006761567081912209,3,,rejected_for_measurement_local_warp_diagnostic
fx10_leaf_001043,fx10,1043,P5,8680,0,1092802,167270,1841,480,679,0.0006766753337200359,2,,rejected_for_measurement_local_warp_diagnostic
fx10_leaf_000943,fx10,943,P5,24084,0,3532279,657676,1839,356,680,0.0006768549071220546,3,,rejected_for_measurement_local_warp_diagnostic
fx10_leaf_000419,fx10,419,P5,5848,0,669040,107959,1823,432,681,0.0006768726853171341,3,,rejected_for_measurement_local_warp_diagnostic
fx10_leaf_000711,fx10,711,P5,6061,0,669253,108172,1832,415,682,0.0006777932307972414,3,,rejected_for_measurement_local_warp_diagnostic
fx10_leaf_001544,fx10,1544,P5,143123,0,7290690,1678770,1863,370,683,0.000678422580350115,3,,rejected_for_measurement_local_warp_diagnostic
fx10_leaf_000519,fx10,519,P5,37616,0,4577137,862405,1826,478,684,0.0006795164473764635,3,,rejected_for_measurement_local_warp_diagnostic
fx10_leaf_001178,fx10,1178,P5,41333,0,4844919,909423,1845,472,685,0.0006797946948210209,2,,rejected_for_measurement_local_warp_diagnostic
fx10_leaf_001143,fx10,1143,P5,41326,0,4844906,909410,1844,478,686,0.0006804017278283444,2,,rejected_for_measurement_local_warp_diagnostic
fx10_leaf_001444,fx10,1444,P5,59651,0,6510252,1391947,1857,377,687,0.0006809179318560058,3,,rejected_for_measurement_local_warp_diagnostic
fx10_leaf_001487,fx10,1487,P5,136556,0,7225555,1659767,1859,423,688,0.0006816340728640994,2,,rejected_for_measurement_local_warp_diagnostic
fx10_leaf_001088,fx10,1088,P5,42500,0,4954205,946151,1843,359,689,0.0006817422279012012,3,,rejected_for_measurement_local_warp_diagnostic
fx10_leaf_000693,fx10,693,P5,23990,0,3532185,657582,1832,344,690,0.0006822063111977189,3,,rejected_for_measurement_local_warp_diagnostic
fx10_leaf_000808,fx10,808,P5,23987,0,3532182,657579,1835,356,691,0.0006837681799407477,3,,rejected_for_measurement_local_warp_diagnostic
fx10_leaf_001309,fx10,1309,P5,42517,0,4954222,946168,1851,367,692,0.0006858595931219878,3,,rejected_for_measurement_local_warp_diagnostic
fx10_leaf_000473,fx10,473,P5,40795,0,4802461,904805,1825,403,693,0.0006870443635078114,3,,rejected_for_measurement_local_warp_diagnostic
fx10_leaf_000934,fx10,934,P5,128481,0,7135970,1641057,1838,456,694,0.000687528111397286,3,,rejected_for_measurement_local_warp_diagnostic
fx10_leaf_001022,fx10,1022,P5,137435,0,7226658,1660646,1841,369,695,0.0006885846594550574,3,,rejected_for_measurement_local_warp_diagnostic
fx10_leaf_001130,fx10,1130,P5,136160,0,7225146,1659358,1844,430,696,0.0006890444609036591,3,,rejected_for_measurement_local_warp_diagnostic
fx10_leaf_000706,fx10,706,P5,40930,0,4802596,904940,1832,403,697,0.0006898555709605384,3,,rejected_for_measurement_local_warp_diagnostic
fx10_leaf_000570,fx10,570,P5,5953,0,669145,108064,1828,436,698,0.0006910814166934954,3,,rejected_for_measurement_local_warp_diagnostic
fx10_leaf_000485,fx10,485,P5,118641,0,7084433,1624093,1825,471,699,0.0006913803073765482,3,,rejected_for_measurement_local_warp_diagnostic
fx10_leaf_000709,fx10,709,P5,129369,0,7140237,1642891,1832,408,700,0.0006918237443012242,3,,rejected_for_measurement_local_warp_diagnostic
fx10_leaf_001085,fx10,1085,P5,24151,0,3532346,657743,1843,352,701,0.0006921103522791677,3,,rejected_for_measurement_local_warp_diagnostic
fx10_leaf_000406,fx10,406,P5,40764,0,4802430,904774,1823,394,702,0.0006925507464346986,3,,rejected_for_measurement_local_warp_diagnostic
fx10_leaf_000192,fx10,192,P5,5717,0,668909,107828,1815,415,703,0.000692596071659292,3,,rejected_for_measurement_local_warp_diagnostic
fx10_leaf_000172,fx10,172,P5,5743,0,668935,107854,1814,428,704,0.0006931300311184335,3,,rejected_for_measurement_local_warp_diagnostic
fx10_leaf_001253,fx10,1253,P5,136187,0,7225173,1659385,1848,439,705,0.0006939731313261632,3,,rejected_for_measurement_local_warp_diagnostic
fx10_leaf_001175,fx10,1175,P5,41364,0,4844953,909457,1845,463,706,0.0006941556409667913,2,,rejected_for_measurement_local_warp_diagnostic
fx10_leaf_000625,fx10,625,P5,40990,0,4802656,905000,1830,371,707,0.0006951149774160412,3,,rejected_for_measurement_local_warp_diagnostic
fx10_leaf_000286,fx10,286,P5,40753,0,4802419,904763,1819,363,708,0.000697149794986333,3,,rejected_for_measurement_local_warp_diagnostic
fx10_leaf_001155,fx10,1155,P5,137409,0,7226632,1660620,1845,402,709,0.0006972224114724793,3,,rejected_for_measurement_local_warp_diagnostic
fx10_leaf_001482,fx10,1482,P5,59639,0,6510240,1391935,1859,389,710,0.0006975792201318569,3,,rejected_for_measurement_local_warp_diagnostic
fx10_leaf_000039,fx10,39,P5,119394,0,7086258,1625509,1807,408,711,0.0006983222515592363,3,,rejected_for_measurement_local_warp_diagnostic
fx10_leaf_001201,fx10,1201,P5,136056,0,7225042,1659254,1846,454,712,0.0006990213006423749,3,,rejected_for_measurement_local_warp_diagnostic
fx10_leaf_001293,fx10,1293,P5,137586,0,7226809,1660797,1850,371,713,0.000700972553652154,3,,rejected_for_measurement_local_warp_diagnostic
fx10_leaf_000109,fx10,109,P5,5713,0,668905,107824,1811,426,714,0.0007012791787075339,3,,rejected_for_measurement_local_warp_diagnostic
fx10_leaf_000654,fx10,654,P5,37691,0,4577212,862480,1830,484,715,0.0007017414262366014,3,,rejected_for_measurement_local_warp_diagnostic
fx10_leaf_000993,fx10,993,P5,136131,0,7225117,1659329,1840,417,716,0.0007032808836443934,3,,rejected_for_measurement_local_warp_diagnostic
fx10_leaf_000025,fx10,25,P5,119322,0,7086186,1625437,1806,425,717,0.0007048136351112595,3,,rejected_for_measurement_local_warp_diagnostic
fx10_leaf_000947,fx10,947,P5,137369,0,7226592,1660580,1839,370,718,0.0007057715189013426,3,,rejected_for_measurement_local_warp_diagnostic
fx10_leaf_000602,fx10,602,P5,5944,0,669136,108055,1829,440,719,0.0007061137244330401,3,,rejected_for_measurement_local_warp_diagnostic
fx10_leaf_000963,fx10,963,P5,6144,0,669336,108255,1839,439,720,0.0007084348289245723,3,,rejected_for_measurement_local_warp_diagnostic
fx10_leaf_001094,fx10,1094,P5,137416,0,7226639,1660627,1843,396,721,0.0007084855575425248,3,,rejected_for_measurement_local_warp_diagnostic
fx10_leaf_000034,fx10,34,P5,15602,0,2452348,438597,1807,392,722,0.0007085643158867918,3,,rejected_for_measurement_local_warp_diagnostic
fx10_leaf_000029,fx10,29,P5,119317,0,7086181,1625432,1806,436,723,0.0007087744312744075,3,,rejected_for_measurement_local_warp_diagnostic
fx10_leaf_001190,fx10,1190,P5,136575,0,7225574,1659786,1846,413,724,0.0007090871524423075,3,,rejected_for_measurement_local_warp_diagnostic
fx10_leaf_000593,fx10,593,P5,40944,0,4802610,904954,1829,380,725,0.0007091860564849544,3,,rejected_for_measurement_local_warp_diagnostic
fx10_leaf_001265,fx10,1265,P5,42515,0,4954220,946166,1849,366,726,0.0007096715223065895,3,,rejected_for_measurement_local_warp_diagnostic
fx10_leaf_000800,fx10,800,P5,128461,0,7135950,1641037,1834,457,727,0.0007096922305306353,3,,rejected_for_measurement_local_warp_diagnostic
fx10_leaf_001179,fx10,1179,P5,8774,0,1092906,167374,1845,482,728,0.0007101683137618807,2,,rejected_for_measurement_local_warp_diagnostic
fx10_leaf_000888,fx10,888,P5,6123,0,669315,108234,1837,422,729,0.0007109222213959556,3,,rejected_for_measurement_local_warp_diagnostic
fx10_leaf_000454,fx10,454,P5,118635,0,7084427,1624087,1824,462,730,0.000711370079106048,3,,rejected_for_measurement_local_warp_diagnostic
fx10_leaf_000958,fx10,958,P5,136093,0,7225079,1659291,1839,419,731,0.0007113998606259783,3,,rejected_for_measurement_local_warp_diagnostic
fx10_leaf_001076,fx10,1076,P5,136064,0,7225050,1659262,1842,448,732,0.0007119252271975757,3,,rejected_for_measurement_local_warp_diagnostic
fx10_leaf_000825,fx10,825,P5,6129,0,669321,108240,1835,415,733,0.0007127263554324127,3,,rejected_for_measurement_local_warp_diagnostic
fx10_leaf_001044,fx10,1044,P5,8677,0,1092799,167267,1841,482,734,0.000712797365404766,2,,rejected_for_measurement_local_warp_diagnostic
fx10_leaf_000052,fx10,52,P5,119424,0,7086288,1625539,1808,414,735,0.0007130229099938546,3,,rejected_for_measurement_local_warp_diagnostic
fx10_leaf_001391,fx10,1391,P5,134859,0,7222997,1657346,1854,457,736,0.0007130900179126029,3,,rejected_for_measurement_local_warp_diagnostic
fx10_leaf_000844,fx10,844,P5,137306,0,7226529,1660517,1836,368,737,0.0007154182483144392,3,,rejected_for_measurement_local_warp_diagnostic
fx10_leaf_000778,fx10,778,P5,40973,0,4802639,904983,1834,393,738,0.0007157771531728514,3,,rejected_for_measurement_local_warp_diagnostic
fx10_leaf_000765,fx10,765,P5,118734,0,7084526,1624186,1833,465,739,0.0007160632952340321,3,,rejected_for_measurement_local_warp_diagnostic
fx10_leaf_000398,fx10,398,P5,40852,0,4802518,904862,1823,369,740,0.0007172271062100477,3,,rejected_for_measurement_local_warp_diagnostic
fx10_leaf_001003,fx10,1003,P5,6141,0,669333,108252,1840,445,741,0.0007174691315148362,3,,rejected_for_measurement_local_warp_diagnostic
fx10_leaf_000437,fx10,437,P5,40851,0,4802517,904861,1824,368,742,0.0007176810273686537,3,,rejected_for_measurement_local_warp_diagnostic
fx10_leaf_000274,fx10,274,P5,5733,0,668925,107844,1818,435,743,0.0007181407855411521,3,,rejected_for_measurement_local_warp_diagnostic
fx10_leaf_000891,fx10,891,P5,6109,0,669301,108220,1837,435,744,0.0007182219213248238,3,,rejected_for_measurement_local_warp_diagnostic
fx10_leaf_001249,fx10,1249,P5,136241,0,7225227,1659439,1848,424,745,0.0007198312109852861,3,,rejected_for_measurement_local_warp_diagnostic
fx10_leaf_001225,fx10,1225,P5,136247,0,7225233,1659445,1847,419,746,0.0007207370824457572,3,,rejected_for_measurement_local_warp_diagnostic
fx10_leaf_001197,fx10,1197,P5,136191,0,7225177,1659389,1846,437,747,0.0007207391635056148,3,,rejected_for_measurement_local_warp_diagnostic
fx10_leaf_001137,fx10,1137,P5,136059,0,7225045,1659257,1844,456,748,0.0007213651419196883,3,,rejected_for_measurement_local_warp_diagnostic
fx10_leaf_000839,fx10,839,P5,24052,0,3532247,657644,1836,348,749,0.000722686906760408,3,,rejected_for_measurement_local_warp_diagnostic
fx10_leaf_000292,fx10,292,P5,40664,0,4802330,904674,1819,394,750,0.0007236091391980635,3,,rejected_for_measurement_local_warp_diagnostic
fx10_leaf_000568,fx10,568,P5,5950,0,669142,108061,1828,433,751,0.0007236600225530597,3,,rejected_for_measurement_local_warp_diagnostic
fx10_leaf_000838,fx10,838,P5,24055,0,3532250,657647,1836,346,752,0.00072366392148964,3,,rejected_for_measurement_local_warp_diagnostic
fx10_leaf_000002,fx10,2,P5,119330,0,7086194,1625445,1804,418,753,0.0007239354067937537,3,,rejected_for_measurement_local_warp_diagnostic
fx10_leaf_001405,fx10,1405,P5,136495,0,7225492,1659704,1855,421,754,0.0007257571193883932,2,,rejected_for_measurement_local_warp_diagnostic
fx10_leaf_001150,fx10,1150,P5,137495,0,7226718,1660706,1845,374,755,0.0007262312574056766,3,,rejected_for_measurement_local_warp_diagnostic
fx10_leaf_000429,fx10,429,P5,118630,0,7084422,1624082,1823,471,756,0.0007278388354465637,3,,rejected_for_measurement_local_warp_diagnostic
fx10_leaf_001271,fx10,1271,P5,137510,0,7226733,1660721,1849,397,757,0.0007299949270247587,3,,rejected_for_measurement_local_warp_diagnostic
fx10_leaf_000885,fx10,885,P5,6169,0,669361,108280,1837,413,758,0.0007315235278532282,3,,rejected_for_measurement_local_warp_diagnostic
fx10_leaf_000018,fx10,18,P5,15595,0,2452341,438590,1806,403,759,0.0007322038838242436,3,,rejected_for_measurement_local_warp_diagnostic
fx10_leaf_000064,fx10,64,P5,15662,0,2452408,438657,1809,387,760,0.0007324716300218454,3,,rejected_for_measurement_local_warp_diagnostic
fx10_leaf_000178,fx10,178,P5,119478,0,7086342,1625593,1814,441,761,0.0007326334215147663,3,,rejected_for_measurement_local_warp_diagnostic
fx10_leaf_000044,fx10,44,P5,119350,0,7086214,1625465,1807,425,762,0.0007330731453017399,3,,rejected_for_measurement_local_warp_diagnostic
fx10_leaf_000762,fx10,762,P5,128457,0,7135946,1641033,1833,452,763,0.000733087254810811,3,,rejected_for_measurement_local_warp_diagnostic
fx10_leaf_000535,fx10,535,P5,40792,0,4802458,904802,1827,406,764,0.0007342021462898992,3,,rejected_for_measurement_local_warp_diagnostic
fx10_leaf_001042,fx10,1042,P5,8714,0,1092839,167307,1841,474,765,0.0007349259499946064,2,,rejected_for_measurement_local_warp_diagnostic
fx10_leaf_000086,fx10,86,P5,119464,0,7086328,1625579,1810,415,766,0.000736384463061245,3,,rejected_for_measurement_local_warp_diagnostic
fx10_leaf_000755,fx10,755,P5,6041,0,669233,108152,1833,436,767,0.0007379873043937206,3,,rejected_for_measurement_local_warp_diagnostic
fx10_leaf_000551,fx10,551,P5,138391,0,7233105,1661958,1828,354,768,0.000738716786757699,3,,rejected_for_measurement_local_warp_diagnostic
fx10_leaf_001169,fx10,1169,P5,136102,0,7225088,1659300,1845,451,769,0.0007387399201625251,3,,rejected_for_measurement_local_warp_diagnostic
fx10_leaf_000452,fx10,452,P5,5847,0,669039,107958,1824,440,770,0.0007388432512579278,3,,rejected_for_measurement_local_warp_diagnostic
fx10_leaf_000721,fx10,721,P5,128440,0,7135929,1641016,1832,452,771,0.0007395161310225289,3,,rejected_for_measurement_local_warp_diagnostic
fx10_leaf_000663,fx10,663,P5,40941,0,4802607,904951,1831,391,772,0.0007400051288386372,3,,rejected_for_measurement_local_warp_diagnostic
fx10_leaf_000142,fx10,142,P5,40612,0,4802278,904622,1813,378,773,0.0007402750383069217,3,,rejected_for_measurement_local_warp_diagnostic
fx10_leaf_000826,fx10,826,P5,6088,0,669280,108199,1835,421,774,0.0007406962456611656,3,,rejected_for_measurement_local_warp_diagnostic
fx10_leaf_000577,fx10,577,P5,118666,0,7084458,1624118,1828,462,775,0.0007407350401164166,3,,rejected_for_measurement_local_warp_diagnostic
fx10_leaf_001351,fx10,1351,P5,134823,0,7222961,1657310,1852,460,776,0.0007423502255167341,3,,rejected_for_measurement_local_warp_diagnostic
fx10_leaf_000151,fx10,151,P5,5746,0,668938,107857,1813,429,777,0.000743882377701656,3,,rejected_for_measurement_local_warp_diagnostic
fx10_leaf_000144,fx10,144,P5,40576,0,4802242,904586,1813,391,778,0.0007438926506824571,3,,rejected_for_measurement_local_warp_diagnostic
fx10_leaf_000815,fx10,815,P5,41056,0,4802722,905066,1835,370,779,0.0007457790040676485,3,,rejected_for_measurement_local_warp_diagnostic
fx10_leaf_000969,fx10,969,P5,118788,0,7084580,1624240,1839,459,780,0.0007461562845607466,3,,rejected_for_measurement_local_warp_diagnostic
fx10_leaf_000806,fx10,806,P5,37723,0,4577244,862512,1834,482,781,0.0007462401059914696,3,,rejected_for_measurement_local_warp_diagnostic
fx10_leaf_000450,fx10,450,P5,5883,0,669075,107994,1824,433,782,0.0007463523035771807,3,,rejected_for_measurement_local_warp_diagnostic
fx10_leaf_000341,fx10,341,P5,40823,0,4802489,904833,1821,363,783,0.0007463935761139103,3,,rejected_for_measurement_local_warp_diagnostic
fx10_leaf_001305,fx10,1305,P5,134827,0,7222965,1657314,1850,460,784,0.0007480152917789076,3,,rejected_for_measurement_local_warp_diagnostic
fx10_leaf_000719,fx10,719,P5,128459,0,7135948,1641035,1832,449,785,0.0007495828530519226,3,,rejected_for_measurement_local_warp_diagnostic
fx10_leaf_000634,fx10,634,P5,40934,0,4802600,904944,1830,398,786,0.0007505923975502608,3,,rejected_for_measurement_local_warp_diagnostic
fx10_leaf_000886,fx10,886,P5,6170,0,669362,108281,1837,415,787,0.000752497820735141,3,,rejected_for_measurement_local_warp_diagnostic
fx10_leaf_000246,fx10,246,P5,5699,0,668891,107810,1817,431,788,0.0007528121144292121,3,,rejected_for_measurement_local_warp_diagnostic
fx10_leaf_001149,fx10,1149,P5,137498,0,7226721,1660709,1845,369,789,0.0007530466073715239,3,,rejected_for_measurement_local_warp_diagnostic
fx10_leaf_001325,fx10,1325,P5,152397,1,210491,1721595,1851,440,790,0.000754261030267462,3,,rejected_for_measurement_local_warp_diagnostic
fx10_leaf_000618,fx10,618,P5,138425,0,7233139,1661992,1830,350,791,0.0007550613152490244,3,,rejected_for_measurement_local_warp_diagnostic
fx10_leaf_000539,fx10,539,P5,5914,0,669106,108025,1827,442,792,0.0007553450304782482,3,,rejected_for_measurement_local_warp_diagnostic
fx10_leaf_000335,fx10,335,P5,128283,0,7135761,1640848,1820,451,793,0.0007555882702642323,3,,rejected_for_measurement_local_warp_diagnostic
fx10_leaf_000487,fx10,487,P5,37618,0,4577139,862407,1825,479,794,0.0007562125501852441,3,,rejected_for_measurement_local_warp_diagnostic
fx10_leaf_001402,fx10,1402,P5,136626,0,7225625,1659837,1855,408,795,0.0007562375849844687,3,,rejected_for_measurement_local_warp_diagnostic
fx10_leaf_001448,fx10,1448,P5,136639,0,7225638,1659850,1857,408,796,0.0007564456200847267,3,,rejected_for_measurement_local_warp_diagnostic
fx10_leaf_000565,fx10,565,P5,40862,0,4802528,904872,1828,401,797,0.0007580046685644215,3,,rejected_for_measurement_local_warp_diagnostic
fx10_leaf_000011,fx10,11,P5,119363,0,7086227,1625478,1805,413,798,0.000759934062388411,3,,rejected_for_measurement_local_warp_diagnostic
fx10_leaf_000221,fx10,221,P5,5689,0,668881,107800,1816,439,799,0.0007601183353615512,3,,rejected_for_measurement_local_warp_diagnostic
fx10_leaf_000509,fx10,509,P5,5918,0,669110,108029,1826,433,800,0.0007604762456970745,3,,rejected_for_measurement_local_warp_diagnostic
fx10_leaf_000591,fx10,591,P5,40993,0,4802659,905003,1829,368,801,0.0007607412219137135,3,,rejected_for_measurement_local_warp_diagnostic
fx10_leaf_000010,fx10,10,P5,119362,0,7086226,1625477,1805,412,802,0.0007615837209790063,3,,rejected_for_measurement_local_warp_diagnostic
fx10_leaf_001077,fx10,1077,P5,136065,0,7225051,1659263,1842,449,803,0.0007627243369314861,3,,rejected_for_measurement_local_warp_diagnostic
fx10_leaf_001595,fx10,1595,P5,136680,0,7225679,1659891,1866,426,804,0.0007630496879905895,3,,rejected_for_measurement_local_warp_diagnostic
fx10_leaf_001504,fx10,1504,P5,136520,0,7225519,1659731,1860,421,805,0.0007634720451583556,3,,rejected_for_measurement_local_warp_diagnostic
fx10_leaf_001335,fx10,1335,P5,137612,0,7226835,1660823,1852,372,806,0.0007635107821346957,3,,rejected_for_measurement_local_warp_diagnostic
fx10_leaf_000467,fx10,467,P5,40854,0,4802520,904864,1825,366,807,0.0007639317234859297,3,,rejected_for_measurement_local_warp_diagnostic
fx10_leaf_000971,fx10,971,P5,41239,0,4844818,909322,1839,468,808,0.0007642142158305197,3,,rejected_for_measurement_local_warp_diagnostic
fx10_leaf_000191,fx10,191,P5,5716,0,668908,107827,1815,414,809,0.0007645450541678648,3,,rejected_for_measurement_local_warp_diagnostic
fx10_leaf_001285,fx10,1285,P5,134796,0,7222934,1657283,1849,456,810,0.0007656337612111224,3,,rejected_for_measurement_local_warp_diagnostic
fx10_leaf_000312,fx10,312,P5,137831,0,7232544,1661397,1820,357,811,0.0007664168263277621,3,,rejected_for_measurement_local_warp_diagnostic
fx10_leaf_000496,fx10,496,P5,40919,0,4802585,904929,1826,368,812,0.000768817002970749,3,,rejected_for_measurement_local_warp_diagnostic
fx10_leaf_001473,fx10,1473,P5,136377,0,7225374,1659586,1858,435,813,0.0007697043653048049,3,,rejected_for_measurement_local_warp_diagnostic
fx10_leaf_001207,fx10,1207,P5,41332,0,4844917,909421,1846,472,814,0.0007719824217134764,2,,rejected_for_measurement_local_warp_diagnostic
fx10_leaf_001546,fx10,1546,P5,59741,0,6510342,1392037,1863,392,815,0.000773005353873699,3,,rejected_for_measurement_local_warp_diagnostic
fx10_leaf_001109,fx10,1109,P5,128497,0,7135986,1641073,1843,456,816,0.0007736338970849158,3,,rejected_for_measurement_local_warp_diagnostic
fx10_leaf_000695,fx10,695,P5,23959,0,3532154,657551,1832,350,817,0.0007737171020351679,3,,rejected_for_measurement_local_warp_diagnostic
fx10_leaf_001183,fx10,1183,P5,137444,0,7226667,1660655,1846,398,818,0.000774833653278231,3,,rejected_for_measurement_local_warp_diagnostic
fx10_leaf_001000,fx10,1000,P5,136075,0,7225061,1659273,1840,436,819,0.0007751373706965554,3,,rejected_for_measurement_local_warp_diagnostic
fx10_leaf_000833,fx10,833,P5,128462,0,7135951,1641038,1835,458,820,0.0007752125544848194,3,,rejected_for_measurement_local_warp_diagnostic
fx10_leaf_000572,fx10,572,P5,5912,0,669104,108023,1828,440,821,0.0007755784288940579,3,,rejected_for_measurement_local_warp_diagnostic
fx10_leaf_001244,fx10,1244,P5,136581,0,7225580,1659792,1848,411,822,0.0007758631023736582,3,,rejected_for_measurement_local_warp_diagnostic
fx10_leaf_000766,fx10,766,P5,37729,0,4577250,862518,1833,477,823,0.0007759984562507572,3,,rejected_for_measurement_local_warp_diagnostic
fx10_leaf_000106,fx10,106,P5,40538,0,4802204,904548,1811,400,824,0.0007760934407311851,3,,rejected_for_measurement_local_warp_diagnostic
fx10_leaf_001414,fx10,1414,P5,134805,0,7222943,1657292,1855,466,825,0.0007765836573082177,3,,rejected_for_measurement_local_warp_diagnostic
fx10_leaf_001112,fx10,1112,P5,41305,0,4844885,909389,1843,467,826,0.0007767894642933127,2,,rejected_for_measurement_local_warp_diagnostic
fx10_leaf_001438,fx10,1438,P5,41366,0,4844960,909464,1856,471,827,0.0007768863133379588,2,,rejected_for_measurement_local_warp_diagnostic
fx10_leaf_000388,fx10,388,P5,128335,0,7135813,1640900,1822,454,828,0.0007783024621372466,3,,rejected_for_measurement_local_warp_diagnostic
fx10_leaf_000500,fx10,500,P5,40834,0,4802500,904844,1826,391,829,0.0007785723693158146,3,,rejected_for_measurement_local_warp_diagnostic
fx10_leaf_000742,fx10,742,P5,41018,0,4802684,905028,1833,376,830,0.0007806377316338865,3,,rejected_for_measurement_local_warp_diagnostic
fx10_leaf_001037,fx10,1037,P5,41256,0,4844835,909339,1841,458,831,0.0007816848894885223,3,,rejected_for_measurement_local_warp_diagnostic
fx10_leaf_000533,fx10,533,P5,40827,0,4802493,904837,1827,403,832,0.0007841147015755839,3,,rejected_for_measurement_local_warp_diagnostic
fx10_leaf_000822,fx10,822,P5,41001,0,4802667,905011,1835,402,833,0.0007857886973792753,3,,rejected_for_measurement_local_warp_diagnostic
fx10_leaf_000225,fx10,225,P5,128262,0,7135740,1640827,1816,453,834,0.000787403560726318,3,,rejected_for_measurement_local_warp_diagnostic
fx10_leaf_001229,fx10,1229,P5,136189,0,7225175,1659387,1847,437,835,0.0007885511367709306,3,,rejected_for_measurement_local_warp_diagnostic
fx10_leaf_000635,fx10,635,P5,40897,0,4802563,904907,1830,401,836,0.0007895362257917592,3,,rejected_for_measurement_local_warp_diagnostic
fx10_leaf_000514,fx10,514,P5,118647,0,7084439,1624099,1826,466,837,0.000789694812817117,3,,rejected_for_measurement_local_warp_diagnostic
fx10_leaf_001040,fx10,1040,P5,41261,0,4844840,909344,1841,470,838,0.000790262420721798,2,,rejected_for_measurement_local_warp_diagnostic
fx10_leaf_000183,fx10,183,P5,40652,0,4802318,904662,1815,368,839,0.000790610845862483,3,,rejected_for_measurement_local_warp_diagnostic
fx10_leaf_000130,fx10,130,P5,5712,0,668904,107823,1812,426,840,0.0007916622732478726,3,,rejected_for_measurement_local_warp_diagnostic
fx10_leaf_001530,fx10,1530,P5,136374,0,7225371,1659583,1861,441,841,0.0007933692256864086,3,,rejected_for_measurement_local_warp_diagnostic
fx10_leaf_000028,fx10,28,P5,119316,0,7086180,1625431,1806,434,842,0.0007950357335430124,3,,rejected_for_measurement_local_warp_diagnostic
fx10_leaf_000152,fx10,152,P5,5709,0,668901,107820,1813,430,843,0.0007953093258607635,3,,rejected_for_measurement_local_warp_diagnostic
fx10_leaf_001429,fx10,1429,P5,152418,1,210525,1721616,1856,438,844,0.0007953302007863299,3,,rejected_for_measurement_local_warp_diagnostic
fx10_leaf_001540,fx10,1540,P5,136373,0,7225370,1659582,1862,443,845,0.000795389529907847,3,,rejected_for_measurement_local_warp_diagnostic
fx10_leaf_000775,fx10,775,P5,41021,0,4802687,905031,1834,376,846,0.0007954593162704524,3,,rejected_for_measurement_local_warp_diagnostic
fx10_leaf_000592,fx10,592,P5,40916,0,4802582,904926,1829,377,847,0.0007958989611537346,3,,rejected_for_measurement_local_warp_diagnostic
fx10_leaf_000493,fx10,493,P5,40926,0,4802592,904936,1826,362,848,0.0007967249000097871,3,,rejected_for_measurement_local_warp_diagnostic
fx10_leaf_000793,fx10,793,P5,6075,0,669267,108186,1834,436,849,0.0007969566193562564,3,,rejected_for_measurement_local_warp_diagnostic
fx10_leaf_000498,fx10,498,P5,40880,0,4802546,904890,1826,378,850,0.0007970348341838989,3,,rejected_for_measurement_local_warp_diagnostic
fx10_leaf_000554,fx10,554,P5,40955,0,4802621,904965,1828,367,851,0.000798879899085673,3,,rejected_for_measurement_local_warp_diagnostic
fx10_leaf_001311,fx10,1311,P5,137587,0,7226810,1660798,1851,373,852,0.0007995516417951313,3,,rejected_for_measurement_local_warp_diagnostic
fx10_leaf_001278,fx10,1278,P5,136276,0,7225262,1659474,1849,425,853,0.0008005875863780532,3,,rejected_for_measurement_local_warp_diagnostic
fx10_leaf_000306,fx10,306,P5,5654,0,668846,107765,1819,449,854,0.0008018890455676232,3,,rejected_for_measurement_local_warp_diagnostic
fx10_leaf_000601,fx10,601,P5,5948,0,669140,108059,1829,438,855,0.0008029838327615874,3,,rejected_for_measurement_local_warp_diagnostic
fx10_leaf_000682,fx10,682,P5,6007,0,669199,108118,1831,442,856,0.0008034869742381188,3,,rejected_for_measurement_local_warp_diagnostic
fx10_leaf_000681,fx10,681,P5,5979,0,669171,108090,1831,441,857,0.0008056371980964425,3,,rejected_for_measurement_local_warp_diagnostic
fx10_leaf_001436,fx10,1436,P5,134804,0,7222942,1657291,1856,466,858,0.0008073017204271103,3,,rejected_for_measurement_local_warp_diagnostic
fx10_leaf_001431,fx10,1431,P5,152415,1,210522,1721613,1856,442,859,0.0008082590634014192,3,,rejected_for_measurement_local_warp_diagnostic
fx10_leaf_000071,fx10,71,P5,119505,0,7086369,1625620,1809,409,860,0.0008121636248014519,3,,rejected_for_measurement_local_warp_diagnostic
fx10_leaf_000436,fx10,436,P5,40853,0,4802519,904863,1824,366,861,0.0008130784279850715,3,,rejected_for_measurement_local_warp_diagnostic
fx10_leaf_000517,fx10,517,P5,118642,0,7084434,1624094,1826,474,862,0.0008135808554194387,3,,rejected_for_measurement_local_warp_diagnostic
fx10_leaf_000973,fx10,973,P5,41260,0,4844839,909343,1839,474,863,0.0008136546340444489,2,,rejected_for_measurement_local_warp_diagnostic
fx10_leaf_001427,fx10,1427,P5,136355,0,7225348,1659560,1856,433,864,0.0008155206377445503,3,,rejected_for_measurement_local_warp_diagnostic
fx10_leaf_000747,fx10,747,P5,40961,0,4802627,904971,1833,403,865,0.0008171666373691231,3,,rejected_for_measurement_local_warp_diagnostic
fx10_leaf_000881,fx10,881,P5,137283,0,7226506,1660494,1837,401,866,0.000817956556528371,3,,rejected_for_measurement_local_warp_diagnostic
fx10_leaf_000269,fx10,269,P5,129290,0,7140139,1642793,1818,405,867,0.0008180110239277602,3,,rejected_for_measurement_local_warp_diagnostic
fx10_leaf_000972,fx10,972,P5,41237,0,4844816,909320,1839,469,868,0.0008188455331535978,3,,rejected_for_measurement_local_warp_diagnostic
fx10_leaf_000194,fx10,194,P5,5643,0,668835,107754,1815,425,869,0.0008194973997393985,3,,rejected_for_measurement_local_warp_diagnostic
fx10_leaf_000513,fx10,513,P5,118649,0,7084441,1624101,1826,462,870,0.0008196692874495856,3,,rejected_for_measurement_local_warp_diagnostic
fx10_leaf_000430,fx10,430,P5,37598,0,4577119,862387,1823,474,871,0.0008206629074800832,3,,rejected_for_measurement_local_warp_diagnostic
fx10_leaf_000990,fx10,990,P5,136558,0,7225557,1659769,1840,410,872,0.0008208830082059279,3,,rejected_for_measurement_local_warp_diagnostic
fx10_leaf_000647,fx10,647,P5,5977,0,669169,108088,1830,443,873,0.0008223919588659797,3,,rejected_for_measurement_local_warp_diagnostic
fx10_leaf_000549,fx10,549,P5,138429,0,7233143,1661996,1828,345,874,0.0008246277212493081,3,,rejected_for_measurement_local_warp_diagnostic
fx10_leaf_001005,fx10,1005,P5,6137,0,669329,108248,1840,448,875,0.0008247352332765447,3,,rejected_for_measurement_local_warp_diagnostic
fx10_leaf_001033,fx10,1033,P5,136070,0,7225056,1659268,1841,444,876,0.000825382259504021,3,,rejected_for_measurement_local_warp_diagnostic
fx10_leaf_001612,fx10,1612,P5,17158,0,2654493,490451,1867,441,877,0.0008259911516997389,2,,rejected_for_measurement_local_warp_diagnostic
fx10_leaf_000249,fx10,249,P5,5693,0,668885,107804,1817,438,878,0.0008280744848638926,3,,rejected_for_measurement_local_warp_diagnostic
fx10_leaf_000347,fx10,347,P5,40770,0,4802436,904780,1821,387,879,0.0008312905160720945,3,,rejected_for_measurement_local_warp_diagnostic
fx10_leaf_000961,fx10,961,P5,6158,0,669350,108269,1839,424,880,0.0008320764449021523,3,,rejected_for_measurement_local_warp_diagnostic
fx10_leaf_000786,fx10,786,P5,6094,0,669286,108205,1834,415,881,0.0008330994630332852,3,,rejected_for_measurement_local_warp_diagnostic
fx10_leaf_000251,fx10,251,P5,5621,0,668813,107732,1817,448,882,0.0008334436394562772,3,,rejected_for_measurement_local_warp_diagnostic
fx10_leaf_001210,fx10,1210,P5,42522,0,4954227,946173,1847,358,883,0.0008335264700743596,3,,rejected_for_measurement_local_warp_diagnostic
fx10_leaf_000416,fx10,416,P5,5898,0,669090,108009,1823,422,884,0.0008336679593422397,3,,rejected_for_measurement_local_warp_diagnostic
fx10_leaf_000069,fx10,69,P5,15654,0,2452400,438649,1809,395,885,0.0008356402240277507,3,,rejected_for_measurement_local_warp_diagnostic
fx10_leaf_000088,fx10,88,P5,119415,0,7086279,1625530,1810,424,886,0.0008380181732433501,3,,rejected_for_measurement_local_warp_diagnostic
fx10_leaf_000630,fx10,630,P5,40977,0,4802643,904987,1830,380,887,0.0008413867012569632,3,,rejected_for_measurement_local_warp_diagnostic
fx10_leaf_001213,fx10,1213,P5,42502,0,4954207,946153,1847,365,888,0.0008417040250190403,3,,rejected_for_measurement_local_warp_diagnostic
fx10_leaf_001192,fx10,1192,P5,136245,0,7225231,1659443,1846,419,889,0.0008418358622415473,3,,rejected_for_measurement_local_warp_diagnostic
fx10_leaf_000834,fx10,834,P5,118742,0,7084534,1624194,1835,459,890,0.0008419355366212868,3,,rejected_for_measurement_local_warp_diagnostic
fx10_leaf_000207,fx10,207,P5,40706,0,4802372,904716,1816,379,891,0.0008423416001899876,3,,rejected_for_measurement_local_warp_diagnostic
fx10_leaf_000187,fx10,187,P5,40627,0,4802293,904637,1815,396,892,0.0008437118490645616,3,,rejected_for_measurement_local_warp_diagnostic
fx10_leaf_000161,fx10,161,P5,40641,0,4802307,904651,1814,378,893,0.0008447633047658675,3,,rejected_for_measurement_local_warp_diagnostic
fx10_leaf_000117,fx10,117,P5,119400,0,7086264,1625515,1811,443,894,0.0008459138309668603,3,,rejected_for_measurement_local_warp_diagnostic
fx10_leaf_001387,fx10,1387,P5,136337,0,7225324,1659536,1854,425,895,0.0008494095145695596,3,,rejected_for_measurement_local_warp_diagnostic
fx10_leaf_000001,fx10,1,P5,119332,0,7086196,1625447,1804,416,896,0.0008505684231932957,3,,rejected_for_measurement_local_warp_diagnostic
fx10_leaf_000111,fx10,111,P5,119443,0,7086307,1625558,1811,432,897,0.0008506712817620165,3,,rejected_for_measurement_local_warp_diagnostic
fx10_leaf_000072,fx10,72,P5,119502,0,7086366,1625617,1809,410,898,0.0008506792018365689,3,,rejected_for_measurement_local_warp_diagnostic
fx10_leaf_001187,fx10,1187,P5,137407,0,7226630,1660618,1846,407,899,0.0008507916007439319,3,,rejected_for_measurement_local_warp_diagnostic
fx10_leaf_000898,fx10,898,P5,128482,0,7135971,1641058,1837,455,900,0.0008510032018594512,3,,rejected_for_measurement_local_warp_diagnostic
fx10_leaf_000545,fx10,545,P5,37644,0,4577165,862433,1827,476,901,0.0008516986871445487,3,,rejected_for_measurement_local_warp_diagnostic
fx10_leaf_000330,fx10,330,P5,5775,0,668967,107886,1820,436,902,0.0008520333132414244,3,,rejected_for_measurement_local_warp_diagnostic
fx10_leaf_000743,fx10,743,P5,40979,0,4802645,904989,1833,379,903,0.000852714005433675,3,,rejected_for_measurement_local_warp_diagnostic
fx10_leaf_001163,fx10,1163,P5,136190,0,7225176,1659388,1845,436,904,0.0008532772446082974,3,,rejected_for_measurement_local_warp_diagnostic
fx10_leaf_000284,fx10,284,P5,118595,0,7084387,1624047,1818,464,905,0.0008539098801767834,3,,rejected_for_measurement_local_warp_diagnostic
fx10_leaf_000941,fx10,941,P5,24089,0,3532284,657681,1839,349,906,0.0008545834701281141,3,,rejected_for_measurement_local_warp_diagnostic
fx10_leaf_000471,fx10,471,P5,40800,0,4802466,904810,1825,395,907,0.0008564541563739957,3,,rejected_for_measurement_local_warp_diagnostic
fx10_leaf_001380,fx10,1380,P5,137604,0,7226827,1660815,1854,380,908,0.0008575990559467703,3,,rejected_for_measurement_local_warp_diagnostic
fx10_leaf_000842,fx10,842,P5,24017,0,3532212,657609,1836,356,909,0.0008577231527565023,3,,rejected_for_measurement_local_warp_diagnostic
fx10_leaf_001571,fx10,1571,P5,59723,0,6510324,1392019,1865,401,910,0.000859379337459131,3,,rejected_for_measurement_local_warp_diagnostic
fx10_leaf_001445,fx10,1445,P5,59598,0,6510199,1391894,1857,389,911,0.0008625027382567314,3,,rejected_for_measurement_local_warp_diagnostic
fx10_leaf_000166,fx10,166,P5,5683,0,668875,107794,1814,409,912,0.0008626500308906665,3,,rejected_for_measurement_local_warp_diagnostic
fx10_leaf_000638,fx10,638,P5,6034,0,669226,108145,1830,411,913,0.0008632895883838737,3,,rejected_for_measurement_local_warp_diagnostic
fx10_leaf_000667,fx10,667,P5,40931,0,4802597,904941,1831,401,914,0.0008653024916567422,3,,rejected_for_measurement_local_warp_diagnostic
fx10_leaf_001483,fx10,1483,P5,59592,0,6510193,1391888,1859,392,915,0.0008658688300697295,3,,rejected_for_measurement_local_warp_diagnostic
fx10_leaf_000413,fx10,413,P5,5901,0,669093,108012,1823,415,916,0.0008660981368047655,3,,rejected_for_measurement_local_warp_diagnostic
fx10_leaf_000218,fx10,218,P5,5705,0,668897,107816,1816,423,917,0.000867416244138905,3,,rejected_for_measurement_local_warp_diagnostic
fx10_leaf_000683,fx10,683,P5,5975,0,669167,108086,1831,444,918,0.0008687677051777647,3,,rejected_for_measurement_local_warp_diagnostic
fx10_leaf_000189,fx10,189,P5,5720,0,668912,107831,1815,409,919,0.0008687954362432875,3,,rejected_for_measurement_local_warp_diagnostic
fx10_leaf_000650,fx10,650,P5,118701,0,7084493,1624153,1830,462,920,0.0008694936037668954,3,,rejected_for_measurement_local_warp_diagnostic
fx10_leaf_000074,fx10,74,P5,119387,0,7086251,1625502,1809,421,921,0.0008731062937648708,3,,rejected_for_measurement_local_warp_diagnostic
fx10_leaf_000255,fx10,255,P5,128306,0,7135784,1640871,1817,457,922,0.0008734349442202707,3,,rejected_for_measurement_local_warp_diagnostic
fx10_leaf_001170,fx10,1170,P5,136057,0,7225043,1659255,1845,454,923,0.0008741236286963999,3,,rejected_for_measurement_local_warp_diagnostic
fx10_leaf_000356,fx10,356,P5,5869,0,669061,107980,1821,414,924,0.0008754108303400468,3,,rejected_for_measurement_local_warp_diagnostic
fx10_leaf_000379,fx10,379,P5,5905,0,669097,108016,1822,409,925,0.0008763900212402221,3,,rejected_for_measurement_local_warp_diagnostic
fx10_leaf_001396,fx10,1396,P5,42553,0,4954258,946204,1855,364,926,0.0008792118886840892,3,,rejected_for_measurement_local_warp_diagnostic
fx10_leaf_001589,fx10,1589,P5,136800,0,7225799,1660011,1866,406,927,0.0008834075471603486,3,,rejected_for_measurement_local_warp_diagnostic
fx10_leaf_001363,fx10,1363,P5,136366,0,7225359,1659571,1853,420,928,0.0008848118962781652,3,,rejected_for_measurement_local_warp_diagnostic
fx10_leaf_000889,fx10,889,P5,6161,0,669353,108272,1837,424,929,0.0008848820846982548,3,,rejected_for_measurement_local_warp_diagnostic
fx10_leaf_000897,fx10,897,P5,128480,0,7135969,1641056,1837,453,930,0.0008860004291320687,3,,rejected_for_measurement_local_warp_diagnostic
fx10_leaf_001056,fx10,1056,P5,137377,0,7226600,1660588,1842,398,931,0.0008869329784774555,3,,rejected_for_measurement_local_warp_diagnostic
fx10_leaf_000603,fx10,603,P5,5945,0,669137,108056,1829,442,932,0.0008874613069736332,3,,rejected_for_measurement_local_warp_diagnostic
fx10_leaf_001059,fx10,1059,P5,137373,0,7226596,1660584,1842,405,933,0.0008905826553258935,3,,rejected_for_measurement_local_warp_diagnostic
fx10_leaf_001016,fx10,1016,P5,24157,0,3532352,657749,1841,348,934,0.0008908409026003522,3,,rejected_for_measurement_local_warp_diagnostic
fx10_leaf_001048,fx10,1048,P5,137465,0,7226688,1660676,1842,369,935,0.000891499659811079,3,,rejected_for_measurement_local_warp_diagnostic
fx10_leaf_001018,fx10,1018,P5,24121,0,3532316,657713,1841,352,936,0.0008917706156021922,3,,rejected_for_measurement_local_warp_diagnostic
fx10_leaf_000604,fx10,604,P5,5942,0,669134,108053,1829,444,937,0.0008919226469589402,3,,rejected_for_measurement_local_warp_diagnostic
fx10_leaf_001019,fx10,1019,P5,24122,0,3532317,657714,1841,355,938,0.0008926251304032238,3,,rejected_for_measurement_local_warp_diagnostic
fx10_leaf_000446,fx10,446,P5,5937,0,669129,108048,1824,413,939,0.0008930426146064003,3,,rejected_for_measurement_local_warp_diagnostic
fx10_leaf_001159,fx10,1159,P5,136205,0,7225191,1659403,1845,419,940,0.0008941717018674439,3,,rejected_for_measurement_local_warp_diagnostic
fx10_leaf_001064,fx10,1064,P5,136167,0,7225153,1659365,1842,417,941,0.0008964873667259905,3,,rejected_for_measurement_local_warp_diagnostic
fx10_leaf_000363,fx10,363,P5,128320,0,7135798,1640885,1821,454,942,0.0008968268046068197,3,,rejected_for_measurement_local_warp_diagnostic
fx10_leaf_000939,fx10,939,P5,37802,0,4577323,862591,1838,481,943,0.0008973039158865722,3,,rejected_for_measurement_local_warp_diagnostic
fx10_leaf_000594,fx10,594,P5,40945,0,4802611,904955,1829,382,944,0.0008976610690087056,3,,rejected_for_measurement_local_warp_diagnostic
fx10_leaf_001538,fx10,1538,P5,136428,0,7225425,1659637,1862,432,945,0.0008979338252024642,3,,rejected_for_measurement_local_warp_diagnostic
fx10_leaf_001133,fx10,1133,P5,136112,0,7225098,1659310,1844,440,946,0.0008983286785284091,3,,rejected_for_measurement_local_warp_diagnostic
fx10_leaf_000049,fx10,49,P5,15626,0,2452372,438621,1808,395,947,0.0008991243230824184,3,,rejected_for_measurement_local_warp_diagnostic
fx10_leaf_000338,fx10,338,P5,118608,0,7084400,1624060,1820,461,948,0.0009012654712725169,3,,rejected_for_measurement_local_warp_diagnostic
fx10_leaf_000278,fx10,278,P5,5688,0,668880,107799,1818,446,949,0.0009014074223752494,3,,rejected_for_measurement_local_warp_diagnostic
fx10_leaf_000512,fx10,512,P5,5878,0,669070,107989,1826,440,950,0.0009024885751842529,3,,rejected_for_measurement_local_warp_diagnostic
fx10_leaf_000730,fx10,730,P5,37731,0,4577252,862520,1832,477,951,0.0009028831816868513,3,,rejected_for_measurement_local_warp_diagnostic
fx10_leaf_001082,fx10,1082,P5,41327,0,4844907,909411,1842,474,952,0.0009028989484849187,2,,rejected_for_measurement_local_warp_diagnostic
fx10_leaf_001259,fx10,1259,P5,134797,0,7222935,1657284,1848,456,953,0.000904369464282927,3,,rejected_for_measurement_local_warp_diagnostic
fx10_leaf_000980,fx10,980,P5,137439,0,7226662,1660650,1840,367,954,0.0009061976651486858,3,,rejected_for_measurement_local_warp_diagnostic
fx10_leaf_000651,fx10,651,P5,37701,0,4577222,862490,1830,474,955,0.0009067274188066908,3,,rejected_for_measurement_local_warp_diagnostic
fx10_leaf_001074,fx10,1074,P5,136114,0,7225100,1659312,1842,440,956,0.0009076043925822526,3,,rejected_for_measurement_local_warp_diagnostic
fx10_leaf_001328,fx10,1328,P5,136137,0,7225123,1659335,1851,454,957,0.0009085873583815864,3,,rejected_for_measurement_local_warp_diagnostic
fx10_leaf_000503,fx10,503,P5,40829,0,4802495,904839,1826,397,958,0.0009110391449780028,3,,rejected_for_measurement_local_warp_diagnostic
fx10_leaf_000349,fx10,349,P5,40732,0,4802398,904742,1821,392,959,0.0009125989211420365,3,,rejected_for_measurement_local_warp_diagnostic
fx10_leaf_000544,fx10,544,P5,118675,0,7084467,1624127,1827,473,960,0.0009130790631183318,3,,rejected_for_measurement_local_warp_diagnostic
fx10_leaf_000571,fx10,571,P5,5915,0,669107,108026,1828,438,961,0.0009147657260563305,3,,rejected_for_measurement_local_warp_diagnostic
fx10_leaf_000262,fx10,262,P5,40708,0,4802374,904718,1818,375,962,0.000915654809551486,3,,rejected_for_measurement_local_warp_diagnostic
fx10_leaf_001012,fx10,1012,P5,41270,0,4844849,909353,1840,468,963,0.0009157015149738622,2,,rejected_for_measurement_local_warp_diagnostic
fx10_leaf_000553,fx10,553,P5,40957,0,4802623,904967,1828,364,964,0.0009177840816344974,3,,rejected_for_measurement_local_warp_diagnostic
fx10_leaf_001489,fx10,1489,P5,152417,1,210524,1721615,1859,439,965,0.0009187331493866942,3,,rejected_for_measurement_local_warp_diagnostic
fx10_leaf_001559,fx10,1559,P5,59962,0,6510568,1392263,1864,376,966,0.0009193192184140241,3,,rejected_for_measurement_local_warp_diagnostic
fx10_leaf_001045,fx10,1045,P5,42488,0,4954193,946139,1842,361,967,0.0009202234187403572,3,,rejected_for_measurement_local_warp_diagnostic
fx10_leaf_000773,fx10,773,P5,41025,0,4802691,905035,1834,371,968,0.0009208639818803219,3,,rejected_for_measurement_local_warp_diagnostic
fx10_leaf_000390,fx10,390,P5,118622,0,7084414,1624074,1822,458,969,0.0009214654598731511,3,,rejected_for_measurement_local_warp_diagnostic
fx10_leaf_001357,fx10,1357,P5,137608,0,7226831,1660819,1853,378,970,0.0009223530024355533,3,,rejected_for_measurement_local_warp_diagnostic
fx10_leaf_001597,fx10,1597,P5,17160,0,2654495,490453,1866,434,971,0.0009236763124385199,3,,rejected_for_measurement_local_warp_diagnostic
fx10_leaf_001469,fx10,1469,P5,136635,0,7225634,1659846,1858,410,972,0.0009240997479705362,3,,rejected_for_measurement_local_warp_diagnostic
fx10_leaf_001174,fx10,1174,P5,41363,0,4844952,909456,1845,461,973,0.0009248612161951705,2,,rejected_for_measurement_local_warp_diagnostic
fx10_leaf_001570,fx10,1570,P5,59734,0,6510335,1392030,1865,395,974,0.0009250972393069875,3,,rejected_for_measurement_local_warp_diagnostic
fx10_leaf_001105,fx10,1105,P5,136152,0,7225138,1659350,1843,436,975,0.0009256368074660058,3,,rejected_for_measurement_local_warp_diagnostic
fx10_leaf_000372,fx10,372,P5,40822,0,4802488,904832,1822,362,976,0.0009287053587683138,3,,rejected_for_measurement_local_warp_diagnostic
fx10_leaf_001586,fx10,1586,P5,59783,0,6510384,1392079,1866,399,977,0.0009288075084546904,2,,rejected_for_measurement_local_warp_diagnostic
fx10_leaf_000148,fx10,148,P5,119498,0,7086362,1625613,1813,420,978,0.0009291991108936687,3,,rejected_for_measurement_local_warp_diagnostic
fx10_leaf_000696,fx10,696,P5,23957,0,3532152,657549,1832,352,979,0.0009296854140709526,3,,rejected_for_measurement_local_warp_diagnostic
fx10_leaf_001079,fx10,1079,P5,128499,0,7135988,1641075,1842,457,980,0.0009325800156090531,3,,rejected_for_measurement_local_warp_diagnostic
fx10_leaf_000504,fx10,504,P5,40830,0,4802496,904840,1826,399,981,0.000934652757247131,3,,rejected_for_measurement_local_warp_diagnostic
fx10_leaf_000855,fx10,855,P5,6110,0,669302,108221,1836,434,982,0.0009355116185558196,3,,rejected_for_measurement_local_warp_diagnostic
fx10_leaf_000582,fx10,582,P5,37637,0,4577158,862426,1828,484,983,0.0009363002570420091,3,,rejected_for_measurement_local_warp_diagnostic
fx10_leaf_001432,fx10,1432,P5,152416,1,210523,1721614,1856,444,984,0.0009366316403415393,3,,rejected_for_measurement_local_warp_diagnostic
fx10_leaf_000791,fx10,791,P5,6079,0,669271,108190,1834,430,985,0.0009370745257792687,3,,rejected_for_measurement_local_warp_diagnostic
fx10_leaf_000076,fx10,76,P5,119409,0,7086273,1625524,1809,432,986,0.0009389612595655279,3,,rejected_for_measurement_local_warp_diagnostic
fx10_leaf_000532,fx10,532,P5,40867,0,4802533,904877,1827,398,987,0.0009394705900373718,3,,rejected_for_measurement_local_warp_diagnostic
fx10_leaf_000054,fx10,54,P5,119358,0,7086222,1625473,1808,422,988,0.0009418958848847676,3,,rejected_for_measurement_local_warp_diagnostic
fx10_leaf_001308,fx10,1308,P5,42529,0,4954234,946180,1851,358,989,0.0009422796847051699,3,,rejected_for_measurement_local_warp_diagnostic
fx10_leaf_000702,fx10,702,P5,41026,0,4802692,905036,1832,369,990,0.0009424293750580386,3,,rejected_for_measurement_local_warp_diagnostic
fx10_leaf_000919,fx10,919,P5,129379,0,7140247,1642901,1838,410,991,0.0009441334130788336,3,,rejected_for_measurement_local_warp_diagnostic
fx10_leaf_000296,fx10,296,P5,5831,0,669023,107942,1819,413,992,0.0009453013203740895,3,,rejected_for_measurement_local_warp_diagnostic
fx10_leaf_001531,fx10,1531,P5,136346,0,7225339,1659551,1861,446,993,0.0009471843502038491,3,,rejected_for_measurement_local_warp_diagnostic
fx10_leaf_000195,fx10,195,P5,5644,0,668836,107755,1815,426,994,0.0009491000196651778,3,,rejected_for_measurement_local_warp_diagnostic
fx10_leaf_000848,fx10,848,P5,137295,0,7226518,1660506,1836,380,995,0.0009510788189372882,3,,rejected_for_measurement_local_warp_diagnostic
fx10_leaf_000215,fx10,215,P5,5761,0,668953,107872,1816,409,996,0.000951200308553881,3,,rejected_for_measurement_local_warp_diagnostic
fx10_leaf_001322,fx10,1322,P5,136269,0,7225255,1659467,1851,433,997,0.0009516794964060629,3,,rejected_for_measurement_local_warp_diagnostic
fx10_leaf_001516,fx10,1516,P5,135243,0,7223387,1657736,1860,460,998,0.0009529201374803113,3,,rejected_for_measurement_local_warp_diagnostic
fx10_leaf_000573,fx10,573,P5,5910,0,669102,108021,1828,444,999,0.0009563884688664912,3,,rejected_for_measurement_local_warp_diagnostic
fx10_leaf_001581,fx10,1581,P5,136553,0,7225552,1659764,1865,436,1000,0.0009564605320698328,3,,rejected_for_measurement_local_warp_diagnostic
fx10_leaf_000772,fx10,772,P5,41055,0,4802721,905065,1834,368,1001,0.0009575446887034732,3,,rejected_for_measurement_local_warp_diagnostic
fx10_leaf_000177,fx10,177,P5,119479,0,7086343,1625594,1814,437,1002,0.0009579879460768921,3,,rejected_for_measurement_local_warp_diagnostic
fx10_leaf_000911,fx10,911,P5,137337,0,7226560,1660548,1838,370,1003,0.000958109657933873,3,,rejected_for_measurement_local_warp_diagnostic
fx10_leaf_001224,fx10,1224,P5,136578,0,7225577,1659789,1847,411,1004,0.0009585053510852504,3,,rejected_for_measurement_local_warp_diagnostic
fx10_leaf_000137,fx10,137,P5,118940,0,7084796,1624456,1812,450,1005,0.0009591550241825163,3,,rejected_for_measurement_local_warp_diagnostic
fx10_leaf_001319,fx10,1319,P5,136309,0,7225295,1659507,1851,425,1006,0.0009592609701691063,3,,rejected_for_measurement_local_warp_diagnostic
fx10_leaf_000846,fx10,846,P5,41052,0,4802718,905062,1836,375,1007,0.0009602890734133225,3,,rejected_for_measurement_local_warp_diagnostic
fx10_leaf_001370,fx10,1370,P5,134864,0,7223002,1657351,1853,456,1008,0.000960693184989192,3,,rejected_for_measurement_local_warp_diagnostic
fx10_leaf_001555,fx10,1555,P5,136344,0,7225333,1659545,1863,448,1009,0.000960829937600617,3,,rejected_for_measurement_local_warp_diagnostic
fx10_leaf_000994,fx10,994,P5,136132,0,7225118,1659330,1840,418,1010,0.0009635540558921225,3,,rejected_for_measurement_local_warp_diagnostic
fx10_leaf_000629,fx10,629,P5,40949,0,4802615,904959,1830,376,1011,0.0009646725200875538,3,,rejected_for_measurement_local_warp_diagnostic
fx10_leaf_000882,fx10,882,P5,41031,0,4802697,905041,1837,404,1012,0.0009667597490838997,3,,rejected_for_measurement_local_warp_diagnostic
fx10_leaf_000036,fx10,36,P5,15601,0,2452347,438596,1807,395,1013,0.0009677752207946787,3,,rejected_for_measurement_local_warp_diagnostic
fx10_leaf_001209,fx10,1209,P5,42521,0,4954226,946172,1847,354,1014,0.0009701910341784676,3,,rejected_for_measurement_local_warp_diagnostic
fx10_leaf_000057,fx10,57,P5,119378,0,7086242,1625493,1808,432,1015,0.000970807787013697,3,,rejected_for_measurement_local_warp_diagnostic
fx10_leaf_001398,fx10,1398,P5,137652,0,7226875,1660863,1855,379,1016,0.0009715059253690148,3,,rejected_for_measurement_local_warp_diagnostic
fx10_leaf_000186,fx10,186,P5,40671,0,4802337,904681,1815,383,1017,0.0009747316368015765,3,,rejected_for_measurement_local_warp_diagnostic
fx10_leaf_000138,fx10,138,P5,40651,0,4802317,904661,1813,368,1018,0.0009755432510672389,3,,rejected_for_measurement_local_warp_diagnostic
fx10_leaf_000147,fx10,147,P5,5652,0,668844,107763,1813,409,1019,0.0009767232130440324,3,,rejected_for_measurement_local_warp_diagnostic
fx10_leaf_001086,fx10,1086,P5,24120,0,3532315,657712,1843,356,1020,0.0009838091520365155,3,,rejected_for_measurement_local_warp_diagnostic
fx10_leaf_000783,fx10,783,P5,129371,0,7140239,1642893,1834,408,1021,0.0009840462717808803,3,,rejected_for_measurement_local_warp_diagnostic
fx10_leaf_001572,fx10,1572,P5,136763,0,7225762,1659974,1865,408,1022,0.000984461917704641,3,,rejected_for_measurement_local_warp_diagnostic
fx10_leaf_000648,fx10,648,P5,128446,0,7135935,1641022,1830,447,1023,0.0009854199359238722,3,,rejected_for_measurement_local_warp_diagnostic
fx10_leaf_000852,fx10,852,P5,129373,0,7140241,1642895,1836,408,1024,0.0009898107886566658,3,,rejected_for_measurement_local_warp_diagnostic
fx10_leaf_000171,fx10,171,P5,5669,0,668861,107780,1814,427,1025,0.0009913633722951455,3,,rejected_for_measurement_local_warp_diagnostic
fx10_leaf_001116,fx10,1116,P5,8748,0,1092879,167347,1843,481,1026,0.0009934731926732176,2,,rejected_for_measurement_local_warp_diagnostic
fx10_leaf_000282,fx10,282,P5,118597,0,7084389,1624049,1818,461,1027,0.0009940735603591302,3,,rejected_for_measurement_local_warp_diagnostic
fx10_leaf_000167,fx10,167,P5,5722,0,668914,107833,1814,411,1028,0.0009940966984727836,3,,rejected_for_measurement_local_warp_diagnostic
fx10_leaf_000538,fx10,538,P5,6002,0,669194,108113,1827,412,1029,0.0009982348144639344,3,,rejected_for_measurement_local_warp_diagnostic
fx10_leaf_001563,fx10,1563,P5,136551,0,7225550,1659762,1864,437,1030,0.000998238285456745,3,,rejected_for_measurement_local_warp_diagnostic
fx10_leaf_000542,fx10,542,P5,118660,0,7084452,1624112,1827,468,1031,0.0009984171263295162,3,,rejected_for_measurement_local_warp_diagnostic
fx10_leaf_000529,fx10,529,P5,40882,0,4802548,904892,1827,375,1032,0.0009990548397976428,3,,rejected_for_measurement_local_warp_diagnostic
fx10_leaf_000620,fx10,620,P5,138423,0,7233137,1661990,1830,354,1033,0.0009997662564762467,3,,rejected_for_measurement_local_warp_diagnostic
fx10_leaf_001476,fx10,1476,P5,135316,0,7223470,1657819,1858,457,1034,0.0010013267616707368,3,,rejected_for_measurement_local_warp_diagnostic
fx10_leaf_000220,fx10,220,P5,5695,0,668887,107806,1816,435,1035,0.001002244329515152,3,,rejected_for_measurement_local_warp_diagnostic
fx10_leaf_001345,fx10,1345,P5,136308,0,7225294,1659506,1852,424,1036,0.0010062491656628789,3,,rejected_for_measurement_local_warp_diagnostic
fx10_leaf_001266,fx10,1266,P5,42509,0,4954214,946160,1849,367,1037,0.0010078374842993007,3,,rejected_for_measurement_local_warp_diagnostic
fx10_leaf_000723,fx10,723,P5,128452,0,7135941,1641028,1832,457,1038,0.001007905010537473,3,,rejected_for_measurement_local_warp_diagnostic
fx10_leaf_001423,fx10,1423,P5,152432,1,210571,1721630,1856,402,1039,0.0010098122007402776,3,,rejected_for_measurement_local_warp_diagnostic
fx10_leaf_001310,fx10,1310,P5,42516,0,4954221,946167,1851,369,1040,0.0010134973047237837,3,,rejected_for_measurement_local_warp_diagnostic
fx10_leaf_000460,fx10,460,P5,37592,0,4577113,862381,1824,476,1041,0.0010145877281162227,3,,rejected_for_measurement_local_warp_diagnostic
fx10_leaf_000494,fx10,494,P5,40923,0,4802589,904933,1826,364,1042,0.0010148264498208383,3,,rejected_for_measurement_local_warp_diagnostic
fx10_leaf_000015,fx10,15,P5,15600,0,2452346,438595,1806,394,1043,0.0010168402011320656,3,,rejected_for_measurement_local_warp_diagnostic
fx10_leaf_000901,fx10,901,P5,41236,0,4844815,909319,1837,474,1044,0.0010168848709793097,2,,rejected_for_measurement_local_warp_diagnostic
fx10_leaf_001439,fx10,1439,P5,42551,0,4954256,946202,1857,365,1045,0.0010170946514233715,3,,rejected_for_measurement_local_warp_diagnostic
fx10_leaf_001087,fx10,1087,P5,42499,0,4954204,946150,1843,357,1046,0.0010183623592528032,3,,rejected_for_measurement_local_warp_diagnostic
fx10_leaf_000929,fx10,929,P5,6151,0,669343,108262,1838,434,1047,0.0010200055776618127,3,,rejected_for_measurement_local_warp_diagnostic
fx10_leaf_001031,fx10,1031,P5,136071,0,7225057,1659269,1841,440,1048,0.0010203988616867615,3,,rejected_for_measurement_local_warp_diagnostic
fx10_leaf_000879,fx10,879,P5,137304,0,7226527,1660515,1837,372,1049,0.0010220285798555797,3,,rejected_for_measurement_local_warp_diagnostic
fx10_leaf_000466,fx10,466,P5,40891,0,4802557,904901,1825,364,1050,0.0010230213044625637,3,,rejected_for_measurement_local_warp_diagnostic
fx10_leaf_000746,fx10,746,P5,41002,0,4802668,905012,1833,401,1051,0.0010234652231380461,3,,rejected_for_measurement_local_warp_diagnostic
fx10_leaf_001100,fx10,1100,P5,136165,0,7225151,1659363,1843,421,1052,0.0010234950232416403,3,,rejected_for_measurement_local_warp_diagnostic
fx10_leaf_000214,fx10,214,P5,40656,0,4802322,904666,1816,400,1053,0.0010255493568126536,3,,rejected_for_measurement_local_warp_diagnostic
fx10_leaf_001017,fx10,1017,P5,24124,0,3532319,657716,1841,350,1054,0.0010269124226710133,3,,rejected_for_measurement_local_warp_diagnostic
fx10_leaf_001144,fx10,1144,P5,24181,0,3532376,657773,1845,352,1055,0.0010290312084810015,3,,rejected_for_measurement_local_warp_diagnostic
fx10_leaf_001154,fx10,1154,P5,137445,0,7226668,1660656,1845,398,1056,0.0010309893225402388,3,,rejected_for_measurement_local_warp_diagnostic
fx10_leaf_000219,fx10,219,P5,5672,0,668864,107783,1816,426,1057,0.00103566900389424,3,,rejected_for_measurement_local_warp_diagnostic
fx10_leaf_000276,fx10,276,P5,5767,0,668959,107878,1818,438,1058,0.001036033256538473,3,,rejected_for_measurement_local_warp_diagnostic
fx10_leaf_000378,fx10,378,P5,129318,0,7140167,1642821,1822,405,1059,0.001036863716425213,3,,rejected_for_measurement_local_warp_diagnostic
fx10_leaf_000456,fx10,456,P5,118633,0,7084425,1624085,1824,466,1060,0.0010371031881508186,3,,rejected_for_measurement_local_warp_diagnostic
fx10_leaf_000479,fx10,479,P5,5845,0,669037,107956,1825,440,1061,0.001037252820883276,3,,rejected_for_measurement_local_warp_diagnostic
fx10_leaf_000907,fx10,907,P5,42486,0,4954191,946137,1838,359,1062,0.0010374162477349072,3,,rejected_for_measurement_local_warp_diagnostic
fx10_leaf_000169,fx10,169,P5,119496,0,7086360,1625611,1814,423,1063,0.001038084444470833,3,,rejected_for_measurement_local_warp_diagnostic
fx10_leaf_000427,fx10,427,P5,118637,0,7084429,1624089,1823,464,1064,0.0010390979808305157,3,,rejected_for_measurement_local_warp_diagnostic
fx10_leaf_001101,fx10,1101,P5,136164,0,7225150,1659362,1843,424,1065,0.0010409136595197184,3,,rejected_for_measurement_local_warp_diagnostic
fx10_leaf_001162,fx10,1162,P5,136194,0,7225180,1659392,1845,433,1066,0.001040977355433044,3,,rejected_for_measurement_local_warp_diagnostic
fx10_leaf_000260,fx10,260,P5,40747,0,4802413,904757,1818,370,1067,0.001042438061730633,3,,rejected_for_measurement_local_warp_diagnostic
fx10_leaf_000584,fx10,584,P5,23928,0,3532123,657520,1829,343,1068,0.00104287982233349,3,,rejected_for_measurement_local_warp_diagnostic
fx10_leaf_000984,fx10,984,P5,137389,0,7226612,1660600,1840,381,1069,0.0010438970553163973,3,,rejected_for_measurement_local_warp_diagnostic
fx10_leaf_001312,fx10,1312,P5,137581,0,7226804,1660792,1851,378,1070,0.001044567677811063,3,,rejected_for_measurement_local_warp_diagnostic
fx10_leaf_000170,fx10,170,P5,119491,0,7086355,1625606,1814,424,1071,0.001047726579643284,3,,rejected_for_measurement_local_warp_diagnostic
fx10_leaf_000977,fx10,977,P5,24082,0,3532277,657674,1840,356,1072,0.00104898915134446,3,,rejected_for_measurement_local_warp_diagnostic
fx10_leaf_000362,fx10,362,P5,128318,0,7135796,1640883,1821,452,1073,0.0010509814729468558,3,,rejected_for_measurement_local_warp_diagnostic
fx10_leaf_001329,fx10,1329,P5,134824,0,7222962,1657311,1851,458,1074,0.0010518191977128427,3,,rejected_for_measurement_local_warp_diagnostic
fx10_leaf_000548,fx10,548,P5,37612,0,4577133,862401,1827,484,1075,0.0010525128719278986,3,,rejected_for_measurement_local_warp_diagnostic
fx10_leaf_000948,fx10,948,P5,137335,0,7226558,1660546,1839,373,1076,0.0010571153304081218,3,,rejected_for_measurement_local_warp_diagnostic
fx10_leaf_000906,fx10,906,P5,24083,0,3532278,657675,1838,354,1077,0.001057297580985723,3,,rejected_for_measurement_local_warp_diagnostic
fx10_leaf_000365,fx10,365,P5,118620,0,7084412,1624072,1821,462,1078,0.0010591447567636636,3,,rejected_for_measurement_local_warp_diagnostic
fx10_leaf_000764,fx10,764,P5,118738,0,7084530,1624190,1833,460,1079,0.0010591497568054821,3,,rejected_for_measurement_local_warp_diagnostic
fx10_leaf_000381,fx10,381,P5,5868,0,669060,107979,1822,415,1080,0.0010592900643806938,3,,rejected_for_measurement_local_warp_diagnostic
fx10_leaf_000355,fx10,355,P5,5873,0,669065,107984,1821,411,1081,0.001060367670466908,3,,rejected_for_measurement_local_warp_diagnostic
fx10_leaf_001261,fx10,1261,P5,41330,0,4844912,909416,1848,470,1082,0.001062267019876337,2,,rejected_for_measurement_local_warp_diagnostic
fx10_leaf_000953,fx10,953,P5,137310,0,7226533,1660521,1839,404,1083,0.0010623332699810561,3,,rejected_for_measurement_local_warp_diagnostic
fx10_leaf_000575,fx10,575,P5,128417,0,7135906,1640993,1828,451,1084,0.001064410320163703,3,,rejected_for_measurement_local_warp_diagnostic
fx10_leaf_001415,fx10,1415,P5,134907,0,7223045,1657394,1855,467,1085,0.0010660892186087148,3,,rejected_for_measurement_local_warp_diagnostic
fx10_leaf_000087,fx10,87,P5,119465,0,7086329,1625580,1810,416,1086,0.0010674683337678717,3,,rejected_for_measurement_local_warp_diagnostic
fx10_leaf_000421,fx10,421,P5,5844,0,669036,107955,1823,438,1087,0.0010704062347835453,3,,rejected_for_measurement_local_warp_diagnostic
fx10_leaf_001288,fx10,1288,P5,41342,0,4844930,909434,1849,467,1088,0.0010727132203391407,2,,rejected_for_measurement_local_warp_diagnostic
fx10_leaf_001478,fx10,1478,P5,134840,0,7222978,1657327,1858,468,1089,0.0010727559653181695,3,,rejected_for_measurement_local_warp_diagnostic
fx10_leaf_000982,fx10,982,P5,137365,0,7226588,1660576,1840,372,1090,0.0010743895537178394,3,,rejected_for_measurement_local_warp_diagnostic
fx10_leaf_001171,fx10,1171,P5,41286,0,4844865,909369,1845,455,1091,0.0010759127609368828,3,,rejected_for_measurement_local_warp_diagnostic
fx10_leaf_000850,fx10,850,P5,137285,0,7226508,1660496,1836,399,1092,0.0010770644653980302,3,,rejected_for_measurement_local_warp_diagnostic
fx10_leaf_001250,fx10,1250,P5,136238,0,7225224,1659436,1848,432,1093,0.001077989109323236,3,,rejected_for_measurement_local_warp_diagnostic
fx10_leaf_001578,fx10,1578,P5,136457,0,7225454,1659666,1865,432,1094,0.0010813849899897385,3,,rejected_for_measurement_local_warp_diagnostic
fx10_leaf_000896,fx10,896,P5,128489,0,7135978,1641065,1837,449,1095,0.0010816154172406023,3,,rejected_for_measurement_local_warp_diagnostic
fx10_leaf_001099,fx10,1099,P5,136174,0,7225160,1659372,1843,414,1096,0.001082647632063868,3,,rejected_for_measurement_local_warp_diagnostic
fx10_leaf_001354,fx10,1354,P5,42542,0,4954247,946193,1853,361,1097,0.0010836673218343421,3,,rejected_for_measurement_local_warp_diagnostic
fx10_leaf_000203,fx10,203,P5,119432,0,7086296,1625547,1815,449,1098,0.0010837284417251412,3,,rejected_for_measurement_local_warp_diagnostic
fx10_leaf_000210,fx10,210,P5,40669,0,4802335,904679,1816,386,1099,0.0010846387113417628,3,,rejected_for_measurement_local_warp_diagnostic
fx10_leaf_001289,fx10,1289,P5,8886,0,1093071,167539,1849,480,1100,0.001084851747453938,2,,rejected_for_measurement_local_warp_diagnostic
fx10_leaf_000428,fx10,428,P5,118627,0,7084419,1624079,1823,467,1101,0.0010865558420799163,3,,rejected_for_measurement_local_warp_diagnostic
fx10_leaf_001270,fx10,1270,P5,137556,0,7226779,1660767,1849,377,1102,0.0010866873340294786,3,,rejected_for_measurement_local_warp_diagnostic
fx10_leaf_000705,fx10,705,P5,40938,0,4802604,904948,1832,393,1103,0.001087276655528996,3,,rejected_for_measurement_local_warp_diagnostic
fx10_leaf_001117,fx10,1117,P5,24152,0,3532347,657744,1844,354,1104,0.0010896741953817515,3,,rejected_for_measurement_local_warp_diagnostic
fx10_leaf_000588,fx10,588,P5,137840,0,7232553,1661406,1829,358,1105,0.0010913481559290687,3,,rejected_for_measurement_local_warp_diagnostic
fx10_leaf_000392,fx10,392,P5,118636,0,7084428,1624088,1822,462,1106,0.0010918422149902229,3,,rejected_for_measurement_local_warp_diagnostic
fx10_leaf_000134,fx10,134,P5,119405,0,7086269,1625520,1812,441,1107,0.0010921238883060365,3,,rejected_for_measurement_local_warp_diagnostic
fx10_leaf_001499,fx10,1499,P5,59765,0,6510366,1392061,1860,384,1108,0.0010948018969282331,2,,rejected_for_measurement_local_warp_diagnostic
fx10_leaf_001238,fx10,1238,P5,42519,0,4954224,946170,1848,363,1109,0.0010956860479694422,3,,rejected_for_measurement_local_warp_diagnostic
fx10_leaf_001304,fx10,1304,P5,134826,0,7222964,1657313,1850,458,1110,0.0010982813264135858,3,,rejected_for_measurement_local_warp_diagnostic
fx10_leaf_000480,fx10,480,P5,5876,0,669068,107987,1825,442,1111,0.0010987714942779386,3,,rejected_for_measurement_local_warp_diagnostic
fx10_leaf_000613,fx10,613,P5,37700,0,4577221,862489,1829,479,1112,0.0010995460079071232,3,,rejected_for_measurement_local_warp_diagnostic
fx10_leaf_000799,fx10,799,P5,128460,0,7135949,1641036,1834,456,1113,0.0010996432418129112,3,,rejected_for_measurement_local_warp_diagnostic
fx10_leaf_001535,fx10,1535,P5,59914,0,6510515,1392210,1862,374,1114,0.0011030167423204788,2,,rejected_for_measurement_local_warp_diagnostic
fx10_leaf_000769,fx10,769,P5,24022,0,3532217,657614,1834,349,1115,0.0011034024019615108,3,,rejected_for_measurement_local_warp_diagnostic
fx10_leaf_000226,fx10,226,P5,128292,0,7135770,1640857,1816,456,1116,0.001107454680010347,3,,rejected_for_measurement_local_warp_diagnostic
fx10_leaf_001327,fx10,1327,P5,136216,0,7225202,1659414,1851,449,1117,0.0011079715645376563,3,,rejected_for_measurement_local_warp_diagnostic
fx10_leaf_000675,fx10,675,P5,5993,0,669185,108104,1831,421,1118,0.001109293587153657,3,,rejected_for_measurement_local_warp_diagnostic
fx10_leaf_000918,fx10,918,P5,41032,0,4802698,905042,1838,407,1119,0.0011095739937016203,3,,rejected_for_measurement_local_warp_diagnostic
fx10_leaf_000847,fx10,847,P5,41049,0,4802715,905059,1836,378,1120,0.001109770721608772,3,,rejected_for_measurement_local_warp_diagnostic
fx10_leaf_000883,fx10,883,P5,41000,0,4802666,905010,1837,407,1121,0.0011099681119890435,3,,rejected_for_measurement_local_warp_diagnostic
fx10_leaf_000244,fx10,244,P5,5668,0,668860,107779,1817,428,1122,0.001110135615768364,3,,rejected_for_measurement_local_warp_diagnostic
fx10_leaf_001332,fx10,1332,P5,41341,0,4844928,909432,1851,466,1123,0.0011104037913300285,2,,rejected_for_measurement_local_warp_diagnostic
fx10_leaf_001594,fx10,1594,P5,136678,0,7225677,1659889,1866,424,1124,0.0011113717267783555,3,,rejected_for_measurement_local_warp_diagnostic
fx10_leaf_000949,fx10,949,P5,137332,0,7226555,1660543,1839,375,1125,0.0011114107378814974,3,,rejected_for_measurement_local_warp_diagnostic
fx10_leaf_000976,fx10,976,P5,24087,0,3532282,657679,1840,348,1126,0.001111655925519801,3,,rejected_for_measurement_local_warp_diagnostic
fx10_leaf_001055,fx10,1055,P5,137381,0,7226604,1660592,1842,396,1127,0.0011126618613014885,3,,rejected_for_measurement_local_warp_diagnostic
fx10_leaf_001515,fx10,1515,P5,136282,0,7225268,1659480,1860,452,1128,0.0011138068987892173,3,,rejected_for_measurement_local_warp_diagnostic
fx10_leaf_001007,fx10,1007,P5,6135,0,669327,108246,1840,453,1129,0.0011148205719864676,3,,rejected_for_measurement_local_warp_diagnostic
fx10_leaf_000837,fx10,837,P5,37754,0,4577275,862543,1835,481,1130,0.0011150269389956272,3,,rejected_for_measurement_local_warp_diagnostic
fx10_leaf_000928,fx10,928,P5,6150,0,669342,108261,1838,432,1131,0.0011172156205938185,3,,rejected_for_measurement_local_warp_diagnostic
fx10_leaf_000293,fx10,293,P5,40689,0,4802355,904699,1819,397,1132,0.0011175720299593714,3,,rejected_for_measurement_local_warp_diagnostic
fx10_leaf_001236,fx10,1236,P5,41359,0,4844948,909452,1847,463,1133,0.0011187177777824116,3,,rejected_for_measurement_local_warp_diagnostic
fx10_leaf_000193,fx10,193,P5,5714,0,668906,107825,1815,417,1134,0.001121122296373186,3,,rejected_for_measurement_local_warp_diagnostic
fx10_leaf_001233,fx10,1233,P5,41314,0,4844894,909398,1847,457,1135,0.0011221410266219981,3,,rejected_for_measurement_local_warp_diagnostic
fx10_leaf_000970,fx10,970,P5,41252,0,4844831,909335,1839,461,1136,0.0011244941730631558,3,,rejected_for_measurement_local_warp_diagnostic
fx10_leaf_000691,fx10,691,P5,37702,0,4577223,862491,1831,477,1137,0.001124561820441501,3,,rejected_for_measurement_local_warp_diagnostic
fx10_leaf_001501,fx10,1501,P5,59597,0,6510198,1391893,1860,392,1138,0.001126208830727964,3,,rejected_for_measurement_local_warp_diagnostic
fx10_leaf_000425,fx10,425,P5,128387,0,7135870,1640957,1823,456,1139,0.0011265346531195766,3,,rejected_for_measurement_local_warp_diagnostic
fx10_leaf_000389,fx10,389,P5,128362,0,7135840,1640927,1822,456,1140,0.0011272349649228196,3,,rejected_for_measurement_local_warp_diagnostic
fx10_leaf_000108,fx10,108,P5,711,0,159272,28259,1811,405,1141,0.0011278624872404913,3,,rejected_for_measurement_local_warp_diagnostic
fx10_leaf_000159,fx10,159,P5,40678,0,4802344,904688,1814,375,1142,0.0011306300899407418,3,,rejected_for_measurement_local_warp_diagnostic
fx10_leaf_001083,fx10,1083,P5,8713,0,1092837,167305,1842,481,1143,0.0011347107181349108,2,,rejected_for_measurement_local_warp_diagnostic
fx10_leaf_000309,fx10,309,P5,118612,0,7084404,1624064,1819,460,1144,0.0011347342328320406,3,,rejected_for_measurement_local_warp_diagnostic
fx10_leaf_000986,fx10,986,P5,137341,0,7226564,1660552,1840,404,1145,0.0011366243218029902,3,,rejected_for_measurement_local_warp_diagnostic
fx10_leaf_001553,fx10,1553,P5,136460,0,7225457,1659669,1863,428,1146,0.0011367663424740261,3,,rejected_for_measurement_local_warp_diagnostic
fx10_leaf_000841,fx10,841,P5,24046,0,3532241,657638,1836,354,1147,0.0011395081201712874,3,,rejected_for_measurement_local_warp_diagnostic
fx10_leaf_000710,fx10,710,P5,6064,0,669256,108175,1832,411,1148,0.0011396703201454906,3,,rejected_for_measurement_local_warp_diagnostic
fx10_leaf_000792,fx10,792,P5,6078,0,669270,108189,1834,434,1149,0.001139786274469172,3,,rejected_for_measurement_local_warp_diagnostic
fx10_leaf_001084,fx10,1084,P5,24155,0,3532350,657747,1843,350,1150,0.0011408113062337463,3,,rejected_for_measurement_local_warp_diagnostic
fx10_leaf_000672,fx10,672,P5,6033,0,669225,108144,1831,411,1151,0.0011411966486245763,3,,rejected_for_measurement_local_warp_diagnostic
fx10_leaf_000937,fx10,937,P5,118756,0,7084548,1624208,1838,469,1152,0.001142235932275926,3,,rejected_for_measurement_local_warp_diagnostic
fx10_leaf_000243,fx10,243,P5,5737,0,668929,107848,1817,427,1153,0.001143657793199527,3,,rejected_for_measurement_local_warp_diagnostic
fx10_leaf_000253,fx10,253,P5,118994,0,7084851,1624511,1817,453,1154,0.001144391318357177,3,,rejected_for_measurement_local_warp_diagnostic
fx10_leaf_000902,fx10,902,P5,118751,0,7084543,1624203,1837,475,1155,0.0011455285614048443,3,,rejected_for_measurement_local_warp_diagnostic
fx10_leaf_001066,fx10,1066,P5,136128,0,7225114,1659326,1842,421,1156,0.0011460693615935526,3,,rejected_for_measurement_local_warp_diagnostic
fx10_leaf_001015,fx10,1015,P5,8676,0,1092798,167266,1840,483,1157,0.0011464125331084338,2,,rejected_for_measurement_local_warp_diagnostic
fx10_leaf_000127,fx10,127,P5,5646,0,668838,107757,1812,417,1158,0.0011470939911823316,3,,rejected_for_measurement_local_warp_diagnostic
fx10_leaf_001410,fx10,1410,P5,136214,0,7225200,1659412,1855,450,1159,0.0011479148676252565,3,,rejected_for_measurement_local_warp_diagnostic
fx10_leaf_000828,fx10,828,P5,6113,0,669305,108224,1835,430,1160,0.0011482166648551612,3,,rejected_for_measurement_local_warp_diagnostic
fx10_leaf_000238,fx10,238,P5,40658,0,4802324,904668,1817,396,1161,0.0011495276281277308,3,,rejected_for_measurement_local_warp_diagnostic
fx10_leaf_000872,fx10,872,P5,24047,0,3532242,657639,1837,357,1162,0.0011499277169312089,3,,rejected_for_measurement_local_warp_diagnostic
fx10_leaf_000925,fx10,925,P5,6160,0,669352,108271,1838,424,1163,0.0011502261170930517,3,,rejected_for_measurement_local_warp_diagnostic
fx10_leaf_000566,fx10,566,P5,6004,0,669196,108115,1828,407,1164,0.0011508707801626207,3,,rejected_for_measurement_local_warp_diagnostic
fx10_leaf_001566,fx10,1566,P5,136340,0,7225327,1659539,1864,450,1165,0.0011531285776281918,3,,rejected_for_measurement_local_warp_diagnostic
fx10_leaf_000537,fx10,537,P5,6001,0,669193,108112,1827,410,1166,0.0011567945112432821,3,,rejected_for_measurement_local_warp_diagnostic
fx10_leaf_000116,fx10,116,P5,119374,0,7086238,1625489,1811,441,1167,0.0011579275508650348,3,,rejected_for_measurement_local_warp_diagnostic
fx10_leaf_001072,fx10,1072,P5,136113,0,7225099,1659311,1842,437,1168,0.0011597009481738368,3,,rejected_for_measurement_local_warp_diagnostic
fx10_leaf_001279,fx10,1279,P5,136230,0,7225216,1659428,1849,434,1169,0.0011613447627961512,3,,rejected_for_measurement_local_warp_diagnostic
fx10_leaf_001242,fx10,1242,P5,137551,0,7226774,1660762,1848,379,1170,0.0011621854658417918,3,,rejected_for_measurement_local_warp_diagnostic
fx10_leaf_001009,fx10,1009,P5,128492,0,7135981,1641068,1840,456,1171,0.001162500805901816,3,,rejected_for_measurement_local_warp_diagnostic
fx10_leaf_001491,fx10,1491,P5,136321,0,7225308,1659520,1859,445,1172,0.0011631080110167766,3,,rejected_for_measurement_local_warp_diagnostic
fx10_leaf_000840,fx10,840,P5,24049,0,3532244,657641,1836,350,1173,0.0011688361249871217,3,,rejected_for_measurement_local_warp_diagnostic
fx10_leaf_001176,fx10,1176,P5,41266,0,4844845,909349,1845,468,1174,0.0011702803065608252,3,,rejected_for_measurement_local_warp_diagnostic
fx10_leaf_001185,fx10,1185,P5,137443,0,7226666,1660654,1846,402,1175,0.0011712706712476593,3,,rejected_for_measurement_local_warp_diagnostic
fx10_leaf_001486,fx10,1486,P5,136651,0,7225650,1659862,1859,412,1176,0.001172474087614698,3,,rejected_for_measurement_local_warp_diagnostic
fx10_leaf_000043,fx10,43,P5,119329,0,7086193,1625444,1807,422,1177,0.0011789660853301974,3,,rejected_for_measurement_local_warp_diagnostic
fx10_leaf_000307,fx10,307,P5,5620,0,668812,107731,1819,451,1178,0.0011807881120062455,3,,rejected_for_measurement_local_warp_diagnostic
fx10_leaf_001138,fx10,1138,P5,41318,0,4844898,909402,1844,459,1179,0.001181715523346501,3,,rejected_for_measurement_local_warp_diagnostic
fx10_leaf_000860,fx10,860,P5,128490,0,7135979,1641066,1836,449,1180,0.0011834762844152179,3,,rejected_for_measurement_local_warp_diagnostic
fx10_leaf_000209,fx10,209,P5,40640,0,4802306,904650,1816,385,1181,0.001186838299752257,3,,rejected_for_measurement_local_warp_diagnostic
fx10_leaf_000401,fx10,401,P5,40841,0,4802507,904851,1823,380,1182,0.001189617253598973,3,,rejected_for_measurement_local_warp_diagnostic
fx10_leaf_001507,fx10,1507,P5,136514,0,7225513,1659725,1860,425,1183,0.0011924987946549956,3,,rejected_for_measurement_local_warp_diagnostic
fx10_leaf_000449,fx10,449,P5,5888,0,669080,107999,1824,431,1184,0.001196029983811774,3,,rejected_for_measurement_local_warp_diagnostic
fx10_leaf_000678,fx10,678,P5,6015,0,669207,108126,1831,434,1185,0.0011972793940261389,3,,rejected_for_measurement_local_warp_diagnostic
fx10_leaf_000985,fx10,985,P5,137350,0,7226573,1660561,1840,395,1186,0.0011980497419052747,3,,rejected_for_measurement_local_warp_diagnostic
fx10_leaf_001291,fx10,1291,P5,42523,0,4954228,946174,1850,366,1187,0.0011982166421367429,3,,rejected_for_measurement_local_warp_diagnostic
fx10_leaf_001455,fx10,1455,P5,136254,0,7225240,1659452,1857,453,1188,0.0011996507181591637,3,,rejected_for_measurement_local_warp_diagnostic
fx10_leaf_000200,fx10,200,P5,119476,0,7086340,1625591,1815,439,1189,0.0012031738103350498,3,,rejected_for_measurement_local_warp_diagnostic
fx10_leaf_001494,fx10,1494,P5,136285,0,7225271,1659483,1859,450,1190,0.0012048163438314022,3,,rejected_for_measurement_local_warp_diagnostic
fx10_leaf_001479,fx10,1479,P5,59653,0,6510254,1391949,1859,371,1191,0.0012054749079964645,3,,rejected_for_measurement_local_warp_diagnostic
fx10_leaf_000006,fx10,6,P5,15537,0,2452283,438532,1805,405,1192,0.0012071760233461255,3,,rejected_for_measurement_local_warp_diagnostic
fx10_leaf_000289,fx10,289,P5,40744,0,4802410,904754,1819,376,1193,0.0012088656770990122,3,,rejected_for_measurement_local_warp_diagnostic
fx10_leaf_001362,fx10,1362,P5,136365,0,7225358,1659570,1853,418,1194,0.0012134437859003615,3,,rejected_for_measurement_local_warp_diagnostic
fx10_leaf_000046,fx10,46,P5,119348,0,7086212,1625463,1807,432,1195,0.0012141039080305054,3,,rejected_for_measurement_local_warp_diagnostic
fx10_leaf_000332,fx10,332,P5,5805,0,668997,107916,1820,440,1196,0.001215241219351373,3,,rejected_for_measurement_local_warp_diagnostic
fx10_leaf_000032,fx10,32,P5,15634,0,2452380,438629,1807,387,1197,0.0012153564208791951,3,,rejected_for_measurement_local_warp_diagnostic
fx10_leaf_000715,fx10,715,P5,6012,0,669204,108123,1832,438,1198,0.001216517590134684,3,,rejected_for_measurement_local_warp_diagnostic
fx10_leaf_000320,fx10,320,P5,40773,0,4802439,904783,1820,381,1199,0.0012165782033903812,3,,rejected_for_measurement_local_warp_diagnostic
fx10_leaf_001607,fx10,1607,P5,136717,0,7225716,1659928,1867,422,1200,0.0012169240162726279,3,,rejected_for_measurement_local_warp_diagnostic
fx10_leaf_000804,fx10,804,P5,118725,0,7084517,1624177,1834,477,1201,0.0012169908305464544,3,,rejected_for_measurement_local_warp_diagnostic
fx10_leaf_000639,fx10,639,P5,6035,0,669227,108146,1830,412,1202,0.0012176698438607783,3,,rejected_for_measurement_local_warp_diagnostic
fx10_leaf_000267,fx10,267,P5,129329,0,7140180,1642834,1818,400,1203,0.0012226883651011928,3,,rejected_for_measurement_local_warp_diagnostic
fx10_leaf_001609,fx10,1609,P5,136714,0,7225713,1659925,1867,425,1204,0.0012228126716842672,3,,rejected_for_measurement_local_warp_diagnostic
fx10_leaf_001458,fx10,1458,P5,134839,0,7222977,1657326,1857,466,1205,0.0012228962092057658,3,,rejected_for_measurement_local_warp_diagnostic
fx10_leaf_000999,fx10,999,P5,136077,0,7225063,1659275,1840,432,1206,0.0012230533206781804,3,,rejected_for_measurement_local_warp_diagnostic
fx10_leaf_000325,fx10,325,P5,5834,0,669026,107945,1820,411,1207,0.0012244704076445167,3,,rejected_for_measurement_local_warp_diagnostic
fx10_leaf_000920,fx10,920,P5,136097,0,7225083,1659295,1838,411,1208,0.0012325752795423958,3,,rejected_for_measurement_local_warp_diagnostic
fx10_leaf_001350,fx10,1350,P5,134831,0,7222969,1657318,1852,456,1209,0.0012327600939792767,3,,rejected_for_measurement_local_warp_diagnostic
fx10_leaf_001338,fx10,1338,P5,137538,0,7226761,1660749,1852,397,1210,0.0012363541809529389,3,,rejected_for_measurement_local_warp_diagnostic
fx10_leaf_001103,fx10,1103,P5,136154,0,7225140,1659352,1843,430,1211,0.0012369092149009334,3,,rejected_for_measurement_local_warp_diagnostic
fx10_leaf_001388,fx10,1388,P5,136331,0,7225318,1659530,1854,431,1212,0.001239167505804804,3,,rejected_for_measurement_local_warp_diagnostic
fx10_leaf_000139,fx10,139,P5,40644,0,4802310,904654,1813,371,1213,0.001239540345613852,3,,rejected_for_measurement_local_warp_diagnostic
fx10_leaf_000744,fx10,744,P5,40935,0,4802601,904945,1833,395,1214,0.0012398383587285781,3,,rejected_for_measurement_local_warp_diagnostic
fx10_leaf_000339,fx10,339,P5,118614,0,7084406,1624066,1820,467,1215,0.001240577252024197,3,,rejected_for_measurement_local_warp_diagnostic
fx10_leaf_000664,fx10,664,P5,40904,0,4802570,904914,1831,393,1216,0.0012413563332375128,3,,rejected_for_measurement_local_warp_diagnostic
fx10_leaf_001464,fx10,1464,P5,59637,0,6510238,1391933,1858,386,1217,0.0012416058754340363,3,,rejected_for_measurement_local_warp_diagnostic
fx10_leaf_000688,fx10,688,P5,118718,0,7084510,1624170,1831,462,1218,0.001242104118233893,3,,rejected_for_measurement_local_warp_diagnostic
fx10_leaf_001453,fx10,1453,P5,136382,0,7225379,1659591,1857,429,1219,0.0012438863011473027,3,,rejected_for_measurement_local_warp_diagnostic
fx10_leaf_001359,fx10,1359,P5,136614,0,7225613,1659825,1853,406,1220,0.0012448718501760542,3,,rejected_for_measurement_local_warp_diagnostic
fx10_leaf_000439,fx10,439,P5,40816,0,4802482,904826,1824,375,1221,0.0012462380600532636,3,,rejected_for_measurement_local_warp_diagnostic
fx10_leaf_000233,fx10,233,P5,40710,0,4802376,904720,1817,375,1222,0.0012471184094253443,3,,rejected_for_measurement_local_warp_diagnostic
fx10_leaf_000232,fx10,232,P5,40709,0,4802375,904719,1817,374,1223,0.0012486781188179314,3,,rejected_for_measurement_local_warp_diagnostic
fx10_leaf_001292,fx10,1292,P5,42507,0,4954212,946158,1850,369,1224,0.001248789816473117,3,,rejected_for_measurement_local_warp_diagnostic
fx10_leaf_000264,fx10,264,P5,40738,0,4802404,904748,1818,383,1225,0.0012495774055820187,3,,rejected_for_measurement_local_warp_diagnostic
fx10_leaf_000357,fx10,357,P5,5870,0,669062,107981,1821,415,1226,0.0012507507892833617,3,,rejected_for_measurement_local_warp_diagnostic
fx10_leaf_000154,fx10,154,P5,119436,0,7086300,1625551,1813,439,1227,0.0012507890472114181,3,,rejected_for_measurement_local_warp_diagnostic
fx10_leaf_000484,fx10,484,P5,118644,0,7084436,1624096,1825,468,1228,0.0012509451257244697,3,,rejected_for_measurement_local_warp_diagnostic
fx10_leaf_001263,fx10,1263,P5,8859,0,1093033,167501,1848,481,1229,0.0012543904970653912,2,,rejected_for_measurement_local_warp_diagnostic
fx10_leaf_000832,fx10,832,P5,128465,0,7135954,1641041,1835,454,1230,0.0012554884941658397,3,,rejected_for_measurement_local_warp_diagnostic
fx10_leaf_001459,fx10,1459,P5,134901,0,7223039,1657388,1857,468,1231,0.0012602122980320035,3,,rejected_for_measurement_local_warp_diagnostic
fx10_leaf_001243,fx10,1243,P5,152412,1,210509,1721610,1848,401,1232,0.0012614302005093086,3,,rejected_for_measurement_local_warp_diagnostic
fx10_leaf_000423,fx10,423,P5,128334,0,7135812,1640899,1823,452,1233,0.0012630016166748665,3,,rejected_for_measurement_local_warp_diagnostic
fx10_leaf_001110,fx10,1110,P5,41279,0,4844858,909362,1843,462,1234,0.0012657382325798315,3,,rejected_for_measurement_local_warp_diagnostic
fx10_leaf_000391,fx10,391,P5,118624,0,7084416,1624076,1822,460,1235,0.0012670605587805671,3,,rejected_for_measurement_local_warp_diagnostic
fx10_leaf_000045,fx10,45,P5,119380,0,7086244,1625495,1807,429,1236,0.001268588108127522,3,,rejected_for_measurement_local_warp_diagnostic
fx10_leaf_001416,fx10,1416,P5,41375,0,4844995,909499,1855,469,1237,0.0012709968891383586,2,,rejected_for_measurement_local_warp_diagnostic
fx10_leaf_000477,fx10,477,P5,5933,0,669125,108044,1825,416,1238,0.0012727295101034963,3,,rejected_for_measurement_local_warp_diagnostic
fx10_leaf_000998,fx10,998,P5,136081,0,7225067,1659279,1840,430,1239,0.0012760612261641983,3,,rejected_for_measurement_local_warp_diagnostic
fx10_leaf_001426,fx10,1426,P5,136465,0,7225462,1659674,1856,423,1240,0.0012766213507220464,3,,rejected_for_measurement_local_warp_diagnostic
fx10_leaf_000386,fx10,386,P5,5765,0,668957,107876,1822,447,1241,0.0012775745078281637,3,,rejected_for_measurement_local_warp_diagnostic
fx10_leaf_001558,fx10,1558,P5,59642,0,6510243,1391938,1864,372,1242,0.0012777040836448304,3,,rejected_for_measurement_local_warp_diagnostic
fx10_leaf_000297,fx10,297,P5,5757,0,668949,107868,1819,418,1243,0.001277832769250354,3,,rejected_for_measurement_local_warp_diagnostic
fx10_leaf_001264,fx10,1264,P5,42528,0,4954233,946179,1849,360,1244,0.0012786019475476303,3,,rejected_for_measurement_local_warp_diagnostic
fx10_leaf_001036,fx10,1036,P5,6133,0,669325,108244,1841,452,1245,0.0012801714146361818,3,,rejected_for_measurement_local_warp_diagnostic
fx10_leaf_001184,fx10,1184,P5,137442,0,7226665,1660653,1846,400,1246,0.0012805106886532257,3,,rejected_for_measurement_local_warp_diagnostic
fx10_leaf_001333,fx10,1333,P5,8973,0,1093181,167649,1851,481,1247,0.0012807913025499296,2,,rejected_for_measurement_local_warp_diagnostic
fx10_leaf_000646,fx10,646,P5,5951,0,669143,108062,1830,436,1248,0.0012831217297717948,3,,rejected_for_measurement_local_warp_diagnostic
fx10_leaf_000642,fx10,642,P5,6031,0,669223,108142,1830,417,1249,0.0012834580670119092,3,,rejected_for_measurement_local_warp_diagnostic
fx10_leaf_000895,fx10,895,P5,6100,0,669292,108211,1837,444,1250,0.001283596257028405,3,,rejected_for_measurement_local_warp_diagnostic
fx10_leaf_001591,fx10,1591,P5,136762,0,7225761,1659973,1866,409,1251,0.0012836959190867668,3,,rejected_for_measurement_local_warp_diagnostic
fx10_leaf_001054,fx10,1054,P5,137415,0,7226638,1660626,1842,394,1252,0.0012848281574543573,3,,rejected_for_measurement_local_warp_diagnostic
fx10_leaf_000580,fx10,580,P5,118673,0,7084465,1624125,1828,470,1253,0.0012859930242344116,3,,rejected_for_measurement_local_warp_diagnostic
fx10_leaf_001020,fx10,1020,P5,42492,0,4954197,946143,1841,359,1254,0.0012867416056924405,3,,rejected_for_measurement_local_warp_diagnostic
fx10_leaf_001165,fx10,1165,P5,136149,0,7225135,1659347,1845,440,1255,0.0012872123904060203,3,,rejected_for_measurement_local_warp_diagnostic
fx10_leaf_000913,fx10,913,P5,137299,0,7226522,1660510,1838,378,1256,0.001287348442669551,3,,rejected_for_measurement_local_warp_diagnostic
fx10_leaf_001067,fx10,1067,P5,136163,0,7225149,1659361,1842,423,1257,0.0012921852604519735,3,,rejected_for_measurement_local_warp_diagnostic
fx10_leaf_001313,fx10,1313,P5,152424,1,210539,1721622,1851,400,1258,0.001295698935669837,3,,rejected_for_measurement_local_warp_diagnostic
fx10_leaf_000868,fx10,868,P5,37781,0,4577302,862570,1836,481,1259,0.001296499553306858,3,,rejected_for_measurement_local_warp_diagnostic
fx10_leaf_000968,fx10,968,P5,128487,0,7135976,1641063,1839,456,1260,0.0012972374261863934,3,,rejected_for_measurement_local_warp_diagnostic
fx10_leaf_000798,fx10,798,P5,128453,0,7135942,1641029,1834,454,1261,0.0012990672464017145,3,,rejected_for_measurement_local_warp_diagnostic
fx10_leaf_001121,fx10,1121,P5,137501,0,7226724,1660712,1844,370,1262,0.001299262593025188,3,,rejected_for_measurement_local_warp_diagnostic
fx10_leaf_000845,fx10,845,P5,41053,0,4802719,905063,1836,372,1263,0.0013004800059080595,3,,rejected_for_measurement_local_warp_diagnostic
fx10_leaf_000016,fx10,16,P5,15575,0,2452321,438570,1806,395,1264,0.0013039167194381011,3,,rejected_for_measurement_local_warp_diagnostic
fx10_leaf_000649,fx10,649,P5,128444,0,7135933,1641020,1830,449,1265,0.0013041858860307165,3,,rejected_for_measurement_local_warp_diagnostic
fx10_leaf_001533,fx10,1533,P5,135044,0,7223182,1657531,1861,455,1266,0.0013042390519605695,3,,rejected_for_measurement_local_warp_diagnostic
fx10_leaf_001542,fx10,1542,P5,136345,0,7225334,1659546,1862,448,1267,0.0013051344134064804,3,,rejected_for_measurement_local_warp_diagnostic
fx10_leaf_000754,fx10,754,P5,6077,0,669269,108188,1833,432,1268,0.0013058893085618518,3,,rejected_for_measurement_local_warp_diagnostic
fx10_leaf_000997,fx10,997,P5,136085,0,7225071,1659283,1840,428,1269,0.0013065918348580477,3,,rejected_for_measurement_local_warp_diagnostic
fx10_leaf_001514,fx10,1514,P5,136320,0,7225307,1659519,1860,447,1270,0.0013075137751044673,3,,rejected_for_measurement_local_warp_diagnostic
fx10_leaf_000511,fx10,511,P5,5881,0,669073,107992,1826,438,1271,0.0013109543847216424,3,,rejected_for_measurement_local_warp_diagnostic
fx10_leaf_001295,fx10,1295,P5,136591,0,7225590,1659802,1850,408,1272,0.0013125955619392865,3,,rejected_for_measurement_local_warp_diagnostic
fx10_leaf_000063,fx10,63,P5,40549,0,4802215,904559,1809,386,1273,0.001314123409887225,3,,rejected_for_measurement_local_warp_diagnostic
fx10_leaf_000978,fx10,978,P5,42493,0,4954198,946144,1840,359,1274,0.0013162701056437817,3,,rejected_for_measurement_local_warp_diagnostic
fx10_leaf_000223,fx10,223,P5,128297,0,7135775,1640862,1816,443,1275,0.0013201798565369942,3,,rejected_for_measurement_local_warp_diagnostic
fx10_leaf_000441,fx10,441,P5,40876,0,4802542,904886,1824,379,1276,0.0013209735936515253,3,,rejected_for_measurement_local_warp_diagnostic
fx10_leaf_000457,fx10,457,P5,118645,0,7084437,1624097,1824,469,1277,0.0013210766596016689,3,,rejected_for_measurement_local_warp_diagnostic
fx10_leaf_000558,fx10,558,P5,40948,0,4802614,904958,1828,378,1278,0.0013224646944426034,3,,rejected_for_measurement_local_warp_diagnostic
fx10_leaf_000418,fx10,418,P5,5852,0,669044,107963,1823,431,1279,0.0013228817796405966,3,,rejected_for_measurement_local_warp_diagnostic
fx10_leaf_000714,fx10,714,P5,6046,0,669238,108157,1832,434,1280,0.0013244862126777883,3,,rejected_for_measurement_local_warp_diagnostic
fx10_leaf_000270,fx10,270,P5,129286,0,7140135,1642789,1818,407,1281,0.0013258806837551035,3,,rejected_for_measurement_local_warp_diagnostic
fx10_leaf_000732,fx10,732,P5,154384,1,1306827,1739444,1832,480,1282,0.0013262192281173356,2,,rejected_for_measurement_local_warp_diagnostic
fx10_leaf_001008,fx10,1008,P5,128484,0,7135973,1641060,1840,455,1283,0.0013263576061055102,3,,rejected_for_measurement_local_warp_diagnostic
fx10_leaf_000208,fx10,208,P5,40707,0,4802373,904717,1816,381,1284,0.0013282835682773499,3,,rejected_for_measurement_local_warp_diagnostic
fx10_leaf_000408,fx10,408,P5,40762,0,4802428,904772,1823,397,1285,0.001329633583018696,3,,rejected_for_measurement_local_warp_diagnostic
fx10_leaf_001161,fx10,1161,P5,136199,0,7225185,1659397,1845,425,1286,0.0013302556850405228,3,,rejected_for_measurement_local_warp_diagnostic
fx10_leaf_000962,fx10,962,P5,136079,0,7225065,1659277,1839,432,1287,0.0013307970395366653,3,,rejected_for_measurement_local_warp_diagnostic
fx10_leaf_001057,fx10,1057,P5,137374,0,7226597,1660585,1842,400,1288,0.0013313488640554723,3,,rejected_for_measurement_local_warp_diagnostic
fx10_leaf_000935,fx10,935,P5,41254,0,4844833,909337,1838,461,1289,0.0013332125893782405,2,,rejected_for_measurement_local_warp_diagnostic
fx10_leaf_001030,fx10,1030,P5,136119,0,7225105,1659317,1841,432,1290,0.001337990755862508,3,,rejected_for_measurement_local_warp_diagnostic
fx10_leaf_000434,fx10,434,P5,40857,0,4802523,904867,1824,362,1291,0.0013396530970113802,3,,rejected_for_measurement_local_warp_diagnostic
fx10_leaf_000858,fx10,858,P5,6103,0,669295,108214,1836,443,1292,0.0013400209011600794,3,,rejected_for_measurement_local_warp_diagnostic
fx10_leaf_000455,fx10,455,P5,118652,0,7084444,1624104,1824,463,1293,0.0013433437375929527,3,,rejected_for_measurement_local_warp_diagnostic
fx10_leaf_000077,fx10,77,P5,119371,0,7086235,1625486,1809,442,1294,0.0013458739867299567,3,,rejected_for_measurement_local_warp_diagnostic
fx10_leaf_000424,fx10,424,P5,128385,0,7135868,1640955,1823,454,1295,0.0013490029598544396,3,,rejected_for_measurement_local_warp_diagnostic
fx10_leaf_001267,fx10,1267,P5,42501,0,4954206,946152,1849,369,1296,0.0013493875878721273,3,,rejected_for_measurement_local_warp_diagnostic
fx10_leaf_001534,fx10,1534,P5,135175,0,7223314,1657663,1861,457,1297,0.0013495427114112207,3,,rejected_for_measurement_local_warp_diagnostic
fx10_leaf_000576,fx10,576,P5,118689,0,7084481,1624141,1828,460,1298,0.0013499392799823722,3,,rejected_for_measurement_local_warp_diagnostic
fx10_leaf_001251,fx10,1251,P5,136235,0,7225221,1659433,1848,434,1299,0.0013516274832187484,3,,rejected_for_measurement_local_warp_diagnostic
fx10_leaf_001389,fx10,1389,P5,136328,0,7225315,1659527,1854,432,1300,0.0013543154670745173,3,,rejected_for_measurement_local_warp_diagnostic
fx10_leaf_001583,fx10,1583,P5,136545,0,7225544,1659756,1865,439,1301,0.0013560312831100258,2,,rejected_for_measurement_local_warp_diagnostic
fx10_leaf_001348,fx10,1348,P5,136175,0,7225161,1659373,1852,452,1302,0.0013574800481567435,3,,rejected_for_measurement_local_warp_diagnostic
fx10_leaf_000871,fx10,871,P5,24091,0,3532286,657683,1837,348,1303,0.001359673498529905,3,,rejected_for_measurement_local_warp_diagnostic
fx10_leaf_000084,fx10,84,P5,5650,0,668842,107761,1810,409,1304,0.0013603425054778278,3,,rejected_for_measurement_local_warp_diagnostic
fx10_leaf_000867,fx10,867,P5,118774,0,7084566,1624226,1836,474,1305,0.0013604454464553643,3,,rejected_for_measurement_local_warp_diagnostic
fx10_leaf_001095,fx10,1095,P5,137411,0,7226634,1660622,1843,401,1306,0.0013635696070128983,3,,rejected_for_measurement_local_warp_diagnostic
fx10_leaf_000181,fx10,181,P5,119397,0,7086261,1625512,1814,449,1307,0.00137112359788373,3,,rejected_for_measurement_local_warp_diagnostic
fx10_leaf_001601,fx10,1601,P5,136510,0,7225509,1659721,1866,441,1308,0.0013739058119406969,3,,rejected_for_measurement_local_warp_diagnostic
fx10_leaf_001539,fx10,1539,P5,136396,0,7225393,1659605,1862,440,1309,0.001377001070531649,3,,rejected_for_measurement_local_warp_diagnostic
fx10_leaf_000442,fx10,442,P5,40797,0,4802463,904807,1824,397,1310,0.0013811348058446456,3,,rejected_for_measurement_local_warp_diagnostic
fx10_leaf_001378,fx10,1378,P5,137661,0,7226884,1660872,1854,370,1311,0.0013825288447686683,3,,rejected_for_measurement_local_warp_diagnostic
fx10_leaf_000024,fx10,24,P5,119298,0,7086162,1625413,1806,422,1312,0.0013839041742851235,3,,rejected_for_measurement_local_warp_diagnostic
fx10_leaf_001065,fx10,1065,P5,136168,0,7225154,1659366,1842,418,1313,0.0013848500524115891,3,,rejected_for_measurement_local_warp_diagnostic
fx10_leaf_000310,fx10,310,P5,118605,0,7084397,1624057,1819,463,1314,0.0013861308052292526,3,,rejected_for_measurement_local_warp_diagnostic
fx10_leaf_001011,fx10,1011,P5,41325,0,4844905,909409,1840,465,1315,0.0013862342945783178,2,,rejected_for_measurement_local_warp_diagnostic
fx10_leaf_000376,fx10,376,P5,40772,0,4802438,904782,1822,383,1316,0.001386649757940739,3,,rejected_for_measurement_local_warp_diagnostic
fx10_leaf_001255,fx10,1255,P5,136183,0,7225169,1659381,1848,445,1317,0.0013869015234556875,3,,rejected_for_measurement_local_warp_diagnostic
fx10_leaf_000483,fx10,483,P5,118648,0,7084440,1624100,1825,466,1318,0.0013877846245853205,3,,rejected_for_measurement_local_warp_diagnostic
fx10_leaf_001349,fx10,1349,P5,136176,0,7225162,1659374,1852,454,1319,0.0013891060603855056,3,,rejected_for_measurement_local_warp_diagnostic
fx10_leaf_000143,fx10,143,P5,40643,0,4802309,904653,1813,379,1320,0.0013910947246658031,3,,rejected_for_measurement_local_warp_diagnostic
fx10_leaf_000440,fx10,440,P5,40844,0,4802510,904854,1824,376,1321,0.0013921966770954488,3,,rejected_for_measurement_local_warp_diagnostic
fx10_leaf_000235,fx10,235,P5,40737,0,4802403,904747,1817,381,1322,0.0013930968769971146,3,,rejected_for_measurement_local_warp_diagnostic
fx10_leaf_000174,fx10,174,P5,5663,0,668855,107774,1814,432,1323,0.001393169563740869,3,,rejected_for_measurement_local_warp_diagnostic
fx10_leaf_000319,fx10,319,P5,40784,0,4802450,904794,1820,370,1324,0.0013974202470240801,3,,rejected_for_measurement_local_warp_diagnostic
fx10_leaf_000393,fx10,393,P5,118631,0,7084423,1624083,1822,464,1325,0.0014032079255603238,3,,rejected_for_measurement_local_warp_diagnostic
fx10_leaf_000912,fx10,912,P5,137302,0,7226525,1660513,1838,375,1326,0.001404846235342115,3,,rejected_for_measurement_local_warp_diagnostic
fx10_leaf_000938,fx10,938,P5,41265,0,4844844,909348,1838,472,1327,0.0014056309121447542,2,,rejected_for_measurement_local_warp_diagnostic
fx10_leaf_000185,fx10,185,P5,40675,0,4802341,904685,1815,381,1328,0.0014059010756144444,3,,rejected_for_measurement_local_warp_diagnostic
fx10_leaf_001136,fx10,1136,P5,136061,0,7225047,1659259,1844,451,1329,0.0014079954043106145,3,,rejected_for_measurement_local_warp_diagnostic
fx10_leaf_000149,fx10,149,P5,119454,0,7086318,1625569,1813,424,1330,0.0014111251186107988,3,,rejected_for_measurement_local_warp_diagnostic
fx10_leaf_000599,fx10,599,P5,5998,0,669190,108109,1829,417,1331,0.0014113103022826397,3,,rejected_for_measurement_local_warp_diagnostic
fx10_leaf_000661,fx10,661,P5,41016,0,4802682,905026,1831,380,1332,0.0014170253561544054,3,,rejected_for_measurement_local_warp_diagnostic
fx10_leaf_000933,fx10,933,P5,128486,0,7135975,1641062,1838,454,1333,0.001421620837303564,3,,rejected_for_measurement_local_warp_diagnostic
fx10_leaf_000807,fx10,807,P5,24050,0,3532245,657642,1835,350,1334,0.001421787644602473,3,,rejected_for_measurement_local_warp_diagnostic
fx10_leaf_001433,fx10,1433,P5,134858,0,7222996,1657345,1856,458,1335,0.0014260534150329848,3,,rejected_for_measurement_local_warp_diagnostic
fx10_leaf_000835,fx10,835,P5,118763,0,7084555,1624215,1835,461,1336,0.0014262301838827698,3,,rejected_for_measurement_local_warp_diagnostic
fx10_leaf_000760,fx10,760,P5,128467,0,7135956,1641043,1833,449,1337,0.0014281085319776626,3,,rejected_for_measurement_local_warp_diagnostic
fx10_leaf_001029,fx10,1029,P5,136117,0,7225103,1659315,1841,430,1338,0.0014282453255241463,3,,rejected_for_measurement_local_warp_diagnostic
fx10_leaf_001421,fx10,1421,P5,137681,0,7226904,1660892,1856,380,1339,0.0014304550119542984,3,,rejected_for_measurement_local_warp_diagnostic
fx10_leaf_000099,fx10,99,P5,40581,0,4802247,904591,1811,388,1340,0.0014359514683554698,3,,rejected_for_measurement_local_warp_diagnostic
fx10_leaf_001472,fx10,1472,P5,136379,0,7225376,1659588,1858,433,1341,0.001436141030369704,3,,rejected_for_measurement_local_warp_diagnostic
fx10_leaf_000435,fx10,435,P5,40856,0,4802522,904866,1824,364,1342,0.0014387928474071262,3,,rejected_for_measurement_local_warp_diagnostic
fx10_leaf_000252,fx10,252,P5,119472,0,7086336,1625587,1817,451,1343,0.0014418329738799878,3,,rejected_for_measurement_local_warp_diagnostic
fx10_leaf_000653,fx10,653,P5,154383,1,1306815,1739443,1830,480,1344,0.0014441951049179312,3,,rejected_for_measurement_local_warp_diagnostic
fx10_leaf_000426,fx10,426,P5,118639,0,7084431,1624091,1823,458,1345,0.001445385597877545,3,,rejected_for_measurement_local_warp_diagnostic
fx10_leaf_000375,fx10,375,P5,40807,0,4802473,904817,1822,380,1346,0.0014463472284751838,3,,rejected_for_measurement_local_warp_diagnostic
fx10_leaf_000305,fx10,305,P5,5725,0,668917,107836,1819,446,1347,0.0014467117572064191,3,,rejected_for_measurement_local_warp_diagnostic
fx10_leaf_000326,fx10,326,P5,5832,0,669024,107943,1820,415,1348,0.0014489141068315644,3,,rejected_for_measurement_local_warp_diagnostic
fx10_leaf_001257,fx10,1257,P5,136141,0,7225127,1659339,1848,451,1349,0.0014498778821594035,3,,rejected_for_measurement_local_warp_diagnostic
fx10_leaf_000598,fx10,598,P5,6000,0,669192,108111,1829,411,1350,0.0014517341510774343,3,,rejected_for_measurement_local_warp_diagnostic
fx10_leaf_001468,fx10,1468,P5,136656,0,7225655,1659867,1858,408,1351,0.0014517831589540594,3,,rejected_for_measurement_local_warp_diagnostic
fx10_leaf_001446,fx10,1446,P5,137644,0,7226867,1660855,1857,397,1352,0.0014544572793792048,3,,rejected_for_measurement_local_warp_diagnostic
fx10_leaf_000631,fx10,631,P5,40978,0,4802644,904988,1830,382,1353,0.0014562983515758572,3,,rejected_for_measurement_local_warp_diagnostic
fx10_leaf_000062,fx10,62,P5,40556,0,4802222,904566,1809,379,1354,0.001456480229440985,3,,rejected_for_measurement_local_warp_diagnostic
fx10_leaf_001450,fx10,1450,P5,136634,0,7225633,1659845,1857,413,1355,0.0014598992753175482,3,,rejected_for_measurement_local_warp_diagnostic
fx10_leaf_001125,fx10,1125,P5,137412,0,7226635,1660623,1844,398,1356,0.0014605582320145211,3,,rejected_for_measurement_local_warp_diagnostic
fx10_leaf_001394,fx10,1394,P5,41391,0,4845222,909726,1854,477,1357,0.0014627358921476224,2,,rejected_for_measurement_local_warp_diagnostic
fx10_leaf_001475,fx10,1475,P5,136342,0,7225329,1659541,1858,451,1358,0.0014643757584613293,3,,rejected_for_measurement_local_warp_diagnostic
fx10_leaf_001195,fx10,1195,P5,136197,0,7225183,1659395,1846,432,1359,0.0014653691178216728,3,,rejected_for_measurement_local_warp_diagnostic
fx10_leaf_000385,fx10,385,P5,5843,0,669035,107954,1822,441,1360,0.0014673117429965024,3,,rejected_for_measurement_local_warp_diagnostic
fx10_leaf_000431,fx10,431,P5,138358,0,7233072,1661925,1824,350,1361,0.0014680352145849968,3,,rejected_for_measurement_local_warp_diagnostic
fx10_leaf_001102,fx10,1102,P5,136125,0,7225111,1659323,1843,428,1362,0.0014683207595248546,3,,rejected_for_measurement_local_warp_diagnostic
fx10_leaf_000687,fx10,687,P5,128451,0,7135940,1641027,1831,455,1363,0.001469786126411137,3,,rejected_for_measurement_local_warp_diagnostic
fx10_leaf_000521,fx10,521,P5,138395,0,7233109,1661962,1827,347,1364,0.0014704376242431069,3,,rejected_for_measurement_local_warp_diagnostic
fx10_leaf_000481,fx10,481,P5,128412,0,7135901,1640988,1825,454,1365,0.0014708234747778733,3,,rejected_for_measurement_local_warp_diagnostic
fx10_leaf_000488,fx10,488,P5,154376,1,1306779,1739436,1825,480,1366,0.0014731254654761917,3,,rejected_for_measurement_local_warp_diagnostic
fx10_leaf_001382,fx10,1382,P5,137594,0,7226817,1660805,1854,398,1367,0.0014768073161232787,3,,rejected_for_measurement_local_warp_diagnostic
fx10_leaf_001606,fx10,1606,P5,136721,0,7225720,1659932,1867,421,1368,0.0014804606268873303,3,,rejected_for_measurement_local_warp_diagnostic
fx10_leaf_001498,fx10,1498,P5,59764,0,6510365,1392060,1860,382,1369,0.0014810693110410046,2,,rejected_for_measurement_local_warp_diagnostic
fx10_leaf_001364,fx10,1364,P5,136307,0,7225293,1659505,1853,423,1370,0.0014814785546187986,3,,rejected_for_measurement_local_warp_diagnostic
fx10_leaf_001041,fx10,1041,P5,41297,0,4844876,909380,1841,472,1371,0.0014842106829476912,2,,rejected_for_measurement_local_warp_diagnostic
fx10_leaf_001511,fx10,1511,P5,136375,0,7225372,1659584,1860,438,1372,0.001487332891439321,3,,rejected_for_measurement_local_warp_diagnostic
fx10_leaf_000474,fx10,474,P5,129362,0,7140230,1642884,1825,404,1373,0.0014903675430017363,3,,rejected_for_measurement_local_warp_diagnostic
fx10_leaf_000414,fx10,414,P5,5902,0,669094,108013,1823,417,1374,0.0014968835996212976,3,,rejected_for_measurement_local_warp_diagnostic
fx10_leaf_000283,fx10,283,P5,118594,0,7084386,1624046,1818,463,1375,0.0015003595997649362,3,,rejected_for_measurement_local_warp_diagnostic
fx10_leaf_000304,fx10,304,P5,5768,0,668960,107879,1819,440,1376,0.0015006721304129588,3,,rejected_for_measurement_local_warp_diagnostic
fx10_leaf_000295,fx10,295,P5,129291,0,7140140,1642794,1819,409,1377,0.001501475778091653,3,,rejected_for_measurement_local_warp_diagnostic
fx10_leaf_000098,fx10,98,P5,40610,0,4802276,904620,1811,379,1378,0.001502296207117343,3,,rejected_for_measurement_local_warp_diagnostic
fx10_leaf_001379,fx10,1379,P5,137632,0,7226855,1660843,1854,378,1379,0.001503960331922167,3,,rejected_for_measurement_local_warp_diagnostic
fx10_leaf_001383,fx10,1383,P5,137590,0,7226813,1660801,1854,401,1380,0.0015071420534822242,3,,rejected_for_measurement_local_warp_diagnostic
fx10_leaf_001525,fx10,1525,P5,136519,0,7225518,1659730,1861,423,1381,0.0015083494386898342,3,,rejected_for_measurement_local_warp_diagnostic
fx10_leaf_000402,fx10,402,P5,40808,0,4802474,904818,1823,382,1382,0.0015135700116063059,3,,rejected_for_measurement_local_warp_diagnostic
fx10_leaf_000397,fx10,397,P5,40855,0,4802521,904865,1823,362,1383,0.0015167154649894973,3,,rejected_for_measurement_local_warp_diagnostic
fx10_leaf_001218,fx10,1218,P5,137479,0,7226702,1660690,1847,398,1384,0.001524663128193312,3,,rejected_for_measurement_local_warp_diagnostic
fx10_leaf_000904,fx10,904,P5,37780,0,4577301,862569,1837,481,1385,0.0015354392399822105,3,,rejected_for_measurement_local_warp_diagnostic
fx10_leaf_000352,fx10,352,P5,40720,0,4802386,904730,1821,399,1386,0.0015354487994627308,3,,rejected_for_measurement_local_warp_diagnostic
fx10_leaf_001495,fx10,1495,P5,136343,0,7225330,1659542,1859,453,1387,0.0015434829135688743,3,,rejected_for_measurement_local_warp_diagnostic
fx10_leaf_000713,fx10,713,P5,6050,0,669242,108161,1832,428,1388,0.0015495021461292187,3,,rejected_for_measurement_local_warp_diagnostic
fx10_leaf_000827,fx10,827,P5,6121,0,669313,108232,1835,424,1389,0.0015515438828972486,3,,rejected_for_measurement_local_warp_diagnostic
fx10_leaf_001409,fx10,1409,P5,152395,1,210489,1721593,1855,442,1390,0.0015538065577197907,3,,rejected_for_measurement_local_warp_diagnostic
fx10_leaf_000281,fx10,281,P5,118602,0,7084394,1624054,1818,459,1391,0.0015543656575950965,3,,rejected_for_measurement_local_warp_diagnostic
fx10_leaf_001358,fx10,1358,P5,137567,0,7226790,1660778,1853,398,1392,0.001555140922781093,3,,rejected_for_measurement_local_warp_diagnostic
fx10_leaf_001070,fx10,1070,P5,136118,0,7225104,1659316,1842,432,1393,0.0015595109029010628,3,,rejected_for_measurement_local_warp_diagnostic
fx10_leaf_001166,fx10,1166,P5,136146,0,7225132,1659344,1845,442,1394,0.0015631696632949959,3,,rejected_for_measurement_local_warp_diagnostic
fx10_leaf_000198,fx10,198,P5,5738,0,668930,107849,1815,432,1395,0.0015640630883875344,3,,rejected_for_measurement_local_warp_diagnostic
fx10_leaf_001590,fx10,1590,P5,136766,0,7225765,1659977,1866,407,1396,0.0015675119851304906,3,,rejected_for_measurement_local_warp_diagnostic
fx10_leaf_001227,fx10,1227,P5,136196,0,7225182,1659394,1847,432,1397,0.0015703394557949773,3,,rejected_for_measurement_local_warp_diagnostic
fx10_leaf_001215,fx10,1215,P5,137527,0,7226750,1660738,1847,371,1398,0.0015744264651680777,3,,rejected_for_measurement_local_warp_diagnostic
fx10_leaf_000518,fx10,518,P5,37619,0,4577140,862408,1826,476,1399,0.0015760339455020047,3,,rejected_for_measurement_local_warp_diagnostic
fx10_leaf_001602,fx10,1602,P5,152453,1,210657,1721651,1867,413,1400,0.001577312024154442,3,,rejected_for_measurement_local_warp_diagnostic
fx10_leaf_001014,fx10,1014,P5,8675,0,1092797,167265,1840,482,1401,0.0015804297521031729,2,,rejected_for_measurement_local_warp_diagnostic
fx10_leaf_001302,fx10,1302,P5,136178,0,7225164,1659376,1850,450,1402,0.0015832836989502282,3,,rejected_for_measurement_local_warp_diagnostic
fx10_leaf_001401,fx10,1401,P5,137615,0,7226838,1660826,1855,398,1403,0.0015841775824586137,3,,rejected_for_measurement_local_warp_diagnostic
fx10_leaf_000162,fx10,162,P5,40579,0,4802245,904589,1814,391,1404,0.0015875040393780395,3,,rejected_for_measurement_local_warp_diagnostic
fx10_leaf_000680,fx10,680,P5,5981,0,669173,108092,1831,438,1405,0.0015926619856211385,3,,rejected_for_measurement_local_warp_diagnostic
fx10_leaf_001241,fx10,1241,P5,137557,0,7226780,1660768,1848,377,1406,0.0015940181992011623,3,,rejected_for_measurement_local_warp_diagnostic
fx10_leaf_000870,fx10,870,P5,24090,0,3532285,657682,1837,346,1407,0.0015951175122320652,3,,rejected_for_measurement_local_warp_diagnostic
fx10_leaf_000515,fx10,515,P5,118662,0,7084454,1624114,1826,468,1408,0.0016001706204293081,3,,rejected_for_measurement_local_warp_diagnostic
fx10_leaf_000890,fx10,890,P5,6112,0,669304,108223,1837,432,1409,0.001600501482740046,3,,rejected_for_measurement_local_warp_diagnostic
fx10_leaf_000382,fx10,382,P5,5867,0,669059,107978,1822,417,1410,0.0016010410565626563,3,,rejected_for_measurement_local_warp_diagnostic
fx10_leaf_000574,fx10,574,P5,128434,0,7135923,1641010,1828,445,1411,0.0016013983360775516,3,,rejected_for_measurement_local_warp_diagnostic
fx10_leaf_000259,fx10,259,P5,40752,0,4802418,904762,1818,368,1412,0.0016041462995380414,3,,rejected_for_measurement_local_warp_diagnostic
fx10_leaf_000942,fx10,942,P5,24086,0,3532281,657678,1839,350,1413,0.0016049211466153594,3,,rejected_for_measurement_local_warp_diagnostic
fx10_leaf_000547,fx10,547,P5,37661,0,4577182,862450,1827,483,1414,0.0016062674866950588,3,,rejected_for_measurement_local_warp_diagnostic
fx10_leaf_001140,fx10,1140,P5,41271,0,4844850,909354,1844,464,1415,0.0016086224687786674,3,,rejected_for_measurement_local_warp_diagnostic
fx10_leaf_001324,fx10,1324,P5,152401,1,210495,1721599,1851,436,1416,0.0016169395970799703,3,,rejected_for_measurement_local_warp_diagnostic
fx10_leaf_000027,fx10,27,P5,119347,0,7086211,1625462,1806,430,1417,0.001622399384660753,3,,rejected_for_measurement_local_warp_diagnostic
fx10_leaf_001592,fx10,1592,P5,136764,0,7225763,1659975,1866,410,1418,0.0016271238033036496,3,,rejected_for_measurement_local_warp_diagnostic
fx10_leaf_001564,fx10,1564,P5,136370,0,7225367,1659579,1864,445,1419,0.0016352659505136974,3,,rejected_for_measurement_local_warp_diagnostic
fx10_leaf_001026,fx10,1026,P5,137427,0,7226650,1660638,1841,381,1420,0.0016360903961496977,3,,rejected_for_measurement_local_warp_diagnostic
fx10_leaf_001237,fx10,1237,P5,42520,0,4954225,946171,1848,360,1421,0.0016378092398214843,3,,rejected_for_measurement_local_warp_diagnostic
fx10_leaf_000619,fx10,619,P5,138421,0,7233135,1661988,1830,353,1422,0.0016467643997356172,3,,rejected_for_measurement_local_warp_diagnostic
fx10_leaf_001231,fx10,1231,P5,136144,0,7225130,1659342,1847,446,1423,0.0016478976079370683,3,,rejected_for_measurement_local_warp_diagnostic
fx10_leaf_001477,fx10,1477,P5,134850,0,7222988,1657337,1858,463,1424,0.0016535295353861564,3,,rejected_for_measurement_local_warp_diagnostic
fx10_leaf_000124,fx10,124,P5,706,0,159267,28254,1812,408,1425,0.0016544766871861172,3,,rejected_for_measurement_local_warp_diagnostic
fx10_leaf_000914,fx10,914,P5,137320,0,7226543,1660531,1838,394,1426,0.0016576799342263187,3,,rejected_for_measurement_local_warp_diagnostic
fx10_leaf_001220,fx10,1220,P5,137474,0,7226697,1660685,1847,404,1427,0.001658037360588418,3,,rejected_for_measurement_local_warp_diagnostic
fx10_leaf_001502,fx10,1502,P5,136667,0,7225666,1659878,1860,409,1428,0.0016594468973903324,3,,rejected_for_measurement_local_warp_diagnostic
fx10_leaf_001596,fx10,1596,P5,136456,0,7225453,1659665,1866,432,1429,0.0016748294375249116,3,,rejected_for_measurement_local_warp_diagnostic
fx10_leaf_000324,fx10,324,P5,129324,0,7140173,1642827,1820,404,1430,0.0016757620629978425,3,,rejected_for_measurement_local_warp_diagnostic
fx10_leaf_001214,fx10,1214,P5,42496,0,4954201,946147,1847,369,1431,0.0016760494989249155,3,,rejected_for_measurement_local_warp_diagnostic
fx10_leaf_001010,fx10,1010,P5,41244,0,4844823,909327,1840,463,1432,0.0016770618521785951,2,,rejected_for_measurement_local_warp_diagnostic
fx10_leaf_000453,fx10,453,P5,118655,0,7084447,1624107,1824,458,1433,0.0016785439391603528,3,,rejected_for_measurement_local_warp_diagnostic
fx10_leaf_000277,fx10,277,P5,128314,0,7135792,1640879,1818,443,1434,0.0016791560249435232,3,,rejected_for_measurement_local_warp_diagnostic
fx10_leaf_001314,fx10,1314,P5,136601,0,7225600,1659812,1851,410,1435,0.0016798872807220002,3,,rejected_for_measurement_local_warp_diagnostic
fx10_leaf_000644,fx10,644,P5,6054,0,669246,108165,1830,424,1436,0.0016811990740757904,3,,rejected_for_measurement_local_warp_diagnostic
fx10_leaf_000213,fx10,213,P5,40660,0,4802326,904670,1816,398,1437,0.0016817324577170442,3,,rejected_for_measurement_local_warp_diagnostic
fx10_leaf_001356,fx10,1356,P5,137636,0,7226859,1660847,1853,372,1438,0.0016868211537514244,3,,rejected_for_measurement_local_warp_diagnostic
fx10_leaf_001599,fx10,1599,P5,17207,0,2654546,490504,1866,437,1439,0.0016905674704259497,2,,rejected_for_measurement_local_warp_diagnostic
fx10_leaf_001134,fx10,1134,P5,136110,0,7225096,1659308,1844,442,1440,0.0016908407851220306,3,,rejected_for_measurement_local_warp_diagnostic
fx10_leaf_000089,fx10,89,P5,119447,0,7086311,1625562,1810,430,1441,0.001692743180250275,3,,rejected_for_measurement_local_warp_diagnostic
fx10_leaf_001424,fx10,1424,P5,136637,0,7225636,1659848,1856,411,1442,0.0016946093996491668,3,,rejected_for_measurement_local_warp_diagnostic
fx10_leaf_000505,fx10,505,P5,5974,0,669166,108085,1826,408,1443,0.001694874952007376,3,,rejected_for_measurement_local_warp_diagnostic
fx10_leaf_001139,fx10,1139,P5,41290,0,4844869,909373,1844,462,1444,0.001698129039057518,3,,rejected_for_measurement_local_warp_diagnostic
fx10_leaf_001576,fx10,1576,P5,136682,0,7225681,1659893,1865,418,1445,0.001704919730995,3,,rejected_for_measurement_local_warp_diagnostic
fx10_leaf_001537,fx10,1537,P5,136461,0,7225458,1659670,1862,428,1446,0.0017085073192824969,3,,rejected_for_measurement_local_warp_diagnostic
fx10_leaf_001605,fx10,1605,P5,136720,0,7225719,1659931,1867,419,1447,0.001710355197472392,3,,rejected_for_measurement_local_warp_diagnostic
fx10_leaf_000692,fx10,692,P5,24023,0,3532218,657615,1832,342,1448,0.0017128134543526448,3,,rejected_for_measurement_local_warp_diagnostic
fx10_leaf_001254,fx10,1254,P5,136186,0,7225172,1659384,1848,444,1449,0.0017169407046044621,3,,rejected_for_measurement_local_warp_diagnostic
fx10_leaf_001562,fx10,1562,P5,136459,0,7225456,1659668,1864,428,1450,0.0017179255795111072,3,,rejected_for_measurement_local_warp_diagnostic
fx10_leaf_001461,fx10,1461,P5,42560,0,4954265,946211,1858,365,1451,0.001721935358221543,3,,rejected_for_measurement_local_warp_diagnostic
fx10_leaf_000676,fx10,676,P5,6048,0,669240,108159,1831,430,1452,0.0017219365793028534,3,,rejected_for_measurement_local_warp_diagnostic
fx10_leaf_001485,fx10,1485,P5,136653,0,7225652,1659864,1859,410,1453,0.001726337419318864,3,,rejected_for_measurement_local_warp_diagnostic
fx10_leaf_000795,fx10,795,P5,6067,0,669259,108178,1834,445,1454,0.0017296863581617006,3,,rejected_for_measurement_local_warp_diagnostic
fx10_leaf_000615,fx10,615,P5,23960,0,3532155,657552,1830,342,1455,0.0017342051648905187,3,,rejected_for_measurement_local_warp_diagnostic
fx10_leaf_001447,fx10,1447,P5,137641,0,7226864,1660852,1857,399,1456,0.0017347229945159505,3,,rejected_for_measurement_local_warp_diagnostic
fx10_leaf_000951,fx10,951,P5,137361,0,7226584,1660572,1839,381,1457,0.0017355538294657768,3,,rejected_for_measurement_local_warp_diagnostic
fx10_leaf_000377,fx10,377,P5,40759,0,4802425,904769,1822,399,1458,0.0017378053443785593,3,,rejected_for_measurement_local_warp_diagnostic
fx10_leaf_000712,fx10,712,P5,6087,0,669279,108198,1832,424,1459,0.0017387204301946646,3,,rejected_for_measurement_local_warp_diagnostic
fx10_leaf_000952,fx10,952,P5,137348,0,7226571,1660559,1839,392,1460,0.0017440624709200033,3,,rejected_for_measurement_local_warp_diagnostic
fx10_leaf_001204,fx10,1204,P5,41351,0,4844940,909444,1846,465,1461,0.0017455212883772408,2,,rejected_for_measurement_local_warp_diagnostic
fx10_leaf_001340,fx10,1340,P5,136597,0,7225596,1659808,1852,412,1462,0.0017547931249362343,3,,rejected_for_measurement_local_warp_diagnostic
fx10_leaf_001160,fx10,1160,P5,136243,0,7225229,1659441,1845,423,1463,0.0017562458546748515,3,,rejected_for_measurement_local_warp_diagnostic
fx10_leaf_000110,fx10,110,P5,5676,0,668868,107787,1811,427,1464,0.0017592805941420437,3,,rejected_for_measurement_local_warp_diagnostic
fx10_leaf_000543,fx10,543,P5,118674,0,7084466,1624126,1827,470,1465,0.0017684644886245388,3,,rejected_for_measurement_local_warp_diagnostic
fx10_leaf_001068,fx10,1068,P5,136130,0,7225116,1659328,1842,424,1466,0.0017727246643966532,3,,rejected_for_measurement_local_warp_diagnostic
fx10_leaf_001219,fx10,1219,P5,137476,0,7226699,1660687,1847,400,1467,0.0017845559413202832,3,,rejected_for_measurement_local_warp_diagnostic
fx10_leaf_001058,fx10,1058,P5,137375,0,7226598,1660586,1842,402,1468,0.0017981475253425942,3,,rejected_for_measurement_local_warp_diagnostic
fx10_leaf_001075,fx10,1075,P5,136068,0,7225054,1659266,1842,443,1469,0.001805285969520808,3,,rejected_for_measurement_local_warp_diagnostic
fx10_leaf_001417,fx10,1417,P5,42549,0,4954254,946200,1856,368,1470,0.001813858430079526,3,,rejected_for_measurement_local_warp_diagnostic
fx10_leaf_001216,fx10,1216,P5,137522,0,7226745,1660733,1847,377,1471,0.0018188080445398602,3,,rejected_for_measurement_local_warp_diagnostic
fx10_leaf_000859,fx10,859,P5,6101,0,669293,108212,1836,445,1472,0.0018218719831736543,3,,rejected_for_measurement_local_warp_diagnostic
fx10_leaf_000081,fx10,81,P5,129276,0,7140125,1642779,1810,404,1473,0.0018219218101460607,3,,rejected_for_measurement_local_warp_diagnostic
fx10_leaf_000358,fx10,358,P5,5828,0,669020,107939,1821,418,1474,0.001822808512433041,3,,rejected_for_measurement_local_warp_diagnostic
fx10_leaf_001281,fx10,1281,P5,136184,0,7225170,1659382,1849,442,1475,0.0018244522116995826,3,,rejected_for_measurement_local_warp_diagnostic
fx10_leaf_000790,fx10,790,P5,6118,0,669310,108229,1834,428,1476,0.0018253127695876015,3,,rejected_for_measurement_local_warp_diagnostic
fx10_leaf_000903,fx10,903,P5,118748,0,7084540,1624200,1837,479,1477,0.0018298893200907002,3,,rejected_for_measurement_local_warp_diagnostic
fx10_leaf_000523,fx10,523,P5,138390,0,7233104,1661957,1827,351,1478,0.0018360003120201805,3,,rejected_for_measurement_local_warp_diagnostic
fx10_leaf_000627,fx10,627,P5,40985,0,4802651,904995,1830,373,1479,0.0018405638615816501,3,,rejected_for_measurement_local_warp_diagnostic
fx10_leaf_000927,fx10,927,P5,6152,0,669344,108263,1838,430,1480,0.0018458029979764614,3,,rejected_for_measurement_local_warp_diagnostic
fx10_leaf_001104,fx10,1104,P5,136155,0,7225141,1659353,1843,432,1481,0.0018468141076663804,3,,rejected_for_measurement_local_warp_diagnostic
fx10_leaf_000360,fx10,360,P5,5803,0,668995,107914,1821,445,1482,0.001849541970609473,3,,rejected_for_measurement_local_warp_diagnostic
fx10_leaf_000239,fx10,239,P5,40687,0,4802353,904697,1817,400,1483,0.0018497596293931596,3,,rejected_for_measurement_local_warp_diagnostic
fx10_leaf_000206,fx10,206,P5,40712,0,4802378,904722,1816,370,1484,0.0018519367988388885,3,,rejected_for_measurement_local_warp_diagnostic
fx10_leaf_001547,fx10,1547,P5,137717,0,7226940,1660928,1863,395,1485,0.0018541593960983986,3,,rejected_for_measurement_local_warp_diagnostic
fx10_leaf_001326,fx10,1326,P5,136223,0,7225209,1659421,1851,447,1486,0.0018606021734432078,3,,rejected_for_measurement_local_warp_diagnostic
fx10_leaf_000677,fx10,677,P5,6045,0,669237,108156,1831,432,1487,0.0018634778355509087,3,,rejected_for_measurement_local_warp_diagnostic
fx10_leaf_000004,fx10,4,P5,119267,0,7086131,1625382,1804,424,1488,0.001864639302118905,3,,rejected_for_measurement_local_warp_diagnostic
fx10_leaf_000448,fx10,448,P5,5924,0,669116,108035,1824,427,1489,0.0018648721357804716,3,,rejected_for_measurement_local_warp_diagnostic
fx10_leaf_001428,fx10,1428,P5,152419,1,210526,1721617,1856,435,1490,0.0018659851293577408,3,,rejected_for_measurement_local_warp_diagnostic
fx10_leaf_001550,fx10,1550,P5,136689,0,7225688,1659900,1863,411,1491,0.0018665041322326293,3,,rejected_for_measurement_local_warp_diagnostic
fx10_leaf_001361,fx10,1361,P5,136596,0,7225595,1659807,1853,414,1492,0.0018668168339265423,3,,rejected_for_measurement_local_warp_diagnostic
fx10_leaf_001145,fx10,1145,P5,24182,0,3532377,657774,1845,354,1493,0.0018675319588934316,3,,rejected_for_measurement_local_warp_diagnostic
fx10_leaf_001554,fx10,1554,P5,136372,0,7225369,1659581,1863,447,1494,0.0018728701675000835,3,,rejected_for_measurement_local_warp_diagnostic
fx10_leaf_001376,fx10,1376,P5,41329,0,4844910,909414,1853,468,1495,0.001876232716146065,2,,rejected_for_measurement_local_warp_diagnostic
fx10_leaf_001367,fx10,1367,P5,136302,0,7225288,1659500,1853,431,1496,0.0018830844560876383,3,,rejected_for_measurement_local_warp_diagnostic
fx10_leaf_000158,fx10,158,P5,40680,0,4802346,904690,1814,370,1497,0.001883672338144601,3,,rejected_for_measurement_local_warp_diagnostic
fx10_leaf_000612,fx10,612,P5,154382,1,1306814,1739442,1829,478,1498,0.0018854026530968563,3,,rejected_for_measurement_local_warp_diagnostic
fx10_leaf_000758,fx10,758,P5,6038,0,669230,108149,1833,443,1499,0.0018867276177857166,3,,rejected_for_measurement_local_warp_diagnostic
fx10_leaf_001451,fx10,1451,P5,136498,0,7225495,1659707,1857,419,1500,0.001897293913363133,3,,rejected_for_measurement_local_warp_diagnostic
fx10_leaf_000403,fx10,403,P5,40806,0,4802472,904816,1823,385,1501,0.0019084263808526883,3,,rejected_for_measurement_local_warp_diagnostic
fx10_leaf_001385,fx10,1385,P5,136623,0,7225622,1659834,1854,409,1502,0.0019086562343742497,3,,rejected_for_measurement_local_warp_diagnostic
fx10_leaf_000753,fx10,753,P5,6085,0,669277,108196,1833,424,1503,0.0019127756659887572,3,,rejected_for_measurement_local_warp_diagnostic
fx10_leaf_001198,fx10,1198,P5,136147,0,7225133,1659345,1846,444,1504,0.0019153925149164224,3,,rejected_for_measurement_local_warp_diagnostic
fx10_leaf_001512,fx10,1512,P5,136349,0,7225342,1659554,1860,442,1505,0.001917142609463843,3,,rejected_for_measurement_local_warp_diagnostic
fx10_leaf_000936,fx10,936,P5,41246,0,4844825,909329,1838,463,1506,0.0019228174896107576,2,,rejected_for_measurement_local_warp_diagnostic
fx10_leaf_001584,fx10,1584,P5,136392,0,7225389,1659601,1865,446,1507,0.0019231159729586114,3,,rejected_for_measurement_local_warp_diagnostic
fx10_leaf_000508,fx10,508,P5,5954,0,669146,108065,1826,428,1508,0.0019259030118121902,3,,rejected_for_measurement_local_warp_diagnostic
fx10_leaf_000400,fx10,400,P5,40813,0,4802479,904823,1823,376,1509,0.0019281809043837964,3,,rejected_for_measurement_local_warp_diagnostic
fx10_leaf_001339,fx10,1339,P5,136615,0,7225614,1659826,1852,408,1510,0.0019326181665841743,3,,rejected_for_measurement_local_warp_diagnostic
fx10_leaf_000600,fx10,600,P5,5984,0,669176,108095,1829,432,1511,0.001934408504094324,3,,rejected_for_measurement_local_warp_diagnostic
fx10_leaf_001228,fx10,1228,P5,136198,0,7225184,1659396,1847,434,1512,0.0019348591915301172,3,,rejected_for_measurement_local_warp_diagnostic
fx10_leaf_000462,fx10,462,P5,138359,0,7233073,1661926,1825,349,1513,0.0019421698484251926,3,,rejected_for_measurement_local_warp_diagnostic
fx10_leaf_001518,fx10,1518,P5,59748,0,6510349,1392044,1861,389,1514,0.0019473718086042181,2,,rejected_for_measurement_local_warp_diagnostic
fx10_leaf_001399,fx10,1399,P5,137617,0,7226840,1660828,1855,395,1515,0.0019484934601200063,3,,rejected_for_measurement_local_warp_diagnostic
fx10_leaf_001321,fx10,1321,P5,136304,0,7225290,1659502,1851,430,1516,0.001948858793384029,3,,rejected_for_measurement_local_warp_diagnostic
fx10_leaf_000272,fx10,272,P5,5780,0,668972,107891,1818,423,1517,0.001959970329009969,3,,rejected_for_measurement_local_warp_diagnostic
fx10_leaf_000717,fx10,717,P5,6036,0,669228,108147,1832,443,1518,0.0019632646369883476,3,,rejected_for_measurement_local_warp_diagnostic
fx10_leaf_001131,fx10,1131,P5,136150,0,7225136,1659348,1844,434,1519,0.0019708565116130956,3,,rejected_for_measurement_local_warp_diagnostic
fx10_leaf_000415,fx10,415,P5,5865,0,669057,107976,1823,419,1520,0.0019764351924848904,3,,rejected_for_measurement_local_warp_diagnostic
fx10_leaf_001422,fx10,1422,P5,137616,0,7226839,1660827,1856,401,1521,0.0019767879735226564,3,,rejected_for_measurement_local_warp_diagnostic
fx10_leaf_000075,fx10,75,P5,119449,0,7086313,1625564,1809,428,1522,0.0019841700119847725,3,,rejected_for_measurement_local_warp_diagnostic
fx10_leaf_001503,fx10,1503,P5,136652,0,7225651,1659863,1860,414,1523,0.0019887828196576596,3,,rejected_for_measurement_local_warp_diagnostic
fx10_leaf_001549,fx10,1549,P5,136731,0,7225730,1659942,1863,408,1524,0.001988856118771816,3,,rejected_for_measurement_local_warp_diagnostic
fx10_leaf_001440,fx10,1440,P5,42547,0,4954252,946198,1857,368,1525,0.00198992438174904,3,,rejected_for_measurement_local_warp_diagnostic
fx10_leaf_000831,fx10,831,P5,6065,0,669257,108176,1835,445,1526,0.0020031856649615474,3,,rejected_for_measurement_local_warp_diagnostic
fx10_leaf_001520,fx10,1520,P5,136693,0,7225692,1659904,1861,409,1527,0.0020053185730050413,3,,rejected_for_measurement_local_warp_diagnostic
fx10_leaf_000586,fx10,586,P5,138422,0,7233136,1661989,1829,353,1528,0.002007882123877209,3,,rejected_for_measurement_local_warp_diagnostic
fx10_leaf_001403,fx10,1403,P5,136609,0,7225608,1659820,1855,412,1529,0.0020088011255612473,3,,rejected_for_measurement_local_warp_diagnostic
fx10_leaf_001397,fx10,1397,P5,42540,0,4954245,946191,1855,368,1530,0.0020156125704859753,3,,rejected_for_measurement_local_warp_diagnostic
fx10_leaf_000333,fx10,333,P5,5766,0,668958,107877,1820,445,1531,0.002031597448321004,3,,rejected_for_measurement_local_warp_diagnostic
fx10_leaf_001573,fx10,1573,P5,152447,1,210629,1721645,1865,410,1532,0.0020385330106402672,3,,rejected_for_measurement_local_warp_diagnostic
fx10_leaf_000417,fx10,417,P5,5887,0,669079,107998,1823,429,1533,0.002040287386155609,3,,rejected_for_measurement_local_warp_diagnostic
fx10_leaf_000759,fx10,759,P5,128470,0,7135959,1641046,1833,447,1534,0.002051269367627057,3,,rejected_for_measurement_local_warp_diagnostic
fx10_leaf_000626,fx10,626,P5,40987,0,4802653,904997,1830,372,1535,0.0020609497351029354,3,,rejected_for_measurement_local_warp_diagnostic
fx10_leaf_000520,fx10,520,P5,37669,0,4577190,862458,1826,480,1536,0.0020678196757539643,3,,rejected_for_measurement_local_warp_diagnostic
fx10_leaf_000047,fx10,47,P5,40558,0,4802224,904568,1808,379,1537,0.0020708832156217417,3,,rejected_for_measurement_local_warp_diagnostic
fx10_leaf_001490,fx10,1490,P5,136350,0,7225343,1659555,1859,442,1538,0.0020762076901349566,3,,rejected_for_measurement_local_warp_diagnostic
fx10_leaf_001300,fx10,1300,P5,152400,1,210494,1721598,1850,434,1539,0.0020853281802471917,3,,rejected_for_measurement_local_warp_diagnostic
fx10_leaf_000583,fx10,583,P5,23965,0,3532160,657557,1829,340,1540,0.0020981576017997765,3,,rejected_for_measurement_local_warp_diagnostic
fx10_leaf_000789,fx10,789,P5,6115,0,669307,108226,1834,424,1541,0.0020999355413214753,3,,rejected_for_measurement_local_warp_diagnostic
fx10_leaf_001557,fx10,1557,P5,135111,0,7223249,1657598,1863,453,1542,0.002106354441235268,3,,rejected_for_measurement_local_warp_diagnostic
fx10_leaf_000056,fx10,56,P5,119414,0,7086278,1625529,1808,428,1543,0.002112540248765191,3,,rejected_for_measurement_local_warp_diagnostic
fx10_leaf_000926,fx10,926,P5,152350,1,210388,1721548,1838,426,1544,0.002121617850882696,3,,rejected_for_measurement_local_warp_diagnostic
fx10_leaf_000540,fx10,540,P5,128435,0,7135924,1641011,1827,446,1545,0.0021233899005218323,3,,rejected_for_measurement_local_warp_diagnostic
fx10_leaf_000367,fx10,367,P5,37568,0,4577089,862357,1821,471,1546,0.002129387243208171,3,,rejected_for_measurement_local_warp_diagnostic
fx10_leaf_001283,fx10,1283,P5,136179,0,7225165,1659377,1849,450,1547,0.002137818090711445,3,,rejected_for_measurement_local_warp_diagnostic
fx10_leaf_000905,fx10,905,P5,24081,0,3532276,657673,1838,350,1548,0.002160478145174624,3,,rejected_for_measurement_local_warp_diagnostic
fx10_leaf_001199,fx10,1199,P5,136107,0,7225093,1659305,1846,446,1549,0.002168611611143005,3,,rejected_for_measurement_local_warp_diagnostic
fx10_leaf_001593,fx10,1593,P5,136724,0,7225723,1659935,1866,417,1550,0.002168834169959084,3,,rejected_for_measurement_local_warp_diagnostic
fx10_leaf_001430,fx10,1430,P5,136294,0,7225280,1659492,1856,441,1551,0.0021695710595798696,3,,rejected_for_measurement_local_warp_diagnostic
fx10_leaf_001510,fx10,1510,P5,136376,0,7225373,1659585,1860,435,1552,0.002189901622977501,3,,rejected_for_measurement_local_warp_diagnostic
fx10_leaf_001272,fx10,1272,P5,137507,0,7226730,1660718,1849,398,1553,0.002193857312275356,3,,rejected_for_measurement_local_warp_diagnostic
fx10_leaf_001386,fx10,1386,P5,136606,0,7225605,1659817,1854,416,1554,0.0021974093664171523,3,,rejected_for_measurement_local_warp_diagnostic
fx10_leaf_000559,fx10,559,P5,40910,0,4802576,904920,1828,382,1555,0.002200898758366275,3,,rejected_for_measurement_local_warp_diagnostic
fx10_leaf_001548,fx10,1548,P5,137718,0,7226941,1660929,1863,397,1556,0.0022029227836751816,3,,rejected_for_measurement_local_warp_diagnostic
fx10_leaf_001493,fx10,1493,P5,136284,0,7225270,1659482,1859,449,1557,0.002238940145334045,3,,rejected_for_measurement_local_warp_diagnostic
fx10_leaf_001013,fx10,1013,P5,41231,0,4844810,909314,1840,479,1558,0.0022629758043481965,2,,rejected_for_measurement_local_warp_diagnostic
fx10_leaf_000490,fx10,490,P5,138392,0,7233106,1661959,1826,349,1559,0.0022677867743574427,3,,rejected_for_measurement_local_warp_diagnostic
fx10_leaf_000250,fx10,250,P5,128312,0,7135790,1640877,1817,440,1560,0.002291160494167506,3,,rejected_for_measurement_local_warp_diagnostic
fx10_leaf_000614,fx10,614,P5,37695,0,4577216,862484,1829,482,1561,0.0022946237571084016,3,,rejected_for_measurement_local_warp_diagnostic
fx10_leaf_001252,fx10,1252,P5,136232,0,7225218,1659430,1848,438,1562,0.0022994224176589063,3,,rejected_for_measurement_local_warp_diagnostic
fx10_leaf_001360,fx10,1360,P5,152422,1,210537,1721620,1853,409,1563,0.002300409448698573,3,,rejected_for_measurement_local_warp_diagnostic
fx10_leaf_000164,fx10,164,P5,40575,0,4802241,904585,1814,399,1564,0.002306369955912044,3,,rejected_for_measurement_local_warp_diagnostic
fx10_leaf_001532,fx10,1532,P5,136318,0,7225304,1659516,1861,449,1565,0.0023071233111128086,3,,rejected_for_measurement_local_warp_diagnostic
fx10_leaf_000003,fx10,3,P5,119271,0,7086135,1625386,1804,423,1566,0.0023192715451505045,3,,rejected_for_measurement_local_warp_diagnostic
fx10_leaf_000447,fx10,447,P5,5864,0,669056,107975,1824,419,1567,0.0023239128186908586,3,,rejected_for_measurement_local_warp_diagnostic
fx10_leaf_000916,fx10,916,P5,137313,0,7226536,1660524,1838,400,1568,0.0023263024315685744,3,,rejected_for_measurement_local_warp_diagnostic
fx10_leaf_001368,fx10,1368,P5,136301,0,7225287,1659499,1853,433,1569,0.002346261536490734,3,,rejected_for_measurement_local_warp_diagnostic
fx10_leaf_000165,fx10,165,P5,40570,0,4802236,904580,1814,405,1570,0.0023465018618746853,3,,rejected_for_measurement_local_warp_diagnostic
fx10_leaf_001543,fx10,1543,P5,135110,0,7223248,1657597,1862,454,1571,0.0023595730381153735,3,,rejected_for_measurement_local_warp_diagnostic
fx10_leaf_001135,fx10,1135,P5,136111,0,7225097,1659309,1844,444,1572,0.0023652547311445345,3,,rejected_for_measurement_local_warp_diagnostic
fx10_leaf_000472,fx10,472,P5,40826,0,4802492,904836,1825,399,1573,0.002381082916753647,3,,rejected_for_measurement_local_warp_diagnostic
fx10_leaf_000346,fx10,346,P5,40776,0,4802442,904786,1821,378,1574,0.0023868500673333948,3,,rejected_for_measurement_local_warp_diagnostic
fx10_leaf_000662,fx10,662,P5,40976,0,4802642,904986,1831,387,1575,0.0024058368795206917,3,,rejected_for_measurement_local_warp_diagnostic
fx10_leaf_000550,fx10,550,P5,138424,0,7233138,1661991,1828,351,1576,0.002410951743766574,3,,rejected_for_measurement_local_warp_diagnostic
fx10_leaf_000974,fx10,974,P5,118768,0,7084560,1624220,1839,479,1577,0.0024110782108727196,3,,rejected_for_measurement_local_warp_diagnostic
fx10_leaf_001524,fx10,1524,P5,152434,1,210593,1721632,1861,417,1578,0.0024390471648391508,3,,rejected_for_measurement_local_warp_diagnostic
fx10_leaf_000353,fx10,353,P5,129358,0,7140223,1642877,1821,403,1579,0.0024403144900808763,3,,rejected_for_measurement_local_warp_diagnostic
fx10_leaf_000126,fx10,126,P5,5680,0,668872,107791,1812,414,1580,0.0024627901234025467,3,,rejected_for_measurement_local_warp_diagnostic
fx10_leaf_001522,fx10,1522,P5,136668,0,7225667,1659879,1861,411,1581,0.0024721251581823053,3,,rejected_for_measurement_local_warp_diagnostic
fx10_leaf_001167,fx10,1167,P5,136109,0,7225095,1659307,1845,444,1582,0.002476509362556855,3,,rejected_for_measurement_local_warp_diagnostic
fx10_leaf_001568,fx10,1568,P5,59955,0,6510558,1392253,1865,382,1583,0.0024891421960154124,3,,rejected_for_measurement_local_warp_diagnostic
fx10_leaf_001194,fx10,1194,P5,136201,0,7225187,1659399,1846,430,1584,0.002496252278164517,3,,rejected_for_measurement_local_warp_diagnostic
fx10_leaf_001529,fx10,1529,P5,136399,0,7225396,1659608,1861,438,1585,0.0025293659382888615,3,,rejected_for_measurement_local_warp_diagnostic
fx10_leaf_001528,fx10,1528,P5,136400,0,7225397,1659609,1861,435,1586,0.0025317435388059603,3,,rejected_for_measurement_local_warp_diagnostic
fx10_leaf_001561,fx10,1561,P5,136684,0,7225683,1659895,1864,418,1587,0.0025322817403434757,3,,rejected_for_measurement_local_warp_diagnostic
fx10_leaf_000321,fx10,321,P5,40774,0,4802440,904784,1820,383,1588,0.002543718010214406,3,,rejected_for_measurement_local_warp_diagnostic
fx10_leaf_000237,fx10,237,P5,40635,0,4802301,904645,1817,390,1589,0.0025640798171600305,3,,rejected_for_measurement_local_warp_diagnostic
fx10_leaf_001604,fx10,1604,P5,136760,0,7225759,1659971,1867,416,1590,0.0025721832951868914,3,,rejected_for_measurement_local_warp_diagnostic
fx10_leaf_001513,fx10,1513,P5,136348,0,7225341,1659553,1860,444,1591,0.0025832889118158836,3,,rejected_for_measurement_local_warp_diagnostic
fx10_leaf_001536,fx10,1536,P5,136663,0,7225662,1659874,1862,416,1592,0.0025910692739542305,3,,rejected_for_measurement_local_warp_diagnostic
fx10_leaf_000241,fx10,241,P5,5788,0,668980,107899,1817,421,1593,0.0025930483726075825,3,,rejected_for_measurement_local_warp_diagnostic
fx10_leaf_000915,fx10,915,P5,137316,0,7226539,1660527,1838,398,1594,0.0025994033674207055,3,,rejected_for_measurement_local_warp_diagnostic
fx10_leaf_001521,fx10,1521,P5,152436,1,210596,1721634,1861,410,1595,0.0026165914995977487,3,,rejected_for_measurement_local_warp_diagnostic
fx10_leaf_001462,fx10,1462,P5,42557,0,4954262,946208,1858,367,1596,0.002617047531553091,3,,rejected_for_measurement_local_warp_diagnostic
fx10_leaf_001574,fx10,1574,P5,136687,0,7225686,1659898,1865,413,1597,0.002623331687361991,3,,rejected_for_measurement_local_warp_diagnostic
fx10_leaf_000211,fx10,211,P5,40607,0,4802273,904617,1816,391,1598,0.00266158427852428,3,,rejected_for_measurement_local_warp_diagnostic
fx10_leaf_001526,fx10,1526,P5,136430,0,7225427,1659639,1861,426,1599,0.002691444771072754,3,,rejected_for_measurement_local_warp_diagnostic
fx10_leaf_001575,fx10,1575,P5,152444,1,210624,1721642,1865,414,1600,0.0026925412697577787,2,,rejected_for_measurement_local_warp_diagnostic
fx10_leaf_001240,fx10,1240,P5,137524,0,7226747,1660735,1848,374,1601,0.0027128820748817174,3,,rejected_for_measurement_local_warp_diagnostic
fx10_leaf_001551,fx10,1551,P5,152445,1,210625,1721643,1863,412,1602,0.0027292504917455743,3,,rejected_for_measurement_local_warp_diagnostic
fx10_leaf_001577,fx10,1577,P5,136458,0,7225455,1659667,1865,427,1603,0.002742694944074659,3,,rejected_for_measurement_local_warp_diagnostic
fx10_leaf_001474,fx10,1474,P5,136290,0,7225276,1659488,1858,445,1604,0.002779547851420217,3,,rejected_for_measurement_local_warp_diagnostic
fx10_leaf_001541,fx10,1541,P5,136371,0,7225368,1659580,1862,445,1605,0.0027816848474438776,3,,rejected_for_measurement_local_warp_diagnostic
fx10_leaf_001168,fx10,1168,P5,152360,1,210416,1721558,1845,445,1606,0.0027836756124008308,3,,rejected_for_measurement_local_warp_diagnostic
fx10_leaf_001603,fx10,1603,P5,136761,0,7225760,1659972,1867,415,1607,0.002793098915682263,3,,rejected_for_measurement_local_warp_diagnostic
fx10_leaf_001552,fx10,1552,P5,136688,0,7225687,1659899,1863,414,1608,0.0028817957393239757,3,,rejected_for_measurement_local_warp_diagnostic
fx10_leaf_000345,fx10,345,P5,40815,0,4802481,904825,1821,372,1609,0.0029015169326599287,3,,rejected_for_measurement_local_warp_diagnostic
fx10_leaf_001523,fx10,1523,P5,136648,0,7225647,1659859,1861,414,1610,0.002924081459850488,3,,rejected_for_measurement_local_warp_diagnostic
fx10_leaf_000704,fx10,704,P5,41013,0,4802679,905023,1832,386,1611,0.0029816613001643687,3,,rejected_for_measurement_local_warp_diagnostic
fx10_leaf_001527,fx10,1527,P5,136431,0,7225428,1659640,1861,428,1612,0.0029876699980127827,3,,rejected_for_measurement_local_warp_diagnostic
fx17_leaf_000557,fx17,557,P5,41297,0,4844876,909380,1733,272,1371,0.0014842106829476912,2,,rejected_for_measurement_local_warp_diagnostic
fx17_leaf_000194,fx17,194,P5,118602,0,7084394,1624054,1710,265,1391,0.0015543656575950965,3,,rejected_for_measurement_local_warp_diagnostic
fx17_leaf_000599,fx17,599,P5,136331,0,7225318,1659530,1745,246,1212,0.001239167505804804,3,,rejected_for_measurement_local_warp_diagnostic
fx17_leaf_000038,fx17,38,P5,15629,0,2452375,438624,1700,222,432,0.0005275440301412022,3,,rejected_for_measurement_local_warp_diagnostic
fx17_leaf_000165,fx17,165,P5,128292,0,7135770,1640857,1708,263,1116,0.001107454680010347,3,,rejected_for_measurement_local_warp_diagnostic
fx17_leaf_000242,fx17,242,P5,128324,0,7135802,1640889,1712,265,485,0.0005548671717021235,3,,rejected_for_measurement_local_warp_diagnostic
fx17_leaf_000286,fx17,286,P5,128385,0,7135868,1640955,1714,263,1295,0.0013490029598544396,3,,rejected_for_measurement_local_warp_diagnostic
fx17_leaf_000180,fx17,180,P5,128306,0,7135784,1640871,1709,264,922,0.0008734349442202707,3,,rejected_for_measurement_local_warp_diagnostic
fx17_leaf_000358,fx17,358,P5,5914,0,669106,108025,1718,254,792,0.0007553450304782482,3,,rejected_for_measurement_local_warp_diagnostic
fx17_leaf_000164,fx17,164,P5,128262,0,7135740,1640827,1708,261,834,0.000787403560726318,3,,rejected_for_measurement_local_warp_diagnostic
fx17_leaf_000455,fx17,455,P5,128460,0,7135949,1641036,1725,261,1113,0.0010996432418129112,3,,rejected_for_measurement_local_warp_diagnostic
fx17_leaf_000132,fx17,132,P5,118965,0,7084822,1624482,1706,260,24,0.00016593256602958652,3,,rejected_for_measurement_local_warp_diagnostic
fx17_leaf_000025,fx17,25,P5,15630,0,2452376,438625,1699,223,481,0.0005536036686127237,3,,rejected_for_measurement_local_warp_diagnostic
fx17_leaf_000512,fx17,512,P5,136084,0,7225070,1659282,1729,241,442,0.0005308344357697685,3,,rejected_for_measurement_local_warp_diagnostic
fx17_leaf_000302,fx17,302,P5,40766,0,4802432,904776,1715,224,3,9.60297060630856e-05,3,,rejected_for_measurement_local_warp_diagnostic
fx17_leaf_000052,fx17,52,P5,15658,0,2452404,438653,1701,222,419,0.0005238112257511282,3,,rejected_for_measurement_local_warp_diagnostic
fx17_leaf_000099,fx17,99,P5,119401,0,7086265,1625516,1704,257,164,0.0003423542941314786,3,,rejected_for_measurement_local_warp_diagnostic
fx17_leaf_000467,fx17,467,P5,118731,0,7084523,1624183,1726,272,227,0.00040016073432527245,3,,rejected_for_measurement_local_warp_diagnostic
fx17_leaf_000323,fx17,323,P5,40797,0,4802463,904807,1716,226,1310,0.0013811348058446456,3,,rejected_for_measurement_local_warp_diagnostic
fx17_leaf_000595,fx17,595,P5,136302,0,7225288,1659500,1744,246,1496,0.0018830844560876383,3,,rejected_for_measurement_local_warp_diagnostic
fx17_leaf_000170,fx17,170,P5,40658,0,4802324,904668,1709,225,1161,0.0011495276281277308,3,,rejected_for_measurement_local_warp_diagnostic
fx17_leaf_000131,fx17,131,P5,119397,0,7086261,1625512,1706,259,1307,0.00137112359788373,3,,rejected_for_measurement_local_warp_diagnostic
fx17_leaf_000303,fx17,303,P5,40765,0,4802431,904775,1715,225,561,0.000604022607008668,3,,rejected_for_measurement_local_warp_diagnostic
fx17_leaf_000100,fx17,100,P5,118940,0,7084796,1624456,1704,260,1005,0.0009591550241825163,3,,rejected_for_measurement_local_warp_diagnostic
fx17_leaf_000232,fx17,232,P5,5778,0,668970,107889,1712,247,296,0.00044949731828016046,3,,rejected_for_measurement_local_warp_diagnostic
fx17_leaf_000229,fx17,229,P5,40694,0,4802360,904704,1712,226,493,0.0005593543906048407,3,,rejected_for_measurement_local_warp_diagnostic
fx17_leaf_000256,fx17,256,P5,40724,0,4802390,904734,1713,226,506,0.0005686258540799735,3,,rejected_for_measurement_local_warp_diagnostic
fx17_leaf_000143,fx17,143,P5,119432,0,7086296,1625547,1707,259,1098,0.0010837284417251412,3,,rejected_for_measurement_local_warp_diagnostic
fx17_leaf_000179,fx17,179,P5,128279,0,7135757,1640844,1709,263,180,0.0003527372694574923,3,,rejected_for_measurement_local_warp_diagnostic
fx17_leaf_000142,fx17,142,P5,119473,0,7086337,1625588,1707,257,192,0.00037046774405294017,3,,rejected_for_measurement_local_warp_diagnostic
fx17_leaf_000090,fx17,90,P5,119369,0,7086233,1625484,1703,257,331,0.00047070100644060187,3,,rejected_for_measurement_local_warp_diagnostic
fx17_leaf_000114,fx17,114,P5,119398,0,7086262,1625513,1705,258,232,0.00040211083567265034,3,,rejected_for_measurement_local_warp_diagnostic
fx17_leaf_000130,fx17,130,P5,119433,0,7086297,1625548,1706,257,525,0.0005817268171024961,3,,rejected_for_measurement_local_warp_diagnostic
fx17_leaf_000471,fx17,471,P5,37723,0,4577244,862512,1726,281,781,0.0007462401059914696,3,,rejected_for_measurement_local_warp_diagnostic
fx17_leaf_000426,fx17,426,P5,23959,0,3532154,657551,1724,196,817,0.0007737171020351679,3,,rejected_for_measurement_local_warp_diagnostic
fx17_leaf_000277,fx17,277,P5,40759,0,4802425,904769,1714,227,1458,0.0017378053443785593,3,,rejected_for_measurement_local_warp_diagnostic
fx17_leaf_000115,fx17,115,P5,119399,0,7086263,1625514,1705,259,484,0.000554485354309609,3,,rejected_for_measurement_local_warp_diagnostic
fx17_leaf_000586,fx17,586,P5,136304,0,7225290,1659502,1743,245,1516,0.001948858793384029,3,,rejected_for_measurement_local_warp_diagnostic
fx17_leaf_000344,fx17,344,P5,5876,0,669068,107987,1717,254,1111,0.0010987714942779386,3,,rejected_for_measurement_local_warp_diagnostic
fx17_leaf_000169,fx17,169,P5,40635,0,4802301,904645,1709,221,1589,0.0025640798171600305,3,,rejected_for_measurement_local_warp_diagnostic
fx17_leaf_000152,fx17,152,P5,40630,0,4802296,904640,1708,224,20,0.000155190911583614,3,,rejected_for_measurement_local_warp_diagnostic
fx17_leaf_000497,fx17,497,P5,118753,0,7084545,1624205,1728,271,369,0.0004917290023457871,3,,rejected_for_measurement_local_warp_diagnostic
fx17_leaf_000443,fx17,443,P5,23991,0,3532186,657583,1725,193,443,0.0005309697122624948,3,,rejected_for_measurement_local_warp_diagnostic
fx17_leaf_000372,fx17,372,P5,128434,0,7135923,1641010,1719,256,1411,0.0016013983360775516,3,,rejected_for_measurement_local_warp_diagnostic
fx17_leaf_000373,fx17,373,P5,128435,0,7135924,1641011,1719,257,1545,0.0021233899005218323,3,,rejected_for_measurement_local_warp_diagnostic
fx17_leaf_000530,fx17,530,P5,24086,0,3532281,657678,1731,197,1413,0.0016049211466153594,3,,rejected_for_measurement_local_warp_diagnostic
fx17_leaf_000585,fx17,585,P5,136311,0,7225297,1659509,1743,241,614,0.0006401413257115171,3,,rejected_for_measurement_local_warp_diagnostic
fx17_leaf_000151,fx17,151,P5,40607,0,4802273,904617,1708,222,1598,0.00266158427852428,3,,rejected_for_measurement_local_warp_diagnostic
fx17_leaf_000206,fx17,206,P5,40689,0,4802355,904699,1711,226,1132,0.0011175720299593714,3,,rejected_for_measurement_local_warp_diagnostic
fx17_leaf_000438,fx17,438,P5,118710,0,7084502,1624162,1724,272,53,0.0002323028228017813,3,,rejected_for_measurement_local_warp_diagnostic
fx17_leaf_000500,fx17,500,P5,37779,0,4577300,862568,1728,281,520,0.0005773253799494827,3,,rejected_for_measurement_local_warp_diagnostic
fx17_leaf_000404,fx17,404,P5,40931,0,4802597,904941,1722,228,914,0.0008653024916567422,3,,rejected_for_measurement_local_warp_diagnostic
fx17_leaf_000091,fx17,91,P5,119368,0,7086232,1625483,1703,258,297,0.0004503870474391861,3,,rejected_for_measurement_local_warp_diagnostic
fx17_leaf_000118,fx17,118,P5,40678,0,4802344,904688,1706,211,1142,0.0011306300899407418,3,,rejected_for_measurement_local_warp_diagnostic
fx17_leaf_000466,fx17,466,P5,118736,0,7084528,1624188,1726,271,430,0.0005273256452608578,3,,rejected_for_measurement_local_warp_diagnostic
fx17_leaf_000218,fx17,218,P5,118612,0,7084404,1624064,1711,266,1144,0.0011347342328320406,3,,rejected_for_measurement_local_warp_diagnostic
fx17_leaf_000304,fx17,304,P5,40762,0,4802428,904772,1715,226,1285,0.001329633583018696,3,,rejected_for_measurement_local_warp_diagnostic
fx17_leaf_000117,fx17,117,P5,40680,0,4802346,904690,1706,208,1497,0.001883672338144601,3,,rejected_for_measurement_local_warp_diagnostic
fx17_leaf_000602,fx17,602,P5,136357,0,7225350,1659562,1746,245,269,0.00042828261653946736,3,,rejected_for_measurement_local_warp_diagnostic
fx17_leaf_000594,fx17,594,P5,136335,0,7225322,1659534,1744,244,546,0.0005937413871990336,3,,rejected_for_measurement_local_warp_diagnostic
fx17_leaf_000593,fx17,593,P5,136307,0,7225293,1659505,1744,242,1370,0.0014814785546187986,3,,rejected_for_measurement_local_warp_diagnostic
fx17_leaf_000411,fx17,411,P5,24023,0,3532218,657615,1723,191,1448,0.0017128134543526448,3,,rejected_for_measurement_local_warp_diagnostic
fx17_leaf_000499,fx17,499,P5,37781,0,4577302,862570,1728,280,1259,0.001296499553306858,3,,rejected_for_measurement_local_warp_diagnostic
fx17_leaf_000389,fx17,389,P5,128429,0,7135918,1641005,1720,261,52,0.0002279353190511234,3,,rejected_for_measurement_local_warp_diagnostic
fx17_leaf_000119,fx17,119,P5,40646,0,4802312,904656,1706,212,133,0.0003104824905556057,3,,rejected_for_measurement_local_warp_diagnostic
fx17_leaf_000176,fx17,176,P5,5621,0,668813,107732,1709,258,882,0.0008334436394562772,3,,rejected_for_measurement_local_warp_diagnostic
fx17_leaf_000423,fx17,423,P5,118695,0,7084487,1624147,1723,272,413,0.0005178948107554866,3,,rejected_for_measurement_local_warp_diagnostic
fx17_leaf_000163,fx17,163,P5,5625,0,668817,107736,1708,256,250,0.0004112679722086188,3,,rejected_for_measurement_local_warp_diagnostic
fx17_leaf_000387,fx17,387,P5,5945,0,669137,108056,1720,255,932,0.0008874613069736332,3,,rejected_for_measurement_local_warp_diagnostic
fx17_leaf_000186,fx17,186,P5,129329,0,7140180,1642834,1710,227,1203,0.0012226883651011928,3,,rejected_for_measurement_local_warp_diagnostic
fx17_leaf_000133,fx17,133,P5,40652,0,4802318,904662,1707,207,839,0.000790610845862483,3,,rejected_for_measurement_local_warp_diagnostic
fx17_leaf_000437,fx17,437,P5,118714,0,7084506,1624166,1724,271,428,0.0005262824774986971,3,,rejected_for_measurement_local_warp_diagnostic
fx17_leaf_000257,fx17,257,P5,40720,0,4802386,904730,1713,227,1386,0.0015354487994627308,3,,rejected_for_measurement_local_warp_diagnostic
fx17_leaf_000037,fx17,37,P5,40558,0,4802224,904568,1700,214,1537,0.0020708832156217417,3,,rejected_for_measurement_local_warp_diagnostic
fx17_leaf_000195,fx17,195,P5,118597,0,7084389,1624049,1710,266,1027,0.0009940735603591302,3,,rejected_for_measurement_local_warp_diagnostic
fx17_leaf_000263,fx17,263,P5,5803,0,668995,107914,1713,256,1482,0.001849541970609473,3,,rejected_for_measurement_local_warp_diagnostic
fx17_leaf_000237,fx17,237,P5,5766,0,668958,107877,1712,256,1531,0.002031597448321004,3,,rejected_for_measurement_local_warp_diagnostic
fx17_leaf_000462,fx17,462,P5,6130,0,669322,108241,1726,233,307,0.00045454884788249554,3,,rejected_for_measurement_local_warp_diagnostic
fx17_leaf_000470,fx17,470,P5,37751,0,4577272,862540,1726,280,622,0.0006471412491589848,3,,rejected_for_measurement_local_warp_diagnostic
fx17_leaf_000414,fx17,414,P5,6064,0,669256,108175,1723,233,1148,0.0011396703201454906,3,,rejected_for_measurement_local_warp_diagnostic
fx17_leaf_000192,fx17,192,P5,5688,0,668880,107799,1710,257,949,0.0009014074223752494,3,,rejected_for_measurement_local_warp_diagnostic
fx17_leaf_000177,fx17,177,P5,119472,0,7086336,1625587,1709,260,1343,0.0014418329738799878,3,,rejected_for_measurement_local_warp_diagnostic
fx17_leaf_000484,fx17,484,P5,37754,0,4577275,862543,1727,280,1130,0.0011150269389956272,3,,rejected_for_measurement_local_warp_diagnostic
fx17_leaf_000255,fx17,255,P5,40729,0,4802395,904739,1713,224,123,0.00030014130472366804,3,,rejected_for_measurement_local_warp_diagnostic
fx17_leaf_000193,fx17,193,P5,5655,0,668847,107766,1710,258,304,0.00045287022596731216,3,,rejected_for_measurement_local_warp_diagnostic
fx17_leaf_000003,fx17,3,P5,119332,0,7086196,1625447,1697,238,896,0.0008505684231932957,3,,rejected_for_measurement_local_warp_diagnostic
fx17_leaf_000136,fx17,136,P5,40671,0,4802337,904681,1707,217,1017,0.0009747316368015765,3,,rejected_for_measurement_local_warp_diagnostic
fx17_leaf_000388,fx17,388,P5,5942,0,669134,108053,1720,256,937,0.0008919226469589402,3,,rejected_for_measurement_local_warp_diagnostic
fx17_leaf_000161,fx17,161,P5,5659,0,668851,107770,1708,254,364,0.0004884627349253495,3,,rejected_for_measurement_local_warp_diagnostic
fx17_leaf_000080,fx17,80,P5,40578,0,4802244,904588,1703,222,581,0.0006160154063706151,3,,rejected_for_measurement_local_warp_diagnostic
fx17_leaf_000120,fx17,120,P5,40641,0,4802307,904651,1706,213,893,0.0008447633047658675,3,,rejected_for_measurement_local_warp_diagnostic
fx17_leaf_000214,fx17,214,P5,5725,0,668917,107836,1711,257,1347,0.0014467117572064191,3,,rejected_for_measurement_local_warp_diagnostic
fx17_leaf_000483,fx17,483,P5,118747,0,7084539,1624199,1727,275,214,0.0003918997430293013,3,,rejected_for_measurement_local_warp_diagnostic
fx17_leaf_000135,fx17,135,P5,40675,0,4802341,904685,1707,215,1328,0.0014059010756144444,3,,rejected_for_measurement_local_warp_diagnostic
fx17_leaf_000397,fx17,397,P5,128446,0,7135935,1641022,1721,258,1023,0.0009854199359238722,3,,rejected_for_measurement_local_warp_diagnostic
fx17_leaf_000458,fx17,458,P5,24024,0,3532219,657616,1726,193,125,0.0003018899996493487,3,,rejected_for_measurement_local_warp_diagnostic
fx17_leaf_000425,fx17,425,P5,23962,0,3532157,657554,1724,193,521,0.0005775203393985958,3,,rejected_for_measurement_local_warp_diagnostic
fx17_leaf_000253,fx17,253,P5,40735,0,4802401,904745,1713,222,218,0.00039464277810733335,3,,rejected_for_measurement_local_warp_diagnostic
fx17_leaf_000191,fx17,191,P5,128314,0,7135792,1640879,1710,255,1434,0.0016791560249435232,3,,rejected_for_measurement_local_warp_diagnostic
fx17_leaf_000518,fx17,518,P5,37780,0,4577301,862569,1729,280,1385,0.0015354392399822105,3,,rejected_for_measurement_local_warp_diagnostic
fx17_leaf_000371,fx17,371,P5,5912,0,669104,108023,1719,253,821,0.0007755784288940579,3,,rejected_for_measurement_local_warp_diagnostic
fx17_leaf_000398,fx17,398,P5,128444,0,7135933,1641020,1721,259,1265,0.0013041858860307165,3,,rejected_for_measurement_local_warp_diagnostic
fx17_leaf_000375,fx17,375,P5,138426,0,7233140,1661993,1720,195,100,0.00027669257910397803,3,,rejected_for_measurement_local_warp_diagnostic
fx17_leaf_000168,fx17,168,P5,40702,0,4802368,904712,1709,218,254,0.00041530480269128174,3,,rejected_for_measurement_local_warp_diagnostic
fx17_leaf_000107,fx17,107,P5,40579,0,4802245,904589,1705,222,1404,0.0015875040393780395,3,,rejected_for_measurement_local_warp_diagnostic
fx17_leaf_000314,fx17,314,P5,138362,0,7233076,1661929,1716,194,490,0.0005574260937434977,3,,rejected_for_measurement_local_warp_diagnostic
fx17_leaf_000468,fx17,468,P5,118724,0,7084516,1624176,1726,275,350,0.0004811346259691739,3,,rejected_for_measurement_local_warp_diagnostic
fx17_leaf_000511,fx17,511,P5,6158,0,669350,108269,1729,240,880,0.0008320764449021523,3,,rejected_for_measurement_local_warp_diagnostic
fx17_leaf_000051,fx17,51,P5,15663,0,2452409,438658,1701,221,32,0.0001865943889627788,3,,rejected_for_measurement_local_warp_diagnostic
fx17_leaf_000529,fx17,529,P5,37803,0,4577324,862592,1730,281,394,0.0005060599291141502,3,,rejected_for_measurement_local_warp_diagnostic
fx17_leaf_000205,fx17,205,P5,40664,0,4802330,904674,1711,224,750,0.0007236091391980635,3,,rejected_for_measurement_local_warp_diagnostic
fx17_leaf_000252,fx17,252,P5,40770,0,4802436,904780,1713,220,879,0.0008312905160720945,3,,rejected_for_measurement_local_warp_diagnostic
fx17_leaf_000098,fx17,98,P5,119403,0,7086267,1625518,1704,255,241,0.00040421404690802566,3,,rejected_for_measurement_local_warp_diagnostic
fx17_leaf_000346,fx17,346,P5,138394,0,7233108,1661961,1718,194,382,0.0005025827263179625,3,,rejected_for_measurement_local_warp_diagnostic
fx17_leaf_000621,fx17,621,P5,136663,0,7225662,1659874,1753,237,1592,0.0025910692739542305,3,,rejected_for_measurement_local_warp_diagnostic
fx17_leaf_000108,fx17,108,P5,5651,0,668843,107762,1705,237,165,0.0003430900472586902,3,,rejected_for_measurement_local_warp_diagnostic
fx17_leaf_000357,fx17,357,P5,5878,0,669070,107989,1718,253,950,0.0009024885751842529,3,,rejected_for_measurement_local_warp_diagnostic
fx17_leaf_000312,fx17,312,P5,5842,0,669034,107953,1715,254,501,0.0005662195706379157,3,,rejected_for_measurement_local_warp_diagnostic
fx17_leaf_000606,fx17,606,P5,136355,0,7225348,1659560,1747,247,864,0.0008155206377445503,3,,rejected_for_measurement_local_warp_diagnostic
fx17_leaf_000439,fx17,439,P5,118706,0,7084498,1624158,1724,275,494,0.0005597153475150363,3,,rejected_for_measurement_local_warp_diagnostic
fx17_leaf_000028,fx17,28,P5,119390,0,7086254,1625505,1699,237,280,0.00043798902928902515,3,,rejected_for_measurement_local_warp_diagnostic
fx17_leaf_000128,fx17,128,P5,119478,0,7086342,1625593,1706,253,761,0.0007326334215147663,3,,rejected_for_measurement_local_warp_diagnostic
fx17_leaf_000514,fx17,514,P5,118776,0,7084568,1624228,1729,270,298,0.0004509905512881278,3,,rejected_for_measurement_local_warp_diagnostic
fx17_leaf_000012,fx17,12,P5,119364,0,7086228,1625479,1698,232,299,0.0004511457539387503,3,,rejected_for_measurement_local_warp_diagnostic
fx17_leaf_000283,fx17,283,P5,5843,0,669035,107954,1714,254,1360,0.0014673117429965024,3,,rejected_for_measurement_local_warp_diagnostic
fx17_leaf_000496,fx17,496,P5,118758,0,7084550,1624210,1728,270,527,0.0005829478715162578,3,,rejected_for_measurement_local_warp_diagnostic
fx17_leaf_000178,fx17,178,P5,118994,0,7084851,1624511,1709,261,1154,0.001144391318357177,3,,rejected_for_measurement_local_warp_diagnostic
fx17_leaf_000390,fx17,390,P5,23960,0,3532155,657552,1721,191,1455,0.0017342051648905187,3,,rejected_for_measurement_local_warp_diagnostic
fx17_leaf_000537,fx17,537,P5,6139,0,669331,108250,1731,255,482,0.0005536211026524697,3,,rejected_for_measurement_local_warp_diagnostic
fx17_leaf_000011,fx17,11,P5,15537,0,2452283,438532,1698,231,1192,0.0012071760233461255,3,,rejected_for_measurement_local_warp_diagnostic
fx17_leaf_000284,fx17,284,P5,5765,0,668957,107876,1714,258,1241,0.0012775745078281637,3,,rejected_for_measurement_local_warp_diagnostic
fx17_leaf_000498,fx17,498,P5,118774,0,7084566,1624226,1728,274,1305,0.0013604454464553643,3,,rejected_for_measurement_local_warp_diagnostic
fx17_leaf_000201,fx17,201,P5,40788,0,4802454,904798,1711,206,120,0.00029855726899445374,3,,rejected_for_measurement_local_warp_diagnostic
fx17_leaf_000002,fx17,2,P5,119362,0,7086226,1625477,1697,235,802,0.0007615837209790063,3,,rejected_for_measurement_local_warp_diagnostic
fx17_leaf_000203,fx17,203,P5,40784,0,4802450,904794,1711,208,1324,0.0013974202470240801,3,,rejected_for_measurement_local_warp_diagnostic
fx17_leaf_000287,fx17,287,P5,118624,0,7084416,1624076,1714,266,1235,0.0012670605587805671,3,,rejected_for_measurement_local_warp_diagnostic
fx17_leaf_000528,fx17,528,P5,37802,0,4577323,862591,1730,280,943,0.0008973039158865722,3,,rejected_for_measurement_local_warp_diagnostic
fx17_leaf_000450,fx17,450,P5,6095,0,669287,108206,1725,233,279,0.00043730994615602043,3,,rejected_for_measurement_local_warp_diagnostic
fx17_leaf_000583,fx17,583,P5,136594,0,7225593,1659805,1743,237,322,0.0004652770520010138,3,,rejected_for_measurement_local_warp_diagnostic
fx17_leaf_000181,fx17,181,P5,40751,0,4802417,904761,1710,207,637,0.0006550112423660357,3,,rejected_for_measurement_local_warp_diagnostic
fx17_leaf_000148,fx17,148,P5,40707,0,4802373,904717,1708,216,1284,0.0013282835682773499,3,,rejected_for_measurement_local_warp_diagnostic
fx17_leaf_000587,fx17,587,P5,152399,1,210493,1721597,1743,247,312,0.00045693081127224386,3,,rejected_for_measurement_local_warp_diagnostic
fx17_leaf_000202,fx17,202,P5,40749,0,4802415,904759,1711,207,510,0.0005707916618605087,3,,rejected_for_measurement_local_warp_diagnostic
fx17_leaf_000628,fx17,628,P5,136684,0,7225683,1659895,1755,238,1587,0.0025322817403434757,3,,rejected_for_measurement_local_warp_diagnostic
fx17_leaf_000175,fx17,175,P5,128312,0,7135790,1640877,1709,253,1560,0.002291160494167506,3,,rejected_for_measurement_local_warp_diagnostic
fx17_leaf_000550,fx17,550,P5,8675,0,1092797,167265,1732,280,1401,0.0015804297521031729,2,,rejected_for_measurement_local_warp_diagnostic
fx17_leaf_000089,fx17,89,P5,119400,0,7086264,1625515,1703,255,894,0.0008459138309668603,3,,rejected_for_measurement_local_warp_diagnostic
fx17_leaf_000171,fx17,171,P5,40687,0,4802353,904697,1709,227,1483,0.0018497596293931596,3,,rejected_for_measurement_local_warp_diagnostic
fx17_leaf_000146,fx17,146,P5,40712,0,4802378,904722,1708,208,1484,0.0018519367988388885,3,,rejected_for_measurement_local_warp_diagnostic
fx17_leaf_000264,fx17,264,P5,5724,0,668916,107835,1713,258,654,0.0006623062460276438,3,,rejected_for_measurement_local_warp_diagnostic
fx17_leaf_000015,fx17,15,P5,119363,0,7086227,1625478,1698,236,798,0.000759934062388411,3,,rejected_for_measurement_local_warp_diagnostic
fx17_leaf_000428,fx17,428,P5,6063,0,669255,108174,1724,233,325,0.0004678051054130386,3,,rejected_for_measurement_local_warp_diagnostic
fx17_leaf_000024,fx17,24,P5,15632,0,2452378,438627,1699,220,175,0.00035003757691398873,3,,rejected_for_measurement_local_warp_diagnostic
fx17_leaf_000196,fx17,196,P5,118594,0,7084386,1624046,1710,268,1375,0.0015003595997649362,3,,rejected_for_measurement_local_warp_diagnostic
fx17_leaf_000215,fx17,215,P5,5654,0,668846,107765,1711,259,854,0.0008018890455676232,3,,rejected_for_measurement_local_warp_diagnostic
fx17_leaf_000386,fx17,386,P5,5944,0,669136,108055,1720,253,719,0.0007061137244330401,3,,rejected_for_measurement_local_warp_diagnostic
fx17_leaf_000184,fx17,184,P5,40666,0,4802332,904676,1710,224,524,0.0005810549444973918,3,,rejected_for_measurement_local_warp_diagnostic
fx17_leaf_000016,fx17,16,P5,119361,0,7086225,1625476,1698,238,455,0.0005379514532462516,3,,rejected_for_measurement_local_warp_diagnostic
fx17_leaf_000228,fx17,228,P5,40693,0,4802359,904703,1712,224,550,0.0005964122800699767,3,,rejected_for_measurement_local_warp_diagnostic
fx17_leaf_000047,fx17,47,P5,40561,0,4802227,904571,1701,212,483,0.0005537573791935699,3,,rejected_for_measurement_local_warp_diagnostic
fx17_leaf_000542,fx17,542,P5,8630,0,1092752,167220,1731,281,345,0.0004793183503007867,3,,rejected_for_measurement_local_warp_diagnostic
fx17_leaf_000174,fx17,174,P5,5693,0,668885,107804,1709,251,878,0.0008280744848638926,3,,rejected_for_measurement_local_warp_diagnostic
fx17_leaf_000208,fx17,208,P5,5735,0,668927,107846,1711,247,400,0.0005122843041375544,3,,rejected_for_measurement_local_warp_diagnostic
fx17_leaf_000134,fx17,134,P5,40672,0,4802338,904682,1707,213,386,0.0005031903064599262,3,,rejected_for_measurement_local_warp_diagnostic
fx17_leaf_000238,fx17,238,P5,5686,0,668878,107797,1712,259,82,0.00025849103569128745,3,,rejected_for_measurement_local_warp_diagnostic
fx17_leaf_000149,fx17,149,P5,40640,0,4802306,904650,1708,218,1181,0.001186838299752257,3,,rejected_for_measurement_local_warp_diagnostic
fx17_leaf_000183,fx17,183,P5,40738,0,4802404,904748,1710,217,1225,0.0012495774055820187,3,,rejected_for_measurement_local_warp_diagnostic
fx17_leaf_000162,fx17,162,P5,128297,0,7135775,1640862,1708,255,1275,0.0013201798565369942,3,,rejected_for_measurement_local_warp_diagnostic
fx17_leaf_000188,fx17,188,P5,5733,0,668925,107844,1710,249,743,0.0007181407855411521,3,,rejected_for_measurement_local_warp_diagnostic
fx17_leaf_000105,fx17,105,P5,40612,0,4802278,904622,1705,213,773,0.0007402750383069217,3,,rejected_for_measurement_local_warp_diagnostic
fx17_leaf_000022,fx17,22,P5,15633,0,2452379,438628,1699,218,564,0.0006044482730538016,3,,rejected_for_measurement_local_warp_diagnostic
fx17_leaf_000145,fx17,145,P5,40682,0,4802348,904692,1708,207,84,0.00025894997846785336,3,,rejected_for_measurement_local_warp_diagnostic
fx17_leaf_000014,fx17,14,P5,119392,0,7086256,1625507,1698,235,148,0.00033042402348954755,3,,rejected_for_measurement_local_warp_diagnostic
fx17_leaf_000343,fx17,343,P5,5845,0,669037,107956,1717,253,1061,0.001037252820883276,3,,rejected_for_measurement_local_warp_diagnostic
fx17_leaf_000013,fx17,13,P5,119395,0,7086259,1625510,1698,233,15,0.0001458533351526352,3,,rejected_for_measurement_local_warp_diagnostic
fx17_leaf_000104,fx17,104,P5,40617,0,4802283,904627,1705,212,46,0.00020716463951739704,3,,rejected_for_measurement_local_warp_diagnostic
fx17_leaf_000173,fx17,173,P5,5691,0,668883,107802,1709,250,551,0.0005969002987771369,3,,rejected_for_measurement_local_warp_diagnostic
fx17_leaf_000210,fx17,210,P5,5731,0,668923,107842,1711,249,439,0.0005304208498778874,3,,rejected_for_measurement_local_warp_diagnostic
fx17_leaf_000445,fx17,445,P5,23955,0,3532150,657547,1725,199,585,0.0006191763592636495,3,,rejected_for_measurement_local_warp_diagnostic
fx17_leaf_000141,fx17,141,P5,5627,0,668819,107738,1707,255,172,0.00034822744137515577,3,,rejected_for_measurement_local_warp_diagnostic
fx17_leaf_000153,fx17,153,P5,40660,0,4802326,904670,1708,226,1437,0.0016817324577170442,3,,rejected_for_measurement_local_warp_diagnostic
fx17_leaf_000144,fx17,144,P5,40684,0,4802350,904694,1708,205,102,0.0002775113416290173,3,,rejected_for_measurement_local_warp_diagnostic
fx17_leaf_000167,fx17,167,P5,40737,0,4802403,904747,1709,216,1322,0.0013930968769971146,3,,rejected_for_measurement_local_warp_diagnostic
fx17_leaf_000048,fx17,48,P5,40556,0,4802222,904566,1701,214,1354,0.001456480229440985,3,,rejected_for_measurement_local_warp_diagnostic
fx17_leaf_000597,fx17,597,P5,136606,0,7225605,1659817,1745,237,1554,0.0021974093664171523,3,,rejected_for_measurement_local_warp_diagnostic
fx17_leaf_000209,fx17,209,P5,5730,0,668922,107841,1711,248,458,0.0005404658632220531,3,,rejected_for_measurement_local_warp_diagnostic
fx17_leaf_000327,fx17,327,P5,5847,0,669039,107958,1716,253,770,0.0007388432512579278,3,,rejected_for_measurement_local_warp_diagnostic
fx17_leaf_000631,fx17,631,P5,136766,0,7225765,1659977,1756,229,1396,0.0015675119851304906,3,,rejected_for_measurement_local_warp_diagnostic
fx17_leaf_000023,fx17,23,P5,15634,0,2452380,438629,1699,219,1197,0.0012153564208791951,3,,rejected_for_measurement_local_warp_diagnostic
fx17_leaf_000539,fx17,539,P5,41237,0,4844816,909320,1731,270,868,0.0008188455331535978,3,,rejected_for_measurement_local_warp_diagnostic
fx17_leaf_000160,fx17,160,P5,5689,0,668881,107800,1708,252,799,0.0007601183353615512,3,,rejected_for_measurement_local_warp_diagnostic
fx17_leaf_000601,fx17,601,P5,136360,0,7225353,1659565,1746,244,467,0.0005444991781580304,3,,rejected_for_measurement_local_warp_diagnostic
fx17_leaf_000204,fx17,204,P5,40736,0,4802402,904746,1711,219,217,0.0003943122698637959,3,,rejected_for_measurement_local_warp_diagnostic
fx17_leaf_000410,fx17,410,P5,118701,0,7084493,1624153,1722,267,920,0.0008694936037668954,3,,rejected_for_measurement_local_warp_diagnostic
fx17_leaf_000526,fx17,526,P5,118756,0,7084548,1624208,1730,270,1152,0.001142235932275926,3,,rejected_for_measurement_local_warp_diagnostic
fx17_leaf_000271,fx17,271,P5,40855,0,4802521,904865,1714,204,1383,0.0015167154649894973,3,,rejected_for_measurement_local_warp_diagnostic
fx17_leaf_000436,fx17,436,P5,118713,0,7084505,1624165,1724,270,246,0.0004091237002526917,3,,rejected_for_measurement_local_warp_diagnostic
fx17_leaf_000129,fx17,129,P5,119474,0,7086338,1625589,1706,255,59,0.0002363849590853797,3,,rejected_for_measurement_local_warp_diagnostic
fx17_leaf_000101,fx17,101,P5,40651,0,4802317,904661,1705,206,1018,0.0009755432510672389,3,,rejected_for_measurement_local_warp_diagnostic
fx17_leaf_000189,fx17,189,P5,5727,0,668919,107838,1710,250,67,0.00024643836442870523,3,,rejected_for_measurement_local_warp_diagnostic
fx17_leaf_000150,fx17,150,P5,40669,0,4802335,904679,1708,219,1099,0.0010846387113417628,3,,rejected_for_measurement_local_warp_diagnostic
fx17_leaf_000227,fx17,227,P5,40774,0,4802440,904784,1712,217,1588,0.002543718010214406,3,,rejected_for_measurement_local_warp_diagnostic
fx17_leaf_000294,fx17,294,P5,40853,0,4802519,904863,1715,206,861,0.0008130784279850715,3,,rejected_for_measurement_local_warp_diagnostic
fx17_leaf_000492,fx17,492,P5,6122,0,669314,108233,1728,239,653,0.0006622137290181149,3,,rejected_for_measurement_local_warp_diagnostic
fx17_leaf_000495,fx17,495,P5,128481,0,7135970,1641057,1728,260,694,0.000687528111397286,3,,rejected_for_measurement_local_warp_diagnostic
fx17_leaf_000140,fx17,140,P5,119476,0,7086340,1625591,1707,252,1189,0.0012031738103350498,3,,rejected_for_measurement_local_warp_diagnostic
fx17_leaf_000224,fx17,224,P5,40782,0,4802448,904792,1712,209,608,0.0006353605794746771,3,,rejected_for_measurement_local_warp_diagnostic
fx17_leaf_000106,fx17,106,P5,40643,0,4802309,904653,1705,214,1320,0.0013910947246658031,3,,rejected_for_measurement_local_warp_diagnostic
fx17_leaf_000598,fx17,598,P5,136337,0,7225324,1659536,1745,243,895,0.0008494095145695596,3,,rejected_for_measurement_local_warp_diagnostic
fx17_leaf_000249,fx17,249,P5,40821,0,4802487,904831,1713,205,425,0.0005257962737333181,3,,rejected_for_measurement_local_warp_diagnostic
fx17_leaf_000254,fx17,254,P5,40732,0,4802398,904742,1713,223,959,0.0009125989211420365,3,,rejected_for_measurement_local_warp_diagnostic
fx17_leaf_000559,fx17,559,P5,8677,0,1092799,167267,1733,280,734,0.000712797365404766,2,,rejected_for_measurement_local_warp_diagnostic
fx17_leaf_000139,fx17,139,P5,5657,0,668849,107768,1707,251,187,0.00036057890463796937,3,,rejected_for_measurement_local_warp_diagnostic
fx17_leaf_000578,fx17,578,P5,136585,0,7225584,1659796,1742,237,245,0.00040768060580653357,3,,rejected_for_measurement_local_warp_diagnostic
fx17_leaf_000213,fx17,213,P5,5768,0,668960,107879,1711,253,1376,0.0015006721304129588,3,,rejected_for_measurement_local_warp_diagnostic
fx17_leaf_000004,fx17,4,P5,119330,0,7086194,1625445,1697,239,753,0.0007239354067937537,3,,rejected_for_measurement_local_warp_diagnostic
fx17_leaf_000551,fx17,551,P5,8676,0,1092798,167266,1732,281,1157,0.0011464125331084338,2,,rejected_for_measurement_local_warp_diagnostic
fx17_leaf_000021,fx17,21,P5,15667,0,2452413,438662,1699,217,526,0.000582652919218532,3,,rejected_for_measurement_local_warp_diagnostic
fx17_leaf_000116,fx17,116,P5,40654,0,4802320,904664,1706,205,342,0.000476762815006662,3,,rejected_for_measurement_local_warp_diagnostic
fx17_leaf_000538,fx17,538,P5,41239,0,4844818,909322,1731,269,808,0.0007642142158305197,3,,rejected_for_measurement_local_warp_diagnostic
fx17_leaf_000273,fx17,273,P5,40817,0,4802483,904827,1714,210,446,0.0005335836702246887,3,,rejected_for_measurement_local_warp_diagnostic
fx17_leaf_000190,fx17,190,P5,5767,0,668959,107878,1710,251,1058,0.001036033256538473,3,,rejected_for_measurement_local_warp_diagnostic
fx17_leaf_000276,fx17,276,P5,40772,0,4802438,904782,1714,217,1316,0.001386649757940739,3,,rejected_for_measurement_local_warp_diagnostic
fx17_leaf_000211,fx17,211,P5,5732,0,668924,107843,1711,250,370,0.0004934389121916468,3,,rejected_for_measurement_local_warp_diagnostic
fx17_leaf_000243,fx17,243,P5,118608,0,7084400,1624060,1712,267,948,0.0009012654712725169,3,,rejected_for_measurement_local_warp_diagnostic
fx17_leaf_000236,fx17,236,P5,5805,0,668997,107916,1712,253,1196,0.001215241219351373,3,,rejected_for_measurement_local_warp_diagnostic
fx17_leaf_000200,fx17,200,P5,40790,0,4802456,904800,1711,204,649,0.0006594681431777447,3,,rejected_for_measurement_local_warp_diagnostic
fx17_leaf_000301,fx17,301,P5,40767,0,4802433,904777,1715,222,366,0.0004904988399955888,3,,rejected_for_measurement_local_warp_diagnostic
fx17_leaf_000394,fx17,394,P5,40863,0,4802529,904873,1721,229,537,0.0005906066066051447,3,,rejected_for_measurement_local_warp_diagnostic
fx17_leaf_000451,fx17,451,P5,6093,0,669285,108204,1725,234,575,0.0006119107998259141,3,,rejected_for_measurement_local_warp_diagnostic
fx17_leaf_000442,fx17,442,P5,154384,1,1306827,1739444,1724,279,1282,0.0013262192281173356,2,,rejected_for_measurement_local_warp_diagnostic
fx17_leaf_000262,fx17,262,P5,5772,0,668964,107883,1713,248,139,0.000324081577546355,3,,rejected_for_measurement_local_warp_diagnostic
fx17_leaf_000556,fx17,556,P5,41261,0,4844840,909344,1733,271,838,0.000790262420721798,2,,rejected_for_measurement_local_warp_diagnostic
fx17_leaf_000407,fx17,407,P5,128443,0,7135932,1641019,1722,259,11,0.00012955726870932796,3,,rejected_for_measurement_local_warp_diagnostic
fx17_leaf_000219,fx17,219,P5,118605,0,7084397,1624057,1711,268,1314,0.0013861308052292526,3,,rejected_for_measurement_local_warp_diagnostic
fx17_leaf_000295,fx17,295,P5,40851,0,4802517,904861,1715,208,742,0.0007176810273686537,3,,rejected_for_measurement_local_warp_diagnostic
fx17_leaf_000272,fx17,272,P5,40852,0,4802518,904862,1714,208,740,0.0007172271062100477,3,,rejected_for_measurement_local_warp_diagnostic
fx17_leaf_000548,fx17,548,P5,41270,0,4844849,909353,1732,269,963,0.0009157015149738622,2,,rejected_for_measurement_local_warp_diagnostic
fx17_leaf_000422,fx17,422,P5,118697,0,7084489,1624149,1723,269,336,0.0004739742322940749,3,,rejected_for_measurement_local_warp_diagnostic
fx17_leaf_000199,fx17,199,P5,40789,0,4802455,904799,1711,203,435,0.000528748920908748,3,,rejected_for_measurement_local_warp_diagnostic
fx17_leaf_000465,fx17,465,P5,118763,0,7084555,1624215,1726,265,1336,0.0014262301838827698,3,,rejected_for_measurement_local_warp_diagnostic
fx17_leaf_000212,fx17,212,P5,5728,0,668920,107839,1711,252,562,0.0006040386067369258,3,,rejected_for_measurement_local_warp_diagnostic
fx17_leaf_000103,fx17,103,P5,40615,0,4802281,904625,1705,210,376,0.0004971505389881366,3,,rejected_for_measurement_local_warp_diagnostic
fx17_leaf_000007,fx17,7,P5,119267,0,7086131,1625382,1697,243,1488,0.001864639302118905,3,,rejected_for_measurement_local_warp_diagnostic
fx17_leaf_000629,fx17,629,P5,136458,0,7225455,1659667,1755,243,1603,0.002742694944074659,3,,rejected_for_measurement_local_warp_diagnostic
fx17_leaf_000456,fx17,456,P5,118734,0,7084526,1624186,1725,269,739,0.0007160632952340321,3,,rejected_for_measurement_local_warp_diagnostic
fx17_leaf_000345,fx17,345,P5,128412,0,7135901,1640988,1717,262,1365,0.0014708234747778733,3,,rejected_for_measurement_local_warp_diagnostic
fx17_leaf_000001,fx17,1,P5,119366,0,7086230,1625481,1697,233,203,0.00037996359981910864,3,,rejected_for_measurement_local_warp_diagnostic
fx17_leaf_000318,fx17,318,P5,40854,0,4802520,904864,1716,206,807,0.0007639317234859297,3,,rejected_for_measurement_local_warp_diagnostic
fx17_leaf_000225,fx17,225,P5,40815,0,4802481,904825,1712,210,1609,0.0029015169326599287,3,,rejected_for_measurement_local_warp_diagnostic
fx17_leaf_000248,fx17,248,P5,40822,0,4802488,904832,1713,204,976,0.0009287053587683138,3,,rejected_for_measurement_local_warp_diagnostic
fx17_leaf_000233,fx17,233,P5,5773,0,668965,107884,1712,249,498,0.0005621468009443106,3,,rejected_for_measurement_local_warp_diagnostic
fx17_leaf_000147,fx17,147,P5,40706,0,4802372,904716,1708,214,891,0.0008423416001899876,3,,rejected_for_measurement_local_warp_diagnostic
fx17_leaf_000469,fx17,469,P5,118725,0,7084517,1624177,1726,277,1201,0.0012169908305464544,3,,rejected_for_measurement_local_warp_diagnostic
fx17_leaf_000336,fx17,336,P5,40826,0,4802492,904836,1717,227,1573,0.002381082916753647,3,,rejected_for_measurement_local_warp_diagnostic
fx17_leaf_000154,fx17,154,P5,40656,0,4802322,904666,1708,227,1053,0.0010255493568126536,3,,rejected_for_measurement_local_warp_diagnostic
fx17_leaf_000515,fx17,515,P5,41236,0,4844815,909319,1729,274,1044,0.0010168848709793097,2,,rejected_for_measurement_local_warp_diagnostic
fx17_leaf_000488,fx17,488,P5,24046,0,3532241,657638,1728,199,1147,0.0011395081201712874,3,,rejected_for_measurement_local_warp_diagnostic
fx17_leaf_000633,fx17,633,P5,136682,0,7225681,1659893,1756,237,1445,0.001704919730995,3,,rejected_for_measurement_local_warp_diagnostic
fx17_leaf_000050,fx17,50,P5,15662,0,2452408,438657,1701,219,760,0.0007324716300218454,3,,rejected_for_measurement_local_warp_diagnostic
fx17_leaf_000010,fx17,10,P5,15595,0,2452341,438590,1698,230,759,0.0007322038838242436,3,,rejected_for_measurement_local_warp_diagnostic
fx17_leaf_000222,fx17,222,P5,40786,0,4802452,904796,1712,207,127,0.0003040025060014438,3,,rejected_for_measurement_local_warp_diagnostic
fx17_leaf_000604,fx17,604,P5,136637,0,7225636,1659848,1747,233,1442,0.0016946093996491668,3,,rejected_for_measurement_local_warp_diagnostic
fx17_leaf_000049,fx17,49,P5,40549,0,4802215,904559,1701,218,1273,0.001314123409887225,3,,rejected_for_measurement_local_warp_diagnostic
fx17_leaf_000293,fx17,293,P5,40856,0,4802522,904866,1715,205,1342,0.0014387928474071262,3,,rejected_for_measurement_local_warp_diagnostic
fx17_leaf_000421,fx17,421,P5,118718,0,7084510,1624170,1723,267,1218,0.001242104118233893,3,,rejected_for_measurement_local_warp_diagnostic
fx17_leaf_000589,fx17,589,P5,136596,0,7225595,1659807,1744,236,1492,0.0018668168339265423,3,,rejected_for_measurement_local_warp_diagnostic
fx17_leaf_000292,fx17,292,P5,40857,0,4802523,904867,1715,204,1291,0.0013396530970113802,3,,rejected_for_measurement_local_warp_diagnostic
fx17_leaf_000482,fx17,482,P5,128480,0,7135969,1641056,1727,258,930,0.0008860004291320687,3,,rejected_for_measurement_local_warp_diagnostic
fx17_leaf_000516,fx17,516,P5,118751,0,7084543,1624203,1729,275,1155,0.0011455285614048443,3,,rejected_for_measurement_local_warp_diagnostic
fx17_leaf_000282,fx17,282,P5,5807,0,668999,107918,1714,252,543,0.000592324589846528,3,,rejected_for_measurement_local_warp_diagnostic
fx17_leaf_000185,fx17,185,P5,129310,0,7140159,1642813,1710,226,378,0.0004993439909084115,3,,rejected_for_measurement_local_warp_diagnostic
fx17_leaf_000435,fx17,435,P5,118712,0,7084504,1624164,1724,269,405,0.0005150268844103039,3,,rejected_for_measurement_local_warp_diagnostic
fx17_leaf_000234,fx17,234,P5,5775,0,668967,107886,1712,250,902,0.0008520333132414244,3,,rejected_for_measurement_local_warp_diagnostic
fx17_leaf_000079,fx17,79,P5,40547,0,4802213,904557,1703,221,357,0.00048535182411561654,3,,rejected_for_measurement_local_warp_diagnostic
fx17_leaf_000198,fx17,198,P5,137830,0,7232543,1661396,1711,202,588,0.000620813756696657,3,,rejected_for_measurement_local_warp_diagnostic
fx17_leaf_000223,fx17,223,P5,40787,0,4802453,904797,1712,208,565,0.0006050489878130072,3,,rejected_for_measurement_local_warp_diagnostic
fx17_leaf_000235,fx17,235,P5,5770,0,668962,107881,1712,252,583,0.0006170394799875673,3,,rejected_for_measurement_local_warp_diagnostic
fx17_leaf_000506,fx17,506,P5,42474,0,4954179,946125,1729,204,286,0.0004422464904920226,3,,rejected_for_measurement_local_warp_diagnostic
fx17_leaf_000066,fx17,66,P5,40585,0,4802251,904595,1702,214,338,0.0004750884271345848,3,,rejected_for_measurement_local_warp_diagnostic
fx17_leaf_000457,fx17,457,P5,37729,0,4577250,862518,1725,276,823,0.0007759984562507572,3,,rejected_for_measurement_local_warp_diagnostic
fx17_leaf_000627,fx17,627,P5,59862,0,6510463,1392158,1755,212,169,0.00034641811560403023,2,,rejected_for_measurement_local_warp_diagnostic
fx17_leaf_000517,fx17,517,P5,118748,0,7084540,1624200,1729,278,1477,0.0018298893200907002,3,,rejected_for_measurement_local_warp_diagnostic
fx17_leaf_000268,fx17,268,P5,118620,0,7084412,1624072,1713,267,1078,0.0010591447567636636,3,,rejected_for_measurement_local_warp_diagnostic
fx17_leaf_000624,fx17,624,P5,136461,0,7225458,1659670,1753,245,1446,0.0017085073192824969,3,,rejected_for_measurement_local_warp_diagnostic
fx17_leaf_000634,fx17,634,P5,136680,0,7225679,1659891,1756,242,804,0.0007630496879905895,3,,rejected_for_measurement_local_warp_diagnostic
fx17_leaf_000077,fx17,77,P5,40610,0,4802276,904620,1703,214,1378,0.001502296207117343,3,,rejected_for_measurement_local_warp_diagnostic
fx17_leaf_000533,fx17,533,P5,42479,0,4954184,946130,1731,204,140,0.0003254693494058776,3,,rejected_for_measurement_local_warp_diagnostic
fx17_leaf_000250,fx17,250,P5,40819,0,4802485,904829,1713,207,132,0.00030925048805024535,3,,rejected_for_measurement_local_warp_diagnostic
fx17_leaf_000040,fx17,40,P5,119391,0,7086255,1625506,1700,238,277,0.0004356319604631497,3,,rejected_for_measurement_local_warp_diagnostic
fx17_leaf_000316,fx17,316,P5,40925,0,4802591,904935,1716,202,237,0.00040323804829124616,3,,rejected_for_measurement_local_warp_diagnostic
fx17_leaf_000440,fx17,440,P5,37731,0,4577252,862520,1724,276,951,0.0009028831816868513,3,,rejected_for_measurement_local_warp_diagnostic
fx17_leaf_000073,fx17,73,P5,119372,0,7086236,1625487,1702,255,186,0.0003590323495810723,3,,rejected_for_measurement_local_warp_diagnostic
fx17_leaf_000584,fx17,584,P5,136313,0,7225299,1659511,1743,239,651,0.0006607454056636793,3,,rejected_for_measurement_local_warp_diagnostic
fx17_leaf_000510,fx17,510,P5,6164,0,669356,108275,1729,239,611,0.0006395817183070345,3,,rejected_for_measurement_local_warp_diagnostic
fx17_leaf_000288,fx17,288,P5,118636,0,7084428,1624088,1714,267,1106,0.0010918422149902229,3,,rejected_for_measurement_local_warp_diagnostic
fx17_leaf_000065,fx17,65,P5,40560,0,4802226,904570,1702,211,63,0.0002431856794066136,3,,rejected_for_measurement_local_warp_diagnostic
fx17_leaf_000350,fx17,350,P5,40834,0,4802500,904844,1718,223,829,0.0007785723693158146,3,,rejected_for_measurement_local_warp_diagnostic
fx17_leaf_000300,fx17,300,P5,40806,0,4802472,904816,1715,219,1501,0.0019084263808526883,3,,rejected_for_measurement_local_warp_diagnostic
fx17_leaf_000285,fx17,285,P5,5723,0,668915,107834,1714,260,177,0.0003507025481803557,3,,rejected_for_measurement_local_warp_diagnostic
fx17_leaf_000127,fx17,127,P5,119479,0,7086343,1625594,1706,251,1002,0.0009579879460768921,3,,rejected_for_measurement_local_warp_diagnostic
fx17_leaf_000102,fx17,102,P5,40644,0,4802310,904654,1705,208,1213,0.001239540345613852,3,,rejected_for_measurement_local_warp_diagnostic
fx17_leaf_000299,fx17,299,P5,40808,0,4802474,904818,1715,217,1382,0.0015135700116063059,3,,rejected_for_measurement_local_warp_diagnostic
fx17_leaf_000226,fx17,226,P5,40773,0,4802439,904783,1712,216,1199,0.0012165782033903812,3,,rejected_for_measurement_local_warp_diagnostic
fx17_leaf_000005,fx17,5,P5,119328,0,7086192,1625443,1697,240,201,0.0003788868911232866,3,,rejected_for_measurement_local_warp_diagnostic
fx17_leaf_000289,fx17,289,P5,138358,0,7233072,1661925,1715,196,1361,0.0014680352145849968,3,,rejected_for_measurement_local_warp_diagnostic
fx17_leaf_000076,fx17,76,P5,40589,0,4802255,904599,1703,212,668,0.0006691062703957897,3,,rejected_for_measurement_local_warp_diagnostic
fx17_leaf_000317,fx17,317,P5,40891,0,4802557,904901,1716,205,1050,0.0010230213044625637,3,,rejected_for_measurement_local_warp_diagnostic
fx17_leaf_000006,fx17,6,P5,119271,0,7086135,1625386,1697,242,1566,0.0023192715451505045,3,,rejected_for_measurement_local_warp_diagnostic
fx17_leaf_000612,fx17,612,P5,152439,1,210599,1721637,1750,227,346,0.00047983428811838744,3,,rejected_for_measurement_local_warp_diagnostic
fx17_leaf_000159,fx17,159,P5,5695,0,668887,107806,1708,249,1035,0.001002244329515152,3,,rejected_for_measurement_local_warp_diagnostic
fx17_leaf_000573,fx17,573,P5,136590,0,7225589,1659801,1741,235,408,0.0005163639404419104,3,,rejected_for_measurement_local_warp_diagnostic
fx17_leaf_000521,fx17,521,P5,42480,0,4954185,946131,1730,203,205,0.0003813178485120496,3,,rejected_for_measurement_local_warp_diagnostic
fx17_leaf_000635,fx17,635,P5,136724,0,7225723,1659935,1757,237,1550,0.002168834169959084,3,,rejected_for_measurement_local_warp_diagnostic
fx17_leaf_000424,fx17,424,P5,37702,0,4577223,862491,1723,276,1137,0.001124561820441501,3,,rejected_for_measurement_local_warp_diagnostic
fx17_leaf_000415,fx17,415,P5,6061,0,669253,108172,1723,236,682,0.0006777932307972414,3,,rejected_for_measurement_local_warp_diagnostic
fx17_leaf_000615,fx17,615,P5,136693,0,7225692,1659904,1752,232,1527,0.0020053185730050413,3,,rejected_for_measurement_local_warp_diagnostic
fx17_leaf_000630,fx17,630,P5,59642,0,6510243,1391938,1756,210,1242,0.0012777040836448304,3,,rejected_for_measurement_local_warp_diagnostic
fx17_leaf_000485,fx17,485,P5,24055,0,3532250,657647,1728,194,752,0.00072366392148964,3,,rejected_for_measurement_local_warp_diagnostic
fx17_leaf_000558,fx17,558,P5,8680,0,1092802,167270,1733,278,679,0.0006766753337200359,2,,rejected_for_measurement_local_warp_diagnostic
fx17_leaf_000275,fx17,275,P5,40807,0,4802473,904817,1714,216,1346,0.0014463472284751838,3,,rejected_for_measurement_local_warp_diagnostic
fx17_leaf_000531,fx17,531,P5,24084,0,3532279,657676,1731,200,680,0.0006768549071220546,3,,rejected_for_measurement_local_warp_diagnostic
fx17_leaf_000335,fx17,335,P5,40800,0,4802466,904810,1717,225,907,0.0008564541563739957,3,,rejected_for_measurement_local_warp_diagnostic
fx17_leaf_000611,fx17,611,P5,152441,1,210601,1721639,1749,228,272,0.0004322898196154616,3,,rejected_for_measurement_local_warp_diagnostic
fx17_leaf_000216,fx17,216,P5,5620,0,668812,107731,1711,260,1178,0.0011807881120062455,3,,rejected_for_measurement_local_warp_diagnostic
fx17_leaf_000182,fx17,182,P5,40739,0,4802405,904749,1710,213,291,0.0004462091821299749,3,,rejected_for_measurement_local_warp_diagnostic
fx17_leaf_000351,fx17,351,P5,40835,0,4802501,904845,1718,224,492,0.0005587888479750198,3,,rejected_for_measurement_local_warp_diagnostic
fx17_leaf_000608,fx17,608,P5,136636,0,7225635,1659847,1748,233,427,0.0005261088664415937,3,,rejected_for_measurement_local_warp_diagnostic
fx17_leaf_000446,fx17,446,P5,42469,0,4954174,946120,1725,200,158,0.00033752925876580185,3,,rejected_for_measurement_local_warp_diagnostic
fx17_leaf_000221,fx17,221,P5,40823,0,4802489,904833,1712,204,783,0.0007463935761139103,3,,rejected_for_measurement_local_warp_diagnostic
fx17_leaf_000251,fx17,251,P5,40776,0,4802442,904786,1713,214,1574,0.0023868500673333948,3,,rejected_for_measurement_local_warp_diagnostic
fx17_leaf_000505,fx17,505,P5,42476,0,4954181,946127,1729,203,4,9.926192009371543e-05,3,,rejected_for_measurement_local_warp_diagnostic
fx17_leaf_000479,fx17,479,P5,137309,0,7226532,1660520,1727,206,333,0.0004732697184660688,3,,rejected_for_measurement_local_warp_diagnostic
fx17_leaf_000290,fx17,290,P5,138322,0,7233036,1661889,1715,197,355,0.000484609098745619,3,,rejected_for_measurement_local_warp_diagnostic
fx17_leaf_000508,fx17,508,P5,137307,0,7226530,1660518,1729,209,646,0.0006589545031747206,3,,rejected_for_measurement_local_warp_diagnostic
fx17_leaf_000520,fx17,520,P5,42486,0,4954191,946137,1730,202,1062,0.0010374162477349072,3,,rejected_for_measurement_local_warp_diagnostic
fx17_leaf_000577,fx17,577,P5,136588,0,7225587,1659799,1742,235,261,0.0004218205328618508,3,,rejected_for_measurement_local_warp_diagnostic
fx17_leaf_000166,fx17,166,P5,40703,0,4802369,904713,1709,214,359,0.00048626643204726755,3,,rejected_for_measurement_local_warp_diagnostic
fx17_leaf_000642,fx17,642,P5,136715,0,7225714,1659926,1758,243,103,0.0002851003097089408,3,,rejected_for_measurement_local_warp_diagnostic
fx17_leaf_000503,fx17,503,P5,24047,0,3532242,657639,1729,201,1162,0.0011499277169312089,3,,rejected_for_measurement_local_warp_diagnostic
fx17_leaf_000332,fx17,332,P5,40919,0,4802585,904929,1717,208,812,0.000768817002970749,3,,rejected_for_measurement_local_warp_diagnostic
fx17_leaf_000078,fx17,78,P5,40546,0,4802212,904556,1703,220,263,0.0004226217514905202,3,,rejected_for_measurement_local_warp_diagnostic
fx17_leaf_000489,fx17,489,P5,24017,0,3532212,657609,1728,200,909,0.0008577231527565023,3,,rejected_for_measurement_local_warp_diagnostic
fx17_leaf_000561,fx17,561,P5,8713,0,1092837,167305,1734,279,1143,0.0011347107181349108,2,,rejected_for_measurement_local_warp_diagnostic
fx17_leaf_000478,fx17,478,P5,137308,0,7226531,1660519,1727,205,238,0.000403276624196314,3,,rejected_for_measurement_local_warp_diagnostic
fx17_leaf_000582,fx17,582,P5,136598,0,7225597,1659809,1743,236,593,0.0006247885916652453,3,,rejected_for_measurement_local_warp_diagnostic
fx17_leaf_000504,fx17,504,P5,42482,0,4954187,946133,1729,202,627,0.0006494864090691938,3,,rejected_for_measurement_local_warp_diagnostic
fx17_leaf_000064,fx17,64,P5,119371,0,7086235,1625486,1701,254,1294,0.0013458739867299567,3,,rejected_for_measurement_local_warp_diagnostic
fx17_leaf_000330,fx17,330,P5,40923,0,4802589,904933,1717,205,1042,0.0010148264498208383,3,,rejected_for_measurement_local_warp_diagnostic
fx17_leaf_000477,fx17,477,P5,42470,0,4954175,946121,1727,204,224,0.00039914764466895736,3,,rejected_for_measurement_local_warp_diagnostic
fx17_leaf_000017,fx17,17,P5,119357,0,7086221,1625472,1698,240,371,0.000493841365150239,3,,rejected_for_measurement_local_warp_diagnostic
fx17_leaf_000491,fx17,491,P5,137306,0,7226529,1660517,1728,207,737,0.0007154182483144392,3,,rejected_for_measurement_local_warp_diagnostic
fx17_leaf_000626,fx17,626,P5,136688,0,7225687,1659899,1754,235,1608,0.0028817957393239757,3,,rejected_for_measurement_local_warp_diagnostic
fx17_leaf_000507,fx17,507,P5,137339,0,7226562,1660550,1729,207,496,0.0005603996635311157,3,,rejected_for_measurement_local_warp_diagnostic
fx17_leaf_000532,fx17,532,P5,42485,0,4954190,946136,1731,203,244,0.0004074665098185744,3,,rejected_for_measurement_local_warp_diagnostic
fx17_leaf_000569,fx17,569,P5,136589,0,7225588,1659800,1740,234,211,0.0003889851306087473,3,,rejected_for_measurement_local_warp_diagnostic
fx17_leaf_000018,fx17,18,P5,119298,0,7086162,1625413,1698,241,1312,0.0013839041742851235,3,,rejected_for_measurement_local_warp_diagnostic
fx17_leaf_000333,fx17,333,P5,40888,0,4802554,904898,1717,209,392,0.0005048954080002096,3,,rejected_for_measurement_local_warp_diagnostic
fx17_leaf_000603,fx17,603,P5,152432,1,210571,1721630,1747,227,1039,0.0010098122007402776,3,,rejected_for_measurement_local_warp_diagnostic
fx17_leaf_000097,fx17,97,P5,119405,0,7086269,1625520,1704,253,1107,0.0010921238883060365,3,,rejected_for_measurement_local_warp_diagnostic
fx17_leaf_000473,fx17,473,P5,23987,0,3532182,657579,1727,200,691,0.0006837681799407477,3,,rejected_for_measurement_local_warp_diagnostic
fx17_leaf_000549,fx17,549,P5,41231,0,4844810,909314,1732,278,1558,0.0022629758043481965,2,,rejected_for_measurement_local_warp_diagnostic
fx17_leaf_000356,fx17,356,P5,5881,0,669073,107992,1718,252,1271,0.0013109543847216424,3,,rejected_for_measurement_local_warp_diagnostic
fx17_leaf_000239,fx17,239,P5,128283,0,7135761,1640848,1712,260,793,0.0007555882702642323,3,,rejected_for_measurement_local_warp_diagnostic
fx17_leaf_000082,fx17,82,P5,119464,0,7086328,1625579,1703,238,766,0.000736384463061245,3,,rejected_for_measurement_local_warp_diagnostic
fx17_leaf_000408,fx17,408,P5,128441,0,7135930,1641017,1722,261,399,0.0005112313924894405,3,,rejected_for_measurement_local_warp_diagnostic
fx17_leaf_000092,fx17,92,P5,40576,0,4802242,904586,1704,222,778,0.0007438926506824571,3,,rejected_for_measurement_local_warp_diagnostic
fx17_leaf_000574,fx17,574,P5,136586,0,7225585,1659797,1741,237,373,0.0004941451897426474,3,,rejected_for_measurement_local_warp_diagnostic
fx17_leaf_000522,fx17,522,P5,137370,0,7226593,1660581,1730,205,248,0.0004095805831794163,3,,rejected_for_measurement_local_warp_diagnostic
fx17_leaf_000406,fx17,406,P5,6035,0,669227,108146,1722,234,1202,0.0012176698438607783,3,,rejected_for_measurement_local_warp_diagnostic
fx17_leaf_000259,fx17,259,P5,5869,0,669061,107980,1713,237,924,0.0008754108303400468,3,,rejected_for_measurement_local_warp_diagnostic
fx17_leaf_000580,fx17,580,P5,152422,1,210537,1721620,1743,232,1563,0.002300409448698573,3,,rejected_for_measurement_local_warp_diagnostic
fx17_leaf_000541,fx17,541,P5,118768,0,7084560,1624220,1731,278,1577,0.0024110782108727196,3,,rejected_for_measurement_local_warp_diagnostic
fx17_leaf_000311,fx17,311,P5,5844,0,669036,107955,1715,252,1087,0.0010704062347835453,3,,rejected_for_measurement_local_warp_diagnostic
fx17_leaf_000563,fx17,563,P5,136199,0,7225185,1659397,1735,241,1286,0.0013302556850405228,3,,rejected_for_measurement_local_warp_diagnostic
fx17_leaf_000315,fx17,315,P5,137839,0,7232552,1661405,1716,201,424,0.0005249030171428635,3,,rejected_for_measurement_local_warp_diagnostic
fx17_leaf_000609,fx17,609,P5,136634,0,7225633,1659845,1748,235,1355,0.0014598992753175482,3,,rejected_for_measurement_local_warp_diagnostic
fx17_leaf_000331,fx17,331,P5,40922,0,4802588,904932,1717,206,363,0.00048825266584542583,3,,rejected_for_measurement_local_warp_diagnostic
fx17_leaf_000296,fx17,296,P5,40850,0,4802516,904860,1715,210,252,0.0004127524955404691,3,,rejected_for_measurement_local_warp_diagnostic
fx17_leaf_000075,fx17,75,P5,40588,0,4802254,904598,1703,211,0,8.115406977723494e-05,3,,rejected_for_measurement_local_warp_diagnostic
fx17_leaf_000441,fx17,441,P5,37725,0,4577246,862514,1724,278,161,0.0003390303868863706,3,,rejected_for_measurement_local_warp_diagnostic
fx17_leaf_000217,fx17,217,P5,128288,0,7135766,1640853,1711,263,234,0.00040230428241810017,3,,rejected_for_measurement_local_warp_diagnostic
fx17_leaf_000031,fx17,31,P5,119322,0,7086186,1625437,1699,243,717,0.0007048136351112595,3,,rejected_for_measurement_local_warp_diagnostic
fx17_leaf_000581,fx17,581,P5,136597,0,7225596,1659808,1743,235,1462,0.0017547931249362343,3,,rejected_for_measurement_local_warp_diagnostic
fx17_leaf_000027,fx17,27,P5,119426,0,7086290,1625541,1699,234,675,0.0006745281194810077,3,,rejected_for_measurement_local_warp_diagnostic
fx17_leaf_000490,fx17,490,P5,42475,0,4954180,946126,1728,202,216,0.00039314194268038976,3,,rejected_for_measurement_local_warp_diagnostic
fx17_leaf_000545,fx17,545,P5,42483,0,4954188,946134,1732,204,225,0.00039915312231877226,3,,rejected_for_measurement_local_warp_diagnostic
fx17_leaf_000625,fx17,625,P5,59914,0,6510515,1392210,1754,211,1114,0.0011030167423204788,2,,rejected_for_measurement_local_warp_diagnostic
fx17_leaf_000353,fx17,353,P5,40830,0,4802496,904840,1718,227,981,0.000934652757247131,3,,rejected_for_measurement_local_warp_diagnostic
fx17_leaf_000113,fx17,113,P5,119436,0,7086300,1625551,1705,252,1227,0.0012507890472114181,3,,rejected_for_measurement_local_warp_diagnostic
fx17_leaf_000447,fx17,447,P5,42467,0,4954172,946118,1725,202,303,0.0004524854675880211,3,,rejected_for_measurement_local_warp_diagnostic
fx17_leaf_000298,fx17,298,P5,40841,0,4802507,904851,1715,216,1182,0.001189617253598973,3,,rejected_for_measurement_local_warp_diagnostic
fx17_leaf_000613,fx17,613,P5,136652,0,7225651,1659863,1751,236,1523,0.0019887828196576596,3,,rejected_for_measurement_local_warp_diagnostic
fx17_leaf_000535,fx17,535,P5,137369,0,7226592,1660580,1731,209,718,0.0007057715189013426,3,,rejected_for_measurement_local_warp_diagnostic
fx17_leaf_000056,fx17,56,P5,119424,0,7086288,1625539,1701,237,735,0.0007130229099938546,3,,rejected_for_measurement_local_warp_diagnostic
fx17_leaf_000579,fx17,579,P5,136614,0,7225613,1659825,1743,230,1220,0.0012448718501760542,3,,rejected_for_measurement_local_warp_diagnostic
fx17_leaf_000525,fx17,525,P5,118788,0,7084580,1624240,1730,262,780,0.0007461562845607466,3,,rejected_for_measurement_local_warp_diagnostic
fx17_leaf_000405,fx17,405,P5,6033,0,669225,108144,1722,233,1151,0.0011411966486245763,3,,rejected_for_measurement_local_warp_diagnostic
fx17_leaf_000347,fx17,347,P5,40917,0,4802583,904927,1718,210,610,0.0006374793937921776,3,,rejected_for_measurement_local_warp_diagnostic
fx17_leaf_000026,fx17,26,P5,119394,0,7086258,1625509,1699,233,711,0.0006983222515592363,3,,rejected_for_measurement_local_warp_diagnostic
fx17_leaf_000552,fx17,552,P5,24124,0,3532319,657716,1733,197,1054,0.0010269124226710133,3,,rejected_for_measurement_local_warp_diagnostic
fx17_leaf_000588,fx17,588,P5,136623,0,7225622,1659834,1744,232,1502,0.0019086562343742497,3,,rejected_for_measurement_local_warp_diagnostic
fx17_leaf_000322,fx17,322,P5,40876,0,4802542,904886,1716,215,1276,0.0013209735936515253,3,,rejected_for_measurement_local_warp_diagnostic
fx17_leaf_000029,fx17,29,P5,119359,0,7086223,1625474,1699,240,360,0.0004874050170309601,3,,rejected_for_measurement_local_warp_diagnostic
fx17_leaf_000461,fx17,461,P5,41008,0,4802674,905018,1726,223,12,0.00013748259102456628,3,,rejected_for_measurement_local_warp_diagnostic
fx17_leaf_000475,fx17,475,P5,42471,0,4954176,946122,1727,202,117,0.00029593874997839887,3,,rejected_for_measurement_local_warp_diagnostic
fx17_leaf_000576,fx17,576,P5,136601,0,7225600,1659812,1742,233,1435,0.0016798872807220002,3,,rejected_for_measurement_local_warp_diagnostic
fx17_leaf_000616,fx17,616,P5,136648,0,7225647,1659859,1752,236,1610,0.002924081459850488,3,,rejected_for_measurement_local_warp_diagnostic
fx17_leaf_000000,fx17,0,P5,119263,0,7086127,1625378,1696,243,655,0.0006624338015635351,3,,rejected_for_measurement_local_warp_diagnostic
fx17_leaf_000474,fx17,474,P5,42477,0,4954182,946128,1727,201,308,0.0004553783625685186,3,,rejected_for_measurement_local_warp_diagnostic
fx17_leaf_000319,fx17,319,P5,40884,0,4802550,904894,1716,209,617,0.0006433114744245262,3,,rejected_for_measurement_local_warp_diagnostic
fx17_leaf_000513,fx17,513,P5,128487,0,7135976,1641063,1729,259,1260,0.0012972374261863934,3,,rejected_for_measurement_local_warp_diagnostic
fx17_leaf_000527,fx17,527,P5,41265,0,4844844,909348,1730,273,1327,0.0014056309121447542,2,,rejected_for_measurement_local_warp_diagnostic
fx17_leaf_000543,fx17,543,P5,24082,0,3532277,657674,1732,200,1072,0.00104898915134446,3,,rejected_for_measurement_local_warp_diagnostic
fx17_leaf_000274,fx17,274,P5,40813,0,4802479,904823,1714,213,1509,0.0019281809043837964,3,,rejected_for_measurement_local_warp_diagnostic
fx17_leaf_000544,fx17,544,P5,42493,0,4954198,946144,1732,202,1274,0.0013162701056437817,3,,rejected_for_measurement_local_warp_diagnostic
fx17_leaf_000349,fx17,349,P5,40881,0,4802547,904891,1718,215,324,0.00046623887563849645,3,,rejected_for_measurement_local_warp_diagnostic
fx17_leaf_000307,fx17,307,P5,5865,0,669057,107976,1715,240,1520,0.0019764351924848904,3,,rejected_for_measurement_local_warp_diagnostic
fx17_leaf_000494,fx17,494,P5,128486,0,7135975,1641062,1728,258,1333,0.001421620837303564,3,,rejected_for_measurement_local_warp_diagnostic
fx17_leaf_000524,fx17,524,P5,137337,0,7226560,1660548,1730,208,1003,0.000958109657933873,3,,rejected_for_measurement_local_warp_diagnostic
fx17_leaf_000281,fx17,281,P5,5811,0,669003,107922,1714,248,34,0.00018872210924448916,3,,rejected_for_measurement_local_warp_diagnostic
fx17_leaf_000291,fx17,291,P5,137838,0,7232551,1661404,1715,201,149,0.00033044996743331246,3,,rejected_for_measurement_local_warp_diagnostic
fx17_leaf_000374,fx17,374,P5,23965,0,3532160,657557,1720,189,1540,0.0020981576017997765,3,,rejected_for_measurement_local_warp_diagnostic
fx17_leaf_000032,fx17,32,P5,119351,0,7086215,1625466,1699,244,657,0.0006625807002750596,3,,rejected_for_measurement_local_warp_diagnostic
fx17_leaf_000501,fx17,501,P5,24090,0,3532285,657682,1729,194,1407,0.0015951175122320652,3,,rejected_for_measurement_local_warp_diagnostic
fx17_leaf_000476,fx17,476,P5,42472,0,4954177,946123,1727,203,116,0.0002957982872858417,3,,rejected_for_measurement_local_warp_diagnostic
fx17_leaf_000355,fx17,355,P5,5919,0,669111,108030,1718,250,79,0.0002568109615404128,3,,rejected_for_measurement_local_warp_diagnostic
fx17_leaf_000370,fx17,370,P5,6002,0,669194,108113,1719,235,1029,0.0009982348144639344,3,,rejected_for_measurement_local_warp_diagnostic
fx17_leaf_000639,fx17,639,P5,136717,0,7225716,1659928,1758,240,1200,0.0012169240162726279,3,,rejected_for_measurement_local_warp_diagnostic
fx17_leaf_000565,fx17,565,P5,136146,0,7225132,1659344,1736,253,1394,0.0015631696632949959,3,,rejected_for_measurement_local_warp_diagnostic
fx17_leaf_000564,fx17,564,P5,8748,0,1092879,167347,1735,279,1026,0.0009934731926732176,2,,rejected_for_measurement_local_warp_diagnostic
fx17_leaf_000041,fx17,41,P5,119389,0,7086253,1625504,1700,239,181,0.0003542548654439258,3,,rejected_for_measurement_local_warp_diagnostic
fx17_leaf_000547,fx17,547,P5,137399,0,7226622,1660610,1732,208,124,0.0003006468185763106,3,,rejected_for_measurement_local_warp_diagnostic
fx17_leaf_000596,fx17,596,P5,136626,0,7225625,1659837,1745,231,795,0.0007562375849844687,3,,rejected_for_measurement_local_warp_diagnostic
fx17_leaf_000126,fx17,126,P5,5634,0,668826,107745,1706,249,189,0.0003661633582750201,3,,rejected_for_measurement_local_warp_diagnostic
fx17_leaf_000334,fx17,334,P5,40802,0,4802468,904812,1717,224,590,0.0006211939828913947,3,,rejected_for_measurement_local_warp_diagnostic
fx17_leaf_000324,fx17,324,P5,129344,0,7140204,1642858,1716,232,80,0.0002569896994382763,3,,rejected_for_measurement_local_warp_diagnostic
fx17_leaf_000326,fx17,326,P5,5849,0,669041,107960,1716,250,289,0.0004446087428289434,3,,rejected_for_measurement_local_warp_diagnostic
fx17_leaf_000534,fx17,534,P5,137403,0,7226626,1660614,1731,207,23,0.00016479869470754205,3,,rejected_for_measurement_local_warp_diagnostic
fx17_leaf_000030,fx17,30,P5,119329,0,7086193,1625444,1699,241,1177,0.0011789660853301974,3,,rejected_for_measurement_local_warp_diagnostic
fx17_leaf_000247,fx17,247,P5,137832,0,7232545,1661398,1713,201,284,0.00044048494546342667,3,,rejected_for_measurement_local_warp_diagnostic
fx17_leaf_000590,fx17,590,P5,136365,0,7225358,1659570,1744,238,1194,0.0012134437859003615,3,,rejected_for_measurement_local_warp_diagnostic
fx17_leaf_000112,fx17,112,P5,119441,0,7086305,1625556,1705,251,563,0.0006040938947165396,3,,rejected_for_measurement_local_warp_diagnostic
fx17_leaf_000607,fx17,607,P5,136639,0,7225638,1659850,1748,231,796,0.0007564456200847267,3,,rejected_for_measurement_local_warp_diagnostic
fx17_leaf_000342,fx17,342,P5,5884,0,669076,107995,1717,250,274,0.00043449898674768255,3,,rejected_for_measurement_local_warp_diagnostic
fx17_leaf_000352,fx17,352,P5,40829,0,4802495,904839,1718,226,958,0.0009110391449780028,3,,rejected_for_measurement_local_warp_diagnostic
fx17_leaf_000460,fx17,460,P5,42465,0,4954170,946116,1726,204,155,0.0003352132790553142,3,,rejected_for_measurement_local_warp_diagnostic
fx17_leaf_000269,fx17,269,P5,138277,0,7232991,1661844,1714,198,421,0.0005244415491365755,3,,rejected_for_measurement_local_warp_diagnostic
fx17_leaf_000553,fx17,553,P5,24121,0,3532316,657713,1733,198,936,0.0008917706156021922,3,,rejected_for_measurement_local_warp_diagnostic
fx17_leaf_000297,fx17,297,P5,40816,0,4802482,904826,1715,213,1221,0.0012462380600532636,3,,rejected_for_measurement_local_warp_diagnostic
fx17_leaf_000008,fx17,8,P5,119324,0,7086188,1625439,1697,245,85,0.00025916200911247045,3,,rejected_for_measurement_local_warp_diagnostic
fx17_leaf_000321,fx17,321,P5,40844,0,4802510,904854,1716,213,1321,0.0013921966770954488,3,,rejected_for_measurement_local_warp_diagnostic
fx17_leaf_000270,fx17,270,P5,137837,0,7232550,1661403,1714,201,301,0.00045205919211608854,3,,rejected_for_measurement_local_warp_diagnostic
fx17_leaf_000409,fx17,409,P5,128451,0,7135940,1641027,1722,262,1363,0.001469786126411137,3,,rejected_for_measurement_local_warp_diagnostic
fx17_leaf_000074,fx17,74,P5,40587,0,4802253,904597,1703,210,612,0.0006397857447075695,3,,rejected_for_measurement_local_warp_diagnostic
fx17_leaf_000019,fx17,19,P5,119347,0,7086211,1625462,1698,246,1417,0.001622399384660753,3,,rejected_for_measurement_local_warp_diagnostic
fx17_leaf_000033,fx17,33,P5,119380,0,7086244,1625495,1699,246,1236,0.001268588108127522,3,,rejected_for_measurement_local_warp_diagnostic
fx17_leaf_000546,fx17,546,P5,137439,0,7226662,1660650,1732,207,954,0.0009061976651486858,3,,rejected_for_measurement_local_warp_diagnostic
fx17_leaf_000043,fx17,43,P5,119350,0,7086214,1625465,1700,243,762,0.0007330731453017399,3,,rejected_for_measurement_local_warp_diagnostic
fx17_leaf_000039,fx17,39,P5,119427,0,7086291,1625542,1700,236,9,0.00012764543046542642,3,,rejected_for_measurement_local_warp_diagnostic
fx17_leaf_000540,fx17,540,P5,41260,0,4844839,909343,1731,274,863,0.0008136546340444489,2,,rejected_for_measurement_local_warp_diagnostic
fx17_leaf_000400,fx17,400,P5,40976,0,4802642,904986,1722,220,1575,0.0024058368795206917,3,,rejected_for_measurement_local_warp_diagnostic
fx17_leaf_000305,fx17,305,P5,5901,0,669093,108012,1715,237,916,0.0008660981368047655,3,,rejected_for_measurement_local_warp_diagnostic
fx17_leaf_000381,fx17,381,P5,40945,0,4802611,904955,1720,217,944,0.0008976610690087056,3,,rejected_for_measurement_local_warp_diagnostic
fx17_leaf_000380,fx17,380,P5,40944,0,4802610,904954,1720,216,725,0.0007091860564849544,3,,rejected_for_measurement_local_warp_diagnostic
fx17_leaf_000046,fx17,46,P5,119345,0,7086209,1625460,1700,250,380,0.0005004616587315896,3,,rejected_for_measurement_local_warp_diagnostic
fx17_leaf_000622,fx17,622,P5,136519,0,7225518,1659730,1753,242,1381,0.0015083494386898342,3,,rejected_for_measurement_local_warp_diagnostic
fx17_leaf_000523,fx17,523,P5,137368,0,7226591,1660579,1730,207,292,0.0004465492194669194,3,,rejected_for_measurement_local_warp_diagnostic
fx17_leaf_000481,fx17,481,P5,128489,0,7135978,1641065,1727,256,1095,0.0010816154172406023,3,,rejected_for_measurement_local_warp_diagnostic
fx17_leaf_000364,fx17,364,P5,40914,0,4802580,904924,1719,215,541,0.0005920523821884917,3,,rejected_for_measurement_local_warp_diagnostic
fx17_leaf_000157,fx17,157,P5,5699,0,668891,107810,1708,246,788,0.0007528121144292121,3,,rejected_for_measurement_local_warp_diagnostic
fx17_leaf_000278,fx17,278,P5,129318,0,7140167,1642821,1714,231,1059,0.001036863716425213,3,,rejected_for_measurement_local_warp_diagnostic
fx17_leaf_000042,fx17,42,P5,119358,0,7086222,1625473,1700,242,988,0.0009418958848847676,3,,rejected_for_measurement_local_warp_diagnostic
fx17_leaf_000403,fx17,403,P5,40934,0,4802600,904944,1722,226,786,0.0007505923975502608,3,,rejected_for_measurement_local_warp_diagnostic
fx17_leaf_000610,fx17,610,P5,136498,0,7225495,1659707,1748,239,1500,0.001897293913363133,3,,rejected_for_measurement_local_warp_diagnostic
fx17_leaf_000640,fx17,640,P5,136718,0,7225717,1659929,1758,241,616,0.0006407422165035355,3,,rejected_for_measurement_local_warp_diagnostic
fx17_leaf_000618,fx17,618,P5,136513,0,7225512,1659724,1752,243,556,0.0005990144052266637,3,,rejected_for_measurement_local_warp_diagnostic
fx17_leaf_000329,fx17,329,P5,40926,0,4802592,904936,1717,204,848,0.0007967249000097871,3,,rejected_for_measurement_local_warp_diagnostic
fx17_leaf_000096,fx17,96,P5,119440,0,7086304,1625555,1704,249,167,0.00034428852192644655,3,,rejected_for_measurement_local_warp_diagnostic
fx17_leaf_000361,fx17,361,P5,40954,0,4802620,904964,1719,209,130,0.00030584387499082657,3,,rejected_for_measurement_local_warp_diagnostic
fx17_leaf_000124,fx17,124,P5,128329,0,7135807,1640894,1706,246,340,0.00047596996151703767,3,,rejected_for_measurement_local_warp_diagnostic
fx17_leaf_000044,fx17,44,P5,119414,0,7086278,1625529,1700,245,1543,0.002112540248765191,3,,rejected_for_measurement_local_warp_diagnostic
fx17_leaf_000359,fx17,359,P5,40955,0,4802621,904965,1719,207,851,0.000798879899085673,3,,rejected_for_measurement_local_warp_diagnostic
fx17_leaf_000360,fx17,360,P5,40953,0,4802619,904963,1719,208,208,0.00038691819324599796,3,,rejected_for_measurement_local_warp_diagnostic
fx17_leaf_000385,fx17,385,P5,5997,0,669189,108108,1720,237,220,0.00039671556366679527,3,,rejected_for_measurement_local_warp_diagnostic
fx17_leaf_000306,fx17,306,P5,5902,0,669094,108013,1715,239,1374,0.0014968835996212976,3,,rejected_for_measurement_local_warp_diagnostic
fx17_leaf_000320,fx17,320,P5,40885,0,4802551,904895,1716,210,412,0.0005178594567437758,3,,rejected_for_measurement_local_warp_diagnostic
fx17_leaf_000480,fx17,480,P5,6152,0,669344,108263,1727,244,1480,0.0018458029979764614,3,,rejected_for_measurement_local_warp_diagnostic
fx17_leaf_000554,fx17,554,P5,24122,0,3532317,657714,1733,200,938,0.0008926251304032238,3,,rejected_for_measurement_local_warp_diagnostic
fx17_leaf_000568,fx17,568,P5,136593,0,7225592,1659804,1740,233,621,0.0006470885523679773,3,,rejected_for_measurement_local_warp_diagnostic
fx17_leaf_000058,fx17,58,P5,119381,0,7086245,1625496,1701,243,599,0.0006262296749261318,3,,rejected_for_measurement_local_warp_diagnostic
fx17_leaf_000416,fx17,416,P5,128459,0,7135948,1641035,1723,258,785,0.0007495828530519226,3,,rejected_for_measurement_local_warp_diagnostic
fx17_leaf_000632,fx17,632,P5,152444,1,210624,1721642,1756,235,1600,0.0026925412697577787,2,,rejected_for_measurement_local_warp_diagnostic
fx17_leaf_000376,fx17,376,P5,40993,0,4802659,905003,1720,207,801,0.0007607412219137135,3,,rejected_for_measurement_local_warp_diagnostic
fx17_leaf_000570,fx17,570,P5,136241,0,7225227,1659439,1740,243,745,0.0007198312109852861,3,,rejected_for_measurement_local_warp_diagnostic
fx17_leaf_000614,fx17,614,P5,136556,0,7225555,1659767,1751,243,688,0.0006816340728640994,2,,rejected_for_measurement_local_warp_diagnostic
fx17_leaf_000328,fx17,328,P5,40960,0,4802626,904970,1717,203,118,0.00029663813845900815,3,,rejected_for_measurement_local_warp_diagnostic
fx17_leaf_000258,fx17,258,P5,5871,0,669063,107982,1713,232,174,0.0003490202912378261,3,,rejected_for_measurement_local_warp_diagnostic
fx17_leaf_000310,fx17,310,P5,5812,0,669004,107923,1715,250,429,0.000526469201591451,3,,rejected_for_measurement_local_warp_diagnostic
fx17_leaf_000636,fx17,636,P5,136678,0,7225677,1659889,1757,241,1124,0.0011113717267783555,3,,rejected_for_measurement_local_warp_diagnostic
fx17_leaf_000055,fx17,55,P5,119467,0,7086331,1625582,1701,235,328,0.0004699983710031283,3,,rejected_for_measurement_local_warp_diagnostic
fx17_leaf_000240,fx17,240,P5,128300,0,7135778,1640865,1712,262,544,0.0005929972626966727,3,,rejected_for_measurement_local_warp_diagnostic
fx17_leaf_000020,fx17,20,P5,119316,0,7086180,1625431,1698,249,842,0.0007950357335430124,3,,rejected_for_measurement_local_warp_diagnostic
fx17_leaf_000071,fx17,71,P5,119407,0,7086271,1625522,1702,250,21,0.0001594386692548824,3,,rejected_for_measurement_local_warp_diagnostic
fx17_leaf_000391,fx17,391,P5,40988,0,4802654,904998,1721,209,2,8.928458758978418e-05,3,,rejected_for_measurement_local_warp_diagnostic
fx17_leaf_000363,fx17,363,P5,40948,0,4802614,904958,1719,214,1278,0.0013224646944426034,3,,rejected_for_measurement_local_warp_diagnostic
fx17_leaf_000265,fx17,265,P5,128318,0,7135796,1640883,1713,261,1073,0.0010509814729468558,3,,rejected_for_measurement_local_warp_diagnostic
fx17_leaf_000555,fx17,555,P5,42492,0,4954197,946143,1733,202,1254,0.0012867416056924405,3,,rejected_for_measurement_local_warp_diagnostic
fx17_leaf_000138,fx17,138,P5,5738,0,668930,107849,1707,247,1395,0.0015640630883875344,3,,rejected_for_measurement_local_warp_diagnostic
fx17_leaf_000392,fx17,392,P5,41016,0,4802682,905026,1721,215,1332,0.0014170253561544054,3,,rejected_for_measurement_local_warp_diagnostic
fx17_leaf_000502,fx17,502,P5,24091,0,3532286,657683,1729,195,1303,0.001359673498529905,3,,rejected_for_measurement_local_warp_diagnostic
fx17_leaf_000197,fx17,197,P5,138179,0,7232892,1661745,1711,198,48,0.00020966674384530405,3,,rejected_for_measurement_local_warp_diagnostic
fx17_leaf_000486,fx17,486,P5,24052,0,3532247,657644,1728,195,749,0.000722686906760408,3,,rejected_for_measurement_local_warp_diagnostic
fx17_leaf_000059,fx17,59,P5,119449,0,7086313,1625564,1701,245,1522,0.0019841700119847725,3,,rejected_for_measurement_local_warp_diagnostic
fx17_leaf_000111,fx17,111,P5,5746,0,668938,107857,1705,246,777,0.000743882377701656,3,,rejected_for_measurement_local_warp_diagnostic
fx17_leaf_000158,fx17,158,P5,5698,0,668890,107809,1708,247,271,0.00043140662005357506,3,,rejected_for_measurement_local_warp_diagnostic
fx17_leaf_000045,fx17,45,P5,119378,0,7086242,1625493,1700,248,1015,0.000970807787013697,3,,rejected_for_measurement_local_warp_diagnostic
fx17_leaf_000641,fx17,641,P5,136714,0,7225713,1659925,1758,242,1204,0.0012228126716842672,3,,rejected_for_measurement_local_warp_diagnostic
fx17_leaf_000562,fx17,562,P5,136243,0,7225229,1659441,1735,240,1463,0.0017562458546748515,3,,rejected_for_measurement_local_warp_diagnostic
fx17_leaf_000401,fx17,401,P5,40941,0,4802607,904951,1722,222,772,0.0007400051288386372,3,,rejected_for_measurement_local_warp_diagnostic
fx17_leaf_000366,fx17,366,P5,40867,0,4802533,904877,1719,227,987,0.0009394705900373718,3,,rejected_for_measurement_local_warp_diagnostic
fx17_leaf_000620,fx17,620,P5,136431,0,7225428,1659640,1752,245,1612,0.0029876699980127827,3,,rejected_for_measurement_local_warp_diagnostic
fx17_leaf_000245,fx17,245,P5,138238,0,7232951,1661804,1713,197,278,0.00043701786467608897,3,,rejected_for_measurement_local_warp_diagnostic
fx17_leaf_000369,fx17,369,P5,5974,0,669166,108085,1719,234,1443,0.001694874952007376,3,,rejected_for_measurement_local_warp_diagnostic
fx17_leaf_000061,fx17,61,P5,119376,0,7086240,1625491,1701,250,86,0.00025935257591414615,3,,rejected_for_measurement_local_warp_diagnostic
fx17_leaf_000417,fx17,417,P5,128456,0,7135945,1641032,1723,259,56,0.00023379710551048227,3,,rejected_for_measurement_local_warp_diagnostic
fx17_leaf_000377,fx17,377,P5,40987,0,4802653,904997,1720,210,1535,0.0020609497351029354,3,,rejected_for_measurement_local_warp_diagnostic
fx17_leaf_000088,fx17,88,P5,119374,0,7086238,1625489,1703,253,1167,0.0011579275508650348,3,,rejected_for_measurement_local_warp_diagnostic
fx17_leaf_000637,fx17,637,P5,136720,0,7225719,1659931,1758,238,1447,0.001710355197472392,3,,rejected_for_measurement_local_warp_diagnostic
fx17_leaf_000418,fx17,418,P5,128440,0,7135929,1641016,1723,260,771,0.0007395161310225289,3,,rejected_for_measurement_local_warp_diagnostic
fx17_leaf_000069,fx17,69,P5,119447,0,7086311,1625562,1702,246,1441,0.001692743180250275,3,,rejected_for_measurement_local_warp_diagnostic
fx17_leaf_000493,fx17,493,P5,6160,0,669352,108271,1728,241,1163,0.0011502261170930517,3,,rejected_for_measurement_local_warp_diagnostic
fx17_leaf_000034,fx17,34,P5,119348,0,7086212,1625463,1699,248,1195,0.0012141039080305054,3,,rejected_for_measurement_local_warp_diagnostic
fx17_leaf_000261,fx17,261,P5,5828,0,669020,107939,1713,239,1474,0.001822808512433041,3,,rejected_for_measurement_local_warp_diagnostic
fx17_leaf_000365,fx17,365,P5,40870,0,4802536,904880,1719,226,422,0.000524478647952072,3,,rejected_for_measurement_local_warp_diagnostic
fx17_leaf_000362,fx17,362,P5,40918,0,4802584,904928,1719,212,577,0.000612361621077183,3,,rejected_for_measurement_local_warp_diagnostic
fx17_leaf_000463,fx17,463,P5,128479,0,7135968,1641055,1726,257,390,0.0005045888113461821,3,,rejected_for_measurement_local_warp_diagnostic
fx17_leaf_000072,fx17,72,P5,119404,0,7086268,1625519,1702,252,452,0.000536298847590588,3,,rejected_for_measurement_local_warp_diagnostic
fx17_leaf_000123,fx17,123,P5,5743,0,668935,107854,1706,245,704,0.0006931300311184335,3,,rejected_for_measurement_local_warp_diagnostic
fx17_leaf_000057,fx17,57,P5,119387,0,7086251,1625502,1701,241,921,0.0008731062937648708,3,,rejected_for_measurement_local_warp_diagnostic
fx17_leaf_000430,fx17,430,P5,6055,0,669247,108166,1724,239,146,0.00032906026062555526,3,,rejected_for_measurement_local_warp_diagnostic
fx17_leaf_000325,fx17,325,P5,5864,0,669056,107975,1716,240,1567,0.0023239128186908586,3,,rejected_for_measurement_local_warp_diagnostic
fx17_leaf_000600,fx17,600,P5,136466,0,7225463,1659675,1746,239,108,0.0002928763183135261,3,,rejected_for_measurement_local_warp_diagnostic
fx17_leaf_000567,fx17,567,P5,136592,0,7225591,1659803,1740,232,306,0.0004532783922885142,3,,rejected_for_measurement_local_warp_diagnostic
fx17_leaf_000246,fx17,246,P5,138236,0,7232949,1661802,1713,199,55,0.00023367957125614906,3,,rejected_for_measurement_local_warp_diagnostic
fx17_leaf_000060,fx17,60,P5,119409,0,7086273,1625524,1701,247,986,0.0009389612595655279,3,,rejected_for_measurement_local_warp_diagnostic
fx17_leaf_000187,fx17,187,P5,40657,0,4802323,904667,1710,229,548,0.0005963885379144624,3,,rejected_for_measurement_local_warp_diagnostic
fx17_leaf_000575,fx17,575,P5,136230,0,7225216,1659428,1741,247,1169,0.0011613447627961512,3,,rejected_for_measurement_local_warp_diagnostic
fx17_leaf_000592,fx17,592,P5,136339,0,7225326,1659538,1744,241,580,0.0006157723823620385,3,,rejected_for_measurement_local_warp_diagnostic
fx17_leaf_000459,fx17,459,P5,24022,0,3532217,657614,1726,196,1115,0.0011034024019615108,3,,rejected_for_measurement_local_warp_diagnostic
fx17_leaf_000125,fx17,125,P5,5663,0,668855,107774,1706,247,1323,0.001393169563740869,3,,rejected_for_measurement_local_warp_diagnostic
fx17_leaf_000280,fx17,280,P5,5867,0,669059,107978,1714,239,1410,0.0016010410565626563,3,,rejected_for_measurement_local_warp_diagnostic
fx17_leaf_000054,fx17,54,P5,119502,0,7086366,1625617,1701,234,898,0.0008506792018365689,3,,rejected_for_measurement_local_warp_diagnostic
fx17_leaf_000429,fx17,429,P5,6058,0,669250,108169,1724,238,619,0.0006448664063021741,3,,rejected_for_measurement_local_warp_diagnostic
fx17_leaf_000338,fx17,338,P5,129362,0,7140230,1642884,1717,230,1373,0.0014903675430017363,3,,rejected_for_measurement_local_warp_diagnostic
fx17_leaf_000220,fx17,220,P5,137834,0,7232547,1661400,1712,200,414,0.0005179368199112063,3,,rejected_for_measurement_local_warp_diagnostic
fx17_leaf_000348,fx17,348,P5,40882,0,4802548,904892,1718,213,1032,0.0009990548397976428,3,,rejected_for_measurement_local_warp_diagnostic
fx17_leaf_000279,fx17,279,P5,5868,0,669060,107979,1714,238,1080,0.0010592900643806938,3,,rejected_for_measurement_local_warp_diagnostic
fx17_leaf_000572,fx17,572,P5,136591,0,7225590,1659802,1741,232,1272,0.0013125955619392865,3,,rejected_for_measurement_local_warp_diagnostic
fx17_leaf_000444,fx17,444,P5,23989,0,3532184,657581,1725,195,532,0.0005869507431230701,3,,rejected_for_measurement_local_warp_diagnostic
fx17_leaf_000623,fx17,623,P5,136430,0,7225427,1659639,1753,244,1599,0.002691444771072754,3,,rejected_for_measurement_local_warp_diagnostic
fx17_leaf_000399,fx17,399,P5,41013,0,4802679,905023,1722,219,1611,0.0029816613001643687,3,,rejected_for_measurement_local_warp_diagnostic
fx17_leaf_000121,fx17,121,P5,5682,0,668874,107793,1706,236,18,0.0001521527348364831,3,,rejected_for_measurement_local_warp_diagnostic
fx17_leaf_000207,fx17,207,P5,129291,0,7140140,1642794,1711,234,1377,0.001501475778091653,3,,rejected_for_measurement_local_warp_diagnostic
fx17_leaf_000053,fx17,53,P5,119505,0,7086369,1625620,1701,233,860,0.0008121636248014519,3,,rejected_for_measurement_local_warp_diagnostic
fx17_leaf_000339,fx17,339,P5,5936,0,669128,108047,1717,236,462,0.0005431474533675485,3,,rejected_for_measurement_local_warp_diagnostic
fx17_leaf_000070,fx17,70,P5,119410,0,7086274,1625525,1702,248,538,0.0005911847495788649,3,,rejected_for_measurement_local_warp_diagnostic
fx17_leaf_000432,fx17,432,P5,128467,0,7135956,1641043,1724,258,1337,0.0014281085319776626,3,,rejected_for_measurement_local_warp_diagnostic
fx17_leaf_000472,fx17,472,P5,24050,0,3532245,657642,1727,196,1334,0.001421787644602473,3,,rejected_for_measurement_local_warp_diagnostic
fx17_leaf_000062,fx17,62,P5,119377,0,7086241,1625492,1701,251,349,0.00048103434945166945,3,,rejected_for_measurement_local_warp_diagnostic
fx17_leaf_000087,fx17,87,P5,119444,0,7086308,1625559,1703,248,474,0.0005479334599000608,3,,rejected_for_measurement_local_warp_diagnostic
fx17_leaf_000095,fx17,95,P5,119482,0,7086346,1625597,1704,247,652,0.0006614087996847549,3,,rejected_for_measurement_local_warp_diagnostic
fx17_leaf_000519,fx17,519,P5,24081,0,3532276,657673,1730,197,1548,0.002160478145174624,3,,rejected_for_measurement_local_warp_diagnostic
fx17_leaf_000309,fx17,309,P5,5848,0,669040,107959,1715,248,681,0.0006768726853171341,3,,rejected_for_measurement_local_warp_diagnostic
fx17_leaf_000086,fx17,86,P5,119443,0,7086307,1625558,1703,247,897,0.0008506712817620165,3,,rejected_for_measurement_local_warp_diagnostic
fx17_leaf_000266,fx17,266,P5,128320,0,7135798,1640885,1713,262,942,0.0008968268046068197,3,,rejected_for_measurement_local_warp_diagnostic
fx17_leaf_000241,fx17,241,P5,128321,0,7135799,1640886,1712,263,411,0.0005173127505559553,3,,rejected_for_measurement_local_warp_diagnostic
fx17_leaf_000427,fx17,427,P5,41002,0,4802668,905012,1724,228,1051,0.0010234652231380461,3,,rejected_for_measurement_local_warp_diagnostic
fx17_leaf_000035,fx17,35,P5,119342,0,7086206,1625457,1699,251,57,0.00023426849457999834,3,,rejected_for_measurement_local_warp_diagnostic
fx17_leaf_000487,fx17,487,P5,24049,0,3532244,657641,1728,196,1173,0.0011688361249871217,3,,rejected_for_measurement_local_warp_diagnostic
fx17_leaf_000110,fx17,110,P5,128331,0,7135809,1640896,1705,245,567,0.0006063806942296668,3,,rejected_for_measurement_local_warp_diagnostic
fx17_leaf_000449,fx17,449,P5,129371,0,7140239,1642893,1725,231,1021,0.0009840462717808803,3,,rejected_for_measurement_local_warp_diagnostic
fx17_leaf_000341,fx17,341,P5,5933,0,669125,108044,1717,238,1238,0.0012727295101034963,3,,rejected_for_measurement_local_warp_diagnostic
fx17_leaf_000464,fx17,464,P5,118742,0,7084534,1624194,1726,263,890,0.0008419355366212868,3,,rejected_for_measurement_local_warp_diagnostic
fx17_leaf_000393,fx17,393,P5,40896,0,4802562,904906,1721,227,586,0.000619609490162808,3,,rejected_for_measurement_local_warp_diagnostic
fx17_leaf_000093,fx17,93,P5,5646,0,668838,107757,1704,239,1158,0.0011470939911823316,3,,rejected_for_measurement_local_warp_diagnostic
fx17_leaf_000085,fx17,85,P5,5676,0,668868,107787,1703,245,1464,0.0017592805941420437,3,,rejected_for_measurement_local_warp_diagnostic
fx17_leaf_000384,fx17,384,P5,40866,0,4802532,904876,1720,227,351,0.0004826244929007264,3,,rejected_for_measurement_local_warp_diagnostic
fx17_leaf_000412,fx17,412,P5,40938,0,4802604,904948,1723,224,1103,0.001087276655528996,3,,rejected_for_measurement_local_warp_diagnostic
fx17_leaf_000378,fx17,378,P5,40950,0,4802616,904960,1720,211,670,0.0006700791756034876,3,,rejected_for_measurement_local_warp_diagnostic
fx17_leaf_000433,fx17,433,P5,128455,0,7135944,1641031,1724,259,207,0.00038653069141501384,3,,rejected_for_measurement_local_warp_diagnostic
fx17_leaf_000448,fx17,448,P5,40962,0,4802628,904972,1725,230,478,0.0005525329737385302,3,,rejected_for_measurement_local_warp_diagnostic
fx17_leaf_000063,fx17,63,P5,119373,0,7086237,1625488,1701,252,470,0.0005453260306192467,3,,rejected_for_measurement_local_warp_diagnostic
fx17_leaf_000638,fx17,638,P5,136721,0,7225720,1659932,1758,239,1368,0.0014804606268873303,3,,rejected_for_measurement_local_warp_diagnostic
fx17_leaf_000368,fx17,368,P5,40824,0,4802490,904834,1719,230,68,0.0002471151053748186,3,,rejected_for_measurement_local_warp_diagnostic
fx17_leaf_000453,fx17,453,P5,128463,0,7135952,1641039,1725,259,530,0.000585524587325226,3,,rejected_for_measurement_local_warp_diagnostic
fx17_leaf_000395,fx17,395,P5,129364,0,7140232,1642886,1721,232,465,0.0005439483400095745,3,,rejected_for_measurement_local_warp_diagnostic
fx17_leaf_000560,fx17,560,P5,42488,0,4954193,946139,1734,204,967,0.0009202234187403572,3,,rejected_for_measurement_local_warp_diagnostic
fx17_leaf_000244,fx17,244,P5,138279,0,7232993,1661846,1713,196,406,0.000515433848689405,3,,rejected_for_measurement_local_warp_diagnostic
fx17_leaf_000308,fx17,308,P5,5887,0,669079,107998,1715,246,1533,0.002040287386155609,3,,rejected_for_measurement_local_warp_diagnostic
fx17_leaf_000009,fx17,9,P5,119317,0,7086181,1625432,1697,250,723,0.0007087744312744075,3,,rejected_for_measurement_local_warp_diagnostic
fx17_leaf_000313,fx17,313,P5,128334,0,7135812,1640899,1715,261,1233,0.0012630016166748665,3,,rejected_for_measurement_local_warp_diagnostic
fx17_leaf_000509,fx17,509,P5,137304,0,7226527,1660515,1729,210,1049,0.0010220285798555797,3,,rejected_for_measurement_local_warp_diagnostic
fx17_leaf_000084,fx17,84,P5,5713,0,668905,107824,1703,244,714,0.0007012791787075339,3,,rejected_for_measurement_local_warp_diagnostic
fx17_leaf_000340,fx17,340,P5,5937,0,669129,108048,1717,237,939,0.0008930426146064003,3,,rejected_for_measurement_local_warp_diagnostic
fx17_leaf_000605,fx17,605,P5,136465,0,7225462,1659674,1747,242,1240,0.0012766213507220464,3,,rejected_for_measurement_local_warp_diagnostic
fx17_leaf_000413,fx17,413,P5,129369,0,7140237,1642891,1723,232,700,0.0006918237443012242,3,,rejected_for_measurement_local_warp_diagnostic
fx17_leaf_000036,fx17,36,P5,119343,0,7086207,1625458,1699,252,656,0.0006625024822058081,3,,rejected_for_measurement_local_warp_diagnostic
fx17_leaf_000619,fx17,619,P5,136514,0,7225513,1659725,1752,244,1183,0.0011924987946549956,3,,rejected_for_measurement_local_warp_diagnostic
fx17_leaf_000591,fx17,591,P5,136366,0,7225359,1659571,1744,240,928,0.0008848118962781652,3,,rejected_for_measurement_local_warp_diagnostic
fx17_leaf_000083,fx17,83,P5,119415,0,7086279,1625530,1703,243,886,0.0008380181732433501,3,,rejected_for_measurement_local_warp_diagnostic
fx17_leaf_000094,fx17,94,P5,5712,0,668904,107823,1704,244,840,0.0007916622732478726,3,,rejected_for_measurement_local_warp_diagnostic
fx17_leaf_000260,fx17,260,P5,5870,0,669062,107981,1713,238,1226,0.0012507507892833617,3,,rejected_for_measurement_local_warp_diagnostic
fx17_leaf_000109,fx17,109,P5,119498,0,7086362,1625613,1705,240,978,0.0009291991108936687,3,,rejected_for_measurement_local_warp_diagnostic
fx17_leaf_000382,fx17,382,P5,40869,0,4802535,904879,1720,225,131,0.0003086759478585479,3,,rejected_for_measurement_local_warp_diagnostic
fx17_leaf_000571,fx17,571,P5,152424,1,210539,1721622,1741,226,1258,0.001295698935669837,3,,rejected_for_measurement_local_warp_diagnostic
fx17_leaf_000419,fx17,419,P5,128450,0,7135939,1641026,1723,262,639,0.0006555555567797002,3,,rejected_for_measurement_local_warp_diagnostic
fx17_leaf_000337,fx17,337,P5,40795,0,4802461,904805,1717,229,693,0.0006870443635078114,3,,rejected_for_measurement_local_warp_diagnostic
fx17_leaf_000267,fx17,267,P5,128335,0,7135813,1640900,1713,263,828,0.0007783024621372466,3,,rejected_for_measurement_local_warp_diagnostic
fx17_leaf_000396,fx17,396,P5,6045,0,669237,108156,1721,249,1487,0.0018634778355509087,3,,rejected_for_measurement_local_warp_diagnostic
fx17_leaf_000454,fx17,454,P5,128453,0,7135942,1641029,1725,260,1261,0.0012990672464017145,3,,rejected_for_measurement_local_warp_diagnostic
fx17_leaf_000172,fx17,172,P5,129286,0,7140135,1642789,1709,232,1281,0.0013258806837551035,3,,rejected_for_measurement_local_warp_diagnostic
fx17_leaf_000420,fx17,420,P5,118703,0,7084495,1624155,1723,263,401,0.0005131014379444767,3,,rejected_for_measurement_local_warp_diagnostic
fx17_leaf_000431,fx17,431,P5,6085,0,669277,108196,1724,242,1503,0.0019127756659887572,3,,rejected_for_measurement_local_warp_diagnostic
fx17_leaf_000367,fx17,367,P5,40827,0,4802493,904837,1719,229,832,0.0007841147015755839,3,,rejected_for_measurement_local_warp_diagnostic
fx17_leaf_000452,fx17,452,P5,6115,0,669307,108226,1725,242,1541,0.0020999355413214753,3,,rejected_for_measurement_local_warp_diagnostic
fx17_leaf_000137,fx17,137,P5,5644,0,668836,107755,1707,244,994,0.0009491000196651778,3,,rejected_for_measurement_local_warp_diagnostic
fx17_leaf_000230,fx17,230,P5,5832,0,669024,107943,1712,238,1348,0.0014489141068315644,3,,rejected_for_measurement_local_warp_diagnostic
fx17_leaf_000617,fx17,617,P5,136522,0,7225521,1659733,1752,242,97,0.0002739325249680382,2,,rejected_for_measurement_local_warp_diagnostic
fx17_leaf_000536,fx17,536,P5,137335,0,7226558,1660546,1731,210,1076,0.0010571153304081218,3,,rejected_for_measurement_local_warp_diagnostic
fx17_leaf_000383,fx17,383,P5,40864,0,4802530,904874,1720,226,595,0.0006252068973753733,3,,rejected_for_measurement_local_warp_diagnostic
fx17_leaf_000067,fx17,67,P5,119504,0,7086368,1625619,1702,232,417,0.0005218832683168752,3,,rejected_for_measurement_local_warp_diagnostic
fx17_leaf_000081,fx17,81,P5,706,0,159267,28254,1703,232,1425,0.0016544766871861172,3,,rejected_for_measurement_local_warp_diagnostic
fx17_leaf_000068,fx17,68,P5,5650,0,668842,107761,1702,233,1304,0.0013603425054778278,3,,rejected_for_measurement_local_warp_diagnostic
fx17_leaf_000379,fx17,379,P5,40949,0,4802615,904959,1720,212,1011,0.0009646725200875538,3,,rejected_for_measurement_local_warp_diagnostic
fx17_leaf_000231,fx17,231,P5,5827,0,669019,107938,1712,240,461,0.0005423837136523464,3,,rejected_for_measurement_local_warp_diagnostic
fx17_leaf_000566,fx17,566,P5,24181,0,3532376,657773,1737,199,1055,0.0010290312084810015,3,,rejected_for_measurement_local_warp_diagnostic
fx17_leaf_000155,fx17,155,P5,5788,0,668980,107899,1708,240,1593,0.0025930483726075825,3,,rejected_for_measurement_local_warp_diagnostic
fx17_leaf_000402,fx17,402,P5,40905,0,4802571,904915,1722,224,81,0.00025821840279457943,3,,rejected_for_measurement_local_warp_diagnostic
fx17_leaf_000122,fx17,122,P5,119454,0,7086318,1625569,1706,243,1330,0.0014111251186107988,3,,rejected_for_measurement_local_warp_diagnostic
fx17_leaf_000434,fx17,434,P5,118721,0,7084513,1624173,1724,263,594,0.0006248444927828488,3,,rejected_for_measurement_local_warp_diagnostic
fx17_leaf_000354,fx17,354,P5,5939,0,669131,108050,1718,235,45,0.0002061932152562521,3,,rejected_for_measurement_local_warp_diagnostic
fx17_leaf_000156,fx17,156,P5,5672,0,668864,107783,1708,244,1057,0.00103566900389424,3,,rejected_for_measurement_local_warp_diagnostic
