sample_id,scan_line,detector_column,patch_id,q,q0,flags_q,flags_q0
0,248,478,1,2.584901547897171,2.369499976548435,0,0
1,248,480,1,2.644166099339168,2.414966802137281,0,0
2,248,482,1,3.045094697814658,2.7189040955669808,0,0
3,248,484,1,3.254557342834438,2.872949324278891,0,0
4,250,470,1,2.585775718556844,2.389542191160533,0,0
5,250,472,1,2.722524302136344,2.5001574191161877,0,0
6,250,474,1,2.7031483253271618,2.4773384012244404,0,0
7,250,476,1,2.60920316207183,2.396825181538889,0,0
8,250,478,1,2.5456734857601284,2.349111930206567,0,0
9,250,480,1,2.4792929165933266,2.2995377971978144,0,0
10,250,482,1,2.7569856933007015,2.5175976447293267,0,0
11,250,484,1,3.2765617554852366,2.9065781561816455,0,0
12,250,486,1,3.4876944015872264,3.0667324417124178,0,0
13,250,488,1,3.312782938671661,2.95404445635291,0,0
14,250,490,1,3.403742227489167,3.037998266480222,0,0
15,252,464,1,2.7745293162649083,2.5701423636077827,0,0
16,252,466,1,2.6111372905176884,2.429876397541259,0,0
17,252,468,1,2.3452909386855816,2.2083456016063794,0,0
18,252,470,1,2.315542138600639,2.1835497522052427,0,0
19,252,472,1,2.3752502566170683,2.2351075342512114,0,0
20,252,474,1,2.4354260415112456,2.2788272358536954,0,0
21,252,476,1,2.4348321754308158,2.2754443808047378,0,0
22,252,478,1,2.341077793899107,2.203331906603683,0,0
23,252,480,1,2.3208906139968297,2.1871515366005845,0,0
24,252,482,1,2.8312276350124717,2.600602901508985,0,0
25,252,484,1,3.2597620644263965,2.9325735938860387,0,0
26,252,486,1,3.42988983328506,3.057396875375655,0,0
27,252,488,1,3.2992957707053603,2.957965736362939,0,0
28,252,490,1,3.192702778589742,2.9016463689640872,0,0
29,252,492,1,3.090376972884969,2.827021211352033,0,0
30,252,494,1,3.1837796481975795,2.8989257227790772,0,0
31,254,462,1,2.623207693903849,2.4632663284790164,0,0
32,254,464,1,2.541979058314981,2.3871852831758873,0,0
33,254,466,1,2.4024910407690006,2.2669242138136205,0,0
34,254,468,1,2.289230759079392,2.1677311926882568,0,0
35,254,470,1,2.3013750435674067,2.179017168703652,0,0
36,254,472,1,2.329070001478731,2.205584204254435,0,0
37,254,474,1,2.3935566731636455,2.2574367662589925,0,0
38,254,476,1,2.553636074843834,2.3880583853838995,0,0
39,254,478,1,2.6820289291627635,2.490783424080543,0,0
40,254,480,1,2.9012225776055423,2.6670258052010887,0,0
41,254,482,1,3.172892091949927,2.8784382342217167,0,0
42,254,484,1,3.417094021180083,3.0596130651669364,0,0
43,254,486,1,3.598402116613942,3.1882551892793902,0,0
44,254,488,1,3.412795321705079,3.054402396085372,0,0
45,254,490,1,3.2262788273525294,2.9302838830627427,0,0
46,254,492,1,3.270208585902594,2.963801688868954,0,0
47,256,464,1,2.463129281101205,2.3340870262678424,0,0
48,256,466,1,2.4336715105791304,2.3078394697631937,0,0
49,256,468,1,2.35556653796694,2.2366927131748007,0,0
50,256,470,1,2.3044024896958724,2.192454789655371,0,0
51,256,472,1,2.4291550904020967,2.298856321906299,0,0
52,256,474,1,2.748694808313232,2.5641079966062184,0,0
53,256,476,1,2.9504733749987433,2.728827722461794,0,0
54,256,478,1,3.1148815287696854,2.860372024685172,0,0
55,256,480,1,3.417492501816475,3.100127735506031,0,0
56,256,482,1,3.4527204255166475,3.1241805296336453,0,0
57,256,484,1,3.32282784414568,3.0126580775725236,0,0
58,256,486,1,3.1960795762686334,2.916517400836288,0,0
59,256,488,1,3.041671370353036,2.7826777056393075,0,0
60,258,464,1,2.479874821755738,2.3493361320757935,0,0
61,258,466,1,2.4592415920937047,2.3340755535719393,0,0
62,258,468,1,2.389969408682881,2.268475998778834,0,0
63,258,470,1,2.424370378410202,2.290677968019224,0,0
64,258,472,1,2.6645528854003837,2.4880992621769225,0,0
65,258,474,1,3.0284130321433023,2.7826358956194617,0,0
66,258,476,1,3.284307004731933,2.9861915073257896,0,0
67,258,478,1,3.667271933330407,3.28983811542881,0,0
68,258,480,1,3.649970660081016,3.279656068765556,0,0
69,258,482,1,3.69764084215897,3.3053231160507406,0,0
70,258,484,1,3.5700196295037525,3.188774912313067,0,0
71,258,486,1,3.0366923431603223,2.766703194140158,0,0
72,260,466,1,2.6289402914218196,2.4615448824677055,0,0
73,260,468,1,2.6938916793967427,2.5067501150516702,0,0
74,260,470,1,2.8972636582266706,2.6663377444402165,0,0
75,260,472,1,3.0156937768270327,2.7594153213983423,0,0
76,260,474,1,3.24768028705164,2.9241862771456724,0,0
77,260,476,1,3.5306440069760123,3.124145745342231,0,0
78,260,478,1,3.515863753319174,3.118581494908144,0,0
79,260,480,1,3.252840921866217,2.919608346922612,0,0
80,260,482,1,2.885965241528281,2.6252039252231745,0,0
81,274,442,2,1.7828673582380907,1.625455153887401,0,0
82,274,444,2,1.4461626218300891,1.3740486740828541,0,0
83,274,446,2,1.1416487474830408,1.1172251570706175,0,0
84,274,448,2,1.0740944830286028,1.0600944391679497,0,0
85,276,416,2,1.9976826541045805,1.7698108564858182,0,0
86,276,418,2,2.0751715496602086,1.8452222392718496,0,0
87,276,420,2,2.140448129262442,1.892523538981624,0,0
88,276,422,2,2.2306189827109715,1.9574555580829915,0,0
89,276,424,2,2.1862918313408284,1.9269331912129535,0,0
90,276,426,2,2.18345880505839,1.9276714603170584,0,0
91,276,428,2,2.1289930996586484,1.8714719744344075,0,0
92,276,430,2,2.0949190784231257,1.823406507610271,0,0
93,276,432,2,2.189606977073247,1.8547683049414854,0,0
94,276,434,2,2.2836403519897712,1.9468068700342787,0,0
95,276,436,2,2.3910303905354864,2.0176352865377707,0,0
96,276,438,2,2.225335634151179,1.9202883539038738,0,0
97,276,440,2,1.7604038110282865,1.602209487585888,0,0
98,276,442,2,1.4552345253260959,1.3721475503555174,0,0
99,276,444,2,1.1411751406524342,1.1158065602116667,0,0
100,278,408,2,2.136748961594891,1.867086071639049,0,0
101,278,410,2,2.5227734191495297,2.113689343182286,0,0
102,278,412,2,2.5033716225215046,2.1020835010688153,0,0
103,278,414,2,2.250732562985638,1.9406658834938215,0,0
104,278,416,2,2.251317189065266,1.9549128721718998,0,0
105,278,418,2,2.289459239639551,1.990375648046693,0,0
106,278,420,2,2.3118105833086426,2.0090656745702016,0,0
107,278,422,2,2.4112592266690194,2.0713628715572243,0,0
108,278,424,2,2.4701002118706157,2.094012378666037,0,0
109,278,426,2,2.483883330141583,2.0949520904238863,0,0
110,278,428,2,2.3432960303463406,1.9905137119125003,0,0
111,278,430,2,2.3949175647719647,2.0115960563241595,0,0
112,278,432,2,2.383084476041217,2.007935081883606,0,0
113,278,434,2,2.2479652839248696,1.93580034306322,0,0
114,278,436,2,2.0680038853654854,1.8146235592924869,0,0
115,278,438,2,1.776392378236905,1.6145327552360806,0,0
116,278,440,2,1.4677633760401778,1.3793966541006888,0,0
117,280,410,2,2.7698821719151807,2.2721327529981936,0,0
118,280,412,2,2.558633398977398,2.1509084839525014,0,0
119,280,414,2,2.340950882664142,2.0016783654898282,0,0
120,280,416,2,2.412604894651776,2.052575237080766,0,0
121,280,418,2,2.5357716556129692,2.1271914110463195,0,0
122,280,420,2,2.7212778566173164,2.232399555421827,0,0
123,280,422,2,2.951913836239035,2.3677160438270812,0,0
124,280,424,2,3.1433042429881075,2.4676487671970144,0,0
125,280,426,2,3.148657286004428,2.4855682519063995,0,0
126,280,428,2,2.987942350125427,2.3932720847154196,0,0
127,280,430,2,2.87658504255386,2.329195697371776,0,0
128,280,432,2,2.795914306259316,2.289094539189682,0,0
129,280,434,2,2.7081706224525197,2.2456536762500803,0,0
130,280,436,2,2.5454781442370513,2.131771553556014,0,0
131,504,244,3,4.00368540166326,3.28118567834885,0,0
132,506,240,3,3.7648753393402314,3.0965200834552427,0,0
133,506,242,3,3.9226929696310076,3.2175753834375134,0,0
134,506,244,3,3.9675888706094504,3.2500448128710824,0,0
135,506,246,3,4.089499568043707,3.372147914640669,0,0
136,506,248,3,4.164070554590305,3.429927070838301,0,0
137,506,250,3,4.106189067518752,3.386670637630737,0,0
138,506,252,3,4.100781425330679,3.3879203630547168,0,0
139,508,236,3,4.134914797058659,3.3953076090980217,0,0
140,508,238,3,3.93717262419141,3.232127778829672,0,0
141,508,240,3,3.7647922418261,3.1230155492278513,0,0
142,508,242,3,3.860910215585081,3.1979285103639246,0,0
143,508,244,3,3.9862747497617264,3.3111021165288164,0,0
144,508,246,3,4.068444584251366,3.4032444486089846,0,0
145,508,248,3,4.128720025774707,3.432565265119616,0,0
146,508,250,3,4.033949014886366,3.36486255274139,0,0
147,508,252,3,3.9917784572789987,3.333564401317974,0,0
148,508,254,3,3.873623354184613,3.238553258872413,0,0
149,508,256,3,3.9520031018689155,3.3295846371430096,0,0
150,508,258,3,4.049744553404617,3.4245396156637513,0,0
151,508,260,3,4.030631595481237,3.4296524050416957,0,0
152,510,232,3,4.346972355166165,3.5623825898042467,0,0
153,510,234,3,4.3585032823329435,3.552217577333327,0,0
154,510,236,3,4.143114468943179,3.411180258031151,0,0
155,510,238,3,3.8867554516474554,3.1884723033320257,0,0
156,510,240,3,3.797717150407873,3.1420154684767794,0,0
157,510,242,3,3.884307582723947,3.2244687769039118,0,0
158,510,244,3,4.011843279999766,3.346202916398754,0,0
159,510,246,3,4.10635593743792,3.455419734472233,0,0
160,510,248,3,4.188092153756969,3.485260792238278,0,0
161,510,250,3,3.7442411459570275,3.18516098715131,0,0
162,510,252,3,3.717340659179374,3.15567108922001,0,0
163,510,254,3,3.711509373236003,3.1404618962265296,0,0
164,510,256,3,3.5898068657228954,3.0943920028984673,0,0
165,510,258,3,4.021718231497185,3.409935306909691,0,0
166,510,260,3,4.1267475253739185,3.5022901400878474,0,0
167,510,262,3,4.0588560237756495,3.47346639469568,0,0
168,510,264,3,4.0471937992782,3.48630654123032,0,0
169,510,266,3,4.065412391370043,3.516806285059592,0,0
170,510,268,3,3.998113273139267,3.4745983866855057,0,0
171,512,228,3,3.88571040828454,3.206744607071225,0,0
172,512,230,3,4.124314037487345,3.405697445677771,0,0
173,512,232,3,4.227070830502255,3.5202592128762697,0,0
174,512,234,3,4.383152135379305,3.6035270086023403,0,0
175,512,236,3,4.247644530781344,3.507125231184049,0,0
176,512,238,3,3.946165382236408,3.242119977989678,0,0
177,512,240,3,3.881905859314642,3.1949257648501033,0,0
178,512,242,3,3.9278644119682564,3.251933611311595,0,0
179,512,244,3,4.080225098347392,3.3937831448425104,0,0
180,512,246,3,4.199602892408259,3.521321040284311,0,0
181,512,248,3,4.136815813773744,3.456682660066233,0,0
182,512,250,3,3.737214486381619,3.1825500699204547,0,0
183,512,252,3,3.6159833248331377,3.0827110678047354,0,0
184,512,254,3,3.6412528902733707,3.097382174563853,0,0
185,512,256,3,3.5506271747068174,3.064714234787161,0,0
186,512,258,3,4.019865863700449,3.405000007749616,0,0
187,512,260,3,4.093259995454434,3.4739069464780274,0,0
188,512,262,3,4.109435613637385,3.4923829974263976,0,0
189,512,264,3,4.051808490513378,3.4910922105057467,0,0
190,512,266,3,3.992334321373536,3.479946709847481,0,0
191,512,268,3,4.067047763252274,3.515838116606289,0,0
192,512,270,3,4.016208674223902,3.473106891219277,0,0
193,512,272,3,3.7851299247189507,3.2944770002883472,0,0
194,514,224,3,3.62183693564955,2.9979497364583363,0,0
195,514,226,3,3.74396215328949,3.121577030132029,0,0
196,514,228,3,3.8879894218059112,3.2332819554044834,0,0
197,514,230,3,4.062011075332598,3.39340438785482,0,0
198,514,232,3,4.174147015088358,3.5203424768294203,0,0
199,514,234,3,4.353519613249006,3.6305816509172466,0,0
200,514,236,3,4.1804188970160725,3.492042562838679,0,0
201,514,238,3,3.90795992948991,3.24490466334449,0,0
202,514,240,3,3.966630647421541,3.25792190055358,0,0
203,514,242,3,4.007635652039481,3.3146543370127484,0,0
204,514,244,3,4.110036246178039,3.428397132520059,0,0
205,514,246,3,4.24253866813648,3.5517249238580186,0,0
206,514,248,3,4.10621086453214,3.4426535054836203,0,0
207,514,250,3,4.010810063912543,3.3694990923367287,0,0
208,514,252,3,3.844026157991597,3.230674419735488,0,0
209,514,254,3,3.8720481329541245,3.2650963110811446,0,0
210,514,256,3,3.9749611222333274,3.3645018892337366,0,0
211,514,258,3,4.038644869846375,3.42708685855566,0,0
212,514,260,3,4.0712684405622195,3.4672041798326503,0,0
213,514,262,3,4.090652837813169,3.4847520977133546,0,0
214,514,264,3,4.053181213474352,3.4922280109142685,0,0
215,514,266,3,3.9695485567501927,3.4699659820160145,0,0
216,514,268,3,4.028722440134012,3.4966625086060383,0,0
217,514,270,3,4.071726366422014,3.5173718013173794,0,0
218,514,272,3,4.048554257260089,3.4801023276042873,0,0
219,514,274,3,4.273033016541323,3.625057081553119,0,0
220,516,220,3,3.4892457360120135,2.901901182085098,0,0
221,516,222,3,3.5484398568135695,2.945186713421593,0,0
222,516,224,3,3.7045911393652937,3.0759097009890977,0,0
223,516,226,3,3.859298968590874,3.210149862482224,0,0
224,516,228,3,3.929294331263037,3.2791628669730097,0,0
225,516,230,3,4.08705868670609,3.426623211395706,0,0
226,516,232,3,4.164282369705932,3.525762091019342,0,0
227,516,234,3,4.282347334384538,3.5956723983801844,0,0
228,516,236,3,4.067297630435856,3.425197601966104,0,0
229,516,238,3,3.9334992986020065,3.2731360974166903,0,0
230,516,240,3,3.9582500078041662,3.252918786399356,0,0
231,516,242,3,4.032365516887628,3.331221292638599,0,0
232,516,244,3,4.139764538712089,3.446598448904076,0,0
233,516,246,3,4.175367968145863,3.5005776558143378,0,0
234,516,248,3,4.008877605111553,3.367154242593321,0,0
235,516,250,3,3.915156837694941,3.2904113847270184,0,0
236,516,252,3,3.7769017637791427,3.172269998711305,0,0
237,516,254,3,3.947702638448177,3.306339178374615,0,0
238,516,256,3,4.020584844982015,3.388353837987191,0,0
239,516,258,3,4.084237440058259,3.4500575570660525,0,0
240,516,260,3,4.096723936236166,3.4778669813561285,0,0
241,516,262,3,4.065018551147721,3.461663371473568,0,0
242,516,264,3,4.00102387761429,3.4490582321612675,0,0
243,516,266,3,3.9616124889713618,3.4533106136183913,0,0
244,516,268,3,4.038907357488872,3.4905929264871194,0,0
245,516,270,3,4.046593861224077,3.4791916344278624,0,0
246,516,272,3,4.086765312453774,3.476751483191073,0,0
247,516,274,3,4.291168846498421,3.6150659647209347,0,0
248,516,276,3,4.140378627338528,3.528417757148067,0,0
249,518,222,3,3.7081342538198334,3.098456971021247,0,0
250,518,224,3,3.804351841156481,3.180253636508635,0,0
251,518,226,3,3.868752326562162,3.252085593488966,0,0
252,518,228,3,3.986826533218703,3.3552861233262967,0,0
253,518,230,3,4.152771107381023,3.5073337377850664,0,0
254,518,232,3,4.129324642135368,3.531137745811212,0,0
255,518,234,3,4.073570641654059,3.494615591128751,0,0
256,518,236,3,3.924068997271472,3.360987240240836,0,0
257,518,238,3,3.7038841123101656,3.154382590288417,0,0
258,518,240,3,3.8058742560026513,3.175201918447381,0,0
259,518,242,3,4.016838072156114,3.337263510521689,0,0
260,518,244,3,4.187428816638667,3.494182733142758,0,0
261,518,246,3,4.047984122623298,3.4193585581740353,0,0
262,518,248,3,4.068043197183407,3.4120748934843403,0,0
263,518,250,3,4.041819523456425,3.377722870929358,0,0
264,518,252,3,3.854934511573377,3.236998973851895,0,0
265,518,254,3,3.9832796863040274,3.342257194500989,0,0
266,518,256,3,4.075732643032192,3.436408998268079,0,0
267,518,258,3,4.101799443143656,3.473745161433757,0,0
268,518,260,3,4.078635972271533,3.473219599232726,0,0
269,518,262,3,4.0272755144138435,3.4413861370895713,0,0
270,518,264,3,3.9922121894997176,3.4556680854449264,0,0
271,518,266,3,4.077174263512322,3.535934044728613,0,0
272,518,268,3,4.084702249404233,3.521925844015068,0,0
273,518,270,3,4.070304387300113,3.4957592085161555,0,0
274,518,272,3,4.206861362201755,3.5507927055783806,0,0
275,518,274,3,4.327104190055272,3.634927616671852,0,0
276,518,276,3,4.142614126418154,3.5280215504746675,0,0
277,518,278,3,4.140977260972275,3.543705438015229,0,0
278,520,222,3,3.8509966742962067,3.2292665810177867,0,0
279,520,224,3,3.8738565093571022,3.2565334108284585,0,0
280,520,226,3,3.995041178266576,3.3595191015700796,0,0
281,520,228,3,4.022470247632581,3.3983692226739217,0,0
282,520,230,3,4.147510928379338,3.5175178042374773,0,0
283,520,232,3,4.144902507624936,3.5492389163910403,0,0
284,520,234,3,3.8918441745058288,3.3847720326494968,0,0
285,520,236,3,3.8575570122665725,3.330500935363205,0,0
286,520,238,3,3.690570832876006,3.1706681466011286,0,0
287,520,240,3,3.6200314903219364,3.075175959583738,0,0
288,520,242,3,4.082876467218652,3.3991465186919214,0,0
289,520,244,3,4.253859137082307,3.545798143741653,0,0
290,520,246,3,4.264904248011018,3.562787973393995,0,0
291,520,248,3,4.204616308221639,3.5094358312237577,0,0
292,520,250,3,4.063216126290367,3.3907917143820714,0,0
293,520,252,3,4.15471353359169,3.4617840910060096,0,0
294,520,254,3,4.12222013419162,3.4585390826856193,0,0
295,520,256,3,4.100375315719826,3.471849785615475,0,0
296,520,258,3,4.158881224816661,3.5282762206311453,0,0
297,520,260,3,4.1273211166640165,3.5174117185278275,0,0
298,520,262,3,4.089908739449724,3.495842019625075,0,0
299,520,264,3,4.035706481049031,3.4834784316675274,0,0
300,520,266,3,4.117598108036926,3.550480296133871,0,0
301,520,268,3,4.124244431302594,3.5427163478980797,0,0
302,520,270,3,4.169458145615778,3.553905941675358,0,0
303,520,272,3,4.297545877490712,3.604604342683156,0,0
304,520,274,3,4.300618724451874,3.625259182904941,0,0
305,520,276,3,4.203917327634029,3.5689120191931765,0,0
306,520,278,3,4.144775463399736,3.5403571565672944,0,0
307,520,280,3,4.09876015593102,3.515027971295397,0,0
308,522,224,3,4.047494858433989,3.3639473579590273,0,0
309,522,226,3,4.12497952359572,3.441244848260338,0,0
310,522,228,3,4.129430014732979,3.453086576406673,0,0
311,522,230,3,4.208509026092178,3.531824150369745,0,0
312,522,232,3,4.18028362389181,3.543489354188873,0,0
313,522,234,3,3.871031380097587,3.3536301529969177,0,0
314,522,236,3,3.7916659735075164,3.2732584898875334,0,0
315,522,238,3,3.704002247656089,3.16936943622892,0,0
316,522,240,3,3.7230498304805857,3.146365356943179,0,0
317,522,242,3,4.130883863541339,3.4056123515130587,0,0
318,522,244,3,4.248261338702538,3.4955698947643055,0,0
319,522,246,3,4.205360697652482,3.481164014749139,0,0
320,522,248,3,4.181610769150544,3.4436797595813333,0,0
321,522,250,3,4.142378371103923,3.4043520866453685,0,0
322,522,252,3,4.130632213961746,3.425903600248534,0,0
323,522,254,3,4.153771642037375,3.463937328690928,0,0
324,522,256,3,4.1695299207312955,3.5044231046227163,0,0
325,522,258,3,4.193420665295821,3.541992671613904,0,0
326,522,260,3,4.157099546965925,3.528140477555773,0,0
327,522,262,3,4.138803683846278,3.5207631372809782,0,0
328,522,264,3,4.116713310795408,3.530716461479619,0,0
329,522,266,3,4.13441596836119,3.5459780018493956,0,0
330,522,268,3,4.132727565798045,3.5297508945761504,0,0
331,522,270,3,4.185175739361007,3.5315187416614,0,0
332,522,272,3,4.2887339476539115,3.5784008627258244,0,0
333,522,274,3,4.2488777663540835,3.566710467585709,0,0
334,522,276,3,4.218485563789014,3.5502289882042093,0,0
335,522,278,3,4.171462054532233,3.5276079798808686,0,0
336,522,280,3,4.180618102761151,3.5379610789137383,0,0
337,522,282,3,4.228542083012507,3.5656419608487435,0,0
338,524,224,3,4.20727174656343,3.501876426402487,0,0
339,524,226,3,4.240649162214864,3.5554100580011423,0,0
340,524,228,3,4.293490826910198,3.596486687714875,0,0
341,524,230,3,4.310085692454946,3.6293242836566564,0,0
342,524,232,3,4.101815954346661,3.5075133916811185,0,0
343,524,234,3,4.043890708396905,3.4850328877808043,0,0
344,524,236,3,4.028837180014113,3.453139260950219,0,0
345,524,238,3,3.7654300946395125,3.2283262983041245,0,0
346,524,240,3,3.7798994666730374,3.208802366447689,0,0
347,524,242,3,4.190343503839092,3.441448995439254,0,0
348,524,244,3,4.239619047422017,3.49034431118278,0,0
349,524,246,3,4.227376241493197,3.494031139134978,0,0
350,524,248,3,4.120219721481296,3.3955453489807206,0,0
351,524,250,3,4.111068196389977,3.406588508873509,0,0
352,524,252,3,4.079636794973339,3.4047796187811135,0,0
353,524,254,3,4.121967531539287,3.442660805958433,0,0
354,524,256,3,4.13103590464139,3.472218053189685,0,0
355,524,258,3,4.147873543200135,3.496581111971159,0,0
356,524,260,3,4.168722234464186,3.5184980899084324,0,0
357,524,262,3,4.081509506847233,3.4729389864870455,0,0
358,524,264,3,4.122312403569187,3.5311766146018004,0,0
359,524,266,3,4.137580929657702,3.533455770887636,0,0
360,524,268,3,4.104449667390999,3.494555738838171,0,0
361,524,270,3,4.134456229240018,3.4781817235999903,0,0
362,524,272,3,4.316854685028012,3.5715497313924325,0,0
363,524,274,3,4.263581201839007,3.5483092730289205,0,0
364,524,276,3,4.292609904109321,3.5643833232284283,0,0
365,524,278,3,4.340713847193128,3.6068936384384593,0,0
366,524,280,3,4.328671720985772,3.604844263446551,0,0
367,524,282,3,4.348007192930191,3.6232986277404504,0,0
368,524,284,3,4.295020291081094,3.591934669991172,0,0
369,526,226,3,4.146844549787595,3.5137035186488093,0,0
370,526,228,3,4.201643276390961,3.5637070601757364,0,0
371,526,230,3,4.2634201707455786,3.632989528611487,0,0
372,526,232,3,4.269487094500062,3.6538016433165765,0,0
373,526,234,3,4.126852857227281,3.571052830843769,0,0
374,526,236,3,4.012443438294014,3.49165673049966,0,0
375,526,238,3,3.967874128970623,3.4093122590649516,0,0
376,526,240,3,3.982266402441972,3.3993622592411543,0,0
377,526,242,3,4.056241301320334,3.3656461309653802,0,0
378,526,244,3,4.219441260888255,3.4821509344043764,0,0
379,526,246,3,4.181198968130469,3.4722773261273794,0,0
380,526,248,3,4.186522374366576,3.4654626907959742,0,0
381,526,250,3,4.176920556308384,3.4798507097297873,0,0
382,526,252,3,4.158479198504945,3.4822486578197793,0,0
383,526,254,3,4.147317860966814,3.4824961241864396,0,0
384,526,256,3,4.158460601241746,3.5018349917329243,0,0
385,526,258,3,4.163173293019484,3.5076808317315384,0,0
386,526,260,3,4.170894089787474,3.5165524311024052,0,0
387,526,262,3,4.127090768325572,3.4895455446837267,0,0
388,526,264,3,4.181481734364531,3.5521560650439747,0,0
389,526,266,3,4.24312147714732,3.588944626224163,0,0
390,526,268,3,4.22575445703842,3.557004246956994,0,0
391,526,270,3,4.279051047460852,3.5498257695347992,0,0
392,526,272,3,4.3657220848923926,3.581460624896972,0,0
393,526,274,3,4.386231797333573,3.6103635781434438,0,0
394,526,276,3,4.405515253765929,3.6225446140408306,0,0
395,526,278,3,4.4189732661037695,3.640792970382477,0,0
396,526,280,3,4.4636190129493105,3.6807359271487456,0,0
397,526,282,3,4.383685883197211,3.6336652684616677,0,0
398,526,284,3,4.267132531191676,3.5556146253968195,0,0
399,526,286,3,4.125787616715346,3.477364927419161,0,0
400,528,228,3,4.024063873218358,3.392514764768304,0,0
401,528,230,3,4.065159609890248,3.4505986222011145,0,0
402,528,232,3,4.0420208237495165,3.465716513914185,0,0
403,528,234,3,4.0924192107531665,3.5310316323610857,0,0
404,528,236,3,4.0392173143722045,3.524385218292202,0,0
405,528,238,3,4.019997945540944,3.467770522813691,0,0
406,528,240,3,3.9684127221293246,3.407593711401491,0,0
407,528,242,3,3.821813717417404,3.234375261601859,0,0
408,528,244,3,4.148128338637403,3.4230244386478006,0,0
409,528,246,3,4.113506323385067,3.413000014756681,0,0
410,528,248,3,4.093619565648208,3.4142434074930397,0,0
411,528,250,3,4.138813298984461,3.4682239680634024,0,0
412,528,252,3,4.165936645942526,3.5011448772477363,0,0
413,528,254,3,4.183418608948164,3.5165841850800224,0,0
414,528,256,3,4.128969688116799,3.489067108646549,0,0
415,528,258,3,4.11228811605339,3.47752324890983,0,0
416,528,260,3,4.144745581499769,3.4966740802332885,0,0
417,528,262,3,4.112372835595954,3.470534842365689,0,0
418,528,264,3,4.215432183210284,3.558185692744557,0,0
419,528,266,3,4.266728907667663,3.594010914438779,0,0
420,528,268,3,4.328215073339572,3.616391991299236,0,0
421,528,270,3,4.462536960663231,3.6743036521381316,0,0
422,528,272,3,4.528551051536975,3.71390553132055,0,0
423,528,274,3,4.429014674054693,3.653639240033108,0,0
424,528,276,3,4.41340542711384,3.6463245494890106,0,0
425,528,278,3,4.386090622079367,3.635317970148355,0,0
426,528,280,3,4.318540176423864,3.5909167953675216,0,0
427,528,282,3,4.233047875097199,3.524645619325834,0,0
428,528,284,3,4.117333215274902,3.435062636606685,0,0
429,528,286,3,4.010779059780733,3.359986203579072,0,0
430,528,288,3,3.943861098484567,3.3050476970512324,0,0
431,530,228,3,3.845454278780821,3.2273902165734634,0,0
432,530,230,3,3.970884708892466,3.3336628732536266,0,0
433,530,232,3,4.013238293642317,3.392954885509714,0,0
434,530,234,3,3.929550310845886,3.3731047342001057,0,0
435,530,236,3,3.975979015524261,3.4593975182190655,0,0
436,530,238,3,4.033944793751185,3.4886707096088334,0,0
437,530,240,3,3.9900675364356113,3.4333790779449602,0,0
438,530,242,3,3.853047074990553,3.2894783131636145,0,0
439,530,244,3,3.923877148083501,3.274923810499296,0,0
440,530,246,3,4.034140568556999,3.3797517112576525,0,0
441,530,248,3,4.0988360166755395,3.443082771932919,0,0
442,530,250,3,4.1589977514108485,3.502252458424455,0,0
443,530,252,3,4.13244965622718,3.5008867950821707,0,0
444,530,254,3,4.168859566239053,3.528148987276236,0,0
445,530,256,3,4.1299891910012185,3.512022765654792,0,0
446,530,258,3,4.097784790633517,3.490911800830437,0,0
447,530,260,3,4.144325745406199,3.5200445181267677,0,0
448,530,262,3,4.1870064925392585,3.541607894615257,0,0
449,530,264,3,4.3150641466684245,3.6244139249617575,0,0
450,530,266,3,4.3459219496739685,3.6578869304314954,0,0
451,530,268,3,4.378354269591521,3.6703697124251145,0,0
452,530,270,3,4.484046219539202,3.7104381367044295,0,0
453,530,272,3,4.3919486097576605,3.6664739686174816,0,0
454,530,274,3,4.320746651340978,3.6204309150270833,0,0
455,530,276,3,4.237800360513397,3.556709050034019,0,0
456,530,278,3,4.186692254803525,3.523721426336663,0,0
457,530,280,3,4.1675771673975195,3.5061578503336004,0,0
458,530,282,3,4.138699702317437,3.4766460643769315,0,0
459,530,284,3,4.072983507983023,3.4182809167171775,0,0
460,530,286,3,4.0080384170903125,3.372896692573565,0,0
461,530,288,3,3.939951674486005,3.313060597141234,0,0
462,530,290,3,3.993848419019833,3.3518516677092136,0,0
463,532,230,3,4.015011104348156,3.3369731394694524,0,0
464,532,232,3,3.948798999712224,3.301884468416324,0,0
465,532,234,3,4.029167424518475,3.377218347908351,0,0
466,532,236,3,4.066390478750413,3.4544091483301678,0,0
467,532,238,3,4.072009747824841,3.4754480791394626,0,0
468,532,240,3,4.061630692141542,3.4509160947856525,0,0
469,532,242,3,3.9474645556827275,3.3426678893675925,0,0
470,532,244,3,3.859395428132166,3.242179733535997,0,0
471,532,246,3,3.9849810549519136,3.3366422964136078,0,0
472,532,248,3,4.064292533787333,3.411592468829521,0,0
473,532,250,3,4.167519792156309,3.5053520465156756,0,0
474,532,252,3,4.172493956625119,3.5238121933882,0,0
475,532,254,3,4.1794480573182184,3.536733361467106,0,0
476,532,256,3,4.170864798170374,3.5430582721354313,0,0
477,532,258,3,4.128209240878648,3.514658975043444,0,0
478,532,260,3,4.128686033514017,3.5095807289961978,0,0
479,532,262,3,4.168885400752904,3.520979147854321,0,0
480,532,264,3,4.260637591805101,3.5767218148413673,0,0
481,532,266,3,4.408047744797595,3.673995762993303,0,0
482,532,268,3,4.434389099659879,3.672806432627566,0,0
483,532,270,3,4.4768747347959765,3.6920644283733806,0,0
484,532,272,3,4.3219267205122875,3.5860665149535698,0,0
485,532,274,3,4.238976022103875,3.532974466310984,0,0
486,532,276,3,4.190668175824256,3.4988799214410653,0,0
487,532,278,3,4.204940468398379,3.5145610953421675,0,0
488,532,280,3,4.167606908575191,3.4930768676200965,0,0
489,532,282,3,4.144035056334212,3.471707482981958,0,0
490,532,284,3,4.120491602403632,3.441673078344385,0,0
491,532,286,3,4.079950848427699,3.412487904926716,0,0
492,532,288,3,4.055217055215198,3.3779532499797047,0,0
493,532,290,3,4.029399267880534,3.3525043865409163,0,0
494,532,292,3,3.9612263472407143,3.295646720882786,0,0
495,534,230,3,4.091473212076632,3.422238299033069,0,0
496,534,232,3,4.055379697192908,3.3905879462455077,0,0
497,534,234,3,4.040090814155815,3.3768052691888366,0,0
498,534,236,3,4.089634758738665,3.4380734158340385,0,0
499,534,238,3,4.116066847385879,3.4856111257448585,0,0
500,534,240,3,4.063684154651396,3.45030499821288,0,0
501,534,242,3,4.009519861402325,3.3812039670010594,0,0
502,534,244,3,3.8928305326258927,3.282081866321117,0,0
503,534,246,3,3.9816081173161595,3.3427999417439485,0,0
504,534,248,3,4.109440621859833,3.4503359537427833,0,0
505,534,250,3,4.168897685306855,3.5200869359026346,0,0
506,534,252,3,4.2324079656727065,3.57839128151922,0,0
507,534,254,3,4.215345649675735,3.5811235311111003,0,0
508,534,256,3,4.103408280391731,3.524368715449002,0,0
509,534,258,3,4.104636497860995,3.534994360966197,0,0
510,534,260,3,4.142147292393285,3.565226579042298,0,0
511,534,262,3,4.216857468689956,3.581008164019241,0,0
512,534,264,3,4.299533508073844,3.641051444339205,0,0
513,534,266,3,4.356547921599347,3.6847240905668373,0,0
514,534,268,3,4.433398517846608,3.706102446015697,0,0
515,534,270,3,4.4223957166521295,3.706855692689067,0,0
516,534,272,3,4.282150433469768,3.602731117643025,0,0
517,534,274,3,4.219441362713703,3.5571239801161987,0,0
518,534,276,3,4.176915290916656,3.5204897639657164,0,0
519,534,278,3,4.155154914160517,3.50585474303001,0,0
520,534,280,3,4.080461080573882,3.45204113604336,0,0
521,534,282,3,4.097472722814549,3.4511881776265634,0,0
522,534,284,3,4.136136002434412,3.4554949087586753,0,0
523,534,286,3,4.168281862116044,3.454623356955855,0,0
524,534,288,3,4.129140203624276,3.4001650441454383,0,0
525,534,290,3,4.081446191212321,3.358608043748634,0,0
526,534,292,3,3.979635526439151,3.2641019363237653,0,0
527,536,232,3,3.9856570659798227,3.379897777986199,0,0
528,536,234,3,3.849284148193393,3.2788562477809657,0,0
529,536,236,3,3.7543076423776176,3.2285326475582803,0,0
530,536,238,3,3.859856682695776,3.299753529715558,0,0
531,536,240,3,4.029950285262357,3.4340156954217846,0,0
532,536,242,3,3.9813972424563437,3.381352896095826,0,0
533,536,244,3,3.9379699913568325,3.3468622885516313,0,0
534,536,246,3,3.875401811226617,3.292159126769776,0,0
535,536,248,3,4.083826539229395,3.4575383895994696,0,0
536,536,250,3,4.186063335014739,3.559871384662227,0,0
537,536,252,3,4.289364725106673,3.6518632451295043,0,0
538,536,254,3,4.205061615295134,3.6096868524433763,0,0
539,536,256,3,4.152009233538159,3.5919479357217456,0,0
540,536,258,3,4.103479458216987,3.5665791839527934,0,0
541,536,260,3,4.121629770304927,3.5863365485552734,0,0
542,536,262,3,4.163967364597012,3.591019991641707,0,0
543,536,264,3,4.2931937060050025,3.6835493692408674,0,0
544,536,266,3,4.315862993473379,3.698781169368993,0,0
545,536,268,3,4.361831127119008,3.7276442339571036,0,0
546,536,270,3,4.244259047065,3.64958814809764,0,0
547,536,272,3,4.1510070208672625,3.5854973213485173,0,0
548,536,274,3,4.0896732105655325,3.5428489685060076,0,0
549,536,276,3,4.064333891072934,3.523604341146871,0,0
550,536,278,3,3.966552422746005,3.456599039376837,0,0
551,536,280,3,3.947549634564771,3.440807832996041,0,0
552,536,282,3,4.011998406100276,3.4671397353216444,0,0
553,536,284,3,4.073321867522961,3.476507376574732,0,0
554,536,286,3,4.105668387416338,3.4744732437205617,0,0
555,536,288,3,4.181845865591229,3.4936334903011668,0,0
556,536,290,3,4.204396080342938,3.4981822571296366,0,0
557,538,232,3,4.024441314354738,3.4192514461856223,0,0
558,538,234,3,3.9357446990142804,3.3369997785171654,0,0
559,538,236,3,3.899811750723514,3.3101981297290215,0,0
560,538,238,3,3.787151557820023,3.2292386164418976,0,0
561,538,240,3,4.000045180070183,3.400778756170498,0,0
562,538,242,3,3.9597523514471376,3.3480531396108795,0,0
563,538,244,3,3.975886070493933,3.3665063025311843,0,0
564,538,246,3,3.8094380494414493,3.2501325777912737,0,0
565,538,248,3,4.020150046049525,3.3954984483021264,0,0
566,538,250,3,4.138107258409285,3.51623328893501,0,0
567,538,252,3,4.161829542370744,3.561543346096311,0,0
568,538,254,3,4.139846735639473,3.56675860895793,0,0
569,538,256,3,4.1134053297844675,3.568927552563337,0,0
570,538,258,3,4.069431587920781,3.5466496756045895,0,0
571,538,260,3,4.167943164737517,3.605080893607515,0,0
572,538,262,3,4.258135734482351,3.6435375363342013,0,0
573,538,264,3,4.361771589334802,3.721307596220763,0,0
574,538,266,3,4.371467524752663,3.732125160320332,0,0
575,538,268,3,4.271008389750517,3.6803252844013983,0,0
576,538,270,3,4.179616350466433,3.6175014648119936,0,0
577,538,272,3,4.075821250435675,3.546381874725845,0,0
578,538,274,3,3.9768602626885805,3.4821462936271255,0,0
579,538,276,3,3.9015043348502,3.4313239105340303,0,0
580,538,278,3,3.860322843566182,3.414167165229878,0,0
581,538,280,3,3.851467213866426,3.4097826076459694,0,0
582,538,282,3,3.975684837912487,3.484064311486991,0,0
583,538,284,3,3.927673690645843,3.4132223317047656,0,0
584,538,286,3,4.028935800267881,3.4537440632474143,0,0
585,540,234,3,4.425224706390506,3.677384596598538,0,0
586,540,236,3,4.248035674079175,3.562451649270683,0,0
587,540,238,3,4.153690058085626,3.4734732962619725,0,0
588,540,240,3,4.092815925638126,3.453778625775978,0,0
589,540,242,3,3.954902212210215,3.3531834550581645,0,0
590,540,244,3,3.8887219477138206,3.2980713600741853,0,0
591,540,246,3,3.821134995611048,3.2627472913165185,0,0
592,540,248,3,3.787572528265531,3.222557253686463,0,0
593,540,250,3,4.044741913664494,3.4289543795143933,0,0
594,540,252,3,4.113231334563307,3.518439530875113,0,0
595,540,254,3,4.11558229530261,3.5466453693666598,0,0
596,540,256,3,4.079784191531119,3.5408172903094637,0,0
597,540,258,3,4.136790816383885,3.587286847603049,0,0
598,540,260,3,4.195928912920601,3.6057022735990407,0,0
599,540,262,3,4.279514398739747,3.6480095401103427,0,0
600,540,264,3,4.351235809792759,3.6999326204384095,0,0
601,540,266,3,4.419338525709881,3.7667169751024874,0,0
602,540,268,3,4.205579415506633,3.6329006338061576,0,0
603,540,270,3,4.143862913746432,3.591396308232163,0,0
604,540,272,3,4.089423625966141,3.556921730220875,0,0
605,540,274,3,4.022294299817603,3.5148767567159127,0,0
606,540,276,3,3.962245284896173,3.4752931511705905,0,0
607,540,278,3,3.865909783806415,3.412057311283209,0,0
608,540,280,3,3.860111684704822,3.408942303659221,0,0
609,540,282,3,3.8743762029674396,3.411142583744226,0,0
610,540,284,3,3.979629807687313,3.4404155574515727,0,0
611,542,234,3,3.623321077913219,3.183216332840736,0,0
612,542,236,3,3.339468862154752,2.9636126386445762,0,0
613,542,238,3,3.6658515119079134,3.166409620482029,0,0
614,542,240,3,3.856964474332211,3.310886584277075,0,0
615,542,242,3,3.740936991050812,3.2330575132480246,0,0
616,542,244,3,3.8896653181316663,3.323268527861312,0,0
617,542,246,3,3.822700137762131,3.275060718373248,0,0
618,542,248,3,3.715628063877924,3.18186889049518,0,0
619,542,250,3,3.9683122003409506,3.3521388183409173,0,0
620,542,252,3,4.102912818661816,3.482651911873191,0,0
621,542,254,3,4.129621568072787,3.523378476069631,0,0
622,542,256,3,4.138291857261291,3.544897397485913,0,0
623,542,258,3,4.270424572253794,3.6261413333267116,0,0
624,542,260,3,4.335633619059064,3.6660491684719525,0,0
625,542,262,3,4.40871853630374,3.708436648849301,0,0
626,542,264,3,4.43003606741065,3.7457852134787952,0,0
627,542,266,3,4.3177093401038995,3.7132653339327857,0,0
628,542,268,3,4.146162408122491,3.5910142175794477,0,0
629,542,270,3,4.068691445430892,3.5304424667781715,0,0
630,542,272,3,3.9728388932383663,3.456606118186296,0,0
631,542,274,3,3.9908697928697756,3.4639244532438282,0,0
632,542,276,3,4.017610018896805,3.4671660815308956,0,0
633,542,278,3,3.9941758681577397,3.4438696746679858,0,0
634,542,280,3,3.9493767977911878,3.401850227304059,0,0
635,542,282,3,4.011193856607309,3.4132863126499298,0,0
636,544,240,3,2.6632963759850483,2.445046984883931,0,0
637,544,242,3,2.93759061664008,2.648148229992114,0,0
638,544,244,3,3.698145484520579,3.191317531296518,0,0
639,544,246,3,3.967302132527757,3.358809525764505,0,0
640,544,248,3,3.829747968369164,3.252578847810746,0,0
641,544,250,3,3.8133168914226565,3.2215067307842533,0,0
642,544,252,3,4.131786003926874,3.4569637772888457,0,0
643,544,254,3,4.280232053612377,3.5770475668388304,0,0
644,544,256,3,4.420975144216775,3.676650843922844,0,0
645,544,258,3,4.414819339409451,3.663829702463042,0,0
646,544,260,3,4.41569542319767,3.675084266314067,0,0
647,544,262,3,4.4249689097740275,3.688768088130922,0,0
648,544,264,3,4.3903349358968216,3.725867929990514,0,0
649,544,266,3,4.235907985272401,3.659678067632457,0,0
650,544,268,3,4.132377343467531,3.588634518921659,0,0
651,544,270,3,4.064890817785123,3.5351964091369257,0,0
652,544,272,3,4.021928701058621,3.485398318075895,0,0
653,544,274,3,3.9889388669673247,3.449739156035077,0,0
654,544,276,3,3.9554150752435144,3.4080606814052037,0,0
655,544,278,3,4.085803463742704,3.4800621495596085,0,0
656,544,280,3,4.134392820442651,3.4820130399019154,0,0
657,546,256,3,4.43736246919239,3.657302906207595,0,0
658,546,258,3,4.471229754481474,3.6914672653869354,0,0
659,546,260,3,4.3993912245581095,3.6472297937361438,0,0
660,546,262,3,4.330871500413073,3.6178222659552746,0,0
661,546,264,3,4.14382420148643,3.530497621584368,0,0
662,546,266,3,4.046200226459822,3.4863831940514727,0,0
663,546,268,3,4.017737307805889,3.4739383232633214,0,0
664,546,270,3,4.040538441961685,3.4886554215515173,0,0
665,546,272,3,3.969807278977641,3.4255352830491135,0,0
666,546,274,3,3.9378678849600997,3.3895907731193473,0,0
667,546,276,3,3.994856474765632,3.402972492430298,0,0
668,546,278,3,4.12594772742997,3.4798316662774775,0,0
669,548,272,3,3.9795052989578488,3.366936908464878,0,0
670,548,274,3,3.975735393266632,3.347161308114163,0,0
671,548,276,3,4.04903477153346,3.3684649098150192,0,0
672,696,248,4,,,17,17
673,698,242,4,,,17,17
674,698,244,4,,,17,17
675,698,246,4,,,17,17
676,698,248,4,,,17,17
677,698,250,4,,,17,17
678,698,252,4,,,17,17
679,698,254,4,,,17,17
680,698,256,4,,,17,17
681,700,234,4,4.2397234553181455,3.635663538811177,0,0
682,700,236,4,4.104229793975144,3.556707842327184,0,0
683,700,238,4,3.934170935832277,3.451699840997766,0,0
684,700,240,4,3.8445426358264103,3.4302812605555855,0,0
685,700,242,4,3.7567425582135274,3.3889107724673218,0,0
686,700,244,4,,,17,17
687,700,246,4,,,17,17
688,700,248,4,4.034192039860276,3.603033558642887,0,0
689,700,250,4,4.296740224893331,3.791205938067795,0,0
690,700,252,4,4.496887302090069,3.9506930147659527,0,0
691,700,254,4,,,17,17
692,700,256,4,,,17,17
693,700,258,4,,,17,17
694,700,260,4,,,17,17
695,700,262,4,,,17,17
696,700,264,4,,,17,17
697,702,228,4,4.226412868426436,3.611136826508984,0,0
698,702,230,4,4.150622490731248,3.5642360958053914,0,0
699,702,232,4,4.1561376368351475,3.577010447278694,0,0
700,702,234,4,4.1786183660411105,3.601540611566577,0,0
701,702,236,4,4.097695856839041,3.57865021517466,0,0
702,702,238,4,3.9561736523167617,3.5073425706040378,0,0
703,702,240,4,3.738909175140841,3.3744809285252226,0,0
704,702,242,4,,,17,17
705,702,244,4,,,17,17
706,702,246,4,,,17,17
707,702,248,4,3.991640225337066,3.570896385802782,0,0
708,702,250,4,4.267831075029242,3.7694547532889593,0,0
709,702,252,4,4.440888171842044,3.9070089054234787,0,0
710,702,254,4,,,17,17
711,702,256,4,,,17,17
712,702,258,4,,,17,17
713,702,260,4,,,17,17
714,702,262,4,,,17,17
715,702,264,4,,,17,17
716,702,266,4,,,17,17
717,702,268,4,,,17,17
718,702,270,4,3.791196717632153,3.404960842565375,0,0
719,704,224,4,4.254409454118423,3.6334137200888024,0,0
720,704,226,4,4.2545422326434545,3.6179421841280677,0,0
721,704,228,4,4.1850639338183715,3.5695076198822338,0,0
722,704,230,4,4.23475637716209,3.627268170466169,0,0
723,704,232,4,4.241112578889955,3.651379959977681,0,0
724,704,234,4,4.309797069223194,3.731224536511567,0,0
725,704,236,4,4.032460860124455,3.582291120036086,0,0
726,704,238,4,3.857971682068268,3.449323449936177,0,0
727,704,240,4,3.620103313925287,3.2882100753640136,0,0
728,704,242,4,,,17,17
729,704,244,4,,,17,17
730,704,246,4,,,17,17
731,704,248,4,3.916528890218541,3.5096679837785496,0,0
732,704,250,4,4.356904311453144,3.8269111150519097,0,0
733,704,252,4,4.342101682927709,3.834961783099942,0,0
734,704,254,4,,,17,17
735,704,256,4,,,17,17
736,704,258,4,,,17,17
737,704,260,4,,,17,17
738,704,262,4,,,17,17
739,704,264,4,,,17,17
740,704,266,4,,,17,17
741,704,268,4,,,17,17
742,704,270,4,3.811104496297262,3.422816714646088,0,0
743,704,272,4,3.9099497509003434,3.462268879742496,0,0
744,704,274,4,4.018240445182525,3.543755588217951,0,0
745,704,276,4,4.108369171315773,3.598972657029087,0,0
746,706,224,4,4.100359063350748,3.515186987130644,0,0
747,706,226,4,4.198483613175262,3.5943989271085144,0,0
748,706,228,4,4.219584247909668,3.60769850541435,0,0
749,706,230,4,4.227058875881321,3.647837029932347,0,0
750,706,232,4,4.245841437813064,3.6935003453915587,0,0
751,706,234,4,4.216096562955461,3.6942209634800696,0,0
752,706,236,4,3.984552795708567,3.5563333375723443,0,0
753,706,238,4,3.776567314239384,3.4043133621041455,0,0
754,706,240,4,,,17,17
755,706,242,4,,,17,17
756,706,244,4,,,17,17
757,706,246,4,,,17,17
758,706,248,4,3.9602445212764708,3.535954436770125,0,0
759,706,250,4,4.218755750111293,3.7332159503380997,0,0
760,706,252,4,,,17,17
761,706,254,4,,,17,17
762,706,256,4,,,17,17
763,706,258,4,,,17,17
764,706,260,4,,,17,17
765,706,262,4,,,17,17
766,706,264,4,,,17,17
767,706,266,4,,,17,17
768,706,268,4,,,17,17
769,706,270,4,3.825139766966373,3.4301480955276307,0,0
770,706,272,4,3.8812087991828212,3.4499899317089824,0,0
771,706,274,4,4.054110844197437,3.5684210498428204,0,0
772,706,276,4,4.132829507944641,3.6172376990956865,0,0
773,708,226,4,4.1300099593209945,3.5896342546390656,0,0
774,708,228,4,4.1953997775633765,3.6311352971953847,0,0
775,708,230,4,4.210896564305455,3.6535900811986735,0,0
776,708,232,4,4.160588937395452,3.6348263923792135,0,0
777,708,234,4,4.088440884066148,3.596193274876421,0,0
778,708,236,4,3.988587609388961,3.5567204675357367,0,0
779,708,238,4,3.816019731585469,3.437285201451332,0,0
780,708,240,4,,,17,17
781,708,242,4,,,17,17
782,708,244,4,3.843480388736508,3.4593404731918307,0,0
783,708,246,4,3.908696341385543,3.5013843344991584,0,0
784,708,248,4,3.999924800563363,3.566637309913174,0,0
785,708,250,4,4.024769468842823,3.591263603672557,0,0
786,708,252,4,,,17,17
787,708,254,4,,,17,17
788,708,256,4,,,17,17
789,708,258,4,,,17,17
790,708,260,4,,,17,17
791,708,262,4,,,17,17
792,708,264,4,,,17,17
793,708,266,4,,,17,17
794,708,268,4,3.4965159642870267,3.1929169331721243,0,0
795,708,270,4,3.7936411729893096,3.3944924738941755,0,0
796,708,272,4,3.863189183066293,3.4369963755708,0,0
797,708,274,4,3.968933337520681,3.5122059068449376,0,0
798,708,276,4,4.046339925653759,3.560323739555517,0,0
799,710,226,4,4.00968499783371,3.5562276542337483,0,0
800,710,228,4,4.084435032780143,3.575414412395781,0,0
801,710,230,4,4.241635553258833,3.6745838219462135,0,0
802,710,232,4,4.136736447274127,3.6172099092055916,0,0
803,710,234,4,4.078791141644766,3.595481703676628,0,0
804,710,236,4,3.976979752649338,3.551011148079263,0,0
805,710,238,4,3.882494215641676,3.48956076289139,0,0
806,710,240,4,,,17,17
807,710,242,4,3.9471611208687416,3.5358915668387847,0,0
808,710,244,4,3.98571709994938,3.5557651962807357,0,0
809,710,246,4,3.9430997195923156,3.533566775215255,0,0
810,710,248,4,3.848772862227909,3.463123988004217,0,0
811,710,250,4,,,17,17
812,710,252,4,,,17,17
813,710,254,4,,,17,17
814,710,256,4,,,17,17
815,710,258,4,,,17,17
816,710,260,4,,,17,17
817,710,262,4,,,17,17
818,710,264,4,,,17,17
819,710,266,4,,,17,17
820,710,268,4,3.663211651632767,3.3224763934122845,0,0
821,710,270,4,3.7439554509367685,3.3606927780361056,0,0
822,710,272,4,3.8165032870479774,3.4122479899785816,0,0
823,710,274,4,3.871307676251526,3.4515079407830833,0,0
824,710,276,4,3.8929147951980068,3.4633385412787607,0,0
825,712,228,4,4.228422557729393,3.6789990028534536,0,0
826,712,230,4,4.254401316396191,3.6909387509114446,0,0
827,712,232,4,4.135233970164772,3.6192304071398533,0,0
828,712,234,4,4.111611907940639,3.6249369647695873,0,0
829,712,236,4,4.003497004430563,3.5751788668219273,0,0
830,712,238,4,,,17,17
831,712,240,4,3.936913915564546,3.5392626675161685,0,0
832,712,242,4,3.9941106315424264,3.5666509248284375,0,0
833,712,244,4,3.9045238798673907,3.5056326078739395,0,0
834,712,246,4,,,17,17
835,712,248,4,,,17,17
836,712,250,4,,,17,17
837,712,252,4,,,17,17
838,712,254,4,,,17,17
839,712,256,4,,,17,17
840,712,258,4,,,17,17
841,712,260,4,,,17,17
842,712,262,4,,,17,17
843,712,264,4,,,17,17
844,712,266,4,,,17,17
845,712,268,4,3.710502762729217,3.356762082634519,0,0
846,712,270,4,3.8596312541948734,3.4589971205503423,0,0
847,712,272,4,3.941577752614065,3.5095344364277743,0,0
848,712,274,4,3.937857387085294,3.5045926987384086,0,0
849,712,276,4,3.8409519952827007,3.4323808908943465,0,0
850,712,278,4,3.9595023462138856,3.502980463926695,0,0
851,714,228,4,4.263073712986144,3.69711625930768,0,0
852,714,230,4,4.290365524632866,3.7191413671797457,0,0
853,714,232,4,4.186958505170947,3.66042369195666,0,0
854,714,234,4,4.0801722502096505,3.602508044678039,0,0
855,714,236,4,3.958168545546391,3.5413305165584466,0,0
856,714,238,4,3.928172326139162,3.521091671697284,0,0
857,714,240,4,3.9556786798142807,3.548357218380902,0,0
858,714,242,4,3.794167146288054,3.4196621124874573,0,0
859,714,244,4,,,17,17
860,714,246,4,,,17,17
861,714,248,4,,,17,17
862,714,250,4,,,17,17
863,714,252,4,,,17,17
864,714,254,4,,,17,17
865,714,256,4,,,17,17
866,714,258,4,,,17,17
867,714,260,4,,,17,17
868,714,262,4,,,17,17
869,714,264,4,,,17,17
870,714,266,4,,,17,17
871,714,268,4,3.757597368083537,3.393289613081881,0,0
872,714,270,4,3.889552877594455,3.4763811708451797,0,0
873,714,272,4,4.004004430049459,3.5421034432196326,0,0
874,714,274,4,4.035139395385979,3.5500282645562464,0,0
875,714,276,4,3.671373292366569,3.2407228110430575,0,0
876,714,278,4,3.172921951136125,2.8177010999031276,0,0
877,716,230,4,4.281475495989913,3.7265882069126235,0,0
878,716,232,4,4.174134091679155,3.664231297877735,0,0
879,716,234,4,4.075202912008486,3.612330493139078,0,0
880,716,236,4,4.010842669900055,3.5857993355755613,0,0
881,716,238,4,3.9186590554174168,3.5111269317163583,0,0
882,716,240,4,3.7015689036175026,3.356433028261129,0,0
883,716,242,4,,,17,17
884,716,244,4,,,17,17
885,716,246,4,,,17,17
886,716,248,4,,,17,17
887,716,250,4,,,17,17
888,716,252,4,,,17,17
889,716,254,4,,,17,17
890,716,256,4,,,17,17
891,716,258,4,,,17,17
892,716,260,4,,,17,17
893,716,262,4,,,17,17
894,716,264,4,,,17,17
895,716,266,4,,,17,17
896,716,268,4,3.869366223512697,3.4711944764949485,0,0
897,716,270,4,3.7780977480121978,3.3718851143925623,0,0
898,716,272,4,3.4610905842395074,3.0785429872415095,0,0
899,716,274,4,3.083954121052606,2.733391782878683,0,0
900,716,276,4,2.6283814848685982,2.353392394170565,0,0
901,716,278,4,2.1541155821885645,1.9566166078475908,0,0
902,718,230,4,4.19549135568423,3.6681560735565393,0,0
903,718,232,4,4.092274815553116,3.6061601821776192,0,0
904,718,234,4,4.070772914676761,3.6036972934172935,0,0
905,718,236,4,3.8698608570708175,3.469312089957983,0,0
906,718,238,4,3.6588055052098913,3.3139578908356686,0,0
907,718,240,4,,,17,17
908,718,242,4,,,17,17
909,718,244,4,,,17,17
910,718,246,4,,,17,17
911,718,248,4,,,17,17
912,718,250,4,,,17,17
913,718,252,4,,,17,17
914,718,254,4,,,17,17
915,718,256,4,,,17,17
916,718,258,4,,,17,17
917,718,260,4,,,17,17
918,718,262,4,3.6976232040377086,3.340659288734935,0,0
919,718,264,4,3.618690404608799,3.2761127715268668,0,0
920,718,266,4,3.389518740991935,3.0818838207909587,0,0
921,718,268,4,2.997191170018331,2.72596544051473,0,0
922,718,270,4,2.6731801352402327,2.424601052048214,0,0
923,720,238,4,3.5642569945628213,3.241125280363177,0,0
924,720,240,4,,,17,17
925,720,242,4,,,17,17
926,720,244,4,,,17,17
927,720,246,4,,,17,17
928,720,248,4,,,17,17
929,720,250,4,,,17,17
930,720,252,4,,,17,17
931,720,254,4,3.6368131025969173,3.2985118143193795,0,0
932,720,256,4,3.724729821711192,3.3583450377498165,0,0
933,720,258,4,3.7669445962917374,3.370686646023535,0,0
934,720,260,4,3.562158222593718,3.1832073783121255,0,0
935,722,248,4,3.583844273756848,3.243828584812463,0,0
936,722,250,4,3.616996191945508,3.2598898888808456,0,0
937,826,454,6,4.017492738688987,3.122707424037811,0,0
938,826,456,6,3.723802720907433,2.838398567730079,0,0
939,828,446,6,4.390194840207957,3.330774406916913,0,0
940,828,448,6,4.285336838294801,3.2834865241438824,0,0
941,828,450,6,4.218065915934197,3.3099766898951657,0,0
942,828,452,6,4.192612593134993,3.2643923620035045,0,0
943,828,454,6,4.160974792821708,3.2269115309167162,0,0
944,828,456,6,4.119480319120679,3.2028225518143114,0,0
945,828,458,6,3.956594694237886,3.056859452661424,0,0
946,828,460,6,3.6551842035071416,2.7339215623853157,0,0
947,830,438,6,4.078131431945138,3.207960467440847,0,0
948,830,440,6,4.005862757173477,3.231600398971774,0,0
949,830,442,6,4.083384045929379,3.268747923877742,0,0
950,830,444,6,4.283774712637098,3.362774757761691,0,0
951,830,446,6,4.3851304000743445,3.3681912211343636,0,0
952,830,448,6,4.373202270020677,3.3463887616542687,0,0
953,830,450,6,4.341145608260533,3.3661806662864495,0,0
954,830,452,6,4.240862771872341,3.294865036051388,0,0
955,830,454,6,4.273870533828913,3.3064387129008406,0,0
956,830,456,6,4.278131368300883,3.323294055338596,0,0
957,830,458,6,4.062754762293655,3.1752221805768506,0,0
958,830,460,6,3.7637845399812684,2.8429115867814283,0,0
959,830,462,6,4.253001172979849,2.9297991926049725,0,0
960,830,464,6,4.3142586199243125,2.9737126134680696,0,0
961,832,430,6,3.786283222853616,3.062276894945612,0,0
962,832,432,6,3.8566377352762253,3.101685450836865,0,0
963,832,434,6,3.92712343246681,3.15693401152662,0,0
964,832,436,6,4.14240290950467,3.2384343228125045,0,0
965,832,438,6,4.161689943576947,3.227874623468553,0,0
966,832,440,6,4.16667573949619,3.2892764656359,0,0
967,832,442,6,3.9950995312642847,3.238213527076473,0,0
968,832,444,6,4.1692839686532475,3.3246118904952993,0,0
969,832,446,6,4.318007379517478,3.3644685430018515,0,0
970,832,448,6,4.3332772195184575,3.359250812419595,0,0
971,832,450,6,4.24644374116743,3.3400580101253357,0,0
972,832,452,6,4.181142353378681,3.2875066502459753,0,0
973,832,454,6,4.28548641267977,3.3295267676304454,0,0
974,832,456,6,4.143912747541244,3.271803040996393,0,0
975,832,458,6,3.8948952886259836,3.1739566870503566,0,0
976,832,460,6,3.555141291021691,2.8411285628535867,0,0
977,832,462,6,3.854680984199916,2.7771758891628706,0,0
978,832,464,6,4.222217633586384,2.925008308077432,0,0
979,832,466,6,4.296848736256111,3.027608543485285,0,0
980,832,468,6,4.1454293264649165,2.9897561105111667,0,0
981,834,426,6,3.6185937563590267,2.968495403153013,0,0
982,834,428,6,3.7205200630494115,3.00321194059865,0,0
983,834,430,6,3.8260172237262737,3.0772751642979825,0,0
984,834,432,6,3.906085936383646,3.12647169214157,0,0
985,834,434,6,3.958682482929114,3.165891076416804,0,0
986,834,436,6,4.141357835475306,3.2331410616915326,0,0
987,834,438,6,4.372211368750362,3.3294614565063343,0,0
988,834,440,6,4.207774903695375,3.2230522816359657,0,0
989,834,442,6,4.136132292329045,3.2588217133183615,0,0
990,834,444,6,4.122699638885572,3.2896161224347438,0,0
991,834,446,6,4.258708634149924,3.3233345042190643,0,0
992,834,448,6,4.311884131041164,3.343690640331271,0,0
993,834,450,6,4.223125786722187,3.318284514272554,0,0
994,834,452,6,4.036182537323678,3.194769003598121,0,0
995,834,454,6,4.205416816363557,3.2804385246234866,0,0
996,834,456,6,4.174342078895126,3.265917006613433,0,0
997,834,458,6,3.9478446942411907,3.199840042820202,0,0
998,834,460,6,3.495439947161041,2.9267794744908886,0,0
999,834,462,6,3.345327598277132,2.683795242667289,0,0
1000,834,464,6,3.9805921370931077,2.7934904976256134,0,0
1001,834,466,6,4.269099463315176,2.9343807914946747,0,0
1002,834,468,6,4.145380828671846,2.8890678492502393,0,0
1003,834,470,6,4.152023399481082,2.9074208959576224,0,0
1004,834,472,6,4.396579963752954,3.092978959073511,0,0
1005,834,474,6,4.326021729575398,3.057091580006415,0,0
1006,836,428,6,3.8350228525901824,3.0848289350807963,0,0
1007,836,430,6,3.824046606386177,3.091009371744442,0,0
1008,836,432,6,3.8795282063263428,3.1224937974151104,0,0
1009,836,434,6,3.895092705904582,3.158803017708627,0,0
1010,836,436,6,4.014852115405,3.2134626809436084,0,0
1011,836,438,6,4.280790719010835,3.3457408745159145,0,0
1012,836,440,6,4.416495953747767,3.375064751758195,0,0
1013,836,442,6,4.166492637203954,3.2301605527618444,0,0
1014,836,444,6,4.221860201046795,3.3347321012493296,0,0
1015,836,446,6,4.222799476742953,3.3260846498856056,0,0
1016,836,448,6,4.378725095652909,3.3897782667052603,0,0
1017,836,450,6,4.221035580476152,3.3190157314327906,0,0
1018,836,452,6,4.226905084350344,3.284695763875939,0,0
1019,836,454,6,4.240595194409173,3.2773783325367227,0,0
1020,836,456,6,4.292445376861184,3.301268173230229,0,0
1021,836,458,6,4.023170214914064,3.1984714966714094,0,0
1022,836,460,6,3.5783262715368256,2.991117356421627,0,0
1023,836,462,6,3.1845689962395416,2.6875936402536227,0,0
1024,836,464,6,3.1198699437007957,2.5446474063492337,0,0
1025,836,466,6,3.2978566232917905,2.5362293458243848,0,0
1026,836,468,6,3.9279473096773896,2.759714002560223,0,0
1027,836,470,6,4.147301127839146,2.8492693946282923,0,0
1028,836,472,6,4.094637109822165,2.8707558303075764,0,0
1029,836,474,6,4.226620131830984,2.972988367237453,0,0
1030,836,476,6,4.347844055680695,3.085104459938546,0,0
1031,836,478,6,4.353027480902244,3.1435387270159985,0,0
1032,838,428,6,3.666901479493795,2.973629198059436,0,0
1033,838,430,6,3.8143258882987183,3.0615047699018962,0,0
1034,838,432,6,3.958243195886782,3.1693981057771903,0,0
1035,838,434,6,3.930164090941752,3.183919338268186,0,0
1036,838,436,6,3.9079631815634577,3.1692530470006295,0,0
1037,838,438,6,4.073485937197148,3.263313223410044,0,0
1038,838,440,6,4.315772486729452,3.3696324671255815,0,0
1039,838,442,6,4.467680967042182,3.409891697316569,0,0
1040,838,444,6,4.246183565139249,3.3071365155513073,0,0
1041,838,446,6,4.189358041453492,3.3119182534527667,0,0
1042,838,448,6,4.256641274124286,3.3388371595890685,0,0
1043,838,450,6,4.156147344110696,3.3033574045884717,0,0
1044,838,452,6,4.152398272886379,3.2662652620632446,0,0
1045,838,454,6,4.229648342867705,3.2840188606144722,0,0
1046,838,456,6,4.270668493295969,3.2855645766250423,0,0
1047,838,458,6,4.110109470843501,3.205315144742633,0,0
1048,838,460,6,3.7973218865318756,3.0672500976503487,0,0
1049,838,462,6,3.523276668379224,2.876411996837986,0,0
1050,838,464,6,3.083028302588437,2.570043882456259,0,0
1051,838,466,6,2.9122619006721204,2.4649758921574914,0,0
1052,838,468,6,3.065991377166799,2.4659996029937066,0,0
1053,838,470,6,4.108866810871029,2.8759789786420553,0,0
1054,838,472,6,4.165790305663722,2.9074715230702037,0,0
1055,838,474,6,4.183613440194003,2.933357620556332,0,0
1056,838,476,6,4.253436843815224,3.0080362399726814,0,0
1057,838,478,6,4.29393378712901,3.096989402979948,0,0
1058,838,480,6,4.323158647898476,3.0894125950027367,0,0
1059,840,260,5,3.0365957146291778,2.6899243701022137,0,0
1060,840,262,5,3.1248957035447504,2.744633319461038,0,0
1061,840,264,5,3.1768721069149732,2.7943199563426755,0,0
1062,840,266,5,3.216736171396688,2.8395721435546877,0,0
1063,840,268,5,3.230572013819024,2.850185235606427,0,0
1064,840,270,5,3.2337866463850005,2.846091774847645,0,0
1065,840,272,5,3.26057256986777,2.86179257864246,0,0
1066,840,274,5,3.3455287605784045,2.9196065422954733,0,0
1067,840,428,6,3.6364333002100873,2.9883622544422384,0,0
1068,840,430,6,3.8770478760941756,3.0979449259925773,0,0
1069,840,432,6,3.911065922573934,3.103801782100981,0,0
1070,840,434,6,3.9662799425242894,3.110479367944594,0,0
1071,840,436,6,4.036669179498067,3.1317519112693395,0,0
1072,840,438,6,4.167811935038535,3.2395231105999933,0,0
1073,840,440,6,4.274056878285295,3.2890917977398506,0,0
1074,840,442,6,4.466638376746323,3.3677579202789203,0,0
1075,840,444,6,4.475626379620047,3.35579031796336,0,0
1076,840,446,6,4.148519219220029,3.214650186232257,0,0
1077,840,448,6,4.125014000285651,3.2935563675673825,0,0
1078,840,450,6,4.031411040221878,3.2428498299988955,0,0
1079,840,452,6,4.072100174683471,3.225538727943382,0,0
1080,840,454,6,4.175072259720156,3.2536113203164447,0,0
1081,840,456,6,4.335362092250906,3.3055083757854122,0,0
1082,840,458,6,4.198459976162802,3.2257135132997465,0,0
1083,840,460,6,4.00575957580712,3.153771259363252,0,0
1084,840,462,6,3.8713847313889778,3.0850309527045106,0,0
1085,840,464,6,3.5925391262976563,2.9415895766322704,0,0
1086,840,466,6,3.1778345118249844,2.6972116774536277,0,0
1087,840,468,6,2.9996932433245385,2.4804093686305597,0,0
1088,840,470,6,3.7889258786635027,2.761537254341394,0,0
1089,840,472,6,4.290657050873041,2.9549147293308184,0,0
1090,840,474,6,4.084015513427063,2.820632426955111,0,0
1091,840,476,6,4.234826009232991,2.938860483656467,0,0
1092,840,478,6,4.3823356049218685,3.0967960720802306,0,0
1093,840,480,6,4.38615439107514,3.081211293400183,0,0
1094,842,244,5,2.9134213540815757,2.6054440094813813,0,0
1095,842,246,5,2.937151157370855,2.628440933919699,0,0
1096,842,248,5,3.109690708593373,2.7431366669213277,0,0
1097,842,250,5,3.1463486225895894,2.7713635560980174,0,0
1098,842,252,5,3.103243591287314,2.7487135592042233,0,0
1099,842,254,5,3.029881144743759,2.7008383831431146,0,0
1100,842,256,5,3.024913118230864,2.7016372508983357,0,0
1101,842,258,5,2.990484894487984,2.6775982514152967,0,0
1102,842,260,5,2.998348025214977,2.6830370284855474,0,0
1103,842,262,5,2.9838428813353213,2.6700088876456487,0,0
1104,842,264,5,2.997954871730414,2.692313551247167,0,0
1105,842,266,5,2.970128751722783,2.6816317497310553,0,0
1106,842,268,5,2.972797824444011,2.6833720003553627,0,0
1107,842,270,5,2.9891164982338965,2.693197118265176,0,0
1108,842,272,5,2.982231534806489,2.684340124480346,0,0
1109,842,274,5,3.0090155752467984,2.703862161887342,0,0
1110,842,276,5,3.1345252482796315,2.794857553009902,0,0
1111,842,278,5,3.2511525326045647,2.8777647987900132,0,0
1112,842,280,5,3.263987923381031,2.8838962493418725,0,0
1113,842,428,6,3.5665062921707458,2.965228386352776,0,0
1114,842,430,6,3.5946498277955077,2.975898134676859,0,0
1115,842,432,6,3.645048329411706,3.0003576278686523,0,0
1116,842,434,6,3.7842522192799284,3.0691160997535882,0,0
1117,842,436,6,4.098909107309638,3.183812091155193,0,0
1118,842,438,6,4.2581167763226375,3.240085594210674,0,0
1119,842,440,6,4.406257203686934,3.3056799151910847,0,0
1120,842,442,6,4.437036471329841,3.302756653799791,0,0
1121,842,444,6,4.520366692545714,3.3127925745455657,0,0
1122,842,446,6,4.307351698581159,3.201131894724233,0,0
1123,842,448,6,4.143713158092035,3.2353407321079453,0,0
1124,842,450,6,3.942341859527638,3.2016017222356745,0,0
1125,842,452,6,4.030585836707863,3.2255728744982934,0,0
1126,842,454,6,4.050717870007665,3.2154245487749256,0,0
1127,842,456,6,4.289881056967258,3.3146456720291955,0,0
1128,842,458,6,4.150669782640484,3.227940788643895,0,0
1129,842,460,6,3.9514413589411475,3.151337545570922,0,0
1130,842,462,6,3.840106201046863,3.086999988453983,0,0
1131,842,464,6,3.5762347180248244,2.9512877143948937,0,0
1132,842,466,6,3.1901092707047995,2.753615369995675,0,0
1133,842,468,6,2.7738022037229246,2.3824141769388247,0,0
1134,842,470,6,3.346589396522725,2.59242748003574,0,0
1135,842,472,6,3.981777116656146,2.9144358892841655,0,0
1136,842,474,6,4.324871726385573,3.0103326583659213,0,0
1137,842,476,6,4.159999934768676,2.8874490630759575,0,0
1138,842,478,6,4.373009827941594,3.1148331527085267,0,0
1139,842,480,6,4.318738353628194,3.101932637748572,0,0
1140,842,482,6,4.1223180302866265,2.9199563890131115,0,0
1141,844,240,5,2.7363719183566717,2.4511626765261285,0,0
1142,844,242,5,2.8798145356895906,2.5898450102496002,0,0
1143,844,244,5,2.9410555048590252,2.6337999937699235,0,0
1144,844,246,5,3.0194053014851083,2.6938810879361124,0,0
1145,844,248,5,3.135320839417232,2.7694613691011556,0,0
1146,844,250,5,3.212747563725577,2.825294799632364,0,0
1147,844,252,5,3.242669319705201,2.849453423703224,0,0
1148,844,254,5,3.2036573198155573,2.8230379118983926,0,0
1149,844,256,5,3.164042771440372,2.8008349394557643,0,0
1150,844,258,5,3.101368495138259,2.758857777261859,0,0
1151,844,260,5,3.036929855926086,2.715122250043374,0,0
1152,844,262,5,2.9630053580035436,2.655378585427881,0,0
1153,844,264,5,2.918059004358095,2.631632795660498,0,0
1154,844,266,5,2.9378300882835933,2.6544751590923767,0,0
1155,844,268,5,2.982405373670557,2.685348686538714,0,0
1156,844,270,5,3.003459953724613,2.6994703334427297,0,0
1157,844,272,5,3.0234344224140406,2.7117788818024233,0,0
1158,844,274,5,3.005961753145515,2.700780565544633,0,0
1159,844,276,5,3.044320149826843,2.7325936733754403,0,0
1160,844,278,5,3.159369463287383,2.8200306118673204,0,0
1161,844,280,5,3.2426540207687045,2.8765078798083765,0,0
1162,844,282,5,3.3189559302671534,2.9298439095724196,0,0
1163,844,284,5,3.187898101068104,2.839205109498304,0,0
1164,844,428,6,3.5147677151313803,2.946849804537313,0,0
1165,844,430,6,3.529444451258572,2.9458963916402703,0,0
1166,844,432,6,3.6298370488341254,2.9940361239075366,0,0
1167,844,434,6,3.8362126607061544,3.1104465451076413,0,0
1168,844,436,6,4.067007597116262,3.1984270041463088,0,0
1169,844,438,6,4.233406986077736,3.2699119688515146,0,0
1170,844,440,6,4.305593874863046,3.2734747199471284,0,0
1171,844,442,6,4.370975508721063,3.288390111873682,0,0
1172,844,444,6,4.456323555156812,3.303586883855075,0,0
1173,844,446,6,4.488896116939579,3.2640562829512927,0,0
1174,844,448,6,4.256534825341138,3.1805442997822513,0,0
1175,844,450,6,4.042023445664388,3.2057897541346323,0,0
1176,844,452,6,3.8171535484336703,3.1124283804037143,0,0
1177,844,454,6,3.961741600836816,3.1753410366885753,0,0
1178,844,456,6,4.243496612552545,3.3003899032056743,0,0
1179,844,458,6,4.222809948725177,3.273237127278054,0,0
1180,844,460,6,3.9399277994233493,3.137011986324805,0,0
1181,844,462,6,3.8497677621133475,3.0995545688538386,0,0
1182,844,464,6,3.7645151070236516,3.0486760210084585,0,0
1183,844,466,6,3.5900562142908754,2.96808172102605,0,0
1184,844,468,6,3.1613187516363124,2.567430664873864,0,0
1185,844,470,6,3.082393812277513,2.3685878124804396,0,0
1186,844,472,6,3.601439321544768,2.7220573639607233,0,0
1187,844,474,6,4.325814354796235,3.0609917935530064,0,0
1188,844,476,6,4.170477757733647,2.9228638616433664,0,0
1189,844,478,6,4.19216496829713,2.9891813448577507,0,0
1190,844,480,6,4.162642774377987,3.0413329284006085,0,0
1191,844,482,6,3.99152755423989,2.893247108742366,0,0
1192,846,240,5,2.8815330661231346,2.5948783094074734,0,0
1193,846,242,5,2.803612491890754,2.537311916447269,0,0
1194,846,244,5,2.8783931420574325,2.593938661138097,0,0
1195,846,246,5,2.9005045432123477,2.615068610422116,0,0
1196,846,248,5,2.953799565186642,2.6489138805527612,0,0
1197,846,250,5,3.0378636161157133,2.709377010218453,0,0
1198,846,252,5,3.146784519930663,2.78614002129943,0,0
1199,846,254,5,3.222810836562825,2.839780903416872,0,0
1200,846,256,5,3.2227424176346986,2.8396548064126574,0,0
1201,846,258,5,3.234553679936093,2.850467793793459,0,0
1202,846,260,5,3.214864666544404,2.8358383244915624,0,0
1203,846,262,5,3.121680359189912,2.7687591511300025,0,0
1204,846,264,5,3.05396551513647,2.730547301047244,0,0
1205,846,266,5,3.0258988335912154,2.71563084741834,0,0
1206,846,268,5,3.0788375879589505,2.750597436816783,0,0
1207,846,270,5,3.1051304006426785,2.76587778079498,0,0
1208,846,272,5,3.1041066971341102,2.762549987792787,0,0
1209,846,274,5,3.0989593819138697,2.7596517014171744,0,0
1210,846,276,5,3.1090530627166726,2.7673665885701544,0,0
1211,846,278,5,3.1683007597948096,2.8176137530488874,0,0
1212,846,280,5,3.359411445511898,2.952836324371859,0,0
1213,846,282,5,3.3955385790781754,2.975044930372466,0,0
1214,846,284,5,3.446979184813727,3.0048754016940458,0,0
1215,846,286,5,3.2547402184533865,2.8773000090626275,0,0
1216,846,288,5,3.2082966508946384,2.8332912352981934,0,0
1217,846,290,5,3.191542842446304,2.822329104791679,0,0
1218,846,430,6,3.4866041808464514,2.950754019256495,0,0
1219,846,432,6,3.5193629840584277,2.966639651892771,0,0
1220,846,434,6,3.703691060031509,3.0814818415612852,0,0
1221,846,436,6,3.935237692400879,3.17997412776919,0,0
1222,846,438,6,4.118463530451222,3.2694654727831187,0,0
1223,846,440,6,4.1901383508659595,3.2774071099914797,0,0
1224,846,442,6,4.273284474172337,3.2763707711630823,0,0
1225,846,444,6,4.369705486127565,3.2998694168405485,0,0
1226,846,446,6,4.376514720650369,3.255216582251264,0,0
1227,846,448,6,4.502780629427477,3.3035487841703968,0,0
1228,846,450,6,4.028274779919285,3.107533581602933,0,0
1229,846,452,6,3.930003067989495,3.1569354737654978,0,0
1230,846,454,6,3.9860853576909543,3.2239116034803024,0,0
1231,846,456,6,4.371118926573829,3.3887063186506126,0,0
1232,846,458,6,4.247216034835238,3.3101943955128497,0,0
1233,846,460,6,4.208827912911403,3.2921481657002354,0,0
1234,846,462,6,4.130106971488841,3.240236144123288,0,0
1235,846,464,6,4.050684857802805,3.199143216025733,0,0
1236,846,466,6,3.9881747009910224,3.176201215947427,0,0
1237,846,468,6,3.654707637988758,2.876927060028995,0,0
1238,846,470,6,3.7773536825232923,2.9819328532058162,0,0
1239,846,472,6,3.46521008806927,2.7706192053300143,0,0
1240,846,474,6,4.338301656450061,3.0317323706108077,0,0
1241,846,476,6,4.352966633202189,3.035089890570869,0,0
1242,846,478,6,4.074627579214672,2.905299118480938,0,0
1243,846,480,6,4.216640472412109,3.0564930356852833,0,0
1244,846,482,6,3.9870991877614794,2.8868943494452917,0,0
1245,848,242,5,2.7762846668547523,2.523071293281334,0,0
1246,848,244,5,2.7526643847417573,2.505508259814478,0,0
1247,848,246,5,2.7701850739321623,2.5222663648455503,0,0
1248,848,248,5,2.788200272191288,2.52753764943535,0,0
1249,848,250,5,2.8979626199696917,2.609186067190755,0,0
1250,848,252,5,2.9599066597332344,2.65565264389102,0,0
1251,848,254,5,3.047426386140035,2.719311763901103,0,0
1252,848,256,5,3.029706633245049,2.7096342585499555,0,0
1253,848,258,5,3.1842916565461827,2.823911180769407,0,0
1254,848,260,5,3.2053274838413865,2.831409194117813,0,0
1255,848,262,5,3.213360699011009,2.831214773120987,0,0
1256,848,264,5,3.227895705982275,2.8531853393029745,0,0
1257,848,266,5,3.1282352741613844,2.7946638968386392,0,0
1258,848,268,5,3.140532095753327,2.7976593969275085,0,0
1259,848,270,5,3.248452265772599,2.869558922626438,0,0
1260,848,272,5,3.3562090986215947,2.9399413498896596,0,0
1261,848,274,5,3.410297962704294,2.973612187106589,0,0
1262,848,276,5,3.4659079632327776,3.0062360779941524,0,0
1263,848,278,5,3.56454831092384,3.0756201006745503,0,0
1264,848,280,5,3.7153681749603686,3.1763403510734225,0,0
1265,848,282,5,3.8729456289363497,3.259856798162499,0,0
1266,848,284,5,3.8831572387643822,3.2576727432034462,0,0
1267,848,286,5,3.781567922036051,3.1913194672500382,0,0
1268,848,288,5,3.785078847217458,3.185423450570477,0,0
1269,848,290,5,3.7955154675200258,3.197903659583926,0,0
1270,848,292,5,3.7735114908509706,3.17873635996843,0,0
1271,848,294,5,3.7656012174500177,3.173127468209758,0,0
1272,848,430,6,3.6818939346562702,3.091592471965961,0,0
1273,848,432,6,3.834046579767679,3.157237292835416,0,0
1274,848,434,6,3.8450212801743366,3.1477355855085887,0,0
1275,848,436,6,3.958636944659325,3.1747930259625172,0,0
1276,848,438,6,4.125773627292424,3.2949910622599172,0,0
1277,848,440,6,4.165940667713143,3.3262600043918904,0,0
1278,848,442,6,4.240248364754537,3.3335744786225394,0,0
1279,848,444,6,4.269414683653123,3.3044629006072235,0,0
1280,848,446,6,4.342223251126767,3.2882632664951372,0,0
1281,848,448,6,4.4283749163545645,3.324681701739239,0,0
1282,848,450,6,4.438409874988522,3.3274955764929004,0,0
1283,848,452,6,4.057494387093375,3.1333627835013655,0,0
1284,848,454,6,4.065517520428539,3.2460683170374525,0,0
1285,848,456,6,4.0791023698639775,3.2979817048753612,0,0
1286,848,458,6,4.008191421904067,3.2460202191551635,0,0
1287,848,460,6,4.08513289325688,3.2801026092343673,0,0
1288,848,462,6,4.152977446650239,3.301672145555899,0,0
1289,848,464,6,4.238779663142423,3.327470651139508,0,0
1290,848,466,6,4.243242453956288,3.34271722400247,0,0
1291,848,468,6,3.9828415482789894,3.1801145038924052,0,0
1292,848,470,6,3.9619543718338908,3.178167120707124,0,0
1293,848,472,6,3.682263350912785,2.861576084010187,0,0
1294,848,474,6,4.140803239189633,2.8602458285618453,0,0
1295,848,476,6,4.429932108253766,3.0392140161282026,0,0
1296,848,478,6,4.2778961149758095,3.004969006103201,0,0
1297,848,480,6,4.151979511991123,2.999305285225357,0,0
1298,848,482,6,3.9563458630905792,2.869999702849922,0,0
1299,848,484,6,3.8067060141756235,2.6085699949557415,0,0
1300,850,244,5,2.7502639174482337,2.4974518619673085,0,0
1301,850,246,5,2.794754336160715,2.531433043379709,0,0
1302,850,248,5,2.8381944459389756,2.5563685895819312,0,0
1303,850,250,5,2.937754941093278,2.6291631161982574,0,0
1304,850,252,5,2.998760084422339,2.675207595651485,0,0
1305,850,254,5,3.0672049559809116,2.7237527323182107,0,0
1306,850,256,5,3.0964800042647083,2.7475121866978283,0,0
1307,850,258,5,3.1393128682510874,2.781232978262419,0,0
1308,850,260,5,3.329867706413507,2.9156241988482527,0,0
1309,850,262,5,3.5387090610078866,3.0429323041636165,0,0
1310,850,264,5,3.5674577212263734,3.065146353763653,0,0
1311,850,266,5,3.5884873163898887,3.08721102688578,0,0
1312,850,268,5,3.6013138570654375,3.0880579691393097,0,0
1313,850,270,5,3.76996247638431,3.1863599251041483,0,0
1314,850,272,5,3.914267184209032,3.2681621032295776,0,0
1315,850,274,5,3.9960079159550994,3.316534945806977,0,0
1316,850,276,5,4.106977379475163,3.3837994515563965,0,0
1317,850,278,5,4.1109480825356925,3.401800526049021,0,0
1318,850,280,5,4.131242530161152,3.430844260683201,0,0
1319,850,282,5,4.0997294543269245,3.4296449917041225,0,0
1320,850,284,5,4.113931752548186,3.4323578956996643,0,0
1321,850,286,5,4.115640445588338,3.432793732625049,0,0
1322,850,288,5,4.193069715413944,3.465465393575783,0,0
1323,850,290,5,4.322328758303988,3.5434438687758463,0,0
1324,850,292,5,4.3837298250531385,3.556610919722289,0,0
1325,850,294,5,4.228895512904828,3.4510445408914485,0,0
1326,850,296,5,4.2326022169889495,3.4284970194996123,0,0
1327,850,298,5,4.108669642626402,3.311703480700172,0,0
1328,850,430,6,3.4805608243987844,2.9255662257340744,0,0
1329,850,432,6,3.8207956521375475,3.152596189830048,0,0
1330,850,434,6,3.9843004528538724,3.209333763246762,0,0
1331,850,436,6,4.1291258543416305,3.230955184361239,0,0
1332,850,438,6,4.145768577271375,3.22111802668115,0,0
1333,850,440,6,4.09299065526643,3.1900272808828722,0,0
1334,850,442,6,4.109093125146199,3.2120550571827557,0,0
1335,850,444,6,4.171727305017709,3.2433404679129145,0,0
1336,850,446,6,4.2221249631958475,3.216912643768354,0,0
1337,850,448,6,4.270853323363045,3.202612348257198,0,0
1338,850,450,6,4.334530774215376,3.2168105610989377,0,0
1339,850,452,6,4.378873925883531,3.184649826264694,0,0
1340,850,454,6,4.092813767046606,3.099372681971036,0,0
1341,850,456,6,4.0214670350103505,3.194790133553847,0,0
1342,850,458,6,3.9276761449607975,3.1655742564882887,0,0
1343,850,460,6,4.106057843589537,3.2590601480849806,0,0
1344,850,462,6,4.226942477799993,3.3160773288955796,0,0
1345,850,464,6,4.321230925729299,3.3599806368456213,0,0
1346,850,466,6,4.220753350092941,3.328292881570621,0,0
1347,850,468,6,4.059084136515681,3.2393073143458797,0,0
1348,850,470,6,4.069981022986963,3.197513994751743,0,0
1349,850,472,6,3.8992409939889705,2.9472345032793963,0,0
1350,850,474,6,3.9413520756524663,2.7639180790002253,0,0
1351,850,476,6,4.10538389601656,2.827812653837563,0,0
1352,850,478,6,4.090606357437197,2.8693246384737146,0,0
1353,850,480,6,4.0418012741121325,2.8604878098955355,0,0
1354,850,482,6,3.9488374739051424,2.7333925431125308,0,0
1355,850,484,6,3.843021207615211,2.5823283788574853,0,0
1356,852,244,5,2.8338815426312642,2.5618793471456685,0,0
1357,852,246,5,2.854130016145925,2.578628955586053,0,0
1358,852,248,5,2.9945262362263345,2.6748975826902317,0,0
1359,852,250,5,3.0588569915109827,2.722675758030174,0,0
1360,852,252,5,3.1678687448018645,2.8016833460473864,0,0
1361,852,254,5,3.3122711413196417,2.9026619997605443,0,0
1362,852,256,5,3.389412721552703,2.9534656945273303,0,0
1363,852,258,5,3.546392898309672,3.0547340108651313,0,0
1364,852,260,5,3.6642398707132022,3.1270490815542002,0,0
1365,852,262,5,3.8950448445557577,3.2597526234153196,0,0
1366,852,264,5,3.9115553440042343,3.288018980664557,0,0
1367,852,266,5,3.802946801129544,3.236480234261278,0,0
1368,852,268,5,3.7282453942527765,3.1946413474810913,0,0
1369,852,270,5,3.8265329662583953,3.2539180204131988,0,0
1370,852,272,5,3.842215071304311,3.267863026106514,0,0
1371,852,274,5,3.8099104256163456,3.2508295679035135,0,0
1372,852,276,5,3.8516838129749362,3.2798875868434476,0,0
1373,852,278,5,3.7880196288742574,3.246124011419565,0,0
1374,852,280,5,3.7439077293850143,3.2228975880779216,0,0
1375,852,282,5,3.7210297825202368,3.2123893155165484,0,0
1376,852,284,5,3.735080034388177,3.2075058952691924,0,0
1377,852,286,5,3.862252006855274,3.286297346813215,0,0
1378,852,288,5,4.034096067593558,3.3834775302992384,0,0
1379,852,290,5,4.254730542433333,3.5128182500869563,0,0
1380,852,292,5,4.511812016678603,3.6283440021548867,0,0
1381,852,294,5,4.413661347209682,3.5499979809313147,0,0
1382,852,296,5,4.354895508369367,3.5475763150180724,0,0
1383,852,298,5,4.326241085014643,3.482999625174363,0,0
1384,852,430,6,2.8415500792057604,2.468925117897663,0,0
1385,852,432,6,2.84398166957736,2.4638042977822323,0,0
1386,852,434,6,3.8068268659712463,3.1073431042725326,0,0
1387,852,436,6,4.094454092960044,3.227175673465751,0,0
1388,852,438,6,4.168654896442411,3.244886218395361,0,0
1389,852,440,6,4.20639144501079,3.2352033844108132,0,0
1390,852,442,6,4.175589861146901,3.198545208591571,0,0
1391,852,444,6,4.155733649684836,3.179203060619012,0,0
1392,852,446,6,4.2774948388321485,3.2311921169450746,0,0
1393,852,448,6,4.361138869068587,3.271588342382363,0,0
1394,852,450,6,4.403795474762579,3.250819076264338,0,0
1395,852,452,6,4.5351893544927036,3.215145249456693,0,0
1396,852,454,6,4.472482385052703,3.13134225930999,0,0
1397,852,456,6,4.162214636431105,2.99848819383729,0,0
1398,852,458,6,4.069690594578334,3.0270527593687184,0,0
1399,852,460,6,4.270459726187632,3.1726545285254906,0,0
1400,852,462,6,4.439310086158565,3.319445186165723,0,0
1401,852,464,6,4.368388482145558,3.3373573379926156,0,0
1402,852,466,6,4.251961445170826,3.323659938849177,0,0
1403,852,468,6,4.133818166702313,3.2731893388404703,0,0
1404,852,470,6,4.173693361977123,3.2955784396019663,0,0
1405,852,472,6,4.092911188710356,3.134178260617645,0,0
1406,852,474,6,3.8700660241001934,2.7939216044263,0,0
1407,852,476,6,3.9540526207222637,2.7847240132965068,0,0
1408,852,478,6,3.9105884512127975,2.7625355898059825,0,0
1409,852,480,6,3.8454450047317468,2.6652070359707585,0,0
1410,852,482,6,3.9400583063441355,2.6666512732077274,0,0
1411,852,484,6,3.8029300857818082,2.6308670719493166,0,0
1412,852,486,6,3.7486121515025044,2.57393453427694,0,0
1413,854,246,5,3.2902470879828254,2.8918038216042614,0,0
1414,854,248,5,3.395701919809152,2.9559538812552777,0,0
1415,854,250,5,3.491338520888893,3.0222131392087834,0,0
1416,854,252,5,3.5422227735896112,3.060575026776869,0,0
1417,854,254,5,3.554943899535145,3.067809258360234,0,0
1418,854,256,5,3.5364530924946544,3.0630525378149707,0,0
1419,854,258,5,3.594632809913018,3.1099633377792055,0,0
1420,854,260,5,3.76417895698574,3.222410978620951,0,0
1421,854,262,5,3.7613527918788097,3.208926056990995,0,0
1422,854,264,5,3.57571040130857,3.1027602016315363,0,0
1423,854,266,5,3.4173878231366532,3.0193153595162583,0,0
1424,854,268,5,3.2656572759106313,2.9037886908842467,0,0
1425,854,270,5,3.3523279264659314,2.95543106965673,0,0
1426,854,272,5,3.5129549943926435,3.0600758778156427,0,0
1427,854,274,5,3.5951789811554327,3.116471762739459,0,0
1428,854,276,5,3.720010169631767,3.199763786289687,0,0
1429,854,278,5,3.854655562253771,3.2966385420616,0,0
1430,854,280,5,3.9088831719834123,3.3383830593064507,0,0
1431,854,282,5,3.9578035115086445,3.374173969469151,0,0
1432,854,284,5,4.003270580009781,3.393757599389254,0,0
1433,854,286,5,4.086269611217301,3.439381621062066,0,0
1434,854,288,5,4.1518973012038645,3.4560490584220083,0,0
1435,854,290,5,4.30580540025826,3.528904907912196,0,0
1436,854,292,5,4.392059788238587,3.471167317760954,0,0
1437,854,294,5,4.281655668942498,3.374799668480615,0,0
1438,854,296,5,4.258224707679079,3.431689966012902,0,0
1439,854,298,5,4.285120127174524,3.4838084734395154,0,0
1440,854,300,5,4.345798179845765,3.469645459096529,0,0
1441,854,432,6,2.2053593025252143,1.9522615520068416,0,0
1442,854,434,6,2.3621252931047074,2.086968261634296,0,0
1443,854,436,6,3.4952171604721824,2.8692957196809856,0,0
1444,854,438,6,4.0097027135538434,3.1782513529068077,0,0
1445,854,440,6,4.259542277943231,3.3040979850572714,0,0
1446,854,442,6,4.459947679490032,3.381121873824925,0,0
1447,854,444,6,4.487405782969626,3.3382613476103504,0,0
1448,854,446,6,4.4745589900939,3.265176811206863,0,0
1449,854,448,6,4.770952440372633,3.384470954553752,0,0
1450,854,450,6,4.834139187446097,3.3914140141923,0,0
1451,854,452,6,4.878378804285671,3.332767652619744,0,0
1452,854,454,6,4.9262800140216845,3.290937811347581,0,0
1453,854,456,6,4.774760208916234,3.168367434475852,0,0
1454,854,458,6,4.430401266338188,3.0684435175153015,0,0
1455,854,460,6,4.297101187264203,3.1275955965337126,0,0
1456,854,462,6,4.346087326124793,3.2389969361093986,0,0
1457,854,464,6,4.458358321945081,3.390338843073826,0,0
1458,854,466,6,4.393034145852187,3.424663237810197,0,0
1459,854,468,6,4.240019561525079,3.3191166013465465,0,0
1460,854,470,6,4.2503673180637875,3.314302801646502,0,0
1461,854,472,6,4.2761995573453095,3.312007263658187,0,0
1462,854,474,6,3.942341915415436,2.9358277834408,0,0
1463,854,476,6,3.9481145331182406,2.8316031143353,0,0
1464,854,478,6,3.881902869823275,2.7625287917779495,0,0
1465,854,480,6,3.9437494022399138,2.742667830425142,0,0
1466,854,482,6,3.8634058662773594,2.746130583896867,0,0
1467,854,484,6,3.753193516175283,2.6158305519254994,0,0
1468,854,486,6,3.7790415925695826,2.571095543719593,0,0
1469,856,248,5,3.263191518622694,2.867340521002657,0,0
1470,856,250,5,3.205658048601659,2.83040400895876,0,0
1471,856,252,5,3.207332688528996,2.835060816529151,0,0
1472,856,254,5,3.110444941350679,2.765828003565736,0,0
1473,856,256,5,3.0892441849913737,2.7520159413554475,0,0
1474,856,258,5,3.1701743564656524,2.809098954521755,0,0
1475,856,260,5,3.3686088920680177,2.932166166409249,0,0
1476,856,262,5,3.514246725947988,3.021135496987197,0,0
1477,856,264,5,3.5067430945932156,3.0391400258156165,0,0
1478,856,266,5,3.3188833169736816,2.9251258684916372,0,0
1479,856,268,5,3.3873228816223113,2.9654257253176772,0,0
1480,856,270,5,3.5650799544275538,3.0800807099312406,0,0
1481,856,272,5,3.6917317174852373,3.157532936342187,0,0
1482,856,274,5,3.840031788625626,3.2550817535984824,0,0
1483,856,276,5,4.061688051139022,3.3880301185683006,0,0
1484,856,278,5,4.218034255049102,3.48903507634586,0,0
1485,856,280,5,4.281070553731527,3.5307854840849497,0,0
1486,856,282,5,4.309760483084079,3.5550853475641433,0,0
1487,856,284,5,4.2143472458428795,3.484406472812119,0,0
1488,856,286,5,4.1006600849281245,3.3998939021827868,0,0
1489,856,288,5,4.079092795387706,3.3472120387320095,0,0
1490,856,290,5,4.236820888222913,3.3812670233248836,0,0
1491,856,292,5,4.041286894382814,3.131783287295688,0,0
1492,856,294,5,4.104593320143647,3.1052230144861177,0,0
1493,856,296,5,4.279178365038852,3.342870071598959,0,0
1494,856,298,5,4.167750142213395,3.3915411178477726,0,0
1495,856,300,5,4.246027965874914,3.406144721695579,0,0
1496,856,302,5,4.13838122617922,3.285498562215578,0,0
1497,856,436,6,1.5667541467445512,1.4508106273512766,0,0
1498,856,438,6,1.688051610518517,1.553425617718629,0,0
1499,856,440,6,2.022638245141563,1.825297582783731,0,0
1500,856,442,6,2.408397128830249,2.1281907936982947,0,0
1501,856,444,6,2.689666255133998,2.3293393460506593,0,0
1502,856,446,6,2.977824806442774,2.498870827164385,0,0
1503,856,448,6,3.3402961557997117,2.7030529636061384,0,0
1504,856,450,6,3.458904044064759,2.759738055069329,0,0
1505,856,452,6,3.4604700324321955,2.7206793287205295,0,0
1506,856,454,6,3.553522629471581,2.7488578739377267,0,0
1507,856,456,6,3.8190810580201973,2.8581721604944406,0,0
1508,856,458,6,3.889307174786702,2.9173389209339122,0,0
1509,856,460,6,3.4806348670307288,2.766785158322333,0,0
1510,856,462,6,3.430989450183558,2.773218180741118,0,0
1511,856,464,6,3.695859771803028,2.926728645809505,0,0
1512,856,466,6,4.34889891172791,3.3671419221623737,0,0
1513,856,468,6,4.19246496714992,3.301875527900692,0,0
1514,856,470,6,4.127329961344232,3.2034810067007813,0,0
1515,856,472,6,4.225145283482943,3.214754989044298,0,0
1516,856,474,6,4.106656639020272,3.0039534741689367,0,0
1517,856,476,6,4.120600668826744,2.797433220868359,0,0
1518,856,478,6,4.079253314115757,2.7349861602965326,0,0
1519,856,480,6,4.096522065722745,2.8549635502119206,0,0
1520,856,482,6,4.048481487071118,2.916794386102626,0,0
1521,856,484,6,3.952891517145347,2.80245667664716,0,0
1522,856,486,6,3.7407250234724434,2.5975529591777833,0,0
1523,858,250,5,2.913325744804466,2.631123947424408,0,0
1524,858,252,5,2.908780981415067,2.629296096466526,0,0
1525,858,254,5,2.9714393030298916,2.6778556120970882,0,0
1526,858,256,5,3.0409803647452005,2.7310215585472406,0,0
1527,858,258,5,3.216596844044137,2.84731106992977,0,0
1528,858,260,5,3.290346257101988,2.896989098162126,0,0
1529,858,262,5,3.4007710160761206,2.971294674267849,0,0
1530,858,264,5,3.299953699221639,2.918943312718291,0,0
1531,858,266,5,3.3269048224941447,2.941993910619087,0,0
1532,858,268,5,3.5140895958695304,3.066269684140593,0,0
1533,858,270,5,3.68504576406012,3.1745549715517276,0,0
1534,858,272,5,3.881452712570269,3.2887633876996336,0,0
1535,858,274,5,4.011012340145522,3.355323633414292,0,0
1536,858,276,5,4.044611541477491,3.3552198797709303,0,0
1537,858,278,5,3.9994374850230785,3.2875711039941495,0,0
1538,858,280,5,3.9316810348343108,3.2236956370155374,0,0
1539,858,282,5,3.893995830891411,3.2184874131444396,0,0
1540,858,284,5,3.933524337314005,3.2562990052450895,0,0
1541,858,286,5,3.839100228833448,3.176174452053467,0,0
1542,858,288,5,3.794054115958607,3.0893851028025208,0,0
1543,858,290,5,4.074291024713859,3.2188097489948113,0,0
1544,858,292,5,4.407711042198853,3.3498993621611994,0,0
1545,858,294,5,4.689434951414323,3.4505019732209843,0,0
1546,858,296,5,4.413674964028255,3.37984861940125,0,0
1547,858,298,5,4.261921488817544,3.4054253002739343,0,0
1548,858,300,5,4.322626376992969,3.4778478759087372,0,0
1549,858,302,5,4.253780146495109,3.3069723651525567,0,0
1550,858,304,5,4.383580489264486,3.2268788088823612,0,0
1551,858,442,6,1.264903416171685,1.2049618586577058,0,0
1552,858,444,6,1.1839451829173178,1.1399857454976419,0,0
1553,858,446,6,1.2451918077119188,1.1900967431265743,0,0
1554,858,448,6,1.3074624268488602,1.2450798214654966,0,0
1555,858,450,6,1.3084991153657197,1.248529992676687,0,0
1556,858,452,6,1.2694328690442072,1.2112815880341223,0,0
1557,858,454,6,1.309836322487676,1.242581262831347,0,0
1558,858,456,6,1.5788262820935557,1.4610701382401536,0,0
1559,858,458,6,2.3095187171932134,2.034131735389641,0,0
1560,858,460,6,3.125835989376341,2.6463478983978237,0,0
1561,858,462,6,3.175934823150476,2.724334928589126,0,0
1562,858,464,6,3.1211568986424867,2.6414519575645774,0,0
1563,858,466,6,4.0108056901603,3.1598780159892312,0,0
1564,858,468,6,4.11751637130659,3.2651564580929446,0,0
1565,858,470,6,4.190713918916964,3.268322980944517,0,0
1566,858,472,6,4.316130701838935,3.241039037340852,0,0
1567,858,474,6,4.369511282919656,3.0558667411912337,0,0
1568,858,476,6,4.270531248255106,2.8842780672460724,0,0
1569,858,478,6,4.066971779335431,2.932744886391985,0,0
1570,858,480,6,4.020931594242464,2.971741485173096,0,0
1571,858,482,6,4.185447886954324,3.0427520604847875,0,0
1572,858,484,6,3.9516991079090764,2.8377603211056894,0,0
1573,858,486,6,3.8893668556221432,2.7376908281695336,0,0
1574,858,488,6,3.6893343986252547,2.5610973550249327,0,0
1575,860,250,5,2.991368719974775,2.6970352612253032,0,0
1576,860,252,5,3.1055161126334,2.784550682846283,0,0
1577,860,254,5,3.2235460283615804,2.8659166605856763,0,0
1578,860,256,5,3.2255278968185928,2.8676822768725523,0,0
1579,860,258,5,3.208063759647974,2.8535564457506197,0,0
1580,860,260,5,3.198877702302639,2.8501282111038,0,0
1581,860,262,5,3.193514713620822,2.8443342656940542,0,0
1582,860,264,5,3.280438905665561,2.9128409459050495,0,0
1583,860,266,5,3.439390540630857,3.032116375154183,0,0
1584,860,268,5,3.642315779876449,3.15877579348293,0,0
1585,860,270,5,3.6064864793375313,3.087056859779388,0,0
1586,860,272,5,3.307629802439997,2.81332885322129,0,0
1587,860,274,5,3.376731938133579,2.8321019732645003,0,0
1588,860,276,5,3.7874359374270465,3.086744102364697,0,0
1589,860,278,5,3.8747406073424555,3.0847446805465806,0,0
1590,860,280,5,3.605753937112577,2.855371161552944,0,0
1591,860,282,5,3.9931461981093967,3.0902363588681823,0,0
1592,860,284,5,4.058150921789643,3.191055118929608,0,0
1593,860,286,5,4.012685106247843,3.1637160887430533,0,0
1594,860,288,5,4.081773152347228,3.1924288392877287,0,0
1595,860,290,5,4.061886604455459,3.2300405291116587,0,0
1596,860,292,5,4.123611865688305,3.302602986769264,0,0
1597,860,294,5,4.341650909749716,3.414816629830298,0,0
1598,860,296,5,4.309376831084239,3.3626719062312973,0,0
1599,860,298,5,4.260126670625617,3.3457210187968953,0,0
1600,860,300,5,4.365382333174408,3.4740291705254918,0,0
1601,860,302,5,4.381152471720931,3.423967608452326,0,0
1602,860,304,5,4.514011042415465,3.35360248165827,0,0
1603,860,446,6,1.0842683121394816,1.0524441631534485,0,0
1604,860,448,6,1.086266641214358,1.05560528072842,0,0
1605,860,450,6,1.077673611000337,1.0500711665915965,0,0
1606,860,452,6,1.0774072829916332,1.0479360300761498,0,0
1607,860,454,6,1.0886081010503028,1.05680374027089,0,0
1608,860,456,6,1.090959869370331,1.0586186138795313,0,0
1609,860,458,6,1.2527136253602087,1.1963088286093264,0,0
1610,860,460,6,1.890817608721505,1.719394843986628,0,0
1611,860,462,6,3.0126099362677414,2.5933005016723394,0,0
1612,860,464,6,3.2621570238480957,2.802352130100278,0,0
1613,860,466,6,3.303513841052927,2.8037605206959526,0,0
1614,860,468,6,4.072119377907499,3.2372991030070235,0,0
1615,860,470,6,4.305494175203646,3.286314653046295,0,0
1616,860,472,6,4.569729159413085,3.247751058757154,0,0
1617,860,474,6,4.7140126694334485,3.206962442023078,0,0
1618,860,476,6,4.51950637041257,3.2213094513002765,0,0
1619,860,478,6,4.368026940730063,3.2167251673602317,0,0
1620,860,480,6,4.278066853325529,3.149604138567259,0,0
1621,862,256,5,3.0873169520699193,2.7709377544013183,0,0
1622,862,258,5,2.9609276777561457,2.682415900504784,0,0
1623,862,260,5,2.9769530487383324,2.692923448030993,0,0
1624,862,262,5,3.1185495376586916,2.782837935818231,0,0
1625,862,264,5,3.3561702435661593,2.9546320107262445,0,0
1626,862,266,5,3.663677166947997,3.176614115429176,0,0
1627,862,268,5,3.592403518261625,3.0807804600296262,0,0
1628,862,270,5,2.8635651813881573,2.465275329003152,0,0
1629,862,272,5,2.371751991232618,2.0333689150592504,0,0
1630,862,274,5,2.535227214288594,2.1197324314175674,0,0
1631,862,276,5,3.8290084699277944,2.9875021518013396,0,0
1632,862,278,5,4.4490770461340645,3.3452803074154276,0,0
1633,862,280,5,4.6806032412499485,3.479533892559353,0,0
1634,862,282,5,4.680322223137765,3.496825497402656,0,0
1635,862,284,5,4.485579440040753,3.4061757094151712,0,0
1636,862,286,5,4.381287365852005,3.3701541283438874,0,0
1637,862,288,5,4.199086063924254,3.280586296645984,0,0
1638,862,290,5,4.1529320575729844,3.3041621966341084,0,0
1639,862,292,5,4.157993224261206,3.356467660421185,0,0
1640,862,294,5,4.245257003866421,3.428920342041115,0,0
1641,862,296,5,4.387376802119276,3.4941140524964402,0,0
1642,862,298,5,4.370503022851782,3.417990977888939,0,0
1643,862,300,5,4.208305408972898,3.3498924101771603,0,0
1644,862,302,5,4.339400859555417,3.411578499935253,0,0
1645,862,304,5,4.342247567763372,3.378217965132641,0,0
1646,862,450,6,1.300166995754644,1.234711875510935,0,0
1647,862,452,6,1.3911118256939956,1.3067269195434252,0,0
1648,862,454,6,1.6320593385875994,1.503811690986313,0,0
1649,862,456,6,1.9699786391013498,1.790108012795932,0,0
1650,862,458,6,2.1732292198759016,1.980604978356211,0,0
1651,862,460,6,2.239516297899977,2.033783686353725,0,0
1652,862,462,6,2.520062143942374,2.2384595083170664,0,0
1653,862,464,6,3.277098799546798,2.781565053679943,0,0
1654,862,466,6,3.6682259445163474,3.019013740110906,0,0
1655,862,468,6,4.210482321883113,3.2498054675308525,0,0
1656,862,470,6,4.620393301905153,3.2796425564319547,0,0
1657,862,472,6,4.87764042974611,3.3314412158953357,0,0
1658,864,262,5,3.1102524304174493,2.7854766142013245,0,0
1659,864,264,5,3.382296250803283,2.9941996406640454,0,0
1660,864,266,5,3.429107950380666,3.0305262432096947,0,0
1661,864,268,5,3.3662664713176618,2.9275118878957294,0,0
1662,864,270,5,2.5861138790397575,2.247666431385883,0,0
1663,864,272,5,2.1697870907020227,1.8322403979090334,0,0
1664,864,274,5,3.4180321874001454,2.549002586027104,0,0
1665,864,276,5,4.454387285279911,3.30387678821461,0,0
1666,864,278,5,4.652415051300349,3.4257937244641705,0,0
1667,864,280,5,4.751076177779944,3.495826609681496,0,0
1668,864,282,5,4.778760834920462,3.5152125027772767,0,0
1669,864,284,5,4.77459841327865,3.5118781536188224,0,0
1670,864,286,5,4.73945326086541,3.5360773046788383,0,0
1671,864,288,5,4.685936548403477,3.5463552779407697,0,0
1672,864,290,5,4.590901237530695,3.5742305583051475,0,0
1673,864,292,5,4.432778521849906,3.535913276227253,0,0
1674,864,294,5,4.484245623662441,3.5998581232102866,0,0
1675,864,296,5,4.545721670140088,3.6552078530432355,0,0
1676,864,298,5,4.513727212164978,3.60382108787366,0,0
1677,864,456,6,3.5606562445275123,3.069191272784286,0,0
1678,864,458,6,3.541864106815045,3.0897114902854654,0,0
1679,864,460,6,3.690972990585297,3.2114993163876187,0,0
1680,864,462,6,3.9718747913298555,3.3638192801502265,0,0
1681,864,464,6,3.897714841966546,3.123709115925853,0,0
1682,866,268,5,2.4233690302165507,2.1292601009896774,0,0
1683,866,270,5,2.312825875135633,1.8872573843129181,0,0
1684,866,272,5,1.8742466624243532,1.41197413777967,0,0
1685,866,274,5,3.2802335831991423,2.377885950811951,0,0
1686,866,276,5,4.048501035419461,3.0719973916342718,0,0
1687,866,278,5,4.408422741648725,3.3106945720170886,0,0
1688,866,280,5,4.504089608963075,3.3863109088810672,0,0
1689,866,282,5,4.521017522145625,3.4017292622685775,0,0
1690,866,284,5,4.452838053459433,3.388752914814057,0,0
1691,866,286,5,4.440365558481393,3.4415779786560274,0,0
1692,866,288,5,4.349518930982794,3.449657100873115,0,0
1693,866,290,5,4.207776993501201,3.437755417548905,0,0
1694,866,292,5,4.137827307067295,3.42223502381254,0,0
1695,868,274,5,1.8141132034104808,1.5786004655059067,0,0
1696,868,276,5,2.9079245545284595,2.3189455944788633,0,0
1697,868,278,5,4.094125028089704,3.1373976650939994,0,0
1698,868,280,5,4.140343090987771,3.2081547191198276,0,0
1699,868,282,5,4.110140700209026,3.22182837371556,0,0
1700,868,284,5,4.04646153545081,3.219880888174648,0,0
1701,868,286,5,3.9908605739260445,3.2381161126362685,0,0
1702,870,280,5,4.023091637433884,3.157639547411502,0,0
1703,1040,444,7,4.0065785485157885,3.3896373743990016,0,0
1704,1040,446,7,3.905191274506198,3.3105582731460292,0,0
1705,1040,448,7,3.9657049734406065,3.3595740001750802,0,0
1706,1042,440,7,4.4404116701084995,3.6674085076978975,0,0
1707,1042,442,7,4.24742375331146,3.554612530986293,0,0
1708,1042,444,7,4.174628716358675,3.515449086547021,0,0
1709,1042,446,7,4.056257192159538,3.430654165058662,0,0
1710,1042,448,7,3.91175227614043,3.3551731391107493,0,0
1711,1042,450,7,3.778004656601019,3.278774320753857,0,0
1712,1042,452,7,3.8080256754502613,3.2753922549014858,0,0
1713,1044,436,7,4.910642130186211,3.8535954370230425,0,0
1714,1044,438,7,4.739311504179413,3.8010329134204595,0,0
1715,1044,440,7,4.5287565788981725,3.690206892391599,0,0
1716,1044,442,7,4.330575213479688,3.5810878863389117,0,0
1717,1044,444,7,4.24158860874564,3.5355162680552423,0,0
1718,1044,446,7,4.115400596631284,3.4485435209039492,0,0
1719,1044,448,7,4.013952717378879,3.4032673880739073,0,0
1720,1044,450,7,3.8495461921640843,3.314305169011494,0,0
1721,1044,452,7,3.7504350920419944,3.2414564097241474,0,0
1722,1044,454,7,3.8135246018813906,3.2784354801586812,0,0
1723,1044,456,7,3.7681706433304134,3.2411500204691506,0,0
1724,1046,432,7,4.673471612173069,3.6178623087072763,0,0
1725,1046,434,7,4.95163079595591,3.6933862296702107,0,0
1726,1046,436,7,5.028687948680295,3.8119158609940156,0,0
1727,1046,438,7,4.893343361139118,3.8504463853484157,0,0
1728,1046,440,7,4.777140143905793,3.805243088958938,0,0
1729,1046,442,7,4.588568954606287,3.7044353142193023,0,0
1730,1046,444,7,4.463622444030155,3.6383860578030967,0,0
1731,1046,446,7,4.338383039883017,3.5593702368286873,0,0
1732,1046,448,7,4.2339461877744355,3.5191343267406254,0,0
1733,1046,450,7,4.033898290617728,3.4168905198817163,0,0
1734,1046,452,7,3.948379378630764,3.362278581538169,0,0
1735,1046,454,7,3.7937840193717043,3.265925167605873,0,0
1736,1046,456,7,3.7480990189779,3.233800528579432,0,0
1737,1046,458,7,3.7201395772516634,3.220269750207439,0,0
1738,1046,460,7,3.763871694638002,3.258767969477581,0,0
1739,1046,462,7,3.7253276701802993,3.2441542521050777,0,0
1740,1048,428,7,4.330109186541607,3.5918044673630853,0,0
1741,1048,430,7,4.6637865206035,3.7723346048978224,0,0
1742,1048,432,7,4.630832854429686,3.6870261307225416,0,0
1743,1048,434,7,4.619392373195254,3.5761211323743303,0,0
1744,1048,436,7,4.560036617055098,3.4993985086029147,0,0
1745,1048,438,7,4.911400709842782,3.7505079081608788,0,0
1746,1048,440,7,4.712489970854598,3.723907525633818,0,0
1747,1048,442,7,4.627254963329473,3.709432005148766,0,0
1748,1048,444,7,4.539246429603558,3.6727402268184006,0,0
1749,1048,446,7,4.4577577857650175,3.619478407117377,0,0
1750,1048,448,7,4.467641148488567,3.652101994541642,0,0
1751,1048,450,7,4.34157149934458,3.5982231322738145,0,0
1752,1048,452,7,4.209540442966655,3.5049978913815805,0,0
1753,1048,454,7,3.834353276929968,3.2798952084446524,0,0
1754,1048,456,7,3.512246548368193,3.096831703000278,0,0
1755,1048,458,7,3.2187607251935075,2.903655622672317,0,0
1756,1048,460,7,3.176614948438503,2.867311584476385,0,0
1757,1048,462,7,3.2552963871557816,2.91742946330563,0,0
1758,1048,464,7,3.3078812384358676,2.9681842250720094,0,0
1759,1048,466,7,3.1588007145173065,2.871691615358856,0,0
1760,1050,424,7,3.479320640692465,3.0898115993023896,0,0
1761,1050,426,7,4.192902849070508,3.561905884390394,0,0
1762,1050,428,7,4.788553510034446,3.8877883049994284,0,0
1763,1050,430,7,4.861100796115613,3.8778392993327278,0,0
1764,1050,432,7,4.443358258563464,3.6268987004519895,0,0
1765,1050,434,7,4.45574376104081,3.6590712159763306,0,0
1766,1050,436,7,4.362172980860477,3.521996327611082,0,0
1767,1050,438,7,4.537962008212692,3.526868371882465,0,0
1768,1050,440,7,4.793013659550221,3.7005706083840755,0,0
1769,1050,442,7,4.6970931505681195,3.733894463551458,0,0
1770,1050,444,7,4.647099385455038,3.743748014718482,0,0
1771,1050,446,7,4.577386041448529,3.700631405973375,0,0
1772,1050,448,7,4.5344104028423295,3.7005812800562503,0,0
1773,1050,450,7,4.417600676905741,3.652023863041446,0,0
1774,1050,452,7,4.286727257371871,3.557680581443448,0,0
1775,1050,454,7,4.144942920705517,3.4818448380821554,0,0
1776,1050,456,7,3.8357856884577393,3.2997629493135654,0,0
1777,1050,458,7,3.4805098908816903,3.075818893652555,0,0
1778,1050,460,7,3.3295750847847128,2.984211639367513,0,0
1779,1050,462,7,3.3497844111662163,2.9952327494432396,0,0
1780,1050,464,7,3.3565885686654204,3.0019855550327756,0,0
1781,1050,466,7,3.379788780512707,3.04191150785127,0,0
1782,1050,468,7,3.4474813707298337,3.0919897207551643,0,0
1783,1050,470,7,3.709651349131701,3.266306543373208,0,0
1784,1052,420,7,3.129179378195829,2.844333291567052,0,0
1785,1052,422,7,3.3491053300040607,2.9959545705423705,0,0
1786,1052,424,7,4.1370302123610365,3.491514328624848,0,0
1787,1052,426,7,4.79574829732622,3.84442239141268,0,0
1788,1052,428,7,4.838009657339549,3.7730154365137976,0,0
1789,1052,430,7,4.5663343897400965,3.5993058717916764,0,0
1790,1052,432,7,4.543314695044963,3.6497721720537695,0,0
1791,1052,434,7,4.345539853748631,3.6027971548267126,0,0
1792,1052,436,7,4.548742824290085,3.6707099957270124,0,0
1793,1052,438,7,4.562271394725958,3.581927086463863,0,0
1794,1052,440,7,4.514788879398795,3.4482758309144512,0,0
1795,1052,442,7,4.7212436249509615,3.6149570669997897,0,0
1796,1052,444,7,4.7587478407636015,3.710610623316318,0,0
1797,1052,446,7,4.749375111254901,3.729117332802831,0,0
1798,1052,448,7,4.822067604434148,3.810968881012904,0,0
1799,1052,450,7,4.579921668816056,3.6879243975193705,0,0
1800,1052,452,7,4.463128548233455,3.601752963636299,0,0
1801,1052,454,7,4.41008875314711,3.599108147925429,0,0
1802,1052,456,7,4.3849888596667155,3.5979866358662362,0,0
1803,1052,458,7,4.276593721342077,3.53703197642981,0,0
1804,1052,460,7,4.051839132873766,3.4037393292223768,0,0
1805,1052,462,7,3.879527222362593,3.3148613760988916,0,0
1806,1052,464,7,3.6675125599765157,3.205839144082641,0,0
1807,1052,466,7,3.4599749621307616,3.0873338073515058,0,0
1808,1052,468,7,3.4437806297436584,3.0652785285133013,0,0
1809,1052,470,7,3.8174895228293773,3.3412565209945777,0,0
1810,1052,472,7,3.987743479887122,3.492013698594719,0,0
1811,1052,474,7,3.9935173441795464,3.467774264334466,0,0
1812,1052,476,7,3.716366904081311,3.15942907292896,0,0
1813,1054,416,7,3.737920091958788,3.2948115926544665,0,0
1814,1054,418,7,3.327316820225658,2.9945215990846648,0,0
1815,1054,420,7,3.5415444461158097,3.1303820243559706,0,0
1816,1054,422,7,3.816321132534038,3.281398796731917,0,0
1817,1054,424,7,4.53547878619724,3.6656422592174938,0,0
1818,1054,426,7,4.815332684695064,3.7712249755859375,0,0
1819,1054,428,7,4.632320390628802,3.6112393284693147,0,0
1820,1054,430,7,4.501835341936319,3.583959974029205,0,0
1821,1054,432,7,4.450953070745633,3.6397244006415814,0,0
1822,1054,434,7,4.534016308662362,3.7134621462626223,0,0
1823,1054,436,7,4.6461633136726395,3.747441823640826,0,0
1824,1054,438,7,4.679630320387505,3.7230172831867834,0,0
1825,1054,440,7,4.522147494034878,3.5160154873540588,0,0
1826,1054,442,7,4.681232733203415,3.5378627553201705,0,0
1827,1054,444,7,4.542690965761865,3.5312713425280404,0,0
1828,1054,446,7,4.470505221588895,3.478724141996955,0,0
1829,1054,448,7,4.536036837376377,3.519729733863975,0,0
1830,1054,450,7,4.4875789838916145,3.515849163280034,0,0
1831,1054,452,7,4.527571354554637,3.5386994238814418,0,0
1832,1054,454,7,4.527897688747548,3.576283269608865,0,0
1833,1054,456,7,4.551464716271212,3.61790030329659,0,0
1834,1054,458,7,4.436722867769548,3.5641634186813733,0,0
1835,1054,460,7,4.4290441779708924,3.5907788302689596,0,0
1836,1054,462,7,4.275910314866042,3.5305727599821832,0,0
1837,1054,464,7,3.990927586214615,3.3780780569872513,0,0
1838,1054,466,7,3.771010439514059,3.2650290389964844,0,0
1839,1054,468,7,3.7190990462206734,3.2280812406890598,0,0
1840,1054,470,7,3.8768816546581166,3.3368045342051347,0,0
1841,1054,472,7,3.9507303388766966,3.4129349379024787,0,0
1842,1054,474,7,3.9284755679337082,3.40289718073275,0,0
1843,1054,476,7,3.990733709693736,3.420899446163284,0,0
1844,1054,478,7,2.7958777912957586,2.510990551221709,0,0
1845,1054,480,7,1.6622115777456876,1.5793430336629437,0,0
1846,1056,416,7,3.4208842995229842,3.072618181619292,0,0
1847,1056,418,7,3.6141277388297537,3.1924408409608906,0,0
1848,1056,420,7,4.232268438800881,3.580291792835276,0,0
1849,1056,422,7,4.470300550486157,3.6767312726269754,0,0
1850,1056,424,7,4.6880342521005405,3.700266810174207,0,0
1851,1056,426,7,4.757937663466926,3.6711907185299295,0,0
1852,1056,428,7,4.460260946834594,3.529882300906572,0,0
1853,1056,430,7,4.498853752138565,3.6506081213841934,0,0
1854,1056,432,7,4.46569263214201,3.6647901356715034,0,0
1855,1056,434,7,4.650962807151005,3.769211738589075,0,0
1856,1056,436,7,4.837131448532374,3.827817625143133,0,0
1857,1056,438,7,4.785995027757594,3.789411330708069,0,0
1858,1056,440,7,4.77255414580522,3.680016457982451,0,0
1859,1056,442,7,4.41602976963537,3.3757912294825867,0,0
1860,1056,444,7,4.678521959547733,3.542161481323025,0,0
1861,1056,446,7,4.310455615882662,3.3843919978708623,0,0
1862,1056,448,7,4.231480793981309,3.3675742874738512,0,0
1863,1056,450,7,4.1778901334863034,3.3577126311048193,0,0
1864,1056,452,7,4.2207224622013895,3.338302477313189,0,0
1865,1056,454,7,4.134126863368807,3.2589531653089354,0,0
1866,1056,456,7,4.3436147760001065,3.363682721793399,0,0
1867,1056,458,7,4.2931539299623624,3.3509277459450635,0,0
1868,1056,460,7,4.427156455516627,3.4783336252018757,0,0
1869,1056,462,7,4.405307638971694,3.5141222843643343,0,0
1870,1056,464,7,4.282014193526533,3.45775751249741,0,0
1871,1056,466,7,4.20276230812928,3.453502352435303,0,0
1872,1056,468,7,4.146455614075413,3.4359625466338835,0,0
1873,1056,470,7,4.163154213320665,3.45487158490133,0,0
1874,1056,472,7,4.148810417394994,3.4574843195635547,0,0
1875,1056,474,7,4.1500130841167024,3.4478623460314566,0,0
1876,1056,476,7,4.093023408690684,3.398338497496722,0,0
1877,1056,478,7,3.654680863266342,3.1349730417342228,0,0
1878,1056,480,7,2.192995302252968,2.037608139503209,0,0
1879,1058,418,7,3.622267789074217,3.132762167895525,0,0
1880,1058,420,7,4.22859120745271,3.4853576711449543,0,0
1881,1058,422,7,4.530187235074679,3.5395517985390774,0,0
1882,1058,424,7,4.506888993103156,3.430746736269073,0,0
1883,1058,426,7,4.519576229730563,3.500153231118267,0,0
1884,1058,428,7,4.537865092796032,3.60962933956513,0,0
1885,1058,430,7,4.476045571865865,3.6347951889038086,0,0
1886,1058,432,7,4.57813511463172,3.6883569043488986,0,0
1887,1058,434,7,4.749041044389153,3.7742514597405465,0,0
1888,1058,436,7,4.885822688891775,3.801558878310478,0,0
1889,1058,438,7,4.777732410810092,3.754246955004402,0,0
1890,1058,440,7,4.911372558008504,3.8068476734650845,0,0
1891,1058,442,7,4.651752579472931,3.5532695255615176,0,0
1892,1058,444,7,4.827894665791849,3.5214884507906694,0,0
1893,1058,446,7,4.5477058485277,3.4027582831564396,0,0
1894,1058,448,7,4.382928111018218,3.356074117354638,0,0
1895,1058,450,7,4.348231553194749,3.373874762484131,0,0
1896,1058,452,7,4.413187531185246,3.4052009694897207,0,0
1897,1058,454,7,4.4343471490775705,3.4228743961285084,0,0
1898,1058,456,7,4.368514618855625,3.3892863275477194,0,0
1899,1058,458,7,4.372997510478022,3.392365947763187,0,0
1900,1058,460,7,4.336316889800371,3.356516975536581,0,0
1901,1058,462,7,4.337944439294152,3.3123351886213523,0,0
1902,1058,464,7,4.281620395804523,3.261832684948268,0,0
1903,1058,466,7,4.298717793502945,3.3125988499499823,0,0
1904,1058,468,7,4.13658735390897,3.2249202302281197,0,0
1905,1058,470,7,4.108090330510706,3.216817510544263,0,0
1906,1058,472,7,4.11942256729206,3.26106972481562,0,0
1907,1058,474,7,4.083688609078917,3.2337533239826417,0,0
1908,1058,476,7,4.041408047847109,3.1716366542659955,0,0
1909,1058,478,7,3.61022760248392,2.9443969503228007,0,0
1910,1060,418,7,2.0044971634712336,1.8294634950742872,0,0
1911,1060,420,7,2.863659993841701,2.4597426817280006,0,0
1912,1060,422,7,4.236355761834272,3.2450275658840164,0,0
1913,1060,424,7,4.576783753670317,3.4572408144945603,0,0
1914,1060,426,7,4.6967869433185045,3.6556362963923057,0,0
1915,1060,428,7,4.572722980359962,3.6589285889295513,0,0
1916,1060,430,7,4.740514147774917,3.755055568405508,0,0
1917,1060,432,7,4.938034452679643,3.85210016098127,0,0
1918,1060,434,7,4.982646304716501,3.867083474211471,0,0
1919,1060,436,7,5.0933760619069535,3.895976168882303,0,0
1920,1060,438,7,5.088427633872082,3.9209290542517103,0,0
1921,1060,440,7,4.917269930637642,3.7969716208198827,0,0
1922,1060,442,7,4.684278458251593,3.6275623790574785,0,0
1923,1060,444,7,4.797447023911547,3.6359852084164004,0,0
1924,1060,446,7,4.4856189635252415,3.349938331134111,0,0
1925,1060,448,7,4.706638474288827,3.4677214693574947,0,0
1926,1060,450,7,4.367367715283373,3.31702883259327,0,0
1927,1060,452,7,4.466950413692005,3.3476853058039877,0,0
1928,1060,454,7,4.436912857177127,3.3502638547062493,0,0
1929,1060,456,7,4.467634222806921,3.3797256905681494,0,0
1930,1060,458,7,4.44476476067108,3.3801400357230387,0,0
1931,1060,460,7,4.49228257003892,3.406253623054847,0,0
1932,1060,462,7,4.449090722997244,3.3539241289400357,0,0
1933,1060,464,7,4.343557637137448,3.27142696970426,0,0
1934,1060,466,7,4.272017635496426,3.2412393889659006,0,0
1935,1060,468,7,4.22358984824198,3.1754334214290014,0,0
1936,1060,470,7,4.124336810758296,3.10035606497338,0,0
1937,1060,472,7,4.063809215956778,3.0815477373385822,0,0
1938,1060,474,7,3.9161305870048655,2.9852313706828015,0,0
1939,1060,476,7,3.873062893466537,2.930690947635636,0,0
1940,1060,478,7,3.7664466350046193,2.874339459915795,0,0
1941,1062,418,7,2.47131069615407,2.214097213016363,0,0
1942,1062,420,7,3.4342515223501895,2.877183657808629,0,0
1943,1062,422,7,4.196933533258433,3.2397441252466144,0,0
1944,1062,424,7,4.671878671238434,3.579738483798439,0,0
1945,1062,426,7,4.613437950231803,3.684369255514706,0,0
1946,1062,428,7,4.65477964937495,3.7149867060449253,0,0
1947,1062,430,7,4.8340601422058365,3.7990897567722124,0,0
1948,1062,432,7,4.967383636488116,3.843841399139368,0,0
1949,1062,434,7,4.998064282302556,3.855435219436568,0,0
1950,1062,436,7,5.078448906561027,3.853910967975994,0,0
1951,1062,438,7,4.941201822429367,3.7405333535699685,0,0
1952,1062,440,7,4.753841819862174,3.6133936609948436,0,0
1953,1062,442,7,4.741018781241183,3.660702091213928,0,0
1954,1062,444,7,4.6879525878479456,3.6454921004058267,0,0
1955,1062,446,7,4.673864241905456,3.52590931113065,0,0
1956,1062,448,7,4.5117198581286715,3.3540086324127105,0,0
1957,1062,450,7,4.527827597873646,3.3495870098173435,0,0
1958,1062,452,7,4.452270613943131,3.289481392378239,0,0
1959,1062,454,7,4.457280340776751,3.278829210307459,0,0
1960,1062,456,7,4.456862589569635,3.2702687436125517,0,0
1961,1062,458,7,4.453005512798453,3.269610178179639,0,0
1962,1062,460,7,4.429735123539729,3.262110226611092,0,0
1963,1062,462,7,4.4207754963179555,3.2611619074143463,0,0
1964,1062,464,7,4.417167507062984,3.2694044390887145,0,0
1965,1062,466,7,4.394859548519703,3.2782566333738052,0,0
1966,1062,468,7,4.33711291565544,3.214109878744467,0,0
1967,1062,470,7,4.37397773486913,3.2165062302818312,0,0
1968,1062,472,7,4.295465303334528,3.1955603794720555,0,0
1969,1062,474,7,4.242402622809501,3.147443600548361,0,0
1970,1062,476,7,4.179188985224695,3.088435791138456,0,0
1971,1062,478,7,4.067569818097466,3.0417123108839736,0,0
1972,1064,418,7,3.32303498784351,2.840534914947499,0,0
1973,1064,420,7,3.8324581159913125,3.041156562620246,0,0
1974,1064,422,7,4.696880401714259,3.5278690897799065,0,0
1975,1064,424,7,4.6530064643367846,3.608769619610006,0,0
1976,1064,426,7,4.792752699922071,3.744356172578829,0,0
1977,1064,428,7,4.79462287956622,3.720325804411424,0,0
1978,1064,430,7,4.966216147301269,3.78053053025665,0,0
1979,1064,432,7,5.005175245604359,3.777394714646282,0,0
1980,1064,434,7,4.939680245438326,3.729401297876796,0,0
1981,1064,436,7,4.966865642580726,3.6470375582005765,0,0
1982,1064,438,7,4.78119737991675,3.550837473252364,0,0
1983,1064,440,7,4.817992702721968,3.6337204161438175,0,0
1984,1064,442,7,4.727492320884727,3.631069464767101,0,0
1985,1064,444,7,4.840187780433471,3.6758118571039846,0,0
1986,1064,446,7,4.746341423370641,3.59581587091827,0,0
1987,1064,448,7,4.848739235108908,3.6048543222691722,0,0
1988,1064,450,7,4.414775840698313,3.30147887858637,0,0
1989,1064,452,7,4.603546953974605,3.280438618297582,0,0
1990,1064,454,7,4.345105238160232,3.1682374821637396,0,0
1991,1064,456,7,4.386925499767342,3.1768672104721793,0,0
1992,1064,458,7,4.3802082699085805,3.1705979696189184,0,0
1993,1064,460,7,4.353150395398167,3.154327144436963,0,0
1994,1064,462,7,4.392983811520712,3.160247526685211,0,0
1995,1064,464,7,4.376049431166405,3.1461418734443796,0,0
1996,1064,466,7,4.340250959462334,3.154703212735325,0,0
1997,1064,468,7,4.249230861663818,3.090606786739977,0,0
1998,1064,470,7,4.309719483030798,3.1138387348210563,0,0
1999,1064,472,7,4.261104583740234,3.1050754015737914,0,0
2000,1064,474,7,4.2109930050804385,3.0567947556082378,0,0
2001,1064,476,7,4.217198097136062,3.0404951133825784,0,0
2002,1064,478,7,4.150793539603109,3.029625087143371,0,0
2003,1066,418,7,4.644963587548831,3.3913634363136156,0,0
2004,1066,420,7,4.7789092167061185,3.5274649955135646,0,0
2005,1066,422,7,4.695180314162878,3.6187457510293664,0,0
2006,1066,424,7,4.665210525415379,3.6550465550658027,0,0
2007,1066,426,7,4.730946919609847,3.693572307603931,0,0
2008,1066,428,7,4.827495980610947,3.691876341719805,0,0
2009,1066,430,7,5.019901925987437,3.7503020615189535,0,0
2010,1066,432,7,4.998704883610987,3.704043396774144,0,0
2011,1066,434,7,4.984362365389354,3.652794113618824,0,0
2012,1066,436,7,4.893507282898697,3.5387501798174195,0,0
2013,1066,438,7,5.013357750838633,3.6817713787330413,0,0
2014,1066,440,7,4.897355403942185,3.7223229728918836,0,0
2015,1066,442,7,4.979182340148905,3.762276538309898,0,0
2016,1066,444,7,4.950330957465734,3.721705416652619,0,0
2017,1066,446,7,4.949656788706083,3.6872987149503866,0,0
2018,1066,448,7,4.8406152689385005,3.6430367594504456,0,0
2019,1066,450,7,4.882706756354935,3.619393135685353,0,0
2020,1066,452,7,4.694036164782718,3.3884028420839627,0,0
2021,1066,454,7,4.647227495548883,3.295798386703351,0,0
2022,1066,456,7,4.433525087436956,3.204340038359991,0,0
2023,1066,458,7,4.4217561120079445,3.1908464930749725,0,0
2024,1066,460,7,4.4847754327436995,3.2229917037575886,0,0
2025,1066,462,7,4.520689281226278,3.2289277306695525,0,0
2026,1066,464,7,4.479419250794798,3.206623573899154,0,0
2027,1066,466,7,4.46753108975874,3.208643546712798,0,0
2028,1066,468,7,4.2798614182331445,3.0747590947916206,0,0
2029,1066,470,7,4.259146759254014,3.039550139024296,0,0
2030,1066,472,7,4.293807169512758,3.0750412622245413,0,0
2031,1066,474,7,4.233169151066101,3.0279885354088374,0,0
2032,1066,476,7,4.21796074292969,3.0004651164365175,0,0
2033,1068,418,7,4.873178536558304,3.5219749188050913,0,0
2034,1068,420,7,4.828560446682052,3.613891281680715,0,0
2035,1068,422,7,4.619869320538699,3.5852345535631263,0,0
2036,1068,424,7,4.693152508574251,3.630305683997251,0,0
2037,1068,426,7,4.847433863024697,3.7135053570761065,0,0
2038,1068,428,7,4.899343016611598,3.6753936380846275,0,0
2039,1068,430,7,4.938784347126762,3.6404855530859974,0,0
2040,1068,432,7,4.994330358634824,3.632738274142672,0,0
2041,1068,434,7,4.9819246712317335,3.6026017874617757,0,0
2042,1068,436,7,4.969273875133544,3.5855706494526096,0,0
2043,1068,438,7,5.063595865282783,3.746812741665821,0,0
2044,1068,440,7,5.04482273659475,3.780564327408493,0,0
2045,1068,442,7,5.054575993782451,3.770646357860234,0,0
2046,1068,444,7,5.13329854693463,3.7847929026288574,0,0
2047,1068,446,7,5.07691545002166,3.712778653818415,0,0
2048,1068,448,7,5.05233015037148,3.6853241704777937,0,0
2049,1068,450,7,4.876005934486657,3.607422889818393,0,0
2050,1068,452,7,5.01099576738427,3.637529738596076,0,0
2051,1068,454,7,4.8199755252711265,3.4639405278574,0,0
2052,1068,456,7,4.6673681010228165,3.3072958710851434,0,0
2053,1068,458,7,4.455260260697726,3.24640292384302,0,0
2054,1068,460,7,4.503672374099811,3.2842454025391494,0,0
2055,1068,462,7,4.5729897021871535,3.314397568817219,0,0
2056,1068,464,7,4.6504199921478095,3.359396957709805,0,0
2057,1068,466,7,4.647328066237136,3.3797965635330547,0,0
2058,1068,468,7,4.567379391675496,3.2996801541674152,0,0
2059,1068,470,7,4.586264025131947,3.289722874622263,0,0
2060,1068,472,7,4.451868468904746,3.2367523077658316,0,0
2061,1068,474,7,4.4286092939890755,3.1753399360961985,0,0
2062,1068,476,7,4.410164361113625,3.1415711151489307,0,0
2063,1070,420,7,4.743338176854551,3.610487588686534,0,0
2064,1070,422,7,4.786917402695383,3.6624220861478523,0,0
2065,1070,424,7,4.880655589739337,3.700247882845518,0,0
2066,1070,426,7,4.958591546648596,3.724373865609217,0,0
2067,1070,428,7,4.835315338060548,3.6106380428029716,0,0
2068,1070,430,7,4.933200632437085,3.6366312317945555,0,0
2069,1070,432,7,5.0004463660918,3.648751894307106,0,0
2070,1070,434,7,5.016004820678682,3.625574799656734,0,0
2071,1070,436,7,4.9378252989984155,3.588604332121023,0,0
2072,1070,438,7,4.953748803874355,3.7025789081389413,0,0
2073,1070,440,7,4.953719663088817,3.702416568738579,0,0
2074,1070,442,7,5.040018239197475,3.719781193689523,0,0
2075,1070,444,7,5.1164923346814,3.7255805525322274,0,0
2076,1070,446,7,5.032618724954497,3.634396170228207,0,0
2077,1070,448,7,4.981403185136094,3.617030159256307,0,0
2078,1070,450,7,4.946636770786143,3.6372692604748758,0,0
2079,1070,452,7,4.938024900848252,3.5959133990807195,0,0
2080,1070,454,7,4.845798338216752,3.509395253170276,0,0
2081,1070,456,7,4.841112618069905,3.4472127040598632,0,0
2082,1070,458,7,4.701072388010989,3.3393225016148205,0,0
2083,1070,460,7,4.602449179699141,3.3087809591653445,0,0
2084,1070,462,7,4.576713398504319,3.297693124611632,0,0
2085,1070,464,7,4.596806024497754,3.3196694365231108,0,0
2086,1070,466,7,4.647599148033163,3.372177926669378,0,0
2087,1070,468,7,4.5674056474921185,3.318616904212499,0,0
2088,1070,470,7,4.6575556806617255,3.3684689976500217,0,0
2089,1070,472,7,4.698510527333949,3.4141772336549594,0,0
2090,1070,474,7,4.7077521081144935,3.3757249365150153,0,0
2091,1070,476,7,4.680404201934924,3.30610765627132,0,0
2092,1072,420,7,4.7814082944931,3.646721578962124,0,0
2093,1072,422,7,4.864166203181731,3.696869397552795,0,0
2094,1072,424,7,4.886974958403413,3.6796784289940496,0,0
2095,1072,426,7,4.922827769253814,3.682368363870684,0,0
2096,1072,428,7,4.899167386854919,3.6382354864173245,0,0
2097,1072,430,7,4.880739955692745,3.5858250255394615,0,0
2098,1072,432,7,4.778018032353079,3.5044515487474923,0,0
2099,1072,434,7,4.830479705949388,3.516467314386686,0,0
2100,1072,436,7,4.859769012904082,3.531867819391994,0,0
2101,1072,438,7,4.929386675294215,3.6536760348289605,0,0
2102,1072,440,7,5.118263856195039,3.7410448219499455,0,0
2103,1072,442,7,5.143797000282085,3.7220892330605913,0,0
2104,1072,444,7,5.156426348553119,3.705829507744265,0,0
2105,1072,446,7,5.110489460536754,3.6568736250553355,0,0
2106,1072,448,7,5.109246519343406,3.6825106620165045,0,0
2107,1072,450,7,4.965320235999999,3.602101083779123,0,0
2108,1072,452,7,4.927510346590769,3.5236750449382077,0,0
2109,1072,454,7,4.898719772637878,3.537035333034763,0,0
2110,1072,456,7,4.933842895307096,3.567482228548992,0,0
2111,1072,458,7,4.731122855593845,3.3966404577599714,0,0
2112,1072,460,7,4.789185203278871,3.3944828921827486,0,0
2113,1072,462,7,4.6600447373996445,3.361135682388308,0,0
2114,1072,464,7,4.658649761185426,3.3530917679822343,0,0
2115,1072,466,7,4.605593844958372,3.3478215097645485,0,0
2116,1072,468,7,4.5661540031433105,3.3026871742179624,0,0
2117,1072,470,7,4.576014121959806,3.294673030088091,0,0
2118,1072,472,7,4.537301595663672,3.286535982142932,0,0
2119,1072,474,7,4.559942457653391,3.2698442204015827,0,0
2120,1072,476,7,4.536074549535095,3.24017387366422,0,0
2121,1074,420,7,4.783907655644505,3.648515256011289,0,0
2122,1074,422,7,4.816575463789947,3.6536025457737455,0,0
2123,1074,424,7,4.820410413593466,3.619872521857242,0,0
2124,1074,426,7,4.844413591791327,3.620592916532776,0,0
2125,1074,428,7,4.771102302187476,3.5457657864525345,0,0
2126,1074,430,7,4.74786918868631,3.5051939972928188,0,0
2127,1074,432,7,4.863091633041421,3.570093969471516,0,0
2128,1074,434,7,4.9738718244355535,3.6177502051772312,0,0
2129,1074,436,7,4.938042114805195,3.5563766823521754,0,0
2130,1074,438,7,4.983740646561105,3.63411101275826,0,0
2131,1074,440,7,5.007426389099819,3.645099017574931,0,0
2132,1074,442,7,5.087761890518014,3.6627638656880275,0,0
2133,1074,444,7,5.134639765893871,3.669022083710845,0,0
2134,1074,446,7,5.101462549157556,3.6150971779637233,0,0
2135,1074,448,7,4.98290695919215,3.559161624495068,0,0
2136,1074,450,7,4.78050704561056,3.477244931492287,0,0
2137,1074,452,7,4.711790508685354,3.427220512409386,0,0
2138,1074,454,7,4.806968460512151,3.4673700620177805,0,0
2139,1074,456,7,4.840710820532001,3.463897897994304,0,0
2140,1074,458,7,4.866092724171998,3.5152972951492814,0,0
2141,1074,460,7,4.882426491825772,3.54760646031467,0,0
2142,1074,462,7,4.669266571312511,3.3672992177359995,0,0
2143,1074,464,7,4.570121666765622,3.2902275968651282,0,0
2144,1074,466,7,4.536162911420678,3.3048752250485536,0,0
2145,1074,468,7,4.44407202897089,3.23198007869353,0,0
2146,1074,470,7,4.439232574640353,3.222102136584143,0,0
2147,1074,472,7,4.622717065201739,3.3238994979253698,0,0
2148,1074,474,7,4.542998719839782,3.262557268209187,0,0
2149,1076,424,7,4.568796538537946,3.4833728824170445,0,0
2150,1076,426,7,4.624557806209216,3.515415521315586,0,0
2151,1076,428,7,4.589017027259037,3.4687366680192153,0,0
2152,1076,430,7,4.648894695215809,3.4670874139782373,0,0
2153,1076,432,7,4.824266365493278,3.5360767271319617,0,0
2154,1076,434,7,4.884130278638778,3.564722592705658,0,0
2155,1076,436,7,4.941462977456688,3.5627962886595843,0,0
2156,1076,438,7,5.090002452303191,3.6773176179531015,0,0
2157,1076,440,7,4.968476157784073,3.61457035181939,0,0
2158,1076,442,7,5.028666568394552,3.6188052543355753,0,0
2159,1076,444,7,5.087478270473746,3.6331937962144485,0,0
2160,1076,446,7,4.951660740577618,3.520702714470621,0,0
2161,1076,448,7,4.982678674082738,3.5502059914877417,0,0
2162,1076,450,7,4.6130231116856635,3.415160662057299,0,0
2163,1076,452,7,4.500976610615288,3.3427813129496515,0,0
2164,1076,454,7,4.796475407920302,3.4682766569633987,0,0
2165,1076,456,7,4.895897268934028,3.52152684561662,0,0
2166,1076,458,7,4.797936632984799,3.5340205937415576,0,0
2167,1076,460,7,4.700774807152709,3.5093743359295,0,0
2168,1076,462,7,4.764359171847983,3.496341852660573,0,0
2169,1076,464,7,4.555304738827513,3.3144968947867586,0,0
2170,1076,466,7,4.6339657599656014,3.343180402683084,0,0
2171,1076,468,7,4.5137522826471,3.2562354390687602,0,0
2172,1076,470,7,4.522647462503886,3.227834424249638,0,0
2173,1076,472,7,4.530706980467243,3.23052096668236,0,0
2174,1076,474,7,4.438473397397999,3.1622342718203167,0,0
2175,1078,428,7,4.7711708421689565,3.5818984789698174,0,0
2176,1078,430,7,4.672065686739634,3.4665782282696695,0,0
2177,1078,432,7,4.735036672687024,3.5207504672754406,0,0
2178,1078,434,7,4.920097481174159,3.7055482768757315,0,0
2179,1078,436,7,4.955204466062362,3.67567922615827,0,0
2180,1078,438,7,5.021970083373585,3.691538967874796,0,0
2181,1078,440,7,4.921235977627005,3.679609259045496,0,0
2182,1078,442,7,4.949946397293366,3.67587385735081,0,0
2183,1078,444,7,5.080606704686914,3.705213506541089,0,0
2184,1078,446,7,4.960620840248304,3.5817604106645717,0,0
2185,1078,448,7,4.5229432195075505,3.361772511023273,0,0
2186,1078,450,7,3.4832106398252267,2.8258755587081,0,0
2187,1078,452,7,3.2025203479249624,2.643369237153023,0,0
2188,1078,454,7,4.250313856436504,3.218593895302154,0,0
2189,1078,456,7,4.892526394580239,3.5709835995488195,0,0
2190,1078,458,7,4.510670074195549,3.4182821412622695,0,0
2191,1078,460,7,4.113455149732207,3.1947987812067717,0,0
2192,1078,462,7,3.562857912285949,2.866102909874059,0,0
2193,1078,464,7,3.5384105479111,2.8382994174320673,0,0
2194,1078,466,7,3.4549611875933834,2.777542169792103,0,0
2195,1078,468,7,3.659953862575593,2.8606277068195105,0,0
2196,1078,470,7,3.8530312636968342,2.951684576945442,0,0
2197,1078,472,7,4.0138349426083355,3.040975086419426,0,0
2198,1078,474,7,4.409918079297415,3.2216698708636446,0,0
2199,1080,432,7,4.863941101250548,3.6411683174043805,0,0
2200,1080,434,7,4.903237302543447,3.6869226418651415,0,0
2201,1080,436,7,5.006525270039237,3.651023632610354,0,0
2202,1080,438,7,5.079643257243255,3.6870696461314227,0,0
2203,1080,440,7,4.932441337110931,3.6442388250276654,0,0
2204,1080,442,7,4.805258689033368,3.550182104491324,0,0
2205,1080,444,7,4.762147175594135,3.488205231510528,0,0
2206,1080,446,7,4.773435974684409,3.43988141517165,0,0
2207,1080,448,7,4.631625120573011,3.4020281334415987,0,0
2208,1080,450,7,3.713748464138453,2.9614915935245607,0,0
2209,1080,452,7,3.675128681481649,2.911705691638055,0,0
2210,1080,454,7,4.530568309793891,3.3527520828304267,0,0
2211,1080,456,7,4.8244602689182585,3.5468322634023672,0,0
2212,1080,458,7,4.685932075111073,3.4845690137517282,0,0
2213,1080,460,7,4.47084580750039,3.361307002107367,0,0
2214,1080,462,7,4.18489704185071,3.1977762468118334,0,0
2215,1080,464,7,3.534476612378482,2.846894133338961,0,0
2216,1080,466,7,2.958676326095351,2.497762296242843,0,0
2217,1080,468,7,2.660398701243079,2.2738340392271845,0,0
2218,1080,470,7,2.699588679385721,2.289168715503113,0,0
2219,1080,472,7,3.0458533684084617,2.5147184062741994,0,0
2220,1082,434,7,4.95770455686397,3.7046952324359963,0,0
2221,1082,436,7,5.1100866855675715,3.7093285185570424,0,0
2222,1082,438,7,5.036765203199222,3.686128574813469,0,0
2223,1082,440,7,4.915693074874071,3.636346600975415,0,0
2224,1082,442,7,4.813026107773821,3.537058570484518,0,0
2225,1082,444,7,4.704147646451725,3.414596408324497,0,0
2226,1082,446,7,4.701931600687974,3.359862690757889,0,0
2227,1082,448,7,4.75304298734967,3.4148894583153364,0,0
2228,1082,450,7,4.519041420321935,3.343551851445904,0,0
2229,1082,452,7,4.649322029419487,3.4140737134812347,0,0
2230,1082,454,7,4.760058553848483,3.4781519959458764,0,0
2231,1082,456,7,4.8005598103361855,3.4968782597881245,0,0
2232,1082,458,7,4.656371091394156,3.4435920334165355,0,0
2233,1082,460,7,4.409318086633405,3.302978227210774,0,0
2234,1082,462,7,3.677812910388996,2.8993939433483944,0,0
2235,1082,464,7,2.8976162176894444,2.4337491390939956,0,0
2236,1084,438,7,5.09096115521021,3.738993295463563,0,0
2237,1084,440,7,4.836004874939942,3.5775161420134087,0,0
2238,1084,442,7,4.657534234236365,3.4517747471670783,0,0
2239,1084,444,7,4.736676515471282,3.4745619265757113,0,0
2240,1084,446,7,4.661493530393943,3.3916095179537407,0,0
2241,1084,448,7,4.588002998653136,3.354251288977051,0,0
2242,1084,450,7,4.5774548140404905,3.417862363254047,0,0
2243,1084,452,7,4.586903858280096,3.425108536231701,0,0
2244,1084,454,7,4.7126933492778935,3.488680785076082,0,0
2245,1084,456,7,4.656525021531316,3.434837876046955,0,0
2246,1084,458,7,4.5782458934741666,3.3964586497118465,0,0
2247,1086,442,7,4.684840516178656,3.4671137069668436,0,0
2248,1086,444,7,4.636783735266902,3.376863338915506,0,0
2249,1086,446,7,4.492615131187399,3.20959529566086,0,0
2250,1086,448,7,4.39368504677619,3.149092909119298,0,0
2251,1086,450,7,4.0485068639595685,3.0323291222727886,0,0
2252,1086,452,7,4.353899237441225,3.2122083769038516,0,0
2253,1088,446,7,1.9759304578277601,1.7380497917453355,0,0
2254,1180,348,8,3.8313811712771613,3.106376585755669,0,0
2255,1180,350,8,3.941728060707819,3.210666964206633,0,0
2256,1180,352,8,3.921283875788853,3.2172835063950638,0,0
2257,1182,336,8,4.511568155577658,3.443879860889058,0,0
2258,1182,338,8,4.574462143000632,3.47778282012293,0,0
2259,1182,340,8,4.492140070742416,3.4689193722813068,0,0
2260,1182,342,8,4.475697657100696,3.4515104107080044,0,0
2261,1182,344,8,4.58411076152996,3.516605686921544,0,0
2262,1182,346,8,4.532384921398712,3.4797376842607206,0,0
2263,1182,348,8,4.212352660511097,3.311336688984892,0,0
2264,1182,350,8,4.129534993464348,3.3142894012588084,0,0
2265,1182,352,8,3.8912016133808307,3.221119650423641,0,0
2266,1182,354,8,3.8622205300969688,3.2200378177261544,0,0
2267,1182,356,8,3.6281273970558914,3.040075930584701,0,0
2268,1182,358,8,3.4713944531273495,2.913145137486865,0,0
2269,1182,360,8,3.616593366969173,3.0126600377686876,0,0
2270,1184,326,8,4.526068176164634,3.3994511156368397,0,0
2271,1184,328,8,4.638760015279344,3.442199908274757,0,0
2272,1184,330,8,4.700450366889995,3.518653129743101,0,0
2273,1184,332,8,4.735704728461236,3.5303363553547316,0,0
2274,1184,334,8,4.6067517165224565,3.476539747351379,0,0
2275,1184,336,8,4.593996430020193,3.496802393658514,0,0
2276,1184,338,8,4.6682972044932285,3.54452061522187,0,0
2277,1184,340,8,4.632803209413636,3.551109358849905,0,0
2278,1184,342,8,4.6068586093624795,3.5247619199082707,0,0
2279,1184,344,8,4.59907486613875,3.5190876531461885,0,0
2280,1184,346,8,4.555071944396887,3.496074567811472,0,0
2281,1184,348,8,4.455466556174051,3.4470532253117874,0,0
2282,1184,350,8,4.506209922553971,3.50912030788955,0,0
2283,1184,352,8,4.526535967018726,3.5468536915981836,0,0
2284,1184,354,8,4.33562789009151,3.3809235144192407,0,0
2285,1184,356,8,4.1993603654528755,3.232281465906148,0,0
2286,1184,358,8,4.268266462417742,3.303596703593282,0,0
2287,1184,360,8,4.432059575125278,3.4277877971220887,0,0
2288,1184,362,8,4.369916762182399,3.3776735630407044,0,0
2289,1184,364,8,4.129994204250883,3.1864094135776386,0,0
2290,1184,366,8,3.7951242350294234,2.93980925054267,0,0
2291,1184,368,8,3.8298431217488202,3.001305811769784,0,0
2292,1186,328,8,4.5704776142239645,3.4830397635252583,0,0
2293,1186,330,8,4.639212767389883,3.570838428080588,0,0
2294,1186,332,8,4.647646301842335,3.5559719165285992,0,0
2295,1186,334,8,4.588448407390237,3.5241804135976507,0,0
2296,1186,336,8,4.496700875109865,3.512591747664556,0,0
2297,1186,338,8,4.586881167883565,3.5663250425251967,0,0
2298,1186,340,8,4.5428567219384375,3.559190364635074,0,0
2299,1186,342,8,4.609406852425108,3.574495136355909,0,0
2300,1186,344,8,4.653108804874929,3.5882892157468054,0,0
2301,1186,346,8,4.594833697701213,3.562897360882917,0,0
2302,1186,348,8,4.3825482022177,3.464380740962098,0,0
2303,1186,350,8,4.422628574335797,3.5219023147589907,0,0
2304,1186,352,8,4.290608360943522,3.413124369018017,0,0
2305,1186,354,8,4.119884442526641,3.2381512469550717,0,0
2306,1186,356,8,4.206246698438775,3.3070972307947444,0,0
2307,1186,358,8,4.32287026061168,3.406554470804578,0,0
2308,1186,360,8,4.1996875338232345,3.2981080639686717,0,0
2309,1186,362,8,3.9792334742627022,3.1236321432602576,0,0
2310,1186,364,8,4.045631849302849,3.1649137362927537,0,0
2311,1186,366,8,3.9865642278666664,3.132640676127507,0,0
2312,1186,368,8,3.9527091064980078,3.1426500457909494,0,0
2313,1186,370,8,3.8532167240477717,3.1116942058854553,0,0
2314,1186,372,8,3.7341124190909856,3.0549963261705395,0,0
2315,1186,374,8,3.4898056772883788,2.904539411302798,0,0
2316,1186,376,8,3.2617307696418556,2.6943174689364824,0,0
2317,1188,330,8,4.5094183264350445,3.553311962589342,0,0
2318,1188,332,8,4.577568172142523,3.5579131952360177,0,0
2319,1188,334,8,4.590786470926534,3.5806360720905213,0,0
2320,1188,336,8,4.495642593197234,3.5587369013506036,0,0
2321,1188,338,8,4.5000142578455895,3.561828673370499,0,0
2322,1188,340,8,4.467706752629508,3.555702257832662,0,0
2323,1188,342,8,4.539091734186821,3.5686830812993184,0,0
2324,1188,344,8,4.679334452639897,3.6337730555534664,0,0
2325,1188,346,8,4.565227817745804,3.5742673356059402,0,0
2326,1188,348,8,4.253393849853065,3.4179471886864397,0,0
2327,1188,350,8,4.217975618134638,3.394468158647683,0,0
2328,1188,352,8,4.030072747790679,3.228927493982714,0,0
2329,1188,354,8,4.179490752534726,3.2951462490432255,0,0
2330,1188,356,8,4.204328111729432,3.328975587965147,0,0
2331,1188,358,8,3.9866341487990145,3.1707379349432028,0,0
2332,1188,360,8,3.860754886678985,3.063959952459577,0,0
2333,1188,362,8,3.9590834408992093,3.147406499526505,0,0
2334,1188,364,8,4.1494642259565,3.3026038578240264,0,0
2335,1188,366,8,4.259533194410529,3.3550367208891263,0,0
2336,1188,368,8,4.200896079317843,3.309835917411644,0,0
2337,1188,370,8,4.260844149648038,3.3602574623207406,0,0
2338,1188,372,8,4.214122898109873,3.3275482908689344,0,0
2339,1188,374,8,4.0430032289153806,3.216906114674825,0,0
2340,1188,376,8,3.8427192483256882,3.083829583493331,0,0
2341,1190,330,8,4.464488083407503,3.479819268554882,0,0
2342,1190,332,8,4.622298834740711,3.5541487014923,0,0
2343,1190,334,8,4.516952238227263,3.5213899554333574,0,0
2344,1190,336,8,4.491907450976191,3.5423330647021176,0,0
2345,1190,338,8,4.4125193689625,3.4985869176256332,0,0
2346,1190,340,8,4.309326749421453,3.4508230097257275,0,0
2347,1190,342,8,4.326189415840695,3.433788880596823,0,0
2348,1190,344,8,4.58195186345233,3.572298759495498,0,0
2349,1190,346,8,4.591911780052832,3.5763467122465817,0,0
2350,1190,348,8,4.271153569445615,3.395749403722565,0,0
2351,1190,350,8,4.15839835985064,3.32085281712003,0,0
2352,1190,352,8,4.128198438820142,3.2547256861586202,0,0
2353,1190,354,8,4.33564278091518,3.3785534291818284,0,0
2354,1190,356,8,4.246939168394363,3.30535645049153,0,0
2355,1190,358,8,4.120774811460873,3.2197430719827036,0,0
2356,1190,360,8,3.9832226723790183,3.162709355416051,0,0
2357,1190,362,8,4.0199945238110555,3.21959395004534,0,0
2358,1190,364,8,4.168226458652712,3.3285363555914853,0,0
2359,1190,366,8,4.154398462996046,3.2938974770407046,0,0
2360,1190,368,8,4.210944940155868,3.3216359130844375,0,0
2361,1190,370,8,4.285376192131497,3.3960529331015565,0,0
2362,1190,372,8,4.331388071896436,3.4078033203338984,0,0
2363,1190,374,8,4.258292119520727,3.3343437252999046,0,0
2364,1190,376,8,4.204997524300101,3.279716605123842,0,0
2365,1190,378,8,3.6849358774987295,2.95416003955182,0,0
2366,1192,332,8,4.185709962164038,3.3908300619318585,0,0
2367,1192,334,8,4.270796013595139,3.45628785954281,0,0
2368,1192,336,8,4.332884937620211,3.51582403297949,0,0
2369,1192,338,8,4.229182486126486,3.449147153076855,0,0
2370,1192,340,8,4.02179362839561,3.3377526322061675,0,0
2371,1192,342,8,3.8087820156474796,3.1882712798137627,0,0
2372,1192,344,8,3.898862851548475,3.258680235473579,0,0
2373,1192,346,8,4.043725550346572,3.3487297915776337,0,0
2374,1192,348,8,4.1373328441875605,3.35971283357026,0,0
2375,1192,350,8,4.020311891119667,3.250955891178456,0,0
2376,1192,352,8,4.119865016938341,3.277191637382102,0,0
2377,1192,354,8,4.189618187673852,3.3297886905635825,0,0
2378,1192,356,8,4.258364754097257,3.383668724917176,0,0
2379,1192,358,8,4.229294571471244,3.3621931922920267,0,0
2380,1192,360,8,4.241581238337049,3.375660144490908,0,0
2381,1192,362,8,4.244951075757225,3.400626021217364,0,0
2382,1192,364,8,4.212084980296559,3.384680315850593,0,0
2383,1192,366,8,4.0963033429305185,3.2926866967776665,0,0
2384,1192,368,8,4.1393467911482595,3.3504804806476485,0,0
2385,1192,370,8,4.298460478077293,3.462927080533101,0,0
2386,1192,372,8,4.358439358711319,3.4522926914156207,0,0
2387,1192,374,8,4.324934075537034,3.3810450808886605,0,0
2388,1192,376,8,4.303834651949256,3.3567077403518475,0,0
2389,1192,378,8,3.385033074943243,2.793337787679458,0,0
2390,1194,332,8,4.069003008221691,3.3364501858627236,0,0
2391,1194,334,8,4.107845452352978,3.381182327304062,0,0
2392,1194,336,8,4.097564540301056,3.397170755305407,0,0
2393,1194,338,8,4.029052967697687,3.3506136816266037,0,0
2394,1194,340,8,3.755168996976833,3.18343379686263,0,0
2395,1194,342,8,3.4700350017086095,2.981744353252146,0,0
2396,1194,344,8,3.318465841056949,2.892637412316142,0,0
2397,1194,346,8,3.460266089732621,3.0020146478845895,0,0
2398,1194,348,8,3.6261565487553846,3.0450882184487744,0,0
2399,1194,350,8,4.012154374359367,3.216285857738181,0,0
2400,1194,352,8,4.093649441895897,3.2898192950350893,0,0
2401,1194,354,8,4.0719180767770355,3.293297026879017,0,0
2402,1194,356,8,4.115614857913904,3.317819335355765,0,0
2403,1194,358,8,4.147788525382641,3.322479166398437,0,0
2404,1194,360,8,4.163918726192682,3.3367347455036356,0,0
2405,1194,362,8,4.252477841093842,3.439960541332594,0,0
2406,1194,364,8,4.235442134182296,3.445654373086571,0,0
2407,1194,366,8,4.146861037774488,3.349060937660464,0,0
2408,1194,368,8,4.303268518277498,3.442832216993533,0,0
2409,1194,370,8,4.3787472869677915,3.4831426308273157,0,0
2410,1194,372,8,4.44659137184746,3.4836258732442413,0,0
2411,1194,374,8,4.3392288722473,3.4277168425148714,0,0
2412,1194,376,8,4.146677024082022,3.3242146399712516,0,0
2413,1194,378,8,3.5057263527217586,2.8591670940160427,0,0
2414,1194,380,8,2.689803983343442,2.18195159990281,0,0
2415,1196,334,8,3.760131922654511,3.16090211527259,0,0
2416,1196,336,8,3.7736398809662948,3.1903548624223967,0,0
2417,1196,338,8,3.776539751621316,3.1915828949209564,0,0
2418,1196,340,8,3.664711081987354,3.1239185427917326,0,0
2419,1196,342,8,3.4321464730349427,2.952440661919469,0,0
2420,1196,344,8,3.2420651437673027,2.8331970238781867,0,0
2421,1196,346,8,3.325746406922573,2.8929026676378427,0,0
2422,1196,348,8,3.5482397190125563,2.9795413982237977,0,0
2423,1196,350,8,4.135494514159307,3.289873394935162,0,0
2424,1196,352,8,4.157113054790223,3.3227298327015853,0,0
2425,1196,354,8,4.18703107921806,3.3553755399980436,0,0
2426,1196,356,8,4.15296857369792,3.337145948055086,0,0
2427,1196,358,8,4.14177287083071,3.3044728929788723,0,0
2428,1196,360,8,4.0091212198143955,3.232200424922601,0,0
2429,1196,362,8,3.9972553993620257,3.293251326445617,0,0
2430,1196,364,8,4.09709365392237,3.3535473645297493,0,0
2431,1196,366,8,4.10794055722761,3.299662785742036,0,0
2432,1196,368,8,4.401761284742571,3.4807992678011885,0,0
2433,1196,370,8,4.527003092117584,3.5693357388743667,0,0
2434,1196,372,8,4.367360843416278,3.454585300159669,0,0
2435,1196,374,8,4.243556186086717,3.3627584868369644,0,0
2436,1196,376,8,3.8501656338970323,3.128233778014557,0,0
2437,1196,378,8,3.645364104155716,2.958223230479692,0,0
2438,1196,380,8,3.2813332781764415,2.6386119804070436,0,0
2439,1198,336,8,3.6614035381090115,3.152504982201833,0,0
2440,1198,338,8,3.530718577320298,3.071030158708036,0,0
2441,1198,340,8,3.42184708950854,3.001126897039174,0,0
2442,1198,342,8,3.3439023460360655,2.9252678957698515,0,0
2443,1198,344,8,3.376542974500953,2.95035535215498,0,0
2444,1198,346,8,3.5386704421126125,3.052552889209913,0,0
2445,1198,348,8,3.785824896594663,3.144496985476399,0,0
2446,1198,350,8,4.298844454328823,3.4225382001469065,0,0
2447,1198,352,8,4.300100270897326,3.436374751541603,0,0
2448,1198,354,8,4.3168719072376724,3.467330911281213,0,0
2449,1198,356,8,4.302985986410673,3.480540202183407,0,0
2450,1198,358,8,4.198448118923705,3.402980337386531,0,0
2451,1198,360,8,3.9776334407283076,3.257326277145752,0,0
2452,1198,362,8,4.121143872571896,3.3790614745860608,0,0
2453,1198,364,8,4.056695844121898,3.320652224073506,0,0
2454,1198,366,8,4.161876886441368,3.3423174121576222,0,0
2455,1198,368,8,4.164680136544537,3.3589571896076214,0,0
2456,1198,370,8,4.277039504751844,3.43891316585714,0,0
2457,1198,372,8,4.341046546325816,3.4583549785496315,0,0
2458,1198,374,8,4.146477777336582,3.3003264913497756,0,0
2459,1198,376,8,3.817446847872456,3.095154216891531,0,0
2460,1198,378,8,3.6042703146825326,2.9504122509136685,0,0
2461,1198,380,8,3.4061475547212816,2.7534029642927607,0,0
2462,1198,382,8,3.9646506450917443,3.0070652843454013,0,0
2463,1200,342,8,3.112327711338617,2.7613248108921242,0,0
2464,1200,344,8,3.2347644923640804,2.8504811679838706,0,0
2465,1200,346,8,3.546399576738139,3.0408987128191445,0,0
2466,1200,348,8,3.9598419873630153,3.218032550510141,0,0
2467,1200,350,8,4.332627061937518,3.4375167349595377,0,0
2468,1200,352,8,4.274610656041899,3.4326167845531863,0,0
2469,1200,354,8,4.250782458437954,3.420799432403842,0,0
2470,1200,356,8,4.203955323043042,3.404649913332295,0,0
2471,1200,358,8,4.206422985562824,3.437921572777155,0,0
2472,1200,360,8,4.138284380857327,3.380170750522197,0,0
2473,1200,362,8,4.11488285238886,3.322368751279384,0,0
2474,1200,364,8,4.230776729412727,3.389302423455821,0,0
2475,1200,366,8,4.182368726959119,3.357826976532548,0,0
2476,1200,368,8,4.1574322459305595,3.3423208286206187,0,0
2477,1200,370,8,4.245262268633029,3.3829200321467185,0,0
2478,1200,372,8,4.283721990234923,3.374757693526087,0,0
2479,1200,374,8,4.250598131131308,3.3053911085084904,0,0
2480,1200,376,8,4.168251399972693,3.2365418145835654,0,0
2481,1200,378,8,3.874342329801114,3.054362923492761,0,0
2482,1200,380,8,3.8408160947828027,3.0022825420197927,0,0
2483,1200,382,8,3.734729708978923,2.9088115390101024,0,0
2484,1202,348,8,3.896273408660673,3.255453381054213,0,0
2485,1202,350,8,4.069707250208173,3.333379679546929,0,0
2486,1202,352,8,4.157942110955122,3.389413646865068,0,0
2487,1202,354,8,4.105774415991122,3.3363988277426744,0,0
2488,1202,356,8,4.153749884773261,3.3539647232089425,0,0
2489,1202,358,8,4.199196507296705,3.407041241452493,0,0
2490,1202,360,8,4.29441429930669,3.458353238690947,0,0
2491,1202,362,8,4.242299204014373,3.38286693630311,0,0
2492,1202,364,8,4.217138090367722,3.334559454011776,0,0
2493,1202,366,8,4.24741693511482,3.3215950902703693,0,0
2494,1202,368,8,4.316115380946395,3.3948779705328884,0,0
2495,1202,370,8,4.406847231440889,3.48218029148629,0,0
2496,1202,372,8,4.447842829675334,3.4749377701573114,0,0
2497,1202,374,8,4.434345542669526,3.36418762364796,0,0
2498,1202,376,8,4.43069928685165,3.259046690860819,0,0
2499,1202,378,8,4.358066415973434,3.206286548574234,0,0
2500,1202,380,8,4.229481600756694,3.1487304375505016,0,0
2501,1204,356,8,3.997352056983518,3.4110771680886818,0,0
2502,1204,358,8,4.18531503529895,3.502376982006343,0,0
2503,1204,360,8,4.2024408962219955,3.5036071970212745,0,0
2504,1204,362,8,4.128041709429307,3.463937770209041,0,0
2505,1204,364,8,4.100856077030431,3.4314627679238137,0,0
2506,1204,366,8,4.13066747460957,3.4034175681838237,0,0
2507,1204,368,8,4.282049389825721,3.4268263163771815,0,0
2508,1326,316,9,2.108455733233399,2.025687966602998,0,0
2509,1328,314,9,2.1482733517690615,2.0569239514958935,0,0
2510,1328,316,9,,,17,17
2511,1328,318,9,,,17,17
2512,1328,320,9,,,17,17
2513,1328,322,9,,,17,17
2514,1330,312,9,2.1654277986438575,2.058959853153052,0,0
2515,1330,314,9,2.3349628758362124,2.2217211935799437,0,0
2516,1330,316,9,,,17,17
2517,1330,318,9,,,17,17
2518,1330,320,9,,,17,17
2519,1330,322,9,,,17,17
2520,1330,324,9,,,17,17
2521,1330,326,9,3.283926950941973,3.0154518465843196,0,0
2522,1332,310,9,3.2191743273924165,2.9010116509958626,0,0
2523,1332,312,9,2.9111819047533563,2.691607361788849,0,0
2524,1332,314,9,,,17,17
2525,1332,316,9,,,17,17
2526,1332,318,9,,,17,17
2527,1332,320,9,,,17,17
2528,1332,322,9,,,17,17
2529,1332,324,9,,,17,17
2530,1332,326,9,,,17,17
2531,1332,328,9,,,17,17
2532,1332,330,9,,,17,17
2533,1332,332,9,,,17,17
2534,1334,310,9,3.3569642084323688,3.043236289663793,0,0
2535,1334,312,9,,,17,17
2536,1334,314,9,,,17,17
2537,1334,316,9,,,17,17
2538,1334,318,9,,,17,17
2539,1334,320,9,,,17,17
2540,1334,322,9,,,17,17
2541,1334,324,9,,,17,17
2542,1334,326,9,,,17,17
2543,1334,328,9,,,17,17
2544,1334,330,9,,,17,17
2545,1334,332,9,,,17,17
2546,1334,334,9,,,17,17
2547,1336,308,9,3.5968275542207127,3.226000081543177,0,0
2548,1336,310,9,3.469383154381629,3.1588440090776575,0,0
2549,1336,312,9,,,17,17
2550,1336,314,9,,,17,17
2551,1336,316,9,,,17,17
2552,1336,318,9,,,17,17
2553,1336,320,9,,,17,17
2554,1336,322,9,,,17,17
2555,1336,324,9,,,17,17
2556,1336,326,9,,,17,17
2557,1336,328,9,,,17,17
2558,1336,330,9,,,17,17
2559,1336,332,9,,,17,17
2560,1336,334,9,,,17,17
2561,1338,306,9,3.751662959787557,3.279183152133334,0,0
2562,1338,308,9,3.7225786598823474,3.3047999398583676,0,0
2563,1338,310,9,3.485534616899527,3.158126902180147,0,0
2564,1338,312,9,,,17,17
2565,1338,314,9,,,17,17
2566,1338,316,9,,,17,17
2567,1338,318,9,,,17,17
2568,1338,320,9,3.3570816987758327,3.0843319049129123,0,0
2569,1338,322,9,3.30434333741345,3.0446143196336086,0,0
2570,1338,324,9,,,17,17
2571,1338,326,9,,,17,17
2572,1338,328,9,,,17,17
2573,1338,330,9,,,17,17
2574,1338,332,9,,,17,17
2575,1338,334,9,4.562144976203325,3.996583534497042,0,0
2576,1340,304,9,3.79525048698973,3.3231085097418283,0,0
2577,1340,306,9,3.80565342963559,3.3513552978790107,0,0
2578,1340,308,9,3.8487862759840072,3.4154785402004624,0,0
2579,1340,310,9,3.740067382194205,3.3687994725395947,0,0
2580,1340,312,9,,,17,17
2581,1340,314,9,,,17,17
2582,1340,316,9,,,17,17
2583,1340,318,9,,,17,17
2584,1340,320,9,3.2599507543465016,2.996946814390019,0,0
2585,1340,322,9,3.370197858697566,3.098028602379745,0,0
2586,1340,324,9,,,17,17
2587,1340,326,9,,,17,17
2588,1340,328,9,,,17,17
2589,1340,330,9,,,17,17
2590,1340,332,9,4.619395593935754,4.023862974492598,0,0
2591,1340,334,9,4.762364204645226,4.080233909596229,0,0
2592,1342,304,9,3.1172493654500304,2.8282490759779795,0,0
2593,1342,306,9,3.312280579420444,3.006306283902982,0,0
2594,1342,308,9,3.6147774608722854,3.273092488734124,0,0
2595,1342,310,9,,,17,17
2596,1342,312,9,,,17,17
2597,1342,314,9,,,17,17
2598,1342,316,9,,,17,17
2599,1342,318,9,,,17,17
2600,1342,320,9,,,17,17
2601,1342,322,9,,,17,17
2602,1342,324,9,3.6417651837836553,3.304806972527861,0,0
2603,1342,326,9,3.962210956739098,3.561780900820196,0,0
2604,1342,328,9,4.146382608487235,3.6855478981453427,0,0
2605,1342,330,9,4.299203473744294,3.797572720035888,0,0
2606,1342,332,9,4.665720334206885,4.027344220602303,0,0
2607,1342,334,9,4.590266661722969,3.9464513436537603,0,0
2608,1344,304,9,2.4899715730630194,2.3332405412362913,0,0
2609,1344,306,9,2.998065605932233,2.7730432130817015,0,0
2610,1344,308,9,,,17,17
2611,1344,310,9,,,17,17
2612,1344,312,9,,,17,17
2613,1344,314,9,,,17,17
2614,1344,316,9,,,17,17
2615,1344,318,9,,,17,17
2616,1344,320,9,,,17,17
2617,1344,322,9,,,17,17
2618,1344,324,9,3.9770599477561883,3.565651906913223,0,0
2619,1344,326,9,,,17,17
2620,1344,328,9,4.333567104060192,3.824629600889448,0,0
2621,1344,330,9,4.535787379528898,3.9632228453815013,0,0
2622,1344,332,9,4.5045431413859705,3.904447657469455,0,0
2623,1344,334,9,4.419432616723074,3.8187649901653815,0,0
2624,1344,336,9,4.426505105503315,3.8188345132119728,0,0
2625,1346,304,9,2.8370947975995287,2.6244610462897673,0,0
2626,1346,306,9,3.674910903475128,3.3240929116932008,0,0
2627,1346,308,9,,,17,17
2628,1346,310,9,,,17,17
2629,1346,312,9,,,17,17
2630,1346,314,9,,,17,17
2631,1346,316,9,,,17,17
2632,1346,318,9,,,17,17
2633,1346,320,9,,,17,17
2634,1346,322,9,,,17,17
2635,1346,324,9,,,17,17
2636,1346,326,9,4.473830749967808,3.951597850719919,0,0
2637,1346,328,9,4.473445409547753,3.9183838394485724,0,0
2638,1346,330,9,4.434951922905591,3.8830124125598986,0,0
2639,1346,332,9,4.337620161134365,3.783259833942867,0,0
2640,1346,334,9,4.257846091536773,3.7257385445275855,0,0
2641,1346,336,9,4.13922409528391,3.671244315489897,0,0
2642,1348,304,9,3.354535245876931,3.025427882961819,0,0
2643,1348,306,9,3.9600202724389275,3.507909856185127,0,0
2644,1348,308,9,4.116893733724093,3.654234071848585,0,0
2645,1348,310,9,4.148377100283074,3.6925092172196194,0,0
2646,1348,312,9,4.146106316921993,3.6896845746425777,0,0
2647,1348,314,9,,,17,17
2648,1348,316,9,,,17,17
2649,1348,318,9,,,17,17
2650,1348,320,9,,,17,17
2651,1348,322,9,,,17,17
2652,1348,324,9,4.397367687428211,3.881295042281365,0,0
2653,1348,326,9,4.393775643839865,3.8737758936984656,0,0
2654,1348,328,9,4.368835712883028,3.8278498940422314,0,0
2655,1348,330,9,4.2715168777796,3.7508656123864985,0,0
2656,1348,332,9,4.1865768000682415,3.6836151100871706,0,0
2657,1348,334,9,3.990140388229647,3.567262342504835,0,0
2658,1348,336,9,,,17,17
2659,1350,304,9,3.3945685831487635,3.050709560326091,0,0
2660,1350,306,9,4.0414739876628385,3.5568747188481056,0,0
2661,1350,308,9,4.249907990478281,3.7337213692296465,0,0
2662,1350,310,9,4.2403200518779265,3.7489717714497734,0,0
2663,1350,312,9,4.20370071783535,3.728031521273026,0,0
2664,1350,314,9,,,17,17
2665,1350,316,9,,,17,17
2666,1350,318,9,,,17,17
2667,1350,320,9,,,17,17
2668,1350,322,9,4.360199484600215,3.8702769981479825,0,0
2669,1350,324,9,4.3515790998007144,3.844324886192997,0,0
2670,1350,326,9,4.34308411122689,3.8350299211690038,0,0
2671,1350,328,9,4.20701933874487,3.7103735463718754,0,0
2672,1350,330,9,4.142813468757563,3.6841269008250253,0,0
2673,1350,332,9,,,17,17
2674,1350,334,9,,,17,17
2675,1350,336,9,,,17,17
2676,1352,304,9,3.4898885127867847,3.1599032292850233,0,0
2677,1352,306,9,3.9931805578195814,3.557247914852024,0,0
2678,1352,308,9,4.176984791924462,3.6961703314082017,0,0
2679,1352,310,9,4.188648052078245,3.717248228341428,0,0
2680,1352,312,9,4.167719010494156,3.7044243977082094,0,0
2681,1352,314,9,,,17,17
2682,1352,316,9,,,17,17
2683,1352,318,9,,,17,17
2684,1352,320,9,4.39896860433167,3.8975688327079974,0,0
2685,1352,322,9,4.4082685981285366,3.906602359607633,0,0
2686,1352,324,9,4.344659284796483,3.8442806420118556,0,0
2687,1352,326,9,4.249282767621753,3.7711879303529323,0,0
2688,1352,328,9,4.134443512979724,3.6817349194247955,0,0
2689,1352,330,9,,,17,17
2690,1352,332,9,,,17,17
2691,1352,334,9,,,17,17
2692,1352,336,9,3.0748324568040326,2.839649683942854,0,0
2693,1354,304,9,3.765804717749229,3.4098576852342224,0,0
2694,1354,306,9,4.005770232655897,3.5898075879621194,0,0
2695,1354,308,9,4.110522439046828,3.6662485660438544,0,0
2696,1354,310,9,4.15785522780567,3.7032864614866154,0,0
2697,1354,312,9,,,17,17
2698,1354,314,9,,,17,17
2699,1354,316,9,,,17,17
2700,1354,318,9,4.39975708228626,3.8749571771154505,0,0
2701,1354,320,9,4.3922113961015254,3.8924938314103525,0,0
2702,1354,322,9,4.364677810716552,3.8727082439206426,0,0
2703,1354,324,9,4.318367292512454,3.8202560810944743,0,0
2704,1354,326,9,4.358312685773837,3.860690696520341,0,0
2705,1354,328,9,,,17,17
2706,1354,330,9,,,17,17
2707,1354,332,9,,,17,17
2708,1354,334,9,3.26635102838402,2.969648832326244,0,0
2709,1356,306,9,,,17,17
2710,1356,308,9,,,17,17
2711,1356,310,9,,,17,17
2712,1356,312,9,,,17,17
2713,1356,314,9,,,17,17
2714,1356,316,9,,,17,17
2715,1356,318,9,,,17,17
2716,1356,320,9,,,17,17
2717,1356,322,9,4.325105155093554,3.84423237951691,0,0
2718,1356,324,9,4.373746885338374,3.8633232491327982,0,0
2719,1356,326,9,,,17,17
2720,1356,328,9,,,17,17
2721,1356,330,9,3.6682040601206816,3.3163914523297753,0,0
2722,1356,332,9,3.2445276299251,2.931550371862204,0,0
2723,1358,306,9,,,17,17
2724,1358,308,9,,,17,17
2725,1358,310,9,,,17,17
2726,1358,312,9,,,17,17
2727,1358,314,9,,,17,17
2728,1358,316,9,,,17,17
2729,1358,318,9,,,17,17
2730,1358,320,9,4.342211152989103,3.8537893092757067,0,0
2731,1358,322,9,4.32559404920477,3.825267863566764,0,0
2732,1358,324,9,4.37511653661926,3.851463792847507,0,0
2733,1358,326,9,4.175182599369619,3.7060591434006622,0,0
2734,1358,328,9,3.5316155622790366,3.179708086510115,0,0
2735,1358,330,9,3.0960731641763823,2.8099606862859248,0,0
2736,1360,306,9,,,17,17
2737,1360,308,9,,,17,17
2738,1360,310,9,,,17,17
2739,1360,312,9,,,17,17
2740,1360,314,9,,,17,17
2741,1360,316,9,,,17,17
2742,1360,318,9,4.298672423445811,3.7900772052287284,0,0
2743,1360,320,9,4.305772971247266,3.797711430663045,0,0
2744,1360,322,9,4.3991638772741,3.8621381360722276,0,0
2745,1360,324,9,4.24231502308434,3.7193980300605882,0,0
2746,1360,326,9,3.9129894726302763,3.4567337366301145,0,0
2747,1360,328,9,3.128702171296709,2.809439564622781,0,0
2748,1362,308,9,,,17,17
2749,1362,310,9,,,17,17
2750,1362,312,9,,,17,17
2751,1362,314,9,,,17,17
2752,1362,316,9,4.305910379827446,3.8143745932973254,0,0
2753,1362,318,9,4.291122493231738,3.7690156636455536,0,0
2754,1362,320,9,4.368212185479248,3.8356707165783757,0,0
2755,1362,322,9,4.177411082644441,3.6843348888677827,0,0
2756,1362,324,9,4.017074554706962,3.5222651386463055,0,0
2757,1362,326,9,3.234638368720552,2.9014418422207244,0,0
2758,1364,310,9,,,17,17
2759,1364,312,9,,,17,17
2760,1364,314,9,4.300460769248747,3.8092411226061627,0,0
2761,1364,316,9,4.308164298062343,3.7994143346598666,0,0
2762,1364,318,9,4.280546606337378,3.742209555713416,0,0
2763,1364,320,9,4.083400089916637,3.6153397637443154,0,0
2764,1364,322,9,3.812619446214018,3.3855032229930937,0,0
2765,1364,324,9,3.202044837971432,2.871469859995883,0,0
2766,1366,310,9,,,17,17
2767,1366,312,9,,,17,17
2768,1366,314,9,4.26785431406422,3.7797735066216753,0,0
2769,1366,316,9,4.223670043837073,3.7286668975793726,0,0
2770,1366,318,9,4.068679645112063,3.598309367183983,0,0
2771,1366,320,9,3.7704945959985556,3.3642316085511696,0,0
2772,1366,322,9,3.1002717530455235,2.80073072562544,0,0
2773,1368,312,9,,,17,17
2774,1368,314,9,,,17,17
2775,1368,316,9,,,17,17
2776,1368,318,9,3.783402588870171,3.4019113916988966,0,0
2777,1368,320,9,3.2730044125953355,2.967172949966046,0,0
2778,1370,314,9,,,17,17
2779,1370,316,9,,,17,17
2780,1370,318,9,3.4320272867797414,3.123469881379658,0,0
2781,1372,316,9,,,17,17
2782,1502,576,12,,,21,21
2783,1502,578,12,,,21,21
2784,1504,574,12,,,21,21
2785,1504,576,12,,,21,21
2786,1504,578,12,,,21,21
2787,1504,580,12,,,21,21
2788,1504,582,12,,,21,21
2789,1506,570,12,,,21,21
2790,1506,572,12,,,21,21
2791,1506,574,12,,,21,21
2792,1506,576,12,,,21,21
2793,1506,578,12,,,21,21
2794,1506,580,12,,,21,21
2795,1506,582,12,,,21,21
2796,1506,584,12,,,21,21
2797,1506,586,12,,,21,21
2798,1508,568,12,,,21,21
2799,1508,570,12,,,21,21
2800,1508,572,12,,,21,21
2801,1508,574,12,,,21,21
2802,1508,576,12,,,21,21
2803,1508,578,12,,,21,21
2804,1508,580,12,,,21,21
2805,1508,582,12,,,21,21
2806,1508,584,12,,,21,21
2807,1508,586,12,,,21,21
2808,1508,588,12,,,21,21
2809,1508,590,12,,,21,21
2810,1510,566,12,,,21,21
2811,1510,568,12,,,21,21
2812,1510,570,12,,,21,21
2813,1510,572,12,,,21,21
2814,1510,574,12,,,21,21
2815,1510,576,12,,,21,21
2816,1510,578,12,,,21,21
2817,1510,580,12,,,21,21
2818,1510,582,12,,,21,21
2819,1510,584,12,,,21,21
2820,1510,586,12,,,21,21
2821,1510,588,12,,,21,21
2822,1510,590,12,,,21,21
2823,1510,592,12,,,21,21
2824,1512,562,12,,,21,21
2825,1512,564,12,,,21,21
2826,1512,566,12,,,21,21
2827,1512,568,12,,,21,21
2828,1512,570,12,,,21,21
2829,1512,572,12,,,21,21
2830,1512,574,12,,,21,21
2831,1512,576,12,,,21,21
2832,1512,578,12,,,21,21
2833,1512,580,12,,,21,21
2834,1512,582,12,,,21,21
2835,1512,584,12,,,21,21
2836,1512,586,12,,,21,21
2837,1512,588,12,,,21,21
2838,1512,590,12,,,21,21
2839,1512,592,12,,,21,21
2840,1512,594,12,,,21,21
2841,1512,596,12,,,21,21
2842,1514,560,12,,,21,21
2843,1514,562,12,,,21,21
2844,1514,564,12,,,21,21
2845,1514,566,12,,,21,21
2846,1514,568,12,,,21,21
2847,1514,570,12,,,21,21
2848,1514,572,12,,,21,21
2849,1514,574,12,,,21,21
2850,1514,576,12,,,21,21
2851,1514,578,12,,,21,21
2852,1514,580,12,,,21,21
2853,1514,582,12,,,21,21
2854,1514,584,12,,,21,21
2855,1514,586,12,,,21,21
2856,1514,588,12,,,21,21
2857,1514,590,12,,,21,21
2858,1514,592,12,,,21,21
2859,1514,594,12,,,21,21
2860,1514,596,12,,,21,21
2861,1514,598,12,,,21,21
2862,1514,600,12,,,21,21
2863,1516,558,12,,,21,21
2864,1516,560,12,,,21,21
2865,1516,562,12,,,21,21
2866,1516,564,12,,,21,21
2867,1516,566,12,,,21,21
2868,1516,568,12,,,21,21
2869,1516,570,12,,,21,21
2870,1516,572,12,,,21,21
2871,1516,574,12,,,21,21
2872,1516,576,12,,,21,21
2873,1516,578,12,,,21,21
2874,1516,580,12,,,21,21
2875,1516,582,12,,,21,21
2876,1516,584,12,,,21,21
2877,1516,586,12,,,21,21
2878,1516,588,12,,,21,21
2879,1516,590,12,,,21,21
2880,1516,592,12,,,21,21
2881,1516,594,12,,,21,21
2882,1516,596,12,,,21,21
2883,1516,598,12,,,21,21
2884,1516,600,12,,,21,21
2885,1516,602,12,,,21,21
2886,1516,604,12,,,21,21
2887,1518,554,12,,,21,21
2888,1518,556,12,,,21,21
2889,1518,558,12,,,21,21
2890,1518,560,12,,,21,21
2891,1518,562,12,,,21,21
2892,1518,564,12,,,21,21
2893,1518,566,12,,,21,21
2894,1518,568,12,,,21,21
2895,1518,570,12,,,21,21
2896,1518,572,12,,,21,21
2897,1518,574,12,,,21,21
2898,1518,576,12,,,21,21
2899,1518,578,12,,,21,21
2900,1518,580,12,,,21,21
2901,1518,582,12,,,21,21
2902,1518,584,12,,,21,21
2903,1518,586,12,,,21,21
2904,1518,588,12,,,21,21
2905,1518,590,12,,,21,21
2906,1518,592,12,,,21,21
2907,1518,594,12,,,21,21
2908,1518,596,12,,,21,21
2909,1518,598,12,,,21,21
2910,1518,600,12,,,21,21
2911,1518,602,12,,,21,21
2912,1518,604,12,,,21,21
2913,1518,606,12,,,21,21
2914,1520,554,12,,,21,21
2915,1520,556,12,,,21,21
2916,1520,558,12,,,21,21
2917,1520,560,12,,,21,21
2918,1520,562,12,,,21,21
2919,1520,564,12,,,21,21
2920,1520,566,12,,,21,21
2921,1520,568,12,,,21,21
2922,1520,570,12,,,21,21
2923,1520,572,12,,,21,21
2924,1520,574,12,,,21,21
2925,1520,576,12,,,21,21
2926,1520,578,12,,,21,21
2927,1520,580,12,,,21,21
2928,1520,582,12,,,21,21
2929,1520,584,12,,,21,21
2930,1520,586,12,,,21,21
2931,1520,588,12,,,21,21
2932,1520,590,12,,,21,21
2933,1520,592,12,,,21,21
2934,1520,594,12,,,21,21
2935,1520,596,12,,,21,21
2936,1520,598,12,,,21,21
2937,1520,600,12,,,21,21
2938,1520,602,12,,,21,21
2939,1520,604,12,,,21,21
2940,1520,606,12,,,21,21
2941,1520,608,12,,,21,21
2942,1522,556,12,,,21,21
2943,1522,558,12,,,21,21
2944,1522,560,12,,,21,21
2945,1522,562,12,,,21,21
2946,1522,564,12,,,21,21
2947,1522,566,12,,,21,21
2948,1522,568,12,,,21,21
2949,1522,570,12,,,21,21
2950,1522,572,12,,,21,21
2951,1522,574,12,,,21,21
2952,1522,576,12,,,21,21
2953,1522,578,12,,,21,21
2954,1522,580,12,,,21,21
2955,1522,582,12,,,21,21
2956,1522,584,12,,,21,21
2957,1522,586,12,,,21,21
2958,1522,588,12,,,21,21
2959,1522,590,12,,,21,21
2960,1522,592,12,,,21,21
2961,1522,594,12,,,21,21
2962,1522,596,12,,,21,21
2963,1522,598,12,,,21,21
2964,1522,600,12,,,21,21
2965,1522,602,12,,,21,21
2966,1522,604,12,,,21,21
2967,1522,606,12,,,21,21
2968,1522,608,12,,,21,21
2969,1522,610,12,,,21,21
2970,1524,556,12,,,21,21
2971,1524,558,12,,,21,21
2972,1524,560,12,,,21,21
2973,1524,562,12,,,21,21
2974,1524,564,12,,,21,21
2975,1524,566,12,,,21,21
2976,1524,568,12,,,21,21
2977,1524,570,12,,,21,21
2978,1524,572,12,,,21,21
2979,1524,574,12,,,21,21
2980,1524,576,12,,,21,21
2981,1524,578,12,,,21,21
2982,1524,580,12,,,21,21
2983,1524,582,12,,,21,21
2984,1524,584,12,,,21,21
2985,1524,586,12,,,21,21
2986,1524,588,12,,,21,21
2987,1524,590,12,,,21,21
2988,1524,592,12,,,21,21
2989,1524,594,12,,,21,21
2990,1524,596,12,,,21,21
2991,1524,598,12,,,21,21
2992,1524,600,12,,,21,21
2993,1524,602,12,,,21,21
2994,1524,604,12,,,21,21
2995,1524,606,12,,,21,21
2996,1524,608,12,,,21,21
2997,1524,610,12,,,21,21
2998,1526,558,12,,,21,21
2999,1526,560,12,,,21,21
3000,1526,562,12,,,21,21
3001,1526,564,12,,,21,21
3002,1526,566,12,,,21,21
3003,1526,568,12,,,21,21
3004,1526,570,12,,,21,21
3005,1526,572,12,,,21,21
3006,1526,574,12,,,21,21
3007,1526,576,12,,,21,21
3008,1526,578,12,,,21,21
3009,1526,580,12,,,21,21
3010,1526,582,12,,,21,21
3011,1526,584,12,,,21,21
3012,1526,586,12,,,21,21
3013,1526,588,12,,,21,21
3014,1526,590,12,,,21,21
3015,1526,592,12,,,21,21
3016,1526,594,12,,,21,21
3017,1526,596,12,,,21,21
3018,1526,598,12,,,21,21
3019,1526,600,12,,,21,21
3020,1526,602,12,,,21,21
3021,1526,604,12,,,21,21
3022,1526,606,12,,,21,21
3023,1526,608,12,,,21,21
3024,1526,610,12,,,21,21
3025,1526,612,12,,,21,21
3026,1528,558,12,,,21,21
3027,1528,560,12,,,21,21
3028,1528,562,12,,,21,21
3029,1528,564,12,,,21,21
3030,1528,566,12,,,21,21
3031,1528,568,12,,,21,21
3032,1528,570,12,,,21,21
3033,1528,572,12,,,21,21
3034,1528,574,12,,,21,21
3035,1528,576,12,,,21,21
3036,1528,578,12,,,21,21
3037,1528,580,12,,,21,21
3038,1528,582,12,,,21,21
3039,1528,584,12,,,21,21
3040,1528,586,12,,,21,21
3041,1528,588,12,,,21,21
3042,1528,590,12,,,21,21
3043,1528,592,12,,,21,21
3044,1528,594,12,,,21,21
3045,1528,596,12,,,21,21
3046,1528,598,12,,,21,21
3047,1528,600,12,,,21,21
3048,1528,602,12,,,21,21
3049,1528,604,12,,,21,21
3050,1528,606,12,,,21,21
3051,1528,608,12,,,21,21
3052,1528,610,12,,,21,21
3053,1528,612,12,,,21,21
3054,1530,560,12,,,21,21
3055,1530,562,12,,,21,21
3056,1530,564,12,,,21,21
3057,1530,566,12,,,21,21
3058,1530,568,12,,,21,21
3059,1530,570,12,,,21,21
3060,1530,572,12,,,21,21
3061,1530,574,12,,,21,21
3062,1530,576,12,,,21,21
3063,1530,578,12,,,21,21
3064,1530,580,12,,,21,21
3065,1530,582,12,,,21,21
3066,1530,584,12,,,21,21
3067,1530,586,12,,,21,21
3068,1530,588,12,,,21,21
3069,1530,590,12,,,21,21
3070,1530,592,12,,,21,21
3071,1530,594,12,,,21,21
3072,1530,596,12,,,21,21
3073,1530,598,12,,,21,21
3074,1530,600,12,,,21,21
3075,1530,602,12,,,21,21
3076,1530,604,12,,,21,21
3077,1530,606,12,,,21,21
3078,1530,608,12,,,21,21
3079,1530,610,12,,,21,21
3080,1530,612,12,,,21,21
3081,1530,614,12,,,21,21
3082,1532,560,12,,,21,21
3083,1532,562,12,,,21,21
3084,1532,564,12,,,21,21
3085,1532,566,12,,,21,21
3086,1532,568,12,,,21,21
3087,1532,570,12,,,21,21
3088,1532,572,12,,,21,21
3089,1532,574,12,,,21,21
3090,1532,576,12,,,21,21
3091,1532,578,12,,,21,21
3092,1532,580,12,,,21,21
3093,1532,582,12,,,21,21
3094,1532,584,12,,,21,21
3095,1532,586,12,,,21,21
3096,1532,588,12,,,21,21
3097,1532,590,12,,,21,21
3098,1532,592,12,,,21,21
3099,1532,594,12,,,21,21
3100,1532,596,12,,,21,21
3101,1532,598,12,,,21,21
3102,1532,600,12,,,21,21
3103,1532,602,12,,,21,21
3104,1532,604,12,,,21,21
3105,1532,606,12,,,21,21
3106,1532,608,12,,,21,21
3107,1532,610,12,,,21,21
3108,1532,612,12,,,21,21
3109,1532,614,12,,,21,21
3110,1532,616,12,,,21,21
3111,1534,562,12,,,21,21
3112,1534,564,12,,,21,21
3113,1534,566,12,,,21,21
3114,1534,568,12,,,21,21
3115,1534,570,12,,,21,21
3116,1534,572,12,,,21,21
3117,1534,574,12,,,21,21
3118,1534,576,12,,,21,21
3119,1534,578,12,,,21,21
3120,1534,580,12,,,21,21
3121,1534,582,12,,,21,21
3122,1534,584,12,,,21,21
3123,1534,586,12,,,21,21
3124,1534,588,12,,,21,21
3125,1534,590,12,,,21,21
3126,1534,592,12,,,21,21
3127,1534,594,12,,,21,21
3128,1534,596,12,,,21,21
3129,1534,598,12,,,21,21
3130,1534,600,12,,,21,21
3131,1534,602,12,,,21,21
3132,1534,604,12,,,21,21
3133,1534,606,12,,,21,21
3134,1534,608,12,,,21,21
3135,1534,610,12,,,21,21
3136,1534,612,12,,,21,21
3137,1534,614,12,,,21,21
3138,1534,616,12,,,21,21
3139,1536,562,12,,,21,21
3140,1536,564,12,,,21,21
3141,1536,566,12,,,21,21
3142,1536,568,12,,,21,21
3143,1536,570,12,,,21,21
3144,1536,572,12,,,21,21
3145,1536,574,12,,,21,21
3146,1536,576,12,,,21,21
3147,1536,578,12,,,21,21
3148,1536,580,12,,,21,21
3149,1536,582,12,,,21,21
3150,1536,584,12,,,21,21
3151,1536,586,12,,,21,21
3152,1536,588,12,,,21,21
3153,1536,590,12,,,21,21
3154,1536,592,12,,,21,21
3155,1536,594,12,,,21,21
3156,1536,596,12,,,21,21
3157,1536,598,12,,,21,21
3158,1536,600,12,,,21,21
3159,1536,602,12,,,21,21
3160,1536,604,12,,,21,21
3161,1536,606,12,,,21,21
3162,1536,608,12,,,21,21
3163,1536,610,12,,,21,21
3164,1536,612,12,,,21,21
3165,1536,614,12,,,21,21
3166,1536,616,12,,,21,21
3167,1536,618,12,,,21,21
3168,1538,564,12,,,21,21
3169,1538,566,12,,,21,21
3170,1538,568,12,,,21,21
3171,1538,570,12,,,21,21
3172,1538,572,12,,,21,21
3173,1538,574,12,,,21,21
3174,1538,576,12,,,21,21
3175,1538,578,12,,,21,21
3176,1538,580,12,,,21,21
3177,1538,582,12,,,21,21
3178,1538,584,12,,,21,21
3179,1538,586,12,,,21,21
3180,1538,588,12,,,21,21
3181,1538,590,12,,,21,21
3182,1538,592,12,,,21,21
3183,1538,594,12,,,21,21
3184,1538,596,12,,,21,21
3185,1538,598,12,,,21,21
3186,1538,600,12,,,21,21
3187,1538,602,12,,,21,21
3188,1538,604,12,,,21,21
3189,1538,606,12,,,21,21
3190,1538,608,12,,,21,21
3191,1538,610,12,,,21,21
3192,1538,612,12,,,21,21
3193,1538,614,12,,,21,21
3194,1538,616,12,,,21,21
3195,1538,618,12,,,21,21
3196,1538,620,12,,,21,21
3197,1540,564,12,,,21,21
3198,1540,566,12,,,21,21
3199,1540,568,12,,,21,21
3200,1540,570,12,,,21,21
3201,1540,572,12,,,21,21
3202,1540,574,12,,,21,21
3203,1540,576,12,,,21,21
3204,1540,578,12,,,21,21
3205,1540,580,12,,,21,21
3206,1540,582,12,,,21,21
3207,1540,584,12,,,21,21
3208,1540,586,12,,,21,21
3209,1540,588,12,,,21,21
3210,1540,590,12,,,21,21
3211,1540,592,12,,,21,21
3212,1540,594,12,,,21,21
3213,1540,596,12,,,21,21
3214,1540,598,12,,,21,21
3215,1540,600,12,,,21,21
3216,1540,602,12,,,21,21
3217,1540,604,12,,,21,21
3218,1540,606,12,,,21,21
3219,1540,608,12,,,21,21
3220,1540,610,12,,,21,21
3221,1540,612,12,,,21,21
3222,1540,614,12,,,21,21
3223,1540,616,12,,,21,21
3224,1540,618,12,,,21,21
3225,1540,620,12,,,21,21
3226,1542,566,12,,,21,21
3227,1542,568,12,,,21,21
3228,1542,570,12,,,21,21
3229,1542,572,12,,,21,21
3230,1542,574,12,,,21,21
3231,1542,576,12,,,21,21
3232,1542,578,12,,,21,21
3233,1542,580,12,,,21,21
3234,1542,582,12,,,21,21
3235,1542,584,12,,,21,21
3236,1542,586,12,,,21,21
3237,1542,588,12,,,21,21
3238,1542,590,12,,,21,21
3239,1542,592,12,,,21,21
3240,1542,594,12,,,21,21
3241,1542,596,12,,,21,21
3242,1542,598,12,,,21,21
3243,1542,600,12,,,21,21
3244,1542,602,12,,,21,21
3245,1542,604,12,,,21,21
3246,1542,606,12,,,21,21
3247,1542,608,12,,,21,21
3248,1542,610,12,,,21,21
3249,1542,612,12,,,21,21
3250,1542,614,12,,,21,21
3251,1542,616,12,,,21,21
3252,1542,618,12,,,21,21
3253,1542,620,12,,,21,21
3254,1542,622,12,,,21,21
3255,1544,566,12,,,21,21
3256,1544,568,12,,,21,21
3257,1544,570,12,,,21,21
3258,1544,572,12,,,21,21
3259,1544,574,12,,,21,21
3260,1544,576,12,,,21,21
3261,1544,578,12,,,21,21
3262,1544,580,12,,,21,21
3263,1544,582,12,,,21,21
3264,1544,584,12,,,21,21
3265,1544,586,12,,,21,21
3266,1544,588,12,,,21,21
3267,1544,590,12,,,21,21
3268,1544,592,12,,,21,21
3269,1544,594,12,,,21,21
3270,1544,596,12,,,21,21
3271,1544,598,12,,,21,21
3272,1544,600,12,,,21,21
3273,1544,602,12,,,21,21
3274,1544,604,12,,,21,21
3275,1544,606,12,,,21,21
3276,1544,608,12,,,21,21
3277,1544,610,12,,,21,21
3278,1544,612,12,,,21,21
3279,1544,614,12,,,21,21
3280,1544,616,12,,,21,21
3281,1544,618,12,,,21,21
3282,1544,620,12,,,21,21
3283,1544,622,12,,,21,21
3284,1546,568,12,,,21,21
3285,1546,570,12,,,21,21
3286,1546,572,12,,,21,21
3287,1546,574,12,,,21,21
3288,1546,576,12,,,21,21
3289,1546,578,12,,,21,21
3290,1546,580,12,,,21,21
3291,1546,582,12,,,21,21
3292,1546,584,12,,,21,21
3293,1546,586,12,,,21,21
3294,1546,588,12,,,21,21
3295,1546,590,12,,,21,21
3296,1546,592,12,,,21,21
3297,1546,594,12,,,21,21
3298,1546,596,12,,,21,21
3299,1546,598,12,,,21,21
3300,1546,600,12,,,21,21
3301,1546,602,12,,,21,21
3302,1546,604,12,,,21,21
3303,1546,606,12,,,21,21
3304,1546,608,12,,,21,21
3305,1546,610,12,,,21,21
3306,1546,612,12,,,21,21
3307,1546,614,12,,,21,21
3308,1546,616,12,,,21,21
3309,1546,618,12,,,21,21
3310,1548,178,11,2.6271448236471078,2.4680965288047467,0,0
3311,1548,180,11,2.7380020182107776,2.5582255038106605,0,0
3312,1548,568,12,,,21,21
3313,1548,570,12,,,21,21
3314,1548,572,12,,,21,21
3315,1548,574,12,,,21,21
3316,1548,576,12,,,21,21
3317,1548,578,12,,,21,21
3318,1548,580,12,,,21,21
3319,1548,582,12,,,21,21
3320,1548,584,12,,,21,21
3321,1548,586,12,,,21,21
3322,1548,588,12,,,21,21
3323,1548,590,12,,,21,21
3324,1548,592,12,,,21,21
3325,1548,594,12,,,21,21
3326,1548,596,12,,,21,21
3327,1548,598,12,,,21,21
3328,1548,600,12,,,21,21
3329,1548,602,12,,,21,21
3330,1548,604,12,,,21,21
3331,1548,606,12,,,21,21
3332,1548,608,12,,,21,21
3333,1548,610,12,,,21,21
3334,1548,612,12,,,21,21
3335,1548,614,12,,,21,21
3336,1548,616,12,,,21,21
3337,1550,162,11,3.7295386181263903,3.2581648463332096,0,0
3338,1550,164,11,3.664318960481144,3.2124588213859697,0,0
3339,1550,166,11,3.3702142916620725,3.0095900903417405,0,0
3340,1550,168,11,3.1123458431927262,2.8124049787738934,0,0
3341,1550,170,11,3.0890496388575035,2.794426375036129,0,0
3342,1550,172,11,2.992780755738905,2.7239105427846084,0,0
3343,1550,174,11,2.9021868814990825,2.671766255680783,0,0
3344,1550,176,11,2.804259335567815,2.6056469159286593,0,0
3345,1550,178,11,2.7254269629961723,2.5444588151570935,0,0
3346,1550,180,11,2.7061644098531774,2.532106790521122,0,0
3347,1550,182,11,2.8326746830130594,2.629827965743328,0,0
3348,1550,570,12,,,21,21
3349,1550,572,12,,,21,21
3350,1550,574,12,,,21,21
3351,1550,576,12,,,21,21
3352,1550,578,12,,,21,21
3353,1550,580,12,,,21,21
3354,1550,582,12,,,21,21
3355,1550,584,12,,,21,21
3356,1550,586,12,,,21,21
3357,1550,588,12,,,21,21
3358,1550,590,12,,,21,21
3359,1550,592,12,,,21,21
3360,1550,594,12,,,21,21
3361,1550,596,12,,,21,21
3362,1550,598,12,,,21,21
3363,1550,600,12,,,21,21
3364,1550,602,12,,,21,21
3365,1550,604,12,,,21,21
3366,1550,606,12,,,21,21
3367,1550,608,12,,,21,21
3368,1550,610,12,,,21,21
3369,1550,612,12,,,21,21
3370,1550,614,12,,,21,21
3371,1552,156,11,2.97756413167845,2.7088987922615053,0,0
3372,1552,158,11,2.9191173762602833,2.6620726818146183,0,0
3373,1552,160,11,3.02081624070165,2.7541048053791934,0,0
3374,1552,162,11,3.4156298898009427,3.0641736306628773,0,0
3375,1552,164,11,3.5210875702513,3.1358842469126054,0,0
3376,1552,166,11,3.488958045732444,3.117818819045693,0,0
3377,1552,168,11,3.118253098098466,2.849242972438725,0,0
3378,1552,170,11,2.935070118895274,2.705660467360534,0,0
3379,1552,172,11,2.955441725625275,2.7011625454466834,0,0
3380,1552,174,11,3.06166151876393,2.7808118375712554,0,0
3381,1552,176,11,3.0532186853574417,2.790768895712361,0,0
3382,1552,178,11,2.909841452829766,2.6881969317020356,0,0
3383,1552,180,11,2.7518432902071486,2.5676998445628443,0,0
3384,1552,182,11,2.7758261553313903,2.5832496941344454,0,0
3385,1552,184,11,3.0334815774819677,2.7852936619313025,0,0
3386,1552,186,11,3.5705204612633947,3.1901802878878365,0,0
3387,1552,576,12,,,21,21
3388,1552,578,12,,,21,21
3389,1552,580,12,,,21,21
3390,1552,582,12,,,21,21
3391,1552,584,12,,,21,21
3392,1552,586,12,,,21,21
3393,1552,588,12,,,21,21
3394,1552,590,12,,,21,21
3395,1552,592,12,,,21,21
3396,1552,594,12,,,21,21
3397,1552,596,12,,,21,21
3398,1552,598,12,,,21,21
3399,1552,600,12,,,21,21
3400,1552,602,12,,,21,21
3401,1552,604,12,,,21,21
3402,1552,606,12,,,21,21
3403,1552,608,12,,,21,21
3404,1552,610,12,,,21,21
3405,1552,612,12,,,21,21
3406,1554,158,11,2.8842536782367603,2.6266156961269673,0,0
3407,1554,160,11,2.795213481080116,2.5736227937300815,0,0
3408,1554,162,11,2.7812912994209738,2.5997165154452935,0,0
3409,1554,164,11,3.017761594613773,2.7986683000767494,0,0
3410,1554,166,11,3.280297190003144,2.98614055139756,0,0
3411,1554,168,11,3.3202691314598805,3.0066450021602287,0,0
3412,1554,170,11,3.1897653599367475,2.919717261317303,0,0
3413,1554,172,11,3.0567494637938495,2.8082425023118582,0,0
3414,1554,174,11,3.103288206355901,2.8270398880856376,0,0
3415,1554,176,11,3.280901041513158,2.9633417034609226,0,0
3416,1554,178,11,3.1939887165652565,2.9078378522487935,0,0
3417,1554,180,11,2.967850474121529,2.7417670249793966,0,0
3418,1554,182,11,2.8406937849598624,2.641449406111902,0,0
3419,1554,184,11,2.9383539059251933,2.7203450809098766,0,0
3420,1554,186,11,3.3599984081147847,3.044781349573548,0,0
3421,1554,188,11,3.7686532890569007,3.3362628622653148,0,0
3422,1554,586,12,,,21,21
3423,1554,588,12,,,21,21
3424,1554,590,12,,,21,21
3425,1554,592,12,,,21,21
3426,1554,594,12,,,21,21
3427,1554,596,12,,,21,21
3428,1554,598,12,,,21,21
3429,1554,600,12,,,21,21
3430,1554,602,12,,,21,21
3431,1554,604,12,,,21,21
3432,1554,606,12,,,21,21
3433,1554,608,12,,,21,21
3434,1556,158,11,2.989009876134333,2.7010574860789114,0,0
3435,1556,160,11,2.853362541808135,2.6171192161298413,0,0
3436,1556,162,11,2.8552000562439135,2.6571814379491685,0,0
3437,1556,164,11,2.8525951016116875,2.6543868302816453,0,0
3438,1556,166,11,3.0533580634290014,2.8056503443910827,0,0
3439,1556,168,11,3.451223741522767,3.100986721506805,0,0
3440,1556,170,11,3.5027692958326515,3.143701169592091,0,0
3441,1556,172,11,3.5835224033855178,3.201672735304882,0,0
3442,1556,174,11,3.533215855738163,3.163267228147154,0,0
3443,1556,176,11,3.424982245394785,3.074113241042375,0,0
3444,1556,178,11,3.246380082610893,2.9338276155522705,0,0
3445,1556,180,11,3.188859005105575,2.896017221386182,0,0
3446,1556,182,11,3.06016386442844,2.7979301826790777,0,0
3447,1556,184,11,3.074110316143743,2.817713856978406,0,0
3448,1556,186,11,3.3658675954251565,3.0459670547539686,0,0
3449,1556,188,11,3.6039002914346177,3.215453767381514,0,0
3450,1556,190,11,3.6261304807580603,3.217233020598256,0,0
3451,1556,192,11,3.324388538056211,2.9898623670141973,0,0
3452,1556,594,12,,,21,21
3453,1556,596,12,,,21,21
3454,1556,598,12,,,21,21
3455,1556,600,12,,,21,21
3456,1556,602,12,,,21,21
3457,1556,604,12,,,21,21
3458,1556,606,12,,,21,21
3459,1558,160,11,3.1029465166779855,2.7860390191621596,0,0
3460,1558,162,11,2.9431909302675305,2.6906503566749396,0,0
3461,1558,164,11,2.896463527692663,2.6519349088767425,0,0
3462,1558,166,11,3.0033921905801675,2.7369449382994873,0,0
3463,1558,168,11,3.133933135610814,2.8458807085340987,0,0
3464,1558,170,11,3.3835724845892097,3.0472485033647896,0,0
3465,1558,172,11,3.671841868961234,3.252554173380912,0,0
3466,1558,174,11,3.6929993517780484,3.271309531905283,0,0
3467,1558,176,11,3.518722319886864,3.15428475902871,0,0
3468,1558,178,11,3.2343289646993023,2.9472144666521323,0,0
3469,1558,180,11,3.1384242453065405,2.874652006838542,0,0
3470,1558,182,11,3.1616612244087405,2.882002652615474,0,0
3471,1558,184,11,3.1167999576201133,2.8409549171665587,0,0
3472,1558,186,11,3.4131202448283022,3.0746900216422426,0,0
3473,1558,188,11,3.524761259222483,3.163063396421668,0,0
3474,1558,190,11,3.4702686430299607,3.112803040213409,0,0
3475,1558,192,11,3.2425843927345555,2.9414697145773414,0,0
3476,1558,194,11,3.258588699259024,2.9528309782527975,0,0
3477,1558,602,12,,,21,21
3478,1558,604,12,,,21,21
3479,1560,160,11,2.8153128236401908,2.5891485795326017,0,0
3480,1560,162,11,2.658337784638395,2.483871898515369,0,0
3481,1560,164,11,2.572767602564887,2.4215680029476077,0,0
3482,1560,166,11,2.604099474835697,2.4487137724078023,0,0
3483,1560,168,11,2.6878163143960045,2.5156221335913425,0,0
3484,1560,170,11,2.8440351565194426,2.643555403437071,0,0
3485,1560,172,11,3.029098199101972,2.7892985383423237,0,0
3486,1560,174,11,3.3345106093673946,3.0241453566221765,0,0
3487,1560,176,11,3.576776414414319,3.200165838175621,0,0
3488,1560,178,11,3.6180086827247018,3.233039495621894,0,0
3489,1560,180,11,3.381476554443677,3.071036704728883,0,0
3490,1560,182,11,3.0379695401839757,2.8059102852199937,0,0
3491,1560,184,11,2.89198061956408,2.6816363653962707,0,0
3492,1560,186,11,3.1287968309584437,2.8668414339397774,0,0
3493,1560,188,11,3.5278362971343213,3.1652041484639706,0,0
3494,1560,190,11,3.5592987301703616,3.183960099124314,0,0
3495,1560,192,11,3.4003901040873012,3.0702993108843972,0,0
3496,1560,194,11,3.4839688636273247,3.1169031435698265,0,0
3497,1560,196,11,3.5597447934229165,3.14313493024366,0,0
3498,1560,198,11,3.529739594056794,3.1236653161191184,0,0
3499,1562,160,11,2.545941284034019,2.3979264344999707,0,0
3500,1562,162,11,2.5050110300220743,2.370093827766483,0,0
3501,1562,164,11,2.487687530481483,2.356033631807655,0,0
3502,1562,166,11,2.5457064033907715,2.4036725377639514,0,0
3503,1562,168,11,2.5711851964286145,2.421949724871601,0,0
3504,1562,170,11,2.6154593952776866,2.4615490230908756,0,0
3505,1562,172,11,2.659831816188724,2.498265469711706,0,0
3506,1562,174,11,2.890114784216634,2.686864971952536,0,0
3507,1562,176,11,3.32823130825916,3.0296417413041685,0,0
3508,1562,178,11,3.858826940712679,3.4009283888886155,0,0
3509,1562,180,11,3.8133849346915616,3.3563389512539614,0,0
3510,1562,182,11,3.449715855481994,3.1006721769516403,0,0
3511,1562,184,11,3.140722668641369,2.8844014677137015,0,0
3512,1562,186,11,3.347041304296926,3.0414596932765026,0,0
3513,1562,188,11,3.593987209494593,3.2034099516737813,0,0
3514,1562,190,11,3.939601043730007,3.4250956831473793,0,0
3515,1562,192,11,3.4694256117749314,3.088430508762519,0,0
3516,1562,194,11,3.2302538207185045,2.899884879071398,0,0
3517,1562,196,11,3.132393606624298,2.8284494423576767,0,0
3518,1562,198,11,3.0771133643762476,2.801649751428442,0,0
3519,1562,200,11,3.0042755168653845,2.7562714991763637,0,0
3520,1564,162,11,,,17,17
3521,1564,164,11,2.732451169816604,2.564620487334869,0,0
3522,1564,166,11,2.8152812260032083,2.627879688976383,0,0
3523,1564,168,11,2.909707531104965,2.6971161561747157,0,0
3524,1564,170,11,2.968578467200169,2.739701867011098,0,0
3525,1564,172,11,3.092748926780291,2.827975560534217,0,0
3526,1564,174,11,3.2727972876330775,2.9591668961833464,0,0
3527,1564,176,11,3.6258827618017793,3.2169015457414893,0,0
3528,1564,178,11,3.891546657283266,3.404379637459573,0,0
3529,1564,180,11,3.949507645581994,3.4400867518319473,0,0
3530,1564,182,11,3.936442355171817,3.41925721039125,0,0
3531,1564,184,11,3.721859269431805,3.2735798818020263,0,0
3532,1564,186,11,3.9569368979890696,3.44339222114875,0,0
3533,1564,188,11,3.9756661579129653,3.460625063596943,0,0
3534,1564,190,11,3.6965371666214244,3.269662850090626,0,0
3535,1564,192,11,3.1631871268033063,2.885454333341217,0,0
3536,1564,194,11,2.8779539480123364,2.666699282993692,0,0
3537,1564,196,11,2.860034605448926,2.6520264232651147,0,0
3538,1564,198,11,2.9050285776732374,2.6846743714606256,0,0
3539,1564,200,11,2.86499166668633,2.652280735231101,0,0
3540,1564,202,11,2.8199581917222654,2.615961849382173,0,0
3541,1564,204,11,2.9547007149935727,2.735560269404423,0,0
3542,1566,162,11,3.1056635699273394,2.8412806306404397,0,0
3543,1566,164,11,3.1119358278754556,2.8347733107598625,0,0
3544,1566,166,11,3.167385065664789,2.8679508394482087,0,0
3545,1566,168,11,3.1914362802064664,2.8785750896721165,0,0
3546,1566,170,11,3.2083879742557526,2.897537636011752,0,0
3547,1566,172,11,3.3479291613816535,3.0014375836185896,0,0
3548,1566,174,11,3.3914791506510062,3.0353822527889984,0,0
3549,1566,176,11,3.343452292747884,2.998915291418589,0,0
3550,1566,178,11,3.328456374604471,2.988176906932498,0,0
3551,1566,180,11,3.3506174860248157,3.014690124045907,0,0
3552,1566,182,11,3.4433098041635093,3.0783225827222993,0,0
3553,1566,184,11,3.5530672649376274,3.1419946008248747,0,0
3554,1566,186,11,3.8428524926024394,3.3226901205058756,0,0
3555,1566,188,11,3.8640000691276097,3.329691245672186,0,0
3556,1566,190,11,3.624826403261952,3.2051626323027476,0,0
3557,1566,192,11,3.153920149831958,2.889471295041274,0,0
3558,1566,194,11,2.817848407731174,2.6295693616626705,0,0
3559,1566,196,11,2.7769786377811347,2.5857773395372607,0,0
3560,1566,198,11,2.7812933174321617,2.581108588048889,0,0
3561,1566,200,11,2.827309951714456,2.623165422700341,0,0
3562,1566,202,11,2.8726604040180703,2.664267922509033,0,0
3563,1566,204,11,3.245219893332131,2.9633885673561613,0,0
3564,1566,206,11,3.5431406818066713,3.1613677921886962,0,0
3565,1566,208,11,3.5189974325871853,3.1267189342139137,0,0
3566,1566,210,11,3.2597334854233,2.9507522208107786,0,0
3567,1568,164,11,3.0228872126026527,2.756073375868765,0,0
3568,1568,166,11,2.8214766913988143,2.602970043369195,0,0
3569,1568,168,11,2.702242757258082,2.5102677155268833,0,0
3570,1568,170,11,2.7530425637789655,2.5565394075524788,0,0
3571,1568,172,11,2.819601461534468,2.6063958001517165,0,0
3572,1568,174,11,2.8464189932720565,2.6276101812221717,0,0
3573,1568,176,11,2.839034173935041,2.6205545689663854,0,0
3574,1568,178,11,2.9380290704969,2.6963301752435065,0,0
3575,1568,180,11,3.0120332587222345,2.7585809115871958,0,0
3576,1568,182,11,3.0705537732477857,2.7965510309992987,0,0
3577,1568,184,11,3.1702217327511852,2.869917840856002,0,0
3578,1568,186,11,3.371581990335417,3.0148911079059824,0,0
3579,1568,188,11,3.7907658517005616,3.285306634527602,0,0
3580,1568,190,11,3.9976887352820656,3.389401319399839,0,0
3581,1568,192,11,3.5134943634551465,3.0905339505795224,0,0
3582,1568,194,11,3.044421226628409,2.7820811870996933,0,0
3583,1568,196,11,2.796315249509619,2.5992057701419626,0,0
3584,1568,198,11,2.74955974034321,2.564936022217498,0,0
3585,1568,200,11,2.7997706098310005,2.608949359608228,0,0
3586,1568,202,11,3.132749405827231,2.86407615850985,0,0
3587,1568,204,11,3.4657474136901896,3.107931431798071,0,0
3588,1568,206,11,3.401296712482699,3.042471261628654,0,0
3589,1568,208,11,3.0841319231241444,2.812343919960271,0,0
3590,1568,210,11,3.0144169087963943,2.7726673935274952,0,0
3591,1568,212,11,3.1080405430601323,2.837355749947684,0,0
3592,1568,214,11,3.081410528113851,2.818231562496224,0,0
3593,1568,216,11,3.0564684527642836,2.8154343563776734,0,0
3594,1568,218,11,3.347817057574567,3.0427605713068013,0,0
3595,1568,220,11,3.6114999939353964,3.2495414281306596,0,0
3596,1568,222,11,3.6693749981756922,3.2834828557236575,0,0
3597,1570,164,11,2.61780805283215,2.4567057953580633,0,0
3598,1570,166,11,2.4712128170522223,2.3369550560875547,0,0
3599,1570,168,11,2.4517580265899133,2.3205061500561093,0,0
3600,1570,170,11,2.5500831669306123,2.4032099645092853,0,0
3601,1570,172,11,2.5769126999921004,2.422553317114147,0,0
3602,1570,174,11,2.587880183362659,2.433345214088363,0,0
3603,1570,176,11,2.5891074984109816,2.431365022751736,0,0
3604,1570,178,11,2.703562258645049,2.520826201353375,0,0
3605,1570,180,11,2.819622606307131,2.6174670636184643,0,0
3606,1570,182,11,2.8940044009084818,2.6715023100316135,0,0
3607,1570,184,11,2.985179001834969,2.739913705564652,0,0
3608,1570,186,11,3.1855774135213264,2.8955702617398686,0,0
3609,1570,188,11,3.3667505774833346,3.0304359219853274,0,0
3610,1570,190,11,3.627066562079327,3.210998548284982,0,0
3611,1570,192,11,3.305533272863345,2.9610506005873165,0,0
3612,1570,194,11,3.3322704959688587,2.9625513047802654,0,0
3613,1570,196,11,3.2413871605954183,2.909547702876391,0,0
3614,1570,198,11,3.4569200694378566,3.1072126064042718,0,0
3615,1570,200,11,3.355517804695248,3.0437990058314193,0,0
3616,1570,202,11,3.5379135222545726,3.163212171977583,0,0
3617,1570,204,11,3.3964005650173315,3.057409247401061,0,0
3618,1570,206,11,2.999075560977237,2.7520682783678905,0,0
3619,1570,208,11,2.817866191926662,2.6186508320390893,0,0
3620,1570,210,11,3.0012979816323355,2.766130188376692,0,0
3621,1570,212,11,3.2263506705534724,2.9319542798328073,0,0
3622,1570,214,11,3.197938150513228,2.9178912326154514,0,0
3623,1570,216,11,3.331306874827652,3.034006270889201,0,0
3624,1570,218,11,3.7023001042435895,3.298626622299886,0,0
3625,1570,220,11,3.974444945477834,3.4982505543277704,0,0
3626,1570,222,11,3.8802257411081738,3.4162251085792614,0,0
3627,1570,224,11,3.695758667806475,3.2588358832257587,0,0
3628,1570,226,11,3.765445604584741,3.3040036712628207,0,0
3629,1570,228,11,3.7703980993099333,3.3060953240868174,0,0
3630,1570,230,11,3.686549750960645,3.25699751567288,0,0
3631,1570,232,11,3.5679241632064778,3.179362817789243,0,0
3632,1570,234,11,3.4618069857188423,3.108245421639521,0,0
3633,1572,164,11,2.4856144411981824,2.3488229567693115,0,0
3634,1572,166,11,2.4448231147557538,2.314212569208248,0,0
3635,1572,168,11,2.4928540424111865,2.353916868772604,0,0
3636,1572,170,11,2.5728653582305947,2.420386958109069,0,0
3637,1572,172,11,2.5325923694433814,2.3851013645863843,0,0
3638,1572,174,11,2.5095640692441195,2.366644693037629,0,0
3639,1572,176,11,2.553029319203774,2.3970922102699888,0,0
3640,1572,178,11,2.726188772183056,2.5355657198636923,0,0
3641,1572,180,11,2.8488247356424754,2.638776582389268,0,0
3642,1572,182,11,2.8805754424473013,2.660356166042525,0,0
3643,1572,184,11,2.902018600843198,2.6742831797807995,0,0
3644,1572,186,11,3.1419324753919486,2.861123146830802,0,0
3645,1572,188,11,3.253518941646454,2.944620367241185,0,0
3646,1572,190,11,3.200870788107282,2.9121152878136995,0,0
3647,1572,192,11,3.2230969047667775,2.9405940509111637,0,0
3648,1572,194,11,3.4330426481548164,3.076656354130047,0,0
3649,1572,196,11,3.9379474063462445,3.3868814124347884,0,0
3650,1572,198,11,4.106387863732087,3.481367402123456,0,0
3651,1572,200,11,3.874885224860542,3.3765267261481395,0,0
3652,1572,202,11,3.540817994753393,3.1706548961296472,0,0
3653,1572,204,11,2.9828514113980247,2.754086802020564,0,0
3654,1572,206,11,2.761184199255978,2.570526674430076,0,0
3655,1572,208,11,2.8184085820919296,2.6145465846937097,0,0
3656,1572,210,11,3.034986848388955,2.7812960012222745,0,0
3657,1572,212,11,3.377048677150622,3.0373637382620076,0,0
3658,1572,214,11,3.273903525400647,2.9703573982249214,0,0
3659,1572,216,11,3.6666802237887257,3.2777821055237633,0,0
3660,1572,218,11,4.012672894496416,3.5032753513400947,0,0
3661,1572,220,11,4.214647471196817,3.6489266488386387,0,0
3662,1572,222,11,4.007214465838915,3.4750229057847872,0,0
3663,1572,224,11,3.82823602701073,3.3180847755388836,0,0
3664,1572,226,11,3.8120432195497385,3.3062035372256604,0,0
3665,1572,228,11,3.7256431640587677,3.2453733803709515,0,0
3666,1572,230,11,3.638976685918334,3.2077837381144816,0,0
3667,1572,232,11,3.591263018502743,3.1953179873306103,0,0
3668,1572,234,11,3.3742054824979326,3.0455161972053117,0,0
3669,1572,236,11,3.290173541280655,2.9849802099466527,0,0
3670,1572,238,11,3.1029402376049076,2.835099021394402,0,0
3671,1572,240,11,3.059845463763082,2.8063261977959284,0,0
3672,1572,242,11,3.0583472423256826,2.792800492195044,0,0
3673,1574,166,11,2.5273343303507305,2.3824109672018863,0,0
3674,1574,168,11,2.5937617790261465,2.437255168355933,0,0
3675,1574,170,11,2.5822921024199137,2.428270555374587,0,0
3676,1574,172,11,2.5322842314923184,2.3879800805292515,0,0
3677,1574,174,11,2.3272173430942686,2.2137509306816328,0,0
3678,1574,176,11,2.509238880513457,2.3624995035321894,0,0
3679,1574,178,11,2.5893513339366074,2.4236475842479135,0,0
3680,1574,180,11,2.874796315663749,2.6585269189087493,0,0
3681,1574,182,11,2.9645144607978122,2.7281762689702975,0,0
3682,1574,184,11,3.00985923530403,2.768088809604015,0,0
3683,1574,186,11,3.0947486701781375,2.831185924993327,0,0
3684,1574,188,11,3.21711671960441,2.9295530465211828,0,0
3685,1574,190,11,3.114173448383263,2.848327134676018,0,0
3686,1574,192,11,3.1839349770471084,2.911490781022818,0,0
3687,1574,194,11,3.3712647555165667,3.054955153543647,0,0
3688,1574,196,11,3.6353661503307464,3.2294452731124825,0,0
3689,1574,198,11,3.8776891755454077,3.3783630960127082,0,0
3690,1574,200,11,3.9879908903935473,3.4321113344713368,0,0
3691,1574,202,11,3.6565572172771237,3.214857063767208,0,0
3692,1574,204,11,3.286645029406362,2.9845114002458963,0,0
3693,1574,206,11,3.0323995883196466,2.7961623724953553,0,0
3694,1574,208,11,3.0323761179659665,2.7826373075592925,0,0
3695,1574,210,11,3.324613057729561,3.0020017762461326,0,0
3696,1574,212,11,3.3674578140425124,3.0280604986496913,0,0
3697,1574,214,11,3.484151905540906,3.129566399308297,0,0
3698,1574,216,11,3.8933065382591363,3.435442533429617,0,0
3699,1574,218,11,4.327616933431495,3.7090637029144147,0,0
3700,1574,220,11,4.325638958607057,3.705032881917723,0,0
3701,1574,222,11,3.606038003713464,3.149401573255517,0,0
3702,1574,224,11,3.292900105328697,2.911089506920392,0,0
3703,1574,226,11,3.0227746054980256,2.716804567856606,0,0
3704,1574,228,11,3.3368773304379595,2.974123364372452,0,0
3705,1574,230,11,3.6445243880714284,3.2138538329857047,0,0
3706,1574,232,11,3.4658110104121196,3.1029813270390725,0,0
3707,1574,234,11,3.3397011486441452,3.0229206443416308,0,0
3708,1574,236,11,3.1899639548542726,2.909052790739782,0,0
3709,1574,238,11,3.0312742821997425,2.7731672881012184,0,0
3710,1574,240,11,3.1295975294556264,2.853109044178981,0,0
3711,1574,242,11,3.04844473433982,2.7669706127991622,0,0
3712,1576,166,11,2.8604240381099437,2.659906234959804,0,0
3713,1576,168,11,2.8556386686880293,2.654091197250188,0,0
3714,1576,170,11,2.833742648446018,2.6379133175700638,0,0
3715,1576,172,11,2.8039114237071843,2.6111869334156865,0,0
3716,1576,174,11,2.642510722799845,2.477281655846899,0,0
3717,1576,176,11,2.641571685125555,2.4752522542211297,0,0
3718,1576,178,11,2.7422320415782644,2.556809840117015,0,0
3719,1576,180,11,2.8401462450960033,2.637167565484054,0,0
3720,1576,182,11,2.955168875899928,2.7286893477601843,0,0
3721,1576,184,11,3.030730082194017,2.7900266701889502,0,0
3722,1576,186,11,3.006652449679539,2.7805015574435137,0,0
3723,1576,188,11,,,17,17
3724,1576,190,11,,,17,17
3725,1576,192,11,,,17,17
3726,1576,194,11,3.1576040233250935,2.9120951443906407,0,0
3727,1576,196,11,3.3550303633851453,3.0424911634265954,0,0
3728,1576,198,11,3.4993654098268565,3.1315040069719418,0,0
3729,1576,200,11,3.827159262181846,3.3634522056741725,0,0
3730,1576,202,11,4.140522120193013,3.540518748289425,0,0
3731,1576,204,11,4.077973991715525,3.4904090311978435,0,0
3732,1576,206,11,3.840343848286199,3.3376283828483615,0,0
3733,1576,208,11,3.756044174480789,3.304378799050557,0,0
3734,1576,210,11,3.596722686336146,3.2092589953092516,0,0
3735,1576,212,11,3.440504906901776,3.076293789012484,0,0
3736,1576,214,11,3.606754340000395,3.200677369826792,0,0
3737,1576,216,11,3.966393699001179,3.471354868433052,0,0
3738,1576,218,11,4.329059275454658,3.723000067487678,0,0
3739,1576,220,11,4.297688514448062,3.7142494702793827,0,0
3740,1576,222,11,4.335296722096056,3.691297514860378,0,0
3741,1576,224,11,3.6705980760482113,3.1972719363859046,0,0
3742,1576,226,11,3.396261468233242,2.9906695219435955,0,0
3743,1576,228,11,3.2906413846784948,2.9262730933852836,0,0
3744,1576,230,11,3.4297526324449126,3.0670559585880413,0,0
3745,1576,232,11,3.3925374855921793,3.0582375611880956,0,0
3746,1576,234,11,3.3703675102305213,3.0505953303237794,0,0
3747,1576,236,11,3.316483176285272,3.0133698080141613,0,0
3748,1576,238,11,3.1519007949482774,2.8627633168764217,0,0
3749,1576,240,11,2.9070036085817144,2.6540167976797346,0,0
3750,1578,166,11,3.0210320715127152,2.783075556279132,0,0
3751,1578,168,11,3.1065503708352207,2.8490132508268244,0,0
3752,1578,170,11,3.027094471824381,2.783654947140936,0,0
3753,1578,172,11,3.0267104001604026,2.780896442947261,0,0
3754,1578,174,11,2.9496593174226784,2.7170440726243013,0,0
3755,1578,176,11,2.907287995679449,2.682010771910194,0,0
3756,1578,178,11,2.920663928294251,2.6956103871027217,0,0
3757,1578,180,11,2.967238359313885,2.739490336462705,0,0
3758,1578,182,11,3.0403195359853643,2.7959444645714617,0,0
3759,1578,184,11,3.0198095739609396,2.7882602427354963,0,0
3760,1578,186,11,2.9512071033059835,2.741781394688473,0,0
3761,1578,188,11,,,17,17
3762,1578,190,11,2.810631550830219,2.6254793340320273,0,0
3763,1578,192,11,2.8211261241036056,2.621689046578679,0,0
3764,1578,194,11,2.90882200124038,2.678733136893018,0,0
3765,1578,196,11,3.1168885827598043,2.8287425416549743,0,0
3766,1578,198,11,3.3688094377790003,3.0104079392778305,0,0
3767,1578,200,11,3.6662493020271016,3.215414397779859,0,0
3768,1578,202,11,3.9437985810384624,3.377940257315835,0,0
3769,1578,204,11,4.281574453415003,3.569653048692285,0,0
3770,1578,206,11,4.878926794841928,3.8402716325370796,0,0
3771,1578,208,11,4.759324093658789,3.755708309544317,0,0
3772,1578,210,11,4.395684852723294,3.6221134662628174,0,0
3773,1578,212,11,4.201239503260461,3.545916926635112,0,0
3774,1578,214,11,4.067899671319103,3.4902092947174084,0,0
3775,1578,216,11,4.145031040585891,3.549794837440179,0,0
3776,1578,218,11,4.559339710254202,3.822668756736836,0,0
3777,1578,220,11,4.556313603087487,3.821580928010839,0,0
3778,1578,222,11,4.554159351141836,3.7509458373999998,0,0
3779,1578,224,11,4.314751093064478,3.577071450585782,0,0
3780,1578,226,11,4.112396381430552,3.440668931981652,0,0
3781,1578,228,11,3.606127498803564,3.0827198674616545,0,0
3782,1578,230,11,3.359003076405195,2.9715633754909363,0,0
3783,1578,232,11,3.433598220849606,3.0741497133550286,0,0
3784,1578,234,11,3.3552940196625496,3.029039781496107,0,0
3785,1578,236,11,3.1406255787143724,2.8500347126797054,0,0
3786,1578,238,11,2.421241458093971,2.232022656242582,0,0
3787,1578,240,11,1.865194340495826,1.7455154504870078,0,0
3788,1580,168,11,2.980354326351965,2.7225131122629995,0,0
3789,1580,170,11,2.9367790422523727,2.7017339135481286,0,0
3790,1580,172,11,2.8391425114350417,2.637652419709999,0,0
3791,1580,174,11,2.817120036838396,2.6252932714603854,0,0
3792,1580,176,11,2.9031520836189375,2.691764639145209,0,0
3793,1580,178,11,3.0745736052715897,2.8245054816314283,0,0
3794,1580,180,11,3.142740881409569,2.881602346258291,0,0
3795,1580,182,11,3.129520253692265,2.87630622809556,0,0
3796,1580,184,11,3.081740851354893,2.8441986877034138,0,0
3797,1580,186,11,2.9856342763569383,2.7611176710458665,0,0
3798,1580,188,11,2.9799866269901663,2.741501981638234,0,0
3799,1580,190,11,2.990469122532408,2.7273451344204482,0,0
3800,1580,192,11,3.0422317978860196,2.759132383475264,0,0
3801,1580,194,11,3.1020759134250713,2.813049384283627,0,0
3802,1580,196,11,3.3359940662460565,2.984095653186562,0,0
3803,1580,198,11,3.488348608039937,3.087179747823314,0,0
3804,1580,200,11,3.564624387983376,3.1246030765415367,0,0
3805,1580,202,11,3.6597218167872234,3.1757379791002354,0,0
3806,1580,204,11,3.629635876847591,3.1533999696556587,0,0
3807,1580,206,11,3.8021376356154604,3.2349041275620865,0,0
3808,1580,208,11,4.228162155143752,3.47411160434637,0,0
3809,1580,210,11,4.595053968630159,3.695554019090202,0,0
3810,1580,212,11,4.683709067422442,3.7362655248397436,0,0
3811,1580,214,11,4.781702753365409,3.820465335498542,0,0
3812,1580,216,11,4.8822350752485875,3.9126750261062258,0,0
3813,1580,218,11,4.852861720144289,3.920321186647282,0,0
3814,1580,220,11,4.709221909550959,3.899481357703055,0,0
3815,1580,222,11,4.348798087974244,3.606008598792802,0,0
3816,1580,224,11,4.047474536343084,3.3498693462644935,0,0
3817,1580,226,11,3.9255828050911434,3.2679480097958225,0,0
3818,1580,228,11,3.853927983878791,3.2304996962632315,0,0
3819,1580,230,11,3.582795026176509,3.0876106778082426,0,0
3820,1580,232,11,3.3736820904678697,2.9858337836695745,0,0
3821,1580,234,11,3.2996565466388756,2.9468511910678497,0,0
3822,1580,236,11,2.474195041878867,2.285612642119972,0,0
3823,1580,238,11,1.7708507631992676,1.674809095942184,0,0
3824,1580,240,11,1.4389197388231114,1.3748814198690402,0,0
3825,1582,168,11,2.8467175594700787,2.6179746197205587,0,0
3826,1582,170,11,2.7774340045283807,2.5779496841131864,0,0
3827,1582,172,11,2.739201148262869,2.545831012901979,0,0
3828,1582,174,11,2.771546679681816,2.579744784596055,0,0
3829,1582,176,11,2.9534903133656045,2.7323640495958856,0,0
3830,1582,178,11,3.0347182614946813,2.8012161351194385,0,0
3831,1582,180,11,2.9917597465006787,2.7766622232713574,0,0
3832,1582,182,11,2.9814683233981647,2.764614275928793,0,0
3833,1582,184,11,2.986703198051474,2.7549505360059334,0,0
3834,1582,186,11,3.107536130255588,2.828609593527779,0,0
3835,1582,188,11,3.008548797130409,2.744462816741386,0,0
3836,1582,190,11,2.9337629484618253,2.6889838479288133,0,0
3837,1582,192,11,2.9921219719504055,2.743964126929058,0,0
3838,1582,194,11,3.157300298133501,2.864195302687617,0,0
3839,1582,196,11,3.2805030169202087,2.933677284570258,0,0
3840,1582,198,11,3.464811448616683,3.0569757123315373,0,0
3841,1582,200,11,3.3661969987518217,2.9937456380829937,0,0
3842,1582,202,11,3.267484219643229,2.908184596320594,0,0
3843,1582,204,11,3.310175804267354,2.9333202475307716,0,0
3844,1582,206,11,3.2434795999360264,2.8555273746090863,0,0
3845,1582,208,11,3.0933835303986847,2.7532480400149364,0,0
3846,1582,210,11,3.274062533204508,2.9097270931373367,0,0
3847,1582,212,11,3.4564072069805603,3.020969754173642,0,0
3848,1582,214,11,4.282888056202839,3.529508269461338,0,0
3849,1582,216,11,4.699392472943588,3.751172267968224,0,0
3850,1582,218,11,4.909774610046605,3.836758236425028,0,0
3851,1582,220,11,4.74010755053768,3.869580745670547,0,0
3852,1582,222,11,4.34312993134756,3.669955196241809,0,0
3853,1582,224,11,3.9692065339257767,3.381332564137605,0,0
3854,1582,226,11,3.7882027823556386,3.181582455367052,0,0
3855,1582,228,11,3.833963222120864,3.1431608143944194,0,0
3856,1582,230,11,4.067880251474871,3.3224630374871964,0,0
3857,1582,232,11,3.7826682838328396,3.172270946352354,0,0
3858,1582,234,11,3.105179176493773,2.7052648501709475,0,0
3859,1582,236,11,2.0516971816958027,1.909443139758684,0,0
3860,1582,238,11,1.5103549527517945,1.4506735995219293,0,0
3861,1584,172,11,2.7719672907457555,2.5844130465639052,0,0
3862,1584,174,11,2.8924837562304564,2.6818775497115532,0,0
3863,1584,176,11,2.929548075088219,2.7141477352384684,0,0
3864,1584,178,11,2.93300105275481,2.7173328277023727,0,0
3865,1584,180,11,2.8653757220583573,2.6638485696643928,0,0
3866,1584,182,11,2.894384252623216,2.677924715186606,0,0
3867,1584,184,11,3.0480004401410987,2.783306502652627,0,0
3868,1584,186,11,2.956309906617856,2.7130004561581478,0,0
3869,1584,188,11,2.9783652478833242,2.7360080929921007,0,0
3870,1584,190,11,2.8030384805812902,2.5941085545454188,0,0
3871,1584,192,11,2.958729179799818,2.7166032667282747,0,0
3872,1584,194,11,3.1825445456680157,2.876086876687207,0,0
3873,1584,196,11,3.2827161151979496,2.932421021473194,0,0
3874,1584,198,11,3.164344531072558,2.8460148228953974,0,0
3875,1584,200,11,3.085156043925101,2.7846380899242367,0,0
3876,1584,202,11,3.168896033026813,2.831837913408595,0,0
3877,1584,204,11,3.2103668036590416,2.853585405057812,0,0
3878,1584,206,11,3.1212648264070357,2.782555083606202,0,0
3879,1584,208,11,2.870202903521535,2.6210914192470804,0,0
3880,1584,210,11,2.787580284087901,2.579839114636709,0,0
3881,1584,212,11,2.8252441752201736,2.5879178728376115,0,0
3882,1584,214,11,3.073196720316477,2.74704288669954,0,0
3883,1584,216,11,3.536916918020083,3.078269464759203,0,0
3884,1584,218,11,3.972284742072026,3.330390592565734,0,0
3885,1584,220,11,4.244633392079534,3.464918245744667,0,0
3886,1584,222,11,4.260945095995441,3.4595122999546097,0,0
3887,1584,224,11,4.223658467179471,3.4871347017654797,0,0
3888,1584,226,11,4.178223033798878,3.501337803858067,0,0
3889,1584,228,11,4.062133914194695,3.3638857193398337,0,0
3890,1584,230,11,4.122216352140205,3.311422497238364,0,0
3891,1584,232,11,3.899608091290128,3.1705002241943854,0,0
3892,1584,234,11,2.880294560917981,2.526251745049419,0,0
3893,1584,236,11,1.840079519536851,1.735853484181472,0,0
3894,1584,238,11,1.4115108061710746,1.3688577742839767,0,0
3895,1586,174,11,2.890426031799777,2.68388962664224,0,0
3896,1586,176,11,2.87165291431782,2.6697530249383465,0,0
3897,1586,178,11,2.887739691303318,2.671177944266723,0,0
3898,1586,180,11,2.9358063649801056,2.700396752740803,0,0
3899,1586,182,11,2.972524282341942,2.724845544748159,0,0
3900,1586,184,11,3.0861274341213623,2.80951258753551,0,0
3901,1586,186,11,3.019954497515318,2.7546000396703985,0,0
3902,1586,188,11,2.8291901665453514,2.610467048062637,0,0
3903,1586,190,11,2.7949583550054102,2.5855522569221057,0,0
3904,1586,192,11,3.049767192811406,2.7916726050786256,0,0
3905,1586,194,11,3.1718013842489046,2.8785222943716575,0,0
3906,1586,196,11,3.2214013920894007,2.909026292238331,0,0
3907,1586,198,11,3.003917645214951,2.7437640194475534,0,0
3908,1586,200,11,2.9355663349352334,2.6918201216976243,0,0
3909,1586,202,11,2.9850323225833706,2.7256678773226093,0,0
3910,1586,204,11,3.0597781497059784,2.7833999274342225,0,0
3911,1586,206,11,2.9808273939378633,2.71731235442906,0,0
3912,1586,208,11,2.863611652502146,2.6413201794327,0,0
3913,1586,210,11,2.7151493487312743,2.5402532993289357,0,0
3914,1586,212,11,2.638558564843847,2.475539113026873,0,0
3915,1586,214,11,2.752390307044759,2.5578786709421237,0,0
3916,1586,216,11,2.84400949780538,2.620933296193931,0,0
3917,1586,218,11,3.0999943918469386,2.790332267407158,0,0
3918,1586,220,11,3.394495703556365,3.015197797761032,0,0
3919,1586,222,11,3.6421077281486545,3.1630518748804057,0,0
3920,1586,224,11,3.956789077091923,3.324224174612586,0,0
3921,1586,226,11,4.002840605363505,3.331871937678452,0,0
3922,1586,228,11,4.455488823463802,3.5918667003385565,0,0
3923,1586,230,11,4.4630929752048685,3.5739323067959465,0,0
3924,1586,232,11,3.990660125595288,3.2334348967607816,0,0
3925,1586,234,11,2.678451011144699,2.3637055861353167,0,0
3926,1586,236,11,1.8102456044832664,1.714173027227514,0,0
3927,1588,178,11,2.940434305751835,2.697183694622277,0,0
3928,1588,180,11,2.9654354211586833,2.727979845641762,0,0
3929,1588,182,11,3.0133938141901893,2.761691359798773,0,0
3930,1588,184,11,2.8973022344191977,2.6567458943049544,0,0
3931,1588,186,11,2.8146780163926595,2.5890079573333984,0,0
3932,1588,188,11,2.613872614493242,2.444302809547409,0,0
3933,1588,190,11,2.6988013546055516,2.5215832684858923,0,0
3934,1588,192,11,2.8884909634074534,2.6672053327699863,0,0
3935,1588,194,11,3.2150338168631576,2.9078938731336104,0,0
3936,1588,196,11,3.181898624497087,2.883594185707971,0,0
3937,1588,198,11,3.022562742666371,2.765695282872785,0,0
3938,1588,200,11,2.8628099964412153,2.643212268771925,0,0
3939,1588,202,11,2.8493367486229104,2.629844772082036,0,0
3940,1588,204,11,2.8414084401649444,2.6273601454881708,0,0
3941,1588,206,11,2.828061906624625,2.61261690433505,0,0
3942,1588,208,11,2.7790551392033676,2.578998955521675,0,0
3943,1588,210,11,2.697265207663912,2.5258262702948664,0,0
3944,1588,212,11,2.5966655688230555,2.4454809089144174,0,0
3945,1588,214,11,2.6240529015719116,2.4657392537868437,0,0
3946,1588,216,11,2.7754532457941203,2.5695988252639546,0,0
3947,1588,218,11,2.907760838095542,2.642352936214273,0,0
3948,1588,220,11,3.2317236239917895,2.8956955689070774,0,0
3949,1588,222,11,3.2240163052090334,2.894798553507772,0,0
3950,1588,224,11,3.2355077886248718,2.8911179114067407,0,0
3951,1588,226,11,3.4449231043365014,3.0010856057481794,0,0
3952,1588,228,11,3.6706486912749563,3.063919324572661,0,0
3953,1588,230,11,4.187339255479433,3.38505925703883,0,0
3954,1588,232,11,4.340614619698552,3.471327915088565,0,0
3955,1588,234,11,3.5335530044778136,2.947996368322689,0,0
3956,1588,236,11,2.3819830911233004,2.156494666701282,0,0
3957,1590,182,11,2.8687031811617323,2.6245588515222407,0,0
3958,1590,184,11,2.787473306862926,2.564445770410267,0,0
3959,1590,186,11,2.617360512881181,2.442946134246688,0,0
3960,1590,188,11,2.484474750859355,2.3446094967024735,0,0
3961,1590,190,11,2.661978900954207,2.4855128460677536,0,0
3962,1590,192,11,2.819822120014354,2.6039464201252915,0,0
3963,1590,194,11,3.023797642842969,2.7659643931102633,0,0
3964,1590,196,11,3.0230259226596776,2.759893701118178,0,0
3965,1590,198,11,3.0072129077026557,2.751126648601278,0,0
3966,1590,200,11,2.966442527162588,2.7284236414808847,0,0
3967,1590,202,11,2.7699560797106675,2.5701199035473468,0,0
3968,1590,204,11,2.7070657707287906,2.525090456818642,0,0
3969,1590,206,11,2.6082805224690175,2.4437633713579006,0,0
3970,1590,208,11,2.592469510278671,2.4350818029406662,0,0
3971,1590,210,11,2.5066409748518006,2.3700112927971637,0,0
3972,1590,212,11,2.577290413390139,2.4238902272044363,0,0
3973,1590,214,11,2.651992928633659,2.45879822440069,0,0
3974,1590,216,11,2.817382816944091,2.5540531188572357,0,0
3975,1590,218,11,3.2443137740052403,2.8467893884780158,0,0
3976,1590,220,11,3.227633292249843,2.8750402318436055,0,0
3977,1590,222,11,3.174124698494472,2.855402551968325,0,0
3978,1590,224,11,3.0173066055926774,2.7423577294521864,0,0
3979,1590,226,11,3.0264585949165785,2.735233301906365,0,0
3980,1590,228,11,3.1123874946829857,2.7508839719294063,0,0
3981,1590,230,11,3.5039121380737295,2.9747143773057396,0,0
3982,1590,232,11,3.676050803696395,3.0668410487589646,0,0
3983,1590,234,11,3.8984751139286256,3.206529147765914,0,0
3984,1590,236,11,3.833706505202876,3.1777521889899303,0,0
3985,1592,184,11,2.548739503526765,2.390323110065222,0,0
3986,1592,186,11,2.372783085457836,2.250971799884055,0,0
3987,1592,188,11,2.4866009309815893,2.3538084116994904,0,0
3988,1592,190,11,2.678059846888104,2.5021750897670447,0,0
3989,1592,192,11,2.8614511060158754,2.643327898852998,0,0
3990,1592,194,11,2.756211412265114,2.563513768241061,0,0
3991,1592,196,11,2.757245226475244,2.563570807350382,0,0
3992,1592,198,11,2.8919241003085525,2.6704991838248864,0,0
3993,1592,200,11,2.907501320672519,2.688157012154719,0,0
3994,1592,202,11,2.8175781280116166,2.616295680472718,0,0
3995,1592,204,11,2.619617669277368,2.4637336413140725,0,0
3996,1592,206,11,2.4923807472840624,2.3566718833006646,0,0
3997,1592,208,11,,,17,17
3998,1592,210,11,2.51712254282739,2.384504769243191,0,0
3999,1592,212,11,2.618053285642725,2.458718000524978,0,0
4000,1592,214,11,2.8023090795463723,2.587343268302096,0,0
4001,1592,216,11,2.8976850259200146,2.643257063525736,0,0
4002,1592,218,11,3.0488314011090623,2.738456317548511,0,0
4003,1592,220,11,3.128156150217355,2.8117201322408607,0,0
4004,1592,222,11,3.0717323974075113,2.7851404970837734,0,0
4005,1592,224,11,2.8767007562435043,2.6465659850914554,0,0
4006,1592,226,11,2.937778225500475,2.6961208280943354,0,0
4007,1592,228,11,3.036371825975754,2.7469945891177057,0,0
4008,1592,230,11,3.226452393278731,2.853166825359318,0,0
4009,1592,232,11,3.2874995162913088,2.8743451091441727,0,0
4010,1592,234,11,3.4907204217937475,2.991898944167364,0,0
4011,1594,188,11,2.5467144037906535,2.398712430554142,0,0
4012,1594,190,11,2.7295815629627245,2.537950240276452,0,0
4013,1594,192,11,2.809231392735966,2.5985507369329386,0,0
4014,1594,194,11,2.625409251889688,2.4536455045406336,0,0
4015,1594,196,11,2.5867997223069907,2.422309124946714,0,0
4016,1594,198,11,2.6636797160607677,2.49124265142308,0,0
4017,1594,200,11,2.7799172052807166,2.5875783887859245,0,0
4018,1594,202,11,2.736273522735705,2.549209099912894,0,0
4019,1594,204,11,2.673332478918697,2.5075348475870034,0,0
4020,1594,206,11,2.522867489736188,2.3829616910830027,0,0
4021,1594,208,11,2.5108770783929923,2.3733399778600313,0,0
4022,1594,210,11,2.5976085824420894,2.448321452214473,0,0
4023,1594,212,11,2.651625180734366,2.4862906828054934,0,0
4024,1594,214,11,2.741376200720626,2.551611952234199,0,0
4025,1594,216,11,2.8137092754475765,2.6111817289467703,0,0
4026,1594,218,11,3.015303354349309,2.7434524210507893,0,0
4027,1594,220,11,2.987741946855249,2.7110635692055602,0,0
4028,1594,222,11,2.986441164430898,2.714053335722196,0,0
4029,1596,192,11,2.762905920756777,2.563223602657921,0,0
4030,1596,194,11,2.6003880308595018,2.433811770740521,0,0
4031,1596,196,11,2.542556860712263,2.387391433297808,0,0
4032,1596,198,11,2.502477850337926,2.358685060000886,0,0
4033,1596,200,11,2.614938855787793,2.45882587853902,0,0
4034,1596,202,11,2.7131290756859445,2.5335311923586654,0,0
4035,1596,204,11,2.718558007021997,2.5432858360354706,0,0
4036,1690,238,10,3.8997756402836066,3.4483049745618035,0,0
4037,1690,240,10,4.147218054624577,3.57929574452933,0,0
4038,1690,242,10,4.15962165962976,3.5274021084584004,0,0
4039,1692,234,10,4.003354487742437,3.5148253396223335,0,0
4040,1692,236,10,4.010092851572052,3.5480998612703356,0,0
4041,1692,238,10,4.12584114139355,3.590517939236875,0,0
4042,1692,240,10,4.285682699933339,3.6646510938445767,0,0
4043,1692,242,10,4.30183098608795,3.6232230829015797,0,0
4044,1692,244,10,4.01866742656379,3.435226983937957,0,0
4045,1692,246,10,4.042919169329635,3.5071143215277014,0,0
4046,1694,230,10,4.471077477530773,3.7339090853684613,0,0
4047,1694,232,10,4.304737556567504,3.682790914944335,0,0
4048,1694,234,10,4.31411558003494,3.7289839655191623,0,0
4049,1694,236,10,4.076185559972954,3.5899552142974733,0,0
4050,1694,238,10,4.183203349420691,3.617629984948132,0,0
4051,1694,240,10,4.291394437550229,3.6591984684504384,0,0
4052,1694,242,10,4.287998603172684,3.608224502806416,0,0
4053,1694,244,10,4.000467644714629,3.433509766640975,0,0
4054,1694,246,10,4.194504161011167,3.6184046676603137,0,0
4055,1694,248,10,4.157496049508941,3.6144971958465213,0,0
4056,1694,250,10,4.25518535534199,3.6462079315092484,0,0
4057,1696,226,10,4.36269249775042,3.654749522480108,0,0
4058,1696,228,10,4.3605509420121855,3.6433848482991507,0,0
4059,1696,230,10,4.5094928179025935,3.749705057062686,0,0
4060,1696,232,10,4.457255666719577,3.7552938437766534,0,0
4061,1696,234,10,4.32688921727783,3.7150484675827786,0,0
4062,1696,236,10,4.404414394244424,3.8110735721895455,0,0
4063,1696,238,10,4.296173788927515,3.7185533935967343,0,0
4064,1696,240,10,4.3208505630408505,3.700250983384445,0,0
4065,1696,242,10,4.347313556712496,3.6650864838800334,0,0
4066,1696,244,10,4.222726408157146,3.6082066351630635,0,0
4067,1696,246,10,4.2693246140635015,3.6865414751335317,0,0
4068,1696,248,10,4.287421672829305,3.7075466211551382,0,0
4069,1696,250,10,4.3994728989489325,3.7629496854927256,0,0
4070,1696,252,10,4.359659055717487,3.720848433805776,0,0
4071,1696,254,10,4.279207028942879,3.667741451157705,0,0
4072,1696,256,10,4.1331781955127465,3.5549932672339697,0,0
4073,1698,224,10,4.328669199871948,3.6278160119235414,0,0
4074,1698,226,10,4.377119904926327,3.6732026817506274,0,0
4075,1698,228,10,4.338343721300403,3.6256060293597963,0,0
4076,1698,230,10,4.259444104054634,3.572698790244,0,0
4077,1698,232,10,4.333524165218546,3.628827522311129,0,0
4078,1698,234,10,4.332620079628271,3.6427154481202115,0,0
4079,1698,236,10,4.418089695401094,3.770626185576895,0,0
4080,1698,238,10,4.529761128271725,3.8477528244745667,0,0
4081,1698,240,10,4.445815118165736,3.7929257524568833,0,0
4082,1698,242,10,4.252386748778095,3.6157077337462233,0,0
4083,1698,244,10,4.266308973138382,3.6516885243466084,0,0
4084,1698,246,10,4.3478805038423465,3.7458522416795117,0,0
4085,1698,248,10,4.289907919598028,3.696847847389451,0,0
4086,1698,250,10,4.364470105199531,3.7363083547705425,0,0
4087,1698,252,10,4.301466914500841,3.687194172079563,0,0
4088,1698,254,10,4.063506064990271,3.5334548536313464,0,0
4089,1698,256,10,3.908314755585593,3.425635325991198,0,0
4090,1698,258,10,3.8496387759070267,3.336161362038062,0,0
4091,1698,260,10,3.887858441169369,3.2632831519103362,0,0
4092,1700,220,10,4.216876909198362,3.5841322359872367,0,0
4093,1700,222,10,4.148837568246892,3.522881774231999,0,0
4094,1700,224,10,4.203331273208077,3.555948088074199,0,0
4095,1700,226,10,4.25894208849939,3.6191899484776546,0,0
4096,1700,228,10,4.174656005889392,3.5262766396470293,0,0
4097,1700,230,10,4.265868447350659,3.576507999155905,0,0
4098,1700,232,10,4.23079755404286,3.5518563332218553,0,0
4099,1700,234,10,4.2824338563991295,3.5877046930333196,0,0
4100,1700,236,10,4.410967245056926,3.7014021069864502,0,0
4101,1700,238,10,4.524060462467035,3.8018256984613226,0,0
4102,1700,240,10,4.674942166386615,3.9209303695479396,0,0
4103,1700,242,10,4.271899183771813,3.677045539200132,0,0
4104,1700,244,10,4.254096628105335,3.6724544792565004,0,0
4105,1700,246,10,4.195421807256789,3.6553219194888213,0,0
4106,1700,248,10,4.2752805367475455,3.6816852085302516,0,0
4107,1700,250,10,4.301867153196065,3.7025063800367035,0,0
4108,1700,252,10,4.283618853597555,3.6989611328785825,0,0
4109,1700,254,10,3.879943768740493,3.4274837077827818,0,0
4110,1700,256,10,3.5883996466253545,3.2309710230583466,0,0
4111,1700,258,10,3.4010638833494893,3.0909055062568513,0,0
4112,1700,260,10,3.3746468385242903,3.0259912258447974,0,0
4113,1700,262,10,3.5461224658042734,3.105769051873428,0,0
4114,1700,264,10,4.032727284946707,3.3961775088041617,0,0
4115,1702,216,10,4.160309882524272,3.6050686013374933,0,0
4116,1702,218,10,4.16068746574298,3.581447248196782,0,0
4117,1702,220,10,4.258395056573637,3.6307548156276344,0,0
4118,1702,222,10,4.224876872491739,3.577659559976906,0,0
4119,1702,224,10,4.232292380250493,3.592566977843074,0,0
4120,1702,226,10,4.337430126262906,3.6759784538487925,0,0
4121,1702,228,10,4.2674310992476325,3.617270094187332,0,0
4122,1702,230,10,4.367271575599972,3.668785913646681,0,0
4123,1702,232,10,4.289636075599349,3.6069876462954023,0,0
4124,1702,234,10,4.279209120073408,3.5851217956445725,0,0
4125,1702,236,10,4.36471288116587,3.6559577954545848,0,0
4126,1702,238,10,4.545992656081001,3.763927538927612,0,0
4127,1702,240,10,4.437929832287182,3.7351288446436897,0,0
4128,1702,242,10,4.386060641682593,3.7400796076631906,0,0
4129,1702,244,10,4.457897925534299,3.8327784855576144,0,0
4130,1702,246,10,4.247572977495324,3.6983101417869775,0,0
4131,1702,248,10,4.327822882076314,3.7343780722174764,0,0
4132,1702,250,10,4.287321061959363,3.7158563553031256,0,0
4133,1702,252,10,4.17869898971107,3.6524876155900903,0,0
4134,1702,254,10,3.9864147105069487,3.5204197070720236,0,0
4135,1702,256,10,3.487461365099934,3.167505208181287,0,0
4136,1702,258,10,,,17,17
4137,1702,260,10,,,17,17
4138,1702,262,10,3.2078609675326986,2.952978576738563,0,0
4139,1702,264,10,3.4785727077818356,3.1179063845825117,0,0
4140,1702,266,10,3.949717513532811,3.3678107170215474,0,0
4141,1702,268,10,4.410402714666291,3.58379000324748,0,0
4142,1704,212,10,3.961156572784459,3.365442903206682,0,0
4143,1704,214,10,4.051073697497061,3.4793724797962615,0,0
4144,1704,216,10,4.109790954142341,3.566615381401207,0,0
4145,1704,218,10,4.1006028839111455,3.53752149855211,0,0
4146,1704,220,10,4.249605625114558,3.614328735844272,0,0
4147,1704,222,10,4.297876102271565,3.6089526648462233,0,0
4148,1704,224,10,4.223297781354635,3.558576434043133,0,0
4149,1704,226,10,4.268303145577051,3.6074272511654795,0,0
4150,1704,228,10,4.332888478833564,3.6505696723383907,0,0
4151,1704,230,10,4.485040652794929,3.7465374999369776,0,0
4152,1704,232,10,4.56451677279607,3.7866621633883004,0,0
4153,1704,234,10,4.443276501895412,3.6932251733831998,0,0
4154,1704,236,10,4.427399915593863,3.687326296354666,0,0
4155,1704,238,10,4.489393299695858,3.7128511031893505,0,0
4156,1704,240,10,4.5139201600045995,3.7313851860593865,0,0
4157,1704,242,10,4.379635307480028,3.6646724290042316,0,0
4158,1704,244,10,4.436491252058088,3.7576265042337655,0,0
4159,1704,246,10,4.496213488705494,3.8538400695530766,0,0
4160,1704,248,10,4.319382104210681,3.7400002219320387,0,0
4161,1704,250,10,4.219507462118725,3.6673182420311377,0,0
4162,1704,252,10,4.114433936756141,3.6006486384293557,0,0
4163,1704,254,10,4.004102009641982,3.529820022822121,0,0
4164,1704,256,10,3.594314836567948,3.2400298158012584,0,0
4165,1704,258,10,3.298562440935928,3.0226644927189654,0,0
4166,1704,260,10,,,17,17
4167,1704,262,10,,,17,17
4168,1704,264,10,3.3183675547225584,3.0068309503266644,0,0
4169,1704,266,10,3.746646767330245,3.232982476326187,0,0
4170,1704,268,10,4.414323099721294,3.5720728545348273,0,0
4171,1704,270,10,4.515254902844913,3.605753478396535,0,0
4172,1704,272,10,4.35641907934041,3.6058544167076647,0,0
4173,1704,274,10,4.623840576414289,3.872443185449719,0,0
4174,1706,208,10,4.008333365567937,3.4323922307566375,0,0
4175,1706,210,10,4.040488429984743,3.4595956344260723,0,0
4176,1706,212,10,4.104512952803443,3.4784713486493644,0,0
4177,1706,214,10,3.872992982584703,3.362302699325585,0,0
4178,1706,216,10,4.013177646229115,3.4973090397734596,0,0
4179,1706,218,10,3.9547892750792197,3.4617511217038364,0,0
4180,1706,220,10,4.101140049075988,3.539088654575143,0,0
4181,1706,222,10,4.192699295755176,3.5562532487524896,0,0
4182,1706,224,10,4.13692672633804,3.511389514468339,0,0
4183,1706,226,10,4.2736440361658845,3.628821016564911,0,0
4184,1706,228,10,4.387585765804897,3.7138598454610703,0,0
4185,1706,230,10,4.423568149103313,3.7249140591674403,0,0
4186,1706,232,10,4.475979395871995,3.7457419364707447,0,0
4187,1706,234,10,4.541011487580046,3.7933648504449176,0,0
4188,1706,236,10,4.503369236562691,3.7756647067738607,0,0
4189,1706,238,10,4.365724993369449,3.6525756961979052,0,0
4190,1706,240,10,4.2195676963998485,3.543191277735531,0,0
4191,1706,242,10,4.32029006799578,3.5933859143697675,0,0
4192,1706,244,10,4.304610244429208,3.6188791191943555,0,0
4193,1706,246,10,4.363903210615635,3.7312794271341123,0,0
4194,1706,248,10,4.469803766775685,3.845298439979221,0,0
4195,1706,250,10,4.162845791519466,3.6476155585459082,0,0
4196,1706,252,10,4.020648405377102,3.5532938467356767,0,0
4197,1706,254,10,3.9044675662108816,3.4733205612833538,0,0
4198,1706,256,10,3.553505794774901,3.2195538873525864,0,0
4199,1706,258,10,3.392564795565942,3.10115173496346,0,0
4200,1706,260,10,,,17,17
4201,1706,262,10,,,17,17
4202,1706,264,10,3.2868531779269925,2.987316908414045,0,0
4203,1706,266,10,3.770826243219586,3.2575231525637487,0,0
4204,1706,268,10,4.408083526510649,3.5997344613154394,0,0
4205,1706,270,10,4.414088419354977,3.553140130395578,0,0
4206,1706,272,10,4.318786162776516,3.536545919424725,0,0
4207,1706,274,10,4.6039624924948575,3.8358909422968215,0,0
4208,1706,276,10,4.530248964796761,3.8594218658707917,0,0
4209,1706,278,10,3.8726210844748126,3.4092447029551187,0,0
4210,1708,206,10,4.07761001431534,3.525643447767419,0,0
4211,1708,208,10,4.038971967814198,3.4844763058025388,0,0
4212,1708,210,10,4.11870421750399,3.5488954890306053,0,0
4213,1708,212,10,4.115100437469202,3.516550435648336,0,0
4214,1708,214,10,3.8218478220792202,3.3154065515727242,0,0
4215,1708,216,10,3.886815671276097,3.4104922455912967,0,0
4216,1708,218,10,3.9189573270933438,3.4399697695167273,0,0
4217,1708,220,10,4.007590747920449,3.4945200892035713,0,0
4218,1708,222,10,4.137713366356758,3.5349611464595334,0,0
4219,1708,224,10,4.011140895049909,3.433535826804582,0,0
4220,1708,226,10,4.206078623917682,3.6081298191296263,0,0
4221,1708,228,10,4.275964959971174,3.667040021267529,0,0
4222,1708,230,10,4.318868354344486,3.6736882096041894,0,0
4223,1708,232,10,4.48345644585617,3.7764681290431703,0,0
4224,1708,234,10,4.5951822255912695,3.8512602821402804,0,0
4225,1708,236,10,4.558149931206102,3.8406729568311753,0,0
4226,1708,238,10,4.505647698609097,3.7560192872580145,0,0
4227,1708,240,10,4.336646910737495,3.6331920516121516,0,0
4228,1708,242,10,4.281072765612318,3.5733990395688213,0,0
4229,1708,244,10,4.453620557336331,3.687035920704572,0,0
4230,1708,246,10,4.434320546555033,3.7178765711260513,0,0
4231,1708,248,10,4.3448879820107855,3.718302000408257,0,0
4232,1708,250,10,4.343392766739951,3.7767773622468637,0,0
4233,1708,252,10,4.03464528671257,3.587499237670896,0,0
4234,1708,254,10,3.781359912824763,3.3981828166685584,0,0
4235,1708,256,10,3.52662478339747,3.208228637868334,0,0
4236,1708,258,10,3.4870867630540823,3.1845980758091916,0,0
4237,1708,260,10,,,17,17
4238,1708,262,10,3.4238073247557934,3.116679071624153,0,0
4239,1708,264,10,3.4113524774563238,3.064250971050472,0,0
4240,1708,266,10,3.975772974140734,3.3687681346032385,0,0
4241,1708,268,10,4.337905126942955,3.568453768721374,0,0
4242,1708,270,10,4.358454894015243,3.5312649534480847,0,0
4243,1708,272,10,4.398109430062618,3.546242982273604,0,0
4244,1708,274,10,4.5762070766749074,3.782708030278541,0,0
4245,1708,276,10,4.570684316484996,3.8815958484272906,0,0
4246,1708,278,10,4.112179574394705,3.6014330324300845,0,0
4247,1710,202,10,4.149796038233505,3.543753946267514,0,0
4248,1710,204,10,4.264851324465322,3.6428894315856084,0,0
4249,1710,206,10,4.302624788785845,3.658476224357872,0,0
4250,1710,208,10,4.327335774475752,3.681707506852299,0,0
4251,1710,210,10,4.337559023686561,3.704658471511637,0,0
4252,1710,212,10,4.377070537651186,3.7098453993781355,0,0
4253,1710,214,10,4.225783189436002,3.5867052196226195,0,0
4254,1710,216,10,4.082237855688064,3.5398834422886933,0,0
4255,1710,218,10,4.063261896227256,3.5223355839573944,0,0
4256,1710,220,10,4.026008203943995,3.516696742449881,0,0
4257,1710,222,10,4.200305566334529,3.5884974852659743,0,0
4258,1710,224,10,3.922548225393493,3.376368380145543,0,0
4259,1710,226,10,4.025733830458248,3.489743292061316,0,0
4260,1710,228,10,4.137397943525635,3.5751960489094388,0,0
4261,1710,230,10,4.181797929021678,3.584709536734354,0,0
4262,1710,232,10,4.4274976827100385,3.739033775560297,0,0
4263,1710,234,10,4.555794238905467,3.833458707407347,0,0
4264,1710,236,10,4.556637148148474,3.8353425226751794,0,0
4265,1710,238,10,4.524566769675995,3.7637250186616975,0,0
4266,1710,240,10,4.552281863735729,3.7649562304174404,0,0
4267,1710,242,10,4.512964781173215,3.7152419461311483,0,0
4268,1710,244,10,4.551029085627221,3.7415527061042324,0,0
4269,1710,246,10,4.615446966562125,3.801389708299479,0,0
4270,1710,248,10,4.5160783020672906,3.7534234567884237,0,0
4271,1710,250,10,4.496318817516366,3.8191684643578117,0,0
4272,1710,252,10,4.377392951160988,3.80127099147228,0,0
4273,1710,254,10,4.153382019678919,3.66661914973249,0,0
4274,1710,256,10,3.854702241395973,3.4508713530137984,0,0
4275,1710,258,10,3.7793589191963957,3.4003560251248666,0,0
4276,1710,260,10,3.7683075904966246,3.385087991037584,0,0
4277,1710,262,10,3.8222740017410786,3.3656973691327448,0,0
4278,1710,264,10,3.729025289232227,3.22911151662865,0,0
4279,1710,266,10,4.344039913654343,3.560122856156398,0,0
4280,1710,268,10,4.340581199728297,3.540437744935591,0,0
4281,1710,270,10,4.363615920461843,3.518446859409016,0,0
4282,1710,272,10,4.484091881063836,3.545209934769287,0,0
4283,1710,274,10,4.895143582066256,3.8396482741952105,0,0
4284,1710,276,10,5.05472683607582,3.9319434528546333,0,0
4285,1710,278,10,4.857319181977126,3.7716204187882165,0,0
4286,1710,280,10,4.587015459684498,3.508457336031182,0,0
4287,1712,198,10,4.074290416176548,3.521227383679296,0,0
4288,1712,200,10,4.147111885184294,3.566762695169158,0,0
4289,1712,202,10,4.122005657381514,3.5317266130375025,0,0
4290,1712,204,10,4.151367526246229,3.575970614232762,0,0
4291,1712,206,10,4.203028677938081,3.602483170625761,0,0
4292,1712,208,10,4.290896196012951,3.6588014241537925,0,0
4293,1712,210,10,4.285803674469971,3.6610106616478375,0,0
4294,1712,212,10,4.350701355796943,3.6808937691353463,0,0
4295,1712,214,10,4.376919839203205,3.6883139186155027,0,0
4296,1712,216,10,4.236374916107791,3.6090060631868206,0,0
4297,1712,218,10,4.310568228646464,3.6611000010598254,0,0
4298,1712,220,10,4.391216965421374,3.7430110375203465,0,0
4299,1712,222,10,4.445485290851394,3.7718327743607594,0,0
4300,1712,224,10,4.03511970499882,3.4875966659651203,0,0
4301,1712,226,10,4.0665751437059106,3.5459782318703277,0,0
4302,1712,228,10,4.10800183859932,3.5742910475957963,0,0
4303,1712,230,10,4.040813244256246,3.5085852779324673,0,0
4304,1712,232,10,4.316190973499638,3.6899987194992976,0,0
4305,1712,234,10,4.415971941485681,3.773087042199091,0,0
4306,1712,236,10,4.503090238217548,3.8343962610387345,0,0
4307,1712,238,10,4.5535324497279985,3.803065965767485,0,0
4308,1712,240,10,4.528826687718057,3.772701452822106,0,0
4309,1712,242,10,4.586843967247026,3.770061595197459,0,0
4310,1712,244,10,4.691715075739764,3.853978400489904,0,0
4311,1712,246,10,4.5971879766299235,3.8001010464438165,0,0
4312,1712,248,10,4.605243268257659,3.789328480920137,0,0
4313,1712,250,10,4.657182412531326,3.848870767866549,0,0
4314,1712,252,10,4.778940978184916,4.011461378494446,0,0
4315,1712,254,10,4.738532737114171,4.042991554058161,0,0
4316,1712,256,10,4.567409170718118,3.9454356095391074,0,0
4317,1712,258,10,4.402430761402755,3.778492119123417,0,0
4318,1712,260,10,4.196515471715799,3.5694639527465504,0,0
4319,1712,262,10,4.2159362681622055,3.471843283159858,0,0
4320,1712,264,10,4.416343751593331,3.5736244043825764,0,0
4321,1712,266,10,4.617390129412235,3.7087918699316056,0,0
4322,1712,268,10,4.545470714592399,3.6237441615020423,0,0
4323,1712,270,10,4.717272658902555,3.653689868904444,0,0
4324,1712,272,10,4.9338988426401285,3.684436859452381,0,0
4325,1712,274,10,5.036793199342119,3.6692881079718873,0,0
4326,1712,276,10,5.216081923551642,3.675200370944209,0,0
4327,1712,278,10,5.321305126205667,3.6932935316131137,0,0
4328,1712,280,10,5.215370893868351,3.697788137257848,0,0
4329,1714,196,10,4.128142193570802,3.567884788368194,0,0
4330,1714,198,10,4.21256411193083,3.6169387367107313,0,0
4331,1714,200,10,4.1224455610109905,3.553472713130277,0,0
4332,1714,202,10,4.002347252425838,3.478764313922271,0,0
4333,1714,204,10,4.095325589954527,3.570470497793871,0,0
4334,1714,206,10,4.063128843476254,3.5481985766842308,0,0
4335,1714,208,10,3.9785501352914396,3.4688941539494325,0,0
4336,1714,210,10,4.006380314667562,3.4792109238314453,0,0
4337,1714,212,10,4.0471215929988125,3.4691705948267226,0,0
4338,1714,214,10,4.1926565104893525,3.5666456823694412,0,0
4339,1714,216,10,4.3074440954955175,3.648868603687836,0,0
4340,1714,218,10,4.316258465418984,3.6269564072612974,0,0
4341,1714,220,10,4.335845125700535,3.6360692334069387,0,0
4342,1714,222,10,4.367753512662518,3.6583628284154988,0,0
4343,1714,224,10,4.205406906730525,3.5636079276261667,0,0
4344,1714,226,10,4.357506548515938,3.711570672955873,0,0
4345,1714,228,10,4.404210024665658,3.753810681794819,0,0
4346,1714,230,10,4.2126023505780905,3.638773832688869,0,0
4347,1714,232,10,4.379812876708962,3.7500974079274902,0,0
4348,1714,234,10,4.338709558064236,3.7414609091206947,0,0
4349,1714,236,10,4.5920080818141535,3.9121853440443948,0,0
4350,1714,238,10,4.590812427194107,3.8543204956569133,0,0
4351,1714,240,10,4.55663735525007,3.799425149932342,0,0
4352,1714,242,10,4.604185426873187,3.783696504338168,0,0
4353,1714,244,10,4.783578330176664,3.92805813248166,0,0
4354,1714,246,10,4.741651941215218,3.8903922090796073,0,0
4355,1714,248,10,4.627836452245765,3.7883524132745694,0,0
4356,1714,250,10,4.730145260710324,3.8486252404984698,0,0
4357,1714,252,10,4.877657448544043,3.966694353485541,0,0
4358,1714,254,10,5.0959880715646895,4.171875172533211,0,0
4359,1714,256,10,5.120013158843269,4.222205952747015,0,0
4360,1714,258,10,4.845670211351327,3.9817102227461745,0,0
4361,1714,260,10,4.615625482406705,3.7244465432110503,0,0
4362,1714,262,10,4.663067859274917,3.63048822351497,0,0
4363,1714,264,10,4.788950911293213,3.6747975396632753,0,0
4364,1714,266,10,5.01552430412064,3.758576169968937,0,0
4365,1714,268,10,5.015805892072372,3.7007210818242684,0,0
4366,1714,270,10,5.285634024557451,3.7883047577113262,0,0
4367,1714,272,10,5.245839877237694,3.7953207038970915,0,0
4368,1714,274,10,5.281009197235107,3.8966078769467134,0,0
4369,1714,276,10,5.0833015131460435,3.847435399265621,0,0
4370,1714,278,10,4.865330187163801,3.732036369138136,0,0
4371,1714,280,10,4.754505361828244,3.646386110389205,0,0
4372,1714,282,10,4.736419872720118,3.588328231089173,0,0
4373,1716,192,10,3.961959424992093,3.458299611101581,0,0
4374,1716,194,10,4.073301370301366,3.53840108723344,0,0
4375,1716,196,10,4.096209513730643,3.5487991248238866,0,0
4376,1716,198,10,4.027083018069078,3.497430257257746,0,0
4377,1716,200,10,3.8664271084202184,3.408666671803584,0,0
4378,1716,202,10,3.9557014832357793,3.4786222911584606,0,0
4379,1716,204,10,3.798000528060378,3.386581308104054,0,0
4380,1716,206,10,3.9961130605970494,3.5014086207384576,0,0
4381,1716,208,10,4.111806990551227,3.5683971662188982,0,0
4382,1716,210,10,4.08640293115107,3.5460766393967993,0,0
4383,1716,212,10,4.07096627871954,3.4939807109499204,0,0
4384,1716,214,10,4.16662180533008,3.557619278135249,0,0
4385,1716,216,10,4.2801412773820156,3.6575311411794957,0,0
4386,1716,218,10,4.2506040357405945,3.608660622947351,0,0
4387,1716,220,10,4.238350633285677,3.5709019673187856,0,0
4388,1716,222,10,4.2437326554884445,3.538445221254478,0,0
4389,1716,224,10,4.363104709947375,3.604708451063338,0,0
4390,1716,226,10,4.458323357408759,3.694497523537218,0,0
4391,1716,228,10,4.465375847701738,3.7171327927533317,0,0
4392,1716,230,10,4.579695470517462,3.844069503771421,0,0
4393,1716,232,10,4.747008012225342,3.9937088520389743,0,0
4394,1716,234,10,4.440952550644958,3.8326443012710083,0,0
4395,1716,236,10,4.653488478235578,3.970033846217737,0,0
4396,1716,238,10,4.52076518522367,3.82671368041363,0,0
4397,1716,240,10,4.60428270345277,3.8405548270314402,0,0
4398,1716,242,10,4.6068588884704385,3.7990469131771967,0,0
4399,1716,244,10,4.744986854846937,3.919679629382488,0,0
4400,1716,246,10,4.736530308377786,3.8916238895118536,0,0
4401,1716,248,10,4.671273609603858,3.8170383428012595,0,0
4402,1716,250,10,4.6367363788310065,3.7686518506691047,0,0
4403,1716,252,10,4.782062252578935,3.869186592104555,0,0
4404,1716,254,10,4.951880395243863,3.9774235985263866,0,0
4405,1716,256,10,5.081733692125624,4.058188751909705,0,0
4406,1716,258,10,5.264071620133193,4.085986830332455,0,0
4407,1716,260,10,5.07665569039394,3.845642974178281,0,0
4408,1716,262,10,5.040535420082633,3.6893011356346284,0,0
4409,1716,264,10,5.158006892489612,3.720114146612414,0,0
4410,1716,266,10,5.3146070530356955,3.8414788145534238,0,0
4411,1716,268,10,5.199397113628756,3.854432451810744,0,0
4412,1716,270,10,5.114878187383372,3.8450412713974864,0,0
4413,1716,272,10,4.88509491809508,3.74229795622774,0,0
4414,1716,274,10,4.791289286623342,3.739536122790834,0,0
4415,1716,276,10,4.741515922045277,3.7424995653126563,0,0
4416,1716,278,10,4.6732540715624005,3.6180381466313536,0,0
4417,1716,280,10,4.566492064253513,3.493739151519356,0,0
4418,1716,282,10,4.676181405947341,3.50395271474849,0,0
4419,1718,188,10,3.692037771345452,3.3184768023792777,0,0
4420,1718,190,10,3.710045289518988,3.3137340287121777,0,0
4421,1718,192,10,4.0099663681426385,3.5102736220912596,0,0
4422,1718,194,10,3.932141252556863,3.467045542172012,0,0
4423,1718,196,10,4.032882511563593,3.5375072207315728,0,0
4424,1718,198,10,3.9638101324744173,3.48499595319651,0,0
4425,1718,200,10,3.620946643507071,3.250370599836818,0,0
4426,1718,202,10,3.771075414966216,3.368567437722946,0,0
4427,1718,204,10,3.7232461545764592,3.3480374735142178,0,0
4428,1718,206,10,3.8407501029744715,3.403353914638445,0,0
4429,1718,208,10,4.133015219929147,3.6012482407553015,0,0
4430,1718,210,10,4.147132672650859,3.6123599524087995,0,0
4431,1718,212,10,4.190416216937514,3.602971179944249,0,0
4432,1718,214,10,4.177165365338024,3.603489494898898,0,0
4433,1718,216,10,4.387889254111474,3.7784440481369326,0,0
4434,1718,218,10,4.349612126660358,3.7272178929132367,0,0
4435,1718,220,10,4.491413272046861,3.777643824794158,0,0
4436,1718,222,10,4.552073479455521,3.76228100086733,0,0
4437,1718,224,10,4.52482012081361,3.7435081959151653,0,0
4438,1718,226,10,4.655452565704712,3.829112672867813,0,0
4439,1718,228,10,4.697426965022069,3.8349956819146795,0,0
4440,1718,230,10,4.707923344453415,3.8532646445725725,0,0
4441,1718,232,10,4.604920590326816,3.844676209563794,0,0
4442,1718,234,10,4.770300612110892,4.019547696210577,0,0
4443,1718,236,10,4.822630452087508,4.101446064603349,0,0
4444,1718,238,10,4.582547587574315,3.8946391796330544,0,0
4445,1718,240,10,4.673144983520367,3.925221447576707,0,0
4446,1718,242,10,4.63446715584843,3.860116872930368,0,0
4447,1718,244,10,4.709959866003257,3.9235352223775015,0,0
4448,1718,246,10,4.672217813514053,3.870852281991219,0,0
4449,1718,248,10,4.623509593625408,3.808694799111427,0,0
4450,1718,250,10,4.6344446486110025,3.7903968424735877,0,0
4451,1718,252,10,4.780429967661954,3.8815387006987567,0,0
4452,1718,254,10,4.9859476378681915,3.948964110823277,0,0
4453,1718,256,10,5.121842736411416,3.9322274958796357,0,0
4454,1718,258,10,5.1498994993854375,3.85681708248696,0,0
4455,1718,260,10,5.070336530557551,3.8077550170986414,0,0
4456,1718,262,10,4.986599632445043,3.8080612740780717,0,0
4457,1718,264,10,4.927470662707912,3.8634681112936216,0,0
4458,1718,266,10,4.779830145468139,3.819521565244606,0,0
4459,1718,268,10,4.604685794418413,3.67923310061023,0,0
4460,1718,270,10,4.6470711711327874,3.6332464427006994,0,0
4461,1718,272,10,4.100196359633469,3.289236786373182,0,0
4462,1718,274,10,3.8398744641746294,3.2163417463579527,0,0
4463,1718,276,10,3.84353518628602,3.2805390097581597,0,0
4464,1718,278,10,3.7869154274171244,3.1894658633720336,0,0
4465,1718,280,10,4.341374336607407,3.430545705546885,0,0
4466,1718,282,10,4.619042970584137,3.483247776103422,0,0
4467,1720,186,10,3.530825063599366,3.1805879627885876,0,0
4468,1720,188,10,3.606300414329915,3.2534073738135434,0,0
4469,1720,190,10,3.5606059039413642,3.2047166436559213,0,0
4470,1720,192,10,3.913121566635907,3.443674377467338,0,0
4471,1720,194,10,4.000974319163281,3.513483755778408,0,0
4472,1720,196,10,4.081906447512746,3.5650848998346585,0,0
4473,1720,198,10,4.061349345441496,3.543482860733569,0,0
4474,1720,200,10,3.9276171135007805,3.441465580321377,0,0
4475,1720,202,10,3.8457479458899844,3.3974109640181465,0,0
4476,1720,204,10,3.918878497672166,3.466157588039558,0,0
4477,1720,206,10,3.827443451831382,3.396553257004936,0,0
4478,1720,208,10,4.169265491975379,3.626418723097119,0,0
4479,1720,210,10,4.115759230502624,3.597260034516059,0,0
4480,1720,212,10,4.307425025366315,3.6867800382525915,0,0
4481,1720,214,10,4.265800150905959,3.6689616552106172,0,0
4482,1720,216,10,4.44398227687856,3.8162538083004507,0,0
4483,1720,218,10,4.476496940790945,3.806276248348681,0,0
4484,1720,220,10,4.714153684310023,3.925805819070056,0,0
4485,1720,222,10,4.811330611011603,3.9410255464947155,0,0
4486,1720,224,10,4.8751820595948105,3.98362626789985,0,0
4487,1720,226,10,4.911438406705435,3.9967398624073134,0,0
4488,1720,228,10,4.743767021101403,3.860066715387016,0,0
4489,1720,230,10,4.81839736527592,3.8847200812049247,0,0
4490,1720,232,10,4.788781593474597,3.8758179810661444,0,0
4491,1720,234,10,4.732089499459086,3.8785997274739206,0,0
4492,1720,236,10,4.83580751855229,4.025553309152837,0,0
4493,1720,238,10,4.936751183978764,4.083899706380976,0,0
4494,1720,240,10,4.839820446168135,4.059922464542685,0,0
4495,1720,242,10,4.717691557422121,3.9297245599021853,0,0
4496,1720,244,10,4.6841903703716845,3.8952425098355925,0,0
4497,1720,246,10,4.755147284925237,3.9097591157606577,0,0
4498,1720,248,10,4.819302862799771,3.8902640418761787,0,0
4499,1720,250,10,4.968812848886244,3.9290863441892236,0,0
4500,1720,252,10,5.023674667239673,3.9319497591150516,0,0
4501,1720,254,10,5.128411784238534,3.9241362907187582,0,0
4502,1720,256,10,5.158324297365132,3.921044447543682,0,0
4503,1720,258,10,5.175277724435278,3.948467097959283,0,0
4504,1720,260,10,4.988519847311902,3.9321389401098825,0,0
4505,1720,262,10,4.798438763691359,3.8277663609674373,0,0
4506,1720,264,10,4.544428045574767,3.6681333598326096,0,0
4507,1720,266,10,4.4963480262860065,3.584955437398122,0,0
4508,1720,268,10,4.5789819372684155,3.564333512006028,0,0
4509,1720,270,10,4.718125759874487,3.5484619768826353,0,0
4510,1720,272,10,4.198501188347217,3.250809642128309,0,0
4511,1720,274,10,3.545894016512506,2.97179760744774,0,0
4512,1720,276,10,3.4557769957221667,2.983162708265977,0,0
4513,1720,278,10,3.646755968403447,3.0978454487275844,0,0
4514,1720,280,10,4.3201508238596515,3.4808609184516404,0,0
4515,1720,282,10,4.706624122261378,3.6348199917110655,0,0
4516,1720,284,10,4.82592558933247,3.681984743805025,0,0
4517,1722,182,10,3.88843092980301,3.4237903497864055,0,0
4518,1722,184,10,4.015380892304816,3.501530944322054,0,0
4519,1722,186,10,3.6474859106408086,3.250108385735972,0,0
4520,1722,188,10,3.632238164484138,3.254636208809833,0,0
4521,1722,190,10,3.598102128523622,3.239950696151595,0,0
4522,1722,192,10,3.790820223731451,3.3743962100332494,0,0
4523,1722,194,10,3.898885666409274,3.449332900256835,0,0
4524,1722,196,10,4.095569723054953,3.5732094573216147,0,0
4525,1722,198,10,4.128534851416407,3.5868040285471934,0,0
4526,1722,200,10,4.195847184254913,3.627459408123991,0,0
4527,1722,202,10,3.9074027377730274,3.425425931513505,0,0
4528,1722,204,10,3.9128657386766474,3.453195272113123,0,0
4529,1722,206,10,3.884013377268157,3.432178090585768,0,0
4530,1722,208,10,4.075125533266254,3.563460440009871,0,0
4531,1722,210,10,4.2244813732839654,3.670899008756662,0,0
4532,1722,212,10,4.320512812121537,3.7180636851780187,0,0
4533,1722,214,10,4.428167207599695,3.796891283798073,0,0
4534,1722,216,10,4.537613805048553,3.8892021417988163,0,0
4535,1722,218,10,4.523450779971123,3.8422535324969536,0,0
4536,1722,220,10,4.751137739702148,3.9738445907684468,0,0
4537,1722,222,10,4.909836480933661,4.041758008877714,0,0
4538,1722,224,10,4.941482141722553,4.070128713088346,0,0
4539,1722,226,10,5.021308069090357,4.090351522349878,0,0
4540,1722,228,10,4.804181664157323,3.9202311075119467,0,0
4541,1722,230,10,4.902314081035372,3.9720666953793144,0,0
4542,1722,232,10,4.8684864056198265,3.9493754299025996,0,0
4543,1722,234,10,4.863219485216312,3.932985556635692,0,0
4544,1722,236,10,4.913080560616871,3.977262377858205,0,0
4545,1722,238,10,4.934033430315754,4.022547483396059,0,0
4546,1722,240,10,5.010144511675052,4.11843747770506,0,0
4547,1722,242,10,5.104991925221466,4.150203432136672,0,0
4548,1722,244,10,5.072065766659385,4.0850939422134696,0,0
4549,1722,246,10,5.0165907188738545,4.0090850380787515,0,0
4550,1722,248,10,4.949036692899101,3.9356312292918343,0,0
4551,1722,250,10,5.06215461393964,4.006687087369801,0,0
4552,1722,252,10,5.106154020915963,4.061125865875996,0,0
4553,1722,254,10,5.095437221449263,4.038832950733155,0,0
4554,1722,256,10,4.947890645263464,3.935631431599369,0,0
4555,1722,258,10,5.039411439046482,3.9416848306466945,0,0
4556,1722,260,10,4.864791453443795,3.8095211952357326,0,0
4557,1722,262,10,4.715048195804052,3.6737762038278623,0,0
4558,1722,264,10,4.866247876254802,3.7364961593132477,0,0
4559,1722,266,10,4.74634601322808,3.6466588328938307,0,0
4560,1722,268,10,4.649205723479313,3.5377999094236285,0,0
4561,1722,270,10,4.784114602308033,3.540323320075048,0,0
4562,1722,272,10,4.294204138799007,3.264644469667415,0,0
4563,1722,274,10,3.982859245174684,3.199995114206126,0,0
4564,1722,276,10,3.870968167009713,3.208678165815322,0,0
4565,1722,278,10,4.044102761391739,3.2917583296628106,0,0
4566,1722,280,10,4.31204779109991,3.4550557259796872,0,0
4567,1722,282,10,4.626586964919665,3.6358617195760656,0,0
4568,1722,284,10,4.667351244851211,3.6445309500891065,0,0
4569,1724,178,10,3.4075040951592195,3.096893304720882,0,0
4570,1724,180,10,3.6139110747388488,3.2481242072658674,0,0
4571,1724,182,10,3.8006553281744404,3.375674231555325,0,0
4572,1724,184,10,3.98501321844235,3.501707211181603,0,0
4573,1724,186,10,3.8815308871085015,3.4141597263673744,0,0
4574,1724,188,10,3.643951002559746,3.2664374249875983,0,0
4575,1724,190,10,3.580630778608297,3.2247078195346304,0,0
4576,1724,192,10,3.542076816965919,3.2082195570327605,0,0
4577,1724,194,10,3.7172607348615765,3.3269522017150432,0,0
4578,1724,196,10,3.903476357590714,3.446899118730988,0,0
4579,1724,198,10,3.959908341298938,3.4771295389688097,0,0
4580,1724,200,10,4.042156298471158,3.5298598163140684,0,0
4581,1724,202,10,3.67142855144612,3.266507565541731,0,0
4582,1724,204,10,3.7585627620436983,3.357931501458133,0,0
4583,1724,206,10,3.7368258609473135,3.3422536175479536,0,0
4584,1724,208,10,3.9018500273611942,3.4424978963418,0,0
4585,1724,210,10,4.178912502607572,3.648791296990928,0,0
4586,1724,212,10,4.356050374560025,3.7610270799743932,0,0
4587,1724,214,10,4.329930507694312,3.7353919254423125,0,0
4588,1724,216,10,4.476366705885154,3.8453015558940216,0,0
4589,1724,218,10,4.558046933824095,3.8705488267897104,0,0
4590,1724,220,10,4.607793558343703,3.9000799722678514,0,0
4591,1724,222,10,4.771222467573734,3.9941362735228183,0,0
4592,1724,224,10,4.828026347480099,4.030459543048209,0,0
4593,1724,226,10,4.874526707447078,4.038181952556093,0,0
4594,1724,228,10,4.741106243852541,3.9009700735843396,0,0
4595,1724,230,10,4.746627322603274,3.9066886039182958,0,0
4596,1724,232,10,4.753329370592731,3.9181638938664527,0,0
4597,1724,234,10,4.821480255333379,3.9576776035844787,0,0
4598,1724,236,10,4.819002782373115,3.9650015783553845,0,0
4599,1724,238,10,5.020774411740136,4.0643345859403635,0,0
4600,1724,240,10,5.086762741054938,4.087197675414048,0,0
4601,1724,242,10,5.01344647544325,4.009815460650046,0,0
4602,1724,244,10,4.997007854463928,4.003446154167888,0,0
4603,1724,246,10,5.01538275388565,4.05388112891777,0,0
4604,1724,248,10,4.868109019879242,3.994565789324904,0,0
4605,1724,250,10,4.727485679720162,3.923907862468712,0,0
4606,1724,252,10,4.7008963753690685,3.9054285115264245,0,0
4607,1724,254,10,4.777061982182871,3.9434148911372926,0,0
4608,1724,256,10,4.9294252631471,4.002850226134673,0,0
4609,1724,258,10,5.053748421283555,4.065289819359344,0,0
4610,1724,260,10,5.0740862122716015,4.040329047811194,0,0
4611,1724,262,10,4.776879575926624,3.8070473594074117,0,0
4612,1724,264,10,4.801434357405757,3.79410420948615,0,0
4613,1724,266,10,4.726787643028194,3.7108069486936333,0,0
4614,1724,268,10,4.694041042217027,3.6133559813493714,0,0
4615,1724,270,10,4.764280750912196,3.564457512805851,0,0
4616,1724,272,10,4.541078034327904,3.3964537519221496,0,0
4617,1724,274,10,4.350151090585887,3.3970544563783682,0,0
4618,1724,276,10,4.428869966887002,3.5127192998345396,0,0
4619,1724,278,10,4.469562725854858,3.5113052537457907,0,0
4620,1724,280,10,4.532794222131359,3.5314789766078594,0,0
4621,1724,282,10,4.63787155966288,3.6036000212468404,0,0
4622,1724,284,10,4.738565306661907,3.67045889129338,0,0
4623,1724,286,10,4.781466953922822,3.765251401394949,0,0
4624,1726,178,10,3.6181291276754615,3.2469170262363902,0,0
4625,1726,180,10,3.7949776244807136,3.3788235780726312,0,0
4626,1726,182,10,3.887314983592156,3.435068257701482,0,0
4627,1726,184,10,4.064542374652737,3.5529816772471063,0,0
4628,1726,186,10,4.108257848497905,3.574637748281424,0,0
4629,1726,188,10,3.6932449224055115,3.2900338634633632,0,0
4630,1726,190,10,3.757747743034203,3.339003837723205,0,0
4631,1726,192,10,3.6403178554568774,3.272613429856479,0,0
4632,1726,194,10,3.7635354745826426,3.3605887680451088,0,0
4633,1726,196,10,3.847645865124328,3.4074633844795126,0,0
4634,1726,198,10,3.898260800522923,3.4352060105872853,0,0
4635,1726,200,10,3.907088707516501,3.4296193445105634,0,0
4636,1726,202,10,3.5189277601648055,3.154932451751975,0,0
4637,1726,204,10,3.5808164157192786,3.222382711735119,0,0
4638,1726,206,10,3.5913460268625568,3.2335831704362397,0,0
4639,1726,208,10,3.902677110609822,3.433815873639383,0,0
4640,1726,210,10,4.15902860464617,3.6250246202948055,0,0
4641,1726,212,10,4.2858465432633315,3.700516002544711,0,0
4642,1726,214,10,4.338256096089699,3.7268507678325715,0,0
4643,1726,216,10,4.471874329136821,3.8314315992497896,0,0
4644,1726,218,10,4.596312236734812,3.889088420658288,0,0
4645,1726,220,10,4.566300648240595,3.85975818199651,0,0
4646,1726,222,10,4.586690501947114,3.863473711786233,0,0
4647,1726,224,10,4.727636435636923,3.9527590142619076,0,0
4648,1726,226,10,4.63947339677564,3.90151387897818,0,0
4649,1726,228,10,4.592458586868932,3.8093043991366784,0,0
4650,1726,230,10,4.59796256905313,3.799409589481687,0,0
4651,1726,232,10,4.608274814596372,3.824531433045314,0,0
4652,1726,234,10,4.714808545443789,3.897595081066016,0,0
4653,1726,236,10,4.903972753126922,4.0191047648646,0,0
4654,1726,238,10,4.959569956812132,4.010807145546345,0,0
4655,1726,240,10,4.8666110081395475,3.979604886645671,0,0
4656,1726,242,10,4.959188484077869,4.030636495664254,0,0
4657,1726,244,10,4.779377407133422,3.9665444366306524,0,0
4658,1726,246,10,4.64647405021774,3.9013655429127643,0,0
4659,1726,248,10,4.536460383477639,3.8179390643421462,0,0
4660,1726,250,10,4.585175938667323,3.831354411915731,0,0
4661,1726,252,10,4.661197174231569,3.8659905206924994,0,0
4662,1726,254,10,4.740794632786995,3.9130517948104564,0,0
4663,1726,256,10,4.92047067315393,4.024632541839498,0,0
4664,1726,258,10,5.064706559529818,4.170785394514614,0,0
4665,1726,260,10,5.174916619277144,4.26917913932773,0,0
4666,1726,262,10,5.01273318221177,4.1865683186367155,0,0
4667,1726,264,10,4.8529880234891,4.0629811890058445,0,0
4668,1726,266,10,4.747900855253154,3.9670327446475606,0,0
4669,1726,268,10,4.713958700523396,3.8717260949957586,0,0
4670,1726,270,10,4.745364823233127,3.7842625837059733,0,0
4671,1726,272,10,4.540303042392923,3.5421997129703104,0,0
4672,1726,274,10,4.40697207685418,3.448371500744012,0,0
4673,1726,276,10,4.55700668320935,3.5394148041025333,0,0
4674,1726,278,10,4.6392418356982095,3.54589528678697,0,0
4675,1726,280,10,4.767567960540267,3.5708774223778263,0,0
4676,1726,282,10,4.828701535163953,3.617495923660656,0,0
4677,1726,284,10,4.937472872214821,3.7365964948326518,0,0
4678,1726,286,10,4.830149374881028,3.77620844883403,0,0
4679,1728,182,10,3.8071425448832845,3.373365689604529,0,0
4680,1728,184,10,3.927152885179395,3.450374520525869,0,0
4681,1728,186,10,4.089215632469053,3.5515236979177836,0,0
4682,1728,188,10,4.0483383299382005,3.521577600005044,0,0
4683,1728,190,10,3.9459085645788807,3.450486851781389,0,0
4684,1728,192,10,3.961471891015941,3.476358830937747,0,0
4685,1728,194,10,4.136046222394024,3.6043992799821147,0,0
4686,1728,196,10,4.150919777936192,3.6056127474531285,0,0
4687,1728,198,10,4.1526347514099475,3.6078950216760997,0,0
4688,1728,200,10,4.069718094497918,3.54962514199167,0,0
4689,1728,202,10,3.5620571239645797,3.194947186711141,0,0
4690,1728,204,10,3.6349914105726997,3.274714403424098,0,0
4691,1728,206,10,3.58959104090755,3.240897119755282,0,0
4692,1728,208,10,3.8625343818705455,3.409704888944717,0,0
4693,1728,210,10,4.104088774466656,3.585717958045958,0,0
4694,1728,212,10,4.220460759650161,3.652873946959714,0,0
4695,1728,214,10,4.2609979923937455,3.677074061388149,0,0
4696,1728,216,10,4.393877138229104,3.78127374626019,0,0
4697,1728,218,10,4.473082793177952,3.8176908816631854,0,0
4698,1728,220,10,4.497711665598001,3.820498585930161,0,0
4699,1728,222,10,4.411528273208622,3.727979038591444,0,0
4700,1728,224,10,4.48141032464044,3.7867719919530485,0,0
4701,1728,226,10,4.575845385478208,3.8608890373559612,0,0
4702,1728,228,10,4.45039250729917,3.746914459214693,0,0
4703,1728,230,10,4.419779044125531,3.70831429233068,0,0
4704,1728,232,10,4.6275143203976095,3.8537319762268223,0,0
4705,1728,234,10,4.851054836875342,3.9791142392459706,0,0
4706,1728,236,10,4.828082418040748,3.9792103940000776,0,0
4707,1728,238,10,4.835402181014598,3.9848342417730844,0,0
4708,1728,240,10,4.876975566800126,4.071584426363889,0,0
4709,1728,242,10,4.641485790916732,3.928440920484016,0,0
4710,1728,244,10,4.578083411193249,3.8704772041858755,0,0
4711,1728,246,10,4.413647230296935,3.763058814973849,0,0
4712,1728,248,10,4.3595630266764065,3.7226422886304054,0,0
4713,1728,250,10,4.313329294259789,3.693064026662134,0,0
4714,1728,252,10,4.493337445159784,3.7976362954504927,0,0
4715,1728,254,10,4.7151075804925195,3.9214661694290767,0,0
4716,1728,256,10,4.819420132240598,3.995316562219391,0,0
4717,1728,258,10,4.956858353100668,4.099243402859419,0,0
4718,1728,260,10,4.991163374991871,4.175589094445472,0,0
4719,1728,262,10,5.02159969366278,4.239413487670943,0,0
4720,1728,264,10,4.799268797812285,4.115627934604774,0,0
4721,1728,266,10,4.742764178814963,4.086115945162392,0,0
4722,1728,268,10,4.737697755234202,4.06056530896531,0,0
4723,1728,270,10,4.73904260894831,4.014362758237045,0,0
4724,1728,272,10,4.566005579530308,3.851979492816294,0,0
4725,1728,274,10,4.40594441581851,3.7233261670560243,0,0
4726,1728,276,10,3.983192502938421,3.4478067571833306,0,0
4727,1728,278,10,3.6134802117379214,3.157521237699337,0,0
4728,1728,280,10,3.5916230320897564,3.0912626469975253,0,0
4729,1728,282,10,3.8289590587614106,3.1647645584290713,0,0
4730,1728,284,10,4.4123044567411585,3.45649217369469,0,0
4731,1728,286,10,4.6136418660929435,3.649471735438203,0,0
4732,1728,288,10,4.621690734836222,3.6910384750395977,0,0
4733,1730,184,10,3.5924198314253792,3.222738286215524,0,0
4734,1730,186,10,3.8751619234026355,3.408013320882612,0,0
4735,1730,188,10,3.947228183588702,3.4628962083783135,0,0
4736,1730,190,10,4.046739995404109,3.525399856213045,0,0
4737,1730,192,10,4.09878391234332,3.5682688978509467,0,0
4738,1730,194,10,4.223395510510376,3.640629466123007,0,0
4739,1730,196,10,4.287368469692917,3.670072128336035,0,0
4740,1730,198,10,4.338928780382832,3.706961233607037,0,0
4741,1730,200,10,4.230194030410859,3.6418203312446904,0,0
4742,1730,202,10,3.893951789488039,3.405386032484568,0,0
4743,1730,204,10,3.8326120143015068,3.3937463605219653,0,0
4744,1730,206,10,3.9334840082012588,3.4621109705470063,0,0
4745,1730,208,10,3.9838211305187063,3.501947506393867,0,0
4746,1730,210,10,4.074444594973322,3.5787205014762056,0,0
4747,1730,212,10,4.123436637073063,3.596185046581042,0,0
4748,1730,214,10,4.198645080628257,3.630055526135006,0,0
4749,1730,216,10,4.3399880158099124,3.7397181302041362,0,0
4750,1730,218,10,4.449609343982377,3.80183439971273,0,0
4751,1730,220,10,4.460889447791713,3.807210208413928,0,0
4752,1730,222,10,4.426132304769523,3.7411058102873236,0,0
4753,1730,224,10,4.456454056055428,3.761354269268846,0,0
4754,1730,226,10,4.5739581101242965,3.8512395084287387,0,0
4755,1730,228,10,4.619586309022813,3.869755594570521,0,0
4756,1730,230,10,4.72831927582878,3.9108739319776213,0,0
4757,1730,232,10,4.727134124898383,3.905873573365832,0,0
4758,1730,234,10,4.82207407254586,3.975693381097096,0,0
4759,1730,236,10,4.771828153929272,3.9632123480496197,0,0
4760,1730,238,10,4.663371503447273,3.942856120078021,0,0
4761,1730,240,10,4.565259349757489,3.9167767641847506,0,0
4762,1730,242,10,4.467893684415544,3.835359122286494,0,0
4763,1730,244,10,4.60310644871942,3.9049660519018934,0,0
4764,1730,246,10,4.53540919847411,3.8545068849622,0,0
4765,1730,248,10,4.272506614660323,3.6763496891522043,0,0
4766,1730,250,10,4.499106390602109,3.838114525836482,0,0
4767,1730,252,10,4.456904154491363,3.8098752933634557,0,0
4768,1730,254,10,4.902667469128505,4.090203869083261,0,0
4769,1730,256,10,4.837576529341513,4.039841080140596,0,0
4770,1730,258,10,4.916310387293628,4.075377490000144,0,0
4771,1730,260,10,5.001922936389394,4.179594931337643,0,0
4772,1730,262,10,5.096497291828171,4.277077631418186,0,0
4773,1730,264,10,4.982730292533434,4.266521721892136,0,0
4774,1730,266,10,4.876434888733473,4.203282610988391,0,0
4775,1730,268,10,4.808892373065291,4.139112138353385,0,0
4776,1730,270,10,4.77026313671241,4.088331131660062,0,0
4777,1730,272,10,4.702590126290556,4.033091387780344,0,0
4778,1730,274,10,4.365795223719872,3.818600909925027,0,0
4779,1730,276,10,3.97760499116616,3.551266635393996,0,0
4780,1730,278,10,3.6791369351966683,3.34038668034272,0,0
4781,1730,280,10,3.603131578833158,3.264588255332612,0,0
4782,1730,282,10,3.5716971196078133,3.191125092028646,0,0
4783,1730,284,10,3.686842839923265,3.221389339121769,0,0
4784,1730,286,10,3.9403340086047716,3.383937132854731,0,0
4785,1730,288,10,4.098342568744938,3.4787051666253723,0,0
4786,1732,186,10,3.7767541848482606,3.3378597432223964,0,0
4787,1732,188,10,3.8109562835047166,3.3662412716032635,0,0
4788,1732,190,10,3.9534498949744403,3.464061431850906,0,0
4789,1732,192,10,3.925993385774779,3.4531221184362066,0,0
4790,1732,194,10,4.043370769377519,3.524733461551276,0,0
4791,1732,196,10,4.210881816280893,3.6217260331439145,0,0
4792,1732,198,10,4.272484476087412,3.6653721437454245,0,0
4793,1732,200,10,4.246689101082085,3.648094862880563,0,0
4794,1732,202,10,4.295614835004237,3.6575248120004336,0,0
4795,1732,204,10,4.301453711327167,3.662517830896076,0,0
4796,1732,206,10,4.244986252847608,3.6159793196121597,0,0
4797,1732,208,10,4.16403991489928,3.5872073141119474,0,0
4798,1732,210,10,4.213705650413588,3.65340316117727,0,0
4799,1732,212,10,4.175681330051586,3.633063432238287,0,0
4800,1732,214,10,4.224478749782925,3.6467119334682083,0,0
4801,1732,216,10,4.301120265086427,3.7000880177989606,0,0
4802,1732,218,10,4.40606019848753,3.761435022423337,0,0
4803,1732,220,10,4.393001867735847,3.754881321333368,0,0
4804,1732,222,10,4.43411026524739,3.7563856922050167,0,0
4805,1732,224,10,4.528509750900142,3.7967931319914174,0,0
4806,1732,226,10,4.722969789842893,3.9174827484582417,0,0
4807,1732,228,10,4.791271263217897,3.9228979346292747,0,0
4808,1732,230,10,4.7644115776538385,3.9293432008420597,0,0
4809,1732,232,10,4.775331113208555,3.94568468513644,0,0
4810,1732,234,10,4.7570730472232485,3.96013654677554,0,0
4811,1732,236,10,4.54409161599938,3.8373572269453136,0,0
4812,1732,238,10,4.283747226700005,3.665454033075451,0,0
4813,1732,240,10,4.418968068230723,3.8062307177117254,0,0
4814,1732,242,10,4.363744939456593,3.7763142702497507,0,0
4815,1732,244,10,4.4405109979368085,3.814064792609948,0,0
4816,1732,246,10,4.645212903835078,3.9418566123617276,0,0
4817,1732,248,10,4.693437126287642,3.9559582055843627,0,0
4818,1732,250,10,4.738898857296352,3.992117283508181,0,0
4819,1732,252,10,4.92429098590933,4.115327714773885,0,0
4820,1732,254,10,4.965260558405276,4.1309130000488645,0,0
4821,1732,256,10,4.889494333072435,4.078441772493366,0,0
4822,1732,258,10,4.9563935779497985,4.110661447091529,0,0
4823,1732,260,10,4.929578256455266,4.100859234684302,0,0
4824,1732,262,10,4.997068306399376,4.172416096426662,0,0
4825,1732,264,10,5.027851487519588,4.26370652317581,0,0
4826,1732,266,10,4.801181153594282,4.131386509804033,0,0
4827,1732,268,10,4.786831276489931,4.112836343712958,0,0
4828,1732,270,10,4.757987413556068,4.0873629592033796,0,0
4829,1732,272,10,4.660965033220007,4.02059149555722,0,0
4830,1732,274,10,4.474409695896494,3.8932955982072097,0,0
4831,1732,276,10,4.277478333144867,3.7601160239913836,0,0
4832,1732,278,10,4.041654190103856,3.5999789060760126,0,0
4833,1732,280,10,3.8214069866086375,3.441209794547408,0,0
4834,1732,282,10,3.8066799294073284,3.425200688898682,0,0
4835,1732,284,10,3.851705845994056,3.449942233923583,0,0
4836,1732,286,10,3.86777191016236,3.4583297140974696,0,0
4837,1732,288,10,3.9278860702970384,3.4703316070558796,0,0
4838,1732,290,10,3.963340246425001,3.452316922186505,0,0
4839,1734,188,10,3.796173187783638,3.373584544549842,0,0
4840,1734,190,10,3.9112523071345215,3.451557093700644,0,0
4841,1734,192,10,3.8825917111182116,3.440281351027771,0,0
4842,1734,194,10,3.9896004045622964,3.5069258816523208,0,0
4843,1734,196,10,4.155995678790061,3.610778878081543,0,0
4844,1734,198,10,4.293316323450276,3.7043712005142373,0,0
4845,1734,200,10,4.3289341849563145,3.730067697947931,0,0
4846,1734,202,10,4.391054161261955,3.7485830722623708,0,0
4847,1734,204,10,4.4647936977518965,3.8035725321475633,0,0
4848,1734,206,10,4.471538282208215,3.780129748759516,0,0
4849,1734,208,10,4.37997693963701,3.707723063711976,0,0
4850,1734,210,10,4.2453020516111994,3.6463934876000446,0,0
4851,1734,212,10,4.349259019712607,3.720132553539337,0,0
4852,1734,214,10,4.486219205658624,3.82308395599472,0,0
4853,1734,216,10,4.488289620837284,3.8495550834204515,0,0
4854,1734,218,10,4.564403219933031,3.8745011312828903,0,0
4855,1734,220,10,4.669289778009361,3.931061067652773,0,0
4856,1734,222,10,4.710858307816168,3.9261261103664165,0,0
4857,1734,224,10,4.733256622851529,3.9233281819155534,0,0
4858,1734,226,10,4.786559597972711,3.944604615790463,0,0
4859,1734,228,10,4.781087762798489,3.949475857479828,0,0
4860,1734,230,10,4.793782463532779,3.99213234664412,0,0
4861,1734,232,10,4.51680663203293,3.848951820499607,0,0
4862,1734,234,10,4.431606616220317,3.769564013425237,0,0
4863,1734,236,10,4.448854090000603,3.776567572965783,0,0
4864,1734,238,10,4.391390247320609,3.721347277887741,0,0
4865,1734,240,10,4.2110786524856625,3.6535501545036615,0,0
4866,1734,242,10,4.2911184773566315,3.7385039853683755,0,0
4867,1734,244,10,4.265006552557093,3.7349251543427395,0,0
4868,1734,246,10,4.393991263469963,3.812051219999829,0,0
4869,1734,248,10,4.5576701761002285,3.9050961846326593,0,0
4870,1734,250,10,4.684925453834459,3.996920173831175,0,0
4871,1734,252,10,4.807738452545178,4.085066897763804,0,0
4872,1734,254,10,4.840171161832077,4.102448909475302,0,0
4873,1734,256,10,4.780235486851459,4.063121380400251,0,0
4874,1734,258,10,4.70724324188122,4.012847119506309,0,0
4875,1734,260,10,4.786328703011551,4.044298995317936,0,0
4876,1734,262,10,4.840726633641616,4.097273755004108,0,0
4877,1734,264,10,4.89304994301588,4.18004133680745,0,0
4878,1734,266,10,4.749434511555015,4.128923618515523,0,0
4879,1734,268,10,4.63854139959207,4.043533736850267,0,0
4880,1734,270,10,4.638811451712313,4.0366897501848165,0,0
4881,1734,272,10,4.606722024119765,4.013172605120148,0,0
4882,1734,274,10,4.467376383820086,3.916796624953039,0,0
4883,1734,276,10,4.3651990976713915,3.842041462189953,0,0
4884,1734,278,10,4.325300259928673,3.8179654367376257,0,0
4885,1734,280,10,4.194088706243934,3.723500555532044,0,0
4886,1734,282,10,4.08039629431969,3.638641234321176,0,0
4887,1734,284,10,4.011764931975646,3.5852248766802193,0,0
4888,1734,286,10,3.9961308242043607,3.569998105955298,0,0
4889,1734,288,10,4.053435503432608,3.6022734559023886,0,0
4890,1734,290,10,4.161702116253097,3.6788366356718845,0,0
4891,1736,192,10,3.828013762121087,3.3853993187584277,0,0
4892,1736,194,10,3.96187711513022,3.4803283403550713,0,0
4893,1736,196,10,4.090086424198776,3.555501268126498,0,0
4894,1736,198,10,4.239661290284904,3.6537444537736454,0,0
4895,1736,200,10,4.336182854511672,3.725397971053947,0,0
4896,1736,202,10,4.393806023709213,3.7461826915815912,0,0
4897,1736,204,10,4.463939846983222,3.80527821041518,0,0
4898,1736,206,10,4.4477215063883735,3.7770595933829076,0,0
4899,1736,208,10,4.367831361918533,3.7064329853216695,0,0
4900,1736,210,10,4.357135087529531,3.701690457715068,0,0
4901,1736,212,10,4.403615875167151,3.7056052660034604,0,0
4902,1736,214,10,4.581888100634112,3.8241349680316805,0,0
4903,1736,216,10,4.693948689962313,3.914607888180346,0,0
4904,1736,218,10,4.6943121546766235,3.8964394026747287,0,0
4905,1736,220,10,4.747690483433714,3.944660237066425,0,0
4906,1736,222,10,4.746238962194177,3.9258268390990927,0,0
4907,1736,224,10,4.7536086210301365,3.931391953759651,0,0
4908,1736,226,10,4.802236605036993,3.973988138136948,0,0
4909,1736,228,10,4.561129605958773,3.8445777775856587,0,0
4910,1736,230,10,4.56820514489279,3.8762103852171945,0,0
4911,1736,232,10,4.376777770581713,3.7563123261705114,0,0
4912,1736,234,10,4.337827200106682,3.6857963732127597,0,0
4913,1736,236,10,4.36985755183717,3.6896014183577868,0,0
4914,1736,238,10,4.40177976464521,3.6842402268209833,0,0
4915,1736,240,10,4.40760377305829,3.730059574265904,0,0
4916,1736,242,10,4.255569939719581,3.6763379083438648,0,0
4917,1736,244,10,4.352725184638305,3.7779979048338475,0,0
4918,1736,246,10,4.345056755290513,3.7875415996403223,0,0
4919,1736,248,10,4.480615411532052,3.8616122978142373,0,0
4920,1736,250,10,4.633848387953861,3.971108898960412,0,0
4921,1736,252,10,4.765078427223112,4.068616498443557,0,0
4922,1736,254,10,4.722607710474915,4.037030089732963,0,0
4923,1736,256,10,4.675918576036372,4.002764998281979,0,0
4924,1736,258,10,4.669857623558867,3.9951642376454526,0,0
4925,1736,260,10,4.7271654763897155,4.00923959599772,0,0
4926,1736,262,10,4.739715686641169,4.0186424339353035,0,0
4927,1736,264,10,4.805263360210673,4.102674180706037,0,0
4928,1736,266,10,4.7438198241991465,4.130187065409896,0,0
4929,1736,268,10,4.62802003598458,4.046610366376742,0,0
4930,1736,270,10,4.604709484049245,4.022808049921372,0,0
4931,1736,272,10,4.55565701014596,3.980127846332224,0,0
4932,1736,274,10,4.521410731401932,3.960138966347515,0,0
4933,1736,276,10,4.638749893110142,4.041318458108137,0,0
4934,1736,278,10,4.623202722998707,4.04168962247499,0,0
4935,1736,280,10,4.515681445382902,3.974282684099422,0,0
4936,1736,282,10,4.3398050784508575,3.8460113860021186,0,0
4937,1736,284,10,4.197432998943701,3.7213283260624137,0,0
4938,1736,286,10,4.068174022905844,3.6099223790405097,0,0
4939,1736,288,10,4.192998965226769,3.671541492239305,0,0
4940,1736,290,10,4.242131035909861,3.708929592281747,0,0
4941,1736,292,10,4.003845099383811,3.5297864381714583,0,0
4942,1738,194,10,3.9454973016390165,3.4649023300877233,0,0
4943,1738,196,10,3.989200630708821,3.4760342025676683,0,0
4944,1738,198,10,4.203415899657005,3.6155746147500403,0,0
4945,1738,200,10,4.273014583627018,3.6698713064745574,0,0
4946,1738,202,10,4.292262006878121,3.6707517831458767,0,0
4947,1738,204,10,4.358545321763934,3.7233441927631943,0,0
4948,1738,206,10,4.372547735942053,3.728607803508128,0,0
4949,1738,208,10,4.284418727834388,3.6646643816890725,0,0
4950,1738,210,10,4.3618334542272015,3.711594775570144,0,0
4951,1738,212,10,4.364969291772851,3.682253066807577,0,0
4952,1738,214,10,4.485424630417394,3.7582541646867385,0,0
4953,1738,216,10,4.550300830011554,3.80849753109735,0,0
4954,1738,218,10,4.516284470149467,3.7823981647152096,0,0
4955,1738,220,10,4.466432636346543,3.7708276857408833,0,0
4956,1738,222,10,4.400420133515274,3.715147621003187,0,0
4957,1738,224,10,4.414254814578829,3.7047650384116135,0,0
4958,1738,226,10,4.567332383230214,3.808748110778473,0,0
4959,1738,228,10,4.3675443307402375,3.695076455829812,0,0
4960,1738,230,10,4.474515734099456,3.8224356826240244,0,0
4961,1738,232,10,4.418437042654185,3.809781715185411,0,0
4962,1738,234,10,4.281445124456413,3.6816589201017442,0,0
4963,1738,236,10,4.322304076496075,3.676907962887597,0,0
4964,1738,238,10,4.362810921839517,3.659762019911164,0,0
4965,1738,240,10,4.486283320070703,3.7431470196210146,0,0
4966,1738,242,10,4.4398744451479635,3.739984452941797,0,0
4967,1738,244,10,4.431004320763379,3.796398558566847,0,0
4968,1738,246,10,4.392245515248814,3.8067467546422136,0,0
4969,1738,248,10,4.472124623997095,3.852467350249803,0,0
4970,1738,250,10,4.673697310891084,3.990062522607147,0,0
4971,1738,252,10,4.648669337083917,3.9852588628690864,0,0
4972,1738,254,10,4.649967304069854,3.9862205391761227,0,0
4973,1738,256,10,4.507347709355166,3.8849599685387664,0,0
4974,1738,258,10,4.498576934917209,3.874256592619841,0,0
4975,1738,260,10,4.5881934806651525,3.9278314057946755,0,0
4976,1738,262,10,4.662558493868248,3.949238345793684,0,0
4977,1738,264,10,4.75898004112904,4.050962944381639,0,0
4978,1738,266,10,4.791030725566207,4.108943389917017,0,0
4979,1738,268,10,4.667090447991837,4.025348922772264,0,0
4980,1738,270,10,4.623518651878273,3.980040744182136,0,0
4981,1738,272,10,4.632812044239288,3.978602192981758,0,0
4982,1738,274,10,4.603027028354319,3.961671451003726,0,0
4983,1738,276,10,4.655077009092728,4.0005724801705105,0,0
4984,1738,278,10,4.7141376018208065,4.058954624133909,0,0
4985,1738,280,10,4.584563579165391,3.985106044321287,0,0
4986,1738,282,10,4.542681282942502,3.958435080869726,0,0
4987,1738,284,10,4.461019349802511,3.890523424312316,0,0
4988,1738,286,10,4.580430468821187,3.9608312940447274,0,0
4989,1738,288,10,4.52279563964814,3.906554497368936,0,0
4990,1738,290,10,4.3984053217725085,3.8209201852010057,0,0
4991,1740,196,10,3.9987715605090206,3.4974102299355856,0,0
4992,1740,198,10,4.16164649592355,3.6081081745592303,0,0
4993,1740,200,10,4.214944588969905,3.653148072382169,0,0
4994,1740,202,10,4.211983444760116,3.634907176904171,0,0
4995,1740,204,10,4.26827015472306,3.6770793109614397,0,0
4996,1740,206,10,4.438663036757823,3.770877740592391,0,0
4997,1740,208,10,4.424535481938178,3.7623916832069013,0,0
4998,1740,210,10,4.326689405964,3.710359125054657,0,0
4999,1740,212,10,4.339041017999899,3.707203168961013,0,0
5000,1740,214,10,4.373258095276123,3.7394535406317204,0,0
5001,1740,216,10,4.2989280184778025,3.72474101189659,0,0
5002,1740,218,10,4.235289487157817,3.649314159002789,0,0
5003,1740,220,10,4.31989274217388,3.701395726415115,0,0
5004,1740,222,10,4.396446906816009,3.7232405606264654,0,0
5005,1740,224,10,4.443550779952997,3.733778853796382,0,0
5006,1740,226,10,4.50848523958994,3.771823704501199,0,0
5007,1740,228,10,4.3999474057853885,3.7151159057815955,0,0
5008,1740,230,10,4.387407293183934,3.7673603960756874,0,0
5009,1740,232,10,4.258661617700556,3.7122760986083683,0,0
5010,1740,234,10,4.140416387024872,3.611930516990782,0,0
5011,1740,236,10,4.247517495281756,3.6663891731734877,0,0
5012,1740,238,10,4.3478603201627255,3.6810280657006444,0,0
5013,1740,240,10,4.3687042216841485,3.6844094097288087,0,0
5014,1740,242,10,4.3062866733086285,3.6356429382225124,0,0
5015,1740,244,10,4.274772806999373,3.673494486220069,0,0
5016,1740,246,10,4.436478200115383,3.840846087261051,0,0
5017,1740,248,10,4.413754727691,3.8416278778016077,0,0
5018,1740,250,10,4.554033821188525,3.9338867660148322,0,0
5019,1740,252,10,4.552932978257667,3.939692014633116,0,0
5020,1740,254,10,4.48538345561732,3.897483541024536,0,0
5021,1740,256,10,4.3131622221598,3.782853856604871,0,0
5022,1740,258,10,4.320228722571556,3.786192945703061,0,0
5023,1740,260,10,4.360473937511489,3.8102456138299905,0,0
5024,1740,262,10,4.578836536111083,3.931072863272398,0,0
5025,1740,264,10,4.7585234674209556,4.072498457005359,0,0
5026,1740,266,10,4.994539150700061,4.253268176005057,0,0
5027,1740,268,10,4.758058407116751,4.091194817249354,0,0
5028,1740,270,10,4.738223977689067,4.060633445075394,0,0
5029,1740,272,10,4.8085222187739936,4.105306399515041,0,0
5030,1740,274,10,4.752377379349277,4.065089459773486,0,0
5031,1740,276,10,4.772176687944062,4.0754516920784765,0,0
5032,1740,278,10,4.771935051606541,4.077920002484542,0,0
5033,1740,280,10,4.636956640595976,3.9871474743325495,0,0
5034,1740,282,10,4.665306174422208,4.009593948730821,0,0
5035,1740,284,10,4.6850297462129875,4.03190624003153,0,0
5036,1740,286,10,4.730735417837478,4.079967475664779,0,0
5037,1740,288,10,4.775245263385318,4.118398132973627,0,0
5038,1742,200,10,4.3193247629729346,3.7231274578680305,0,0
5039,1742,202,10,4.428410862517479,3.7769392844731953,0,0
5040,1742,204,10,4.360610164371257,3.7215720627638644,0,0
5041,1742,206,10,4.370383653572914,3.718626595255986,0,0
5042,1742,208,10,4.402588016102287,3.7408434157037926,0,0
5043,1742,210,10,4.346330755462497,3.7265717386550516,0,0
5044,1742,212,10,4.2433732040357945,3.6425885057824803,0,0
5045,1742,214,10,4.1520617970828,3.5816751356894074,0,0
5046,1742,216,10,4.3233307162965176,3.717422907216882,0,0
5047,1742,218,10,4.35737010482785,3.7368769130213138,0,0
5048,1742,220,10,4.4710795410569615,3.8072583772758857,0,0
5049,1742,222,10,4.609001937434162,3.8648996244966964,0,0
5050,1742,224,10,4.618123948262255,3.8424629855615553,0,0
5051,1742,226,10,4.543294377515194,3.782017743235976,0,0
5052,1742,228,10,4.400161442337236,3.682087397592103,0,0
5053,1742,230,10,4.191191254793342,3.618018453952248,0,0
5054,1742,232,10,4.09872267598831,3.6010356389263047,0,0
5055,1742,234,10,3.9474108746254615,3.4912228401924295,0,0
5056,1742,236,10,4.043660256565256,3.5314792753947626,0,0
5057,1742,238,10,4.207590372198864,3.594151234417602,0,0
5058,1742,240,10,4.344596227278534,3.6750632557904295,0,0
5059,1742,242,10,4.41876803157269,3.6819138643413507,0,0
5060,1742,244,10,4.46262026159687,3.738090613312514,0,0
5061,1742,246,10,4.508161037770568,3.8160152470249673,0,0
5062,1742,248,10,4.615620665338985,3.9135078903229723,0,0
5063,1742,250,10,4.7403280008234585,4.014767648347545,0,0
5064,1742,252,10,4.707429506628765,4.000265019508899,0,0
5065,1742,254,10,4.595142355374193,3.9306339114410322,0,0
5066,1742,256,10,4.474867131681221,3.8558367541394603,0,0
5067,1742,258,10,4.434546501394048,3.827157756238141,0,0
5068,1742,260,10,4.486433294065176,3.8600754113784057,0,0
5069,1742,262,10,4.699765454263582,3.9757182879491513,0,0
5070,1742,264,10,4.879028236228985,4.129734420635772,0,0
5071,1742,266,10,4.988382348126443,4.230606916558516,0,0
5072,1742,268,10,4.860038816241006,4.159439092537628,0,0
5073,1742,270,10,4.8474909266905675,4.130258391763083,0,0
5074,1742,272,10,4.86287087704593,4.123186180163137,0,0
5075,1742,274,10,4.892481043410008,4.139415557707221,0,0
5076,1742,276,10,4.920515016105788,4.149813128559113,0,0
5077,1742,278,10,4.93083435141822,4.159498051022548,0,0
5078,1742,280,10,4.8084974788222645,4.0825507287237635,0,0
5079,1742,282,10,4.765788014141681,4.048913574761164,0,0
5080,1742,284,10,4.769683857896354,4.036895176543763,0,0
5081,1742,286,10,4.676212595303518,3.979212984522755,0,0
5082,1744,202,10,4.428246616644167,3.764846924471156,0,0
5083,1744,204,10,4.305779386818658,3.7113481077684805,0,0
5084,1744,206,10,4.281841505597421,3.699633078981502,0,0
5085,1744,208,10,4.066108079576826,3.570231250908165,0,0
5086,1744,210,10,3.970002500869133,3.4901179750115454,0,0
5087,1744,212,10,4.085811149907749,3.5395345788555805,0,0
5088,1744,214,10,4.1308968447135515,3.5562742283610276,0,0
5089,1744,216,10,4.247447259177008,3.6648838678506204,0,0
5090,1744,218,10,4.454532264562884,3.7989525652574803,0,0
5091,1744,220,10,4.573305045721698,3.894688824760636,0,0
5092,1744,222,10,4.682948259337837,3.9372721540446376,0,0
5093,1744,224,10,4.717411376879057,3.9294872169038784,0,0
5094,1744,226,10,4.633207648583756,3.8644995959623016,0,0
5095,1744,228,10,4.5426717217743136,3.7862477083257806,0,0
5096,1744,230,10,4.0462162245028495,3.520176711777466,0,0
5097,1744,232,10,3.9620401967396193,3.5098108728464457,0,0
5098,1744,234,10,3.772070695659054,3.4013572057949646,0,0
5099,1744,236,10,3.733929598531393,3.3668396968677623,0,0
5100,1744,238,10,3.901959584946314,3.4488056566388883,0,0
5101,1744,240,10,4.135969818875013,3.5728536557817323,0,0
5102,1744,242,10,4.331774120815322,3.6587930454091473,0,0
5103,1744,244,10,4.498599387888395,3.752774069997332,0,0
5104,1744,246,10,4.671976781371869,3.907503916307096,0,0
5105,1744,248,10,4.834543170363639,4.032350605430583,0,0
5106,1744,250,10,4.835987877410833,4.056522833477362,0,0
5107,1744,252,10,4.7695751983031585,4.016591815287341,0,0
5108,1744,254,10,4.6535420644162535,3.944719121059125,0,0
5109,1744,256,10,4.5198570079462135,3.8680976282096515,0,0
5110,1744,258,10,4.458880034872595,3.834912264436731,0,0
5111,1744,260,10,4.49922062959379,3.8685559157288294,0,0
5112,1744,262,10,4.691416337512276,3.9829265419078115,0,0
5113,1744,264,10,4.812047071675503,4.090724019648581,0,0
5114,1744,266,10,4.970470394682993,4.215930114621618,0,0
5115,1744,268,10,5.01631851121722,4.274702913996724,0,0
5116,1744,270,10,4.992290080330506,4.253311100942809,0,0
5117,1744,272,10,4.890476318846145,4.177911843499845,0,0
5118,1744,274,10,4.927881424535833,4.19372655636093,0,0
5119,1744,276,10,4.931875547893884,4.185197763999037,0,0
5120,1744,278,10,4.925569505319311,4.1800366195874705,0,0
5121,1744,280,10,4.9112336525531655,4.172071795705997,0,0
5122,1744,282,10,4.923293604830037,4.167030097640245,0,0
5123,1744,284,10,4.851490639918878,4.100880041297519,0,0
5124,1746,204,10,4.138189204282914,3.607418116327849,0,0
5125,1746,206,10,4.012771082146122,3.53845888292699,0,0
5126,1746,208,10,3.872652667927404,3.4542044476905738,0,0
5127,1746,210,10,3.801265268780047,3.3871977775304956,0,0
5128,1746,212,10,3.981141727170441,3.4821238695379657,0,0
5129,1746,214,10,4.192498557968155,3.6092741522831915,0,0
5130,1746,216,10,4.31294052492262,3.702349147885272,0,0
5131,1746,218,10,4.446034879089444,3.787286765151926,0,0
5132,1746,220,10,4.635127472219543,3.9288801977734913,0,0
5133,1746,222,10,4.70515755042245,3.9538303048115937,0,0
5134,1746,224,10,4.768022872741434,3.963761534285228,0,0
5135,1746,226,10,4.745062579254896,3.9478551269504134,0,0
5136,1746,228,10,4.62407064828879,3.8452828515058712,0,0
5137,1746,230,10,4.439524345845219,3.763658931311307,0,0
5138,1746,232,10,4.072983124029315,3.550978665090883,0,0
5139,1746,234,10,3.776055822243002,3.3701476936061754,0,0
5140,1746,236,10,3.784084923561458,3.3920552452170174,0,0
5141,1746,238,10,3.9174275370343064,3.4875158933494363,0,0
5142,1746,240,10,3.976999296447961,3.525809862264746,0,0
5143,1746,242,10,4.1057411106367,3.5615266461197446,0,0
5144,1746,244,10,4.440733440685916,3.744573164054873,0,0
5145,1746,246,10,4.650534697379493,3.8946350474940337,0,0
5146,1746,248,10,4.783846128403863,4.005089475447103,0,0
5147,1746,250,10,4.7460029322361725,4.000633597571509,0,0
5148,1746,252,10,4.733354052354281,3.994035810675298,0,0
5149,1746,254,10,4.61342679924243,3.919449023023472,0,0
5150,1746,256,10,4.500681299709128,3.855639134930163,0,0
5151,1746,258,10,4.427911363276787,3.8154715546245925,0,0
5152,1746,260,10,4.414699589339078,3.817782888757561,0,0
5153,1746,262,10,4.649712263232888,3.9597765740134845,0,0
5154,1746,264,10,4.799805812635717,4.070324289275173,0,0
5155,1746,266,10,4.927535697115834,4.151092730224039,0,0
5156,1746,268,10,4.9552258744191295,4.1783965526288664,0,0
5157,1746,270,10,4.908814769734539,4.14324708920914,0,0
5158,1746,272,10,4.94996475788237,4.182108090645787,0,0
5159,1746,274,10,4.976338024813832,4.221643037241007,0,0
5160,1746,276,10,4.922151961926316,4.196704604161282,0,0
5161,1746,278,10,4.948644073713778,4.232493470390135,0,0
5162,1746,280,10,4.899166490270247,4.202572243917549,0,0
5163,1746,282,10,4.759919979610861,4.090456045654126,0,0
5164,1748,208,10,3.8250600898037717,3.419598010622624,0,0
5165,1748,210,10,3.616042891281178,3.2692117267695475,0,0
5166,1748,212,10,3.670844750149393,3.2789569990283947,0,0
5167,1748,214,10,4.014863861995786,3.4996829010070893,0,0
5168,1748,216,10,4.281750828103613,3.6850913762802255,0,0
5169,1748,218,10,4.41533774008873,3.753830939653019,0,0
5170,1748,220,10,4.591228194438254,3.8813370118354715,0,0
5171,1748,222,10,4.693594544734798,3.9242911079650407,0,0
5172,1748,224,10,4.719142854573979,3.913689722796798,0,0
5173,1748,226,10,4.672566725826235,3.87893008137745,0,0
5174,1748,228,10,4.568692115101926,3.802579658882926,0,0
5175,1748,230,10,4.470137238771666,3.8009960089934642,0,0
5176,1748,232,10,4.379658272057693,3.765091610262744,0,0
5177,1748,234,10,4.211076101190479,3.639268697328585,0,0
5178,1748,236,10,4.046008143509604,3.5117746940232903,0,0
5179,1748,238,10,3.8830136064834626,3.394625707909815,0,0
5180,1748,240,10,4.061704857174607,3.5407046117602525,0,0
5181,1748,242,10,4.264183992397837,3.6530241376923738,0,0
5182,1748,244,10,4.355704466776561,3.70605958286262,0,0
5183,1748,246,10,4.515511864317274,3.8103555765210544,0,0
5184,1748,248,10,4.5874664845982736,3.853748732416205,0,0
5185,1748,250,10,4.5878813352925265,3.8615555708733322,0,0
5186,1748,252,10,4.558994329906231,3.8637763434894143,0,0
5187,1748,254,10,4.464913748989713,3.809574871728892,0,0
5188,1748,256,10,4.358728030478411,3.736188919945211,0,0
5189,1748,258,10,4.3633455257933536,3.7386057615116326,0,0
5190,1748,260,10,4.440057043533987,3.7998565266526256,0,0
5191,1748,262,10,4.683060614185087,3.94761045328995,0,0
5192,1748,264,10,4.918207420626496,4.129027239255716,0,0
5193,1748,266,10,5.128959742408778,4.281291338630699,0,0
5194,1748,268,10,4.9690216626448835,4.161454316706082,0,0
5195,1748,270,10,4.884339673563212,4.06996076557483,0,0
5196,1748,272,10,4.8218267876931815,4.010124409567771,0,0
5197,1748,274,10,4.782248279296446,3.9908639164139124,0,0
5198,1748,276,10,4.765965757111239,4.000169711005926,0,0
5199,1748,278,10,4.787922675460741,4.050076771958568,0,0
5200,1748,280,10,4.741515913756003,4.045413658960513,0,0
5201,1750,210,10,3.61215751741856,3.2658091095511597,0,0
5202,1750,212,10,3.760004502125523,3.3529571883979883,0,0
5203,1750,214,10,3.949633582852948,3.4730634114419097,0,0
5204,1750,216,10,4.164878852553399,3.6335812598748456,0,0
5205,1750,218,10,4.325377025543643,3.7302052411515705,0,0
5206,1750,220,10,4.580179198053729,3.9088081342684853,0,0
5207,1750,222,10,4.65131397023988,3.938525644751984,0,0
5208,1750,224,10,4.6127468622021,3.8800303603436346,0,0
5209,1750,226,10,4.531054819154776,3.8069136573885,0,0
5210,1750,228,10,4.461723407014576,3.7398567715538134,0,0
5211,1750,230,10,4.148611416144521,3.596860590299414,0,0
5212,1750,232,10,4.041803437631149,3.5682451799265222,0,0
5213,1750,234,10,3.7719787194726715,3.387315300175201,0,0
5214,1750,236,10,3.8201510253067457,3.4021878659800144,0,0
5215,1750,238,10,4.064531104921077,3.533007194104426,0,0
5216,1750,240,10,4.16019941134748,3.5770789564304213,0,0
5217,1750,242,10,4.213894612207273,3.5976315628212205,0,0
5218,1750,244,10,4.233828761010962,3.6323186523223976,0,0
5219,1750,246,10,4.361078364890817,3.7484840325230593,0,0
5220,1750,248,10,4.21490994395547,3.661773406903997,0,0
5221,1750,250,10,4.169390549207283,3.615377458076613,0,0
5222,1750,252,10,4.290156719107191,3.704405593741969,0,0
5223,1750,254,10,4.32394801841598,3.7431751863025955,0,0
5224,1750,256,10,4.289049868945043,3.747334888497403,0,0
5225,1750,258,10,4.294774056536734,3.7493720085722897,0,0
5226,1750,260,10,4.4696177588697985,3.853444866513169,0,0
5227,1750,262,10,4.667708500340045,3.9572514028001193,0,0
5228,1750,264,10,4.883177515528636,4.1249035871357735,0,0
5229,1750,266,10,5.163190638417905,4.331569436491534,0,0
5230,1750,268,10,5.119010566798433,4.31452455070488,0,0
5231,1750,270,10,4.9996902022787255,4.202653415959968,0,0
5232,1750,272,10,4.855671942930753,4.078387106791636,0,0
5233,1750,274,10,4.739906626099485,3.990336319376954,0,0
5234,1750,276,10,4.65297793824124,3.9199539929711973,0,0
5235,1750,278,10,4.689640529606159,3.9510737528920257,0,0
5236,1752,212,10,3.8111483740364167,3.3615635582776062,0,0
5237,1752,214,10,3.9951723076285885,3.4780977307400294,0,0
5238,1752,216,10,4.216029017192795,3.6357333239953724,0,0
5239,1752,218,10,4.4377331484546225,3.77454719115386,0,0
5240,1752,220,10,4.572217578917212,3.8876311795927974,0,0
5241,1752,222,10,4.612600410482645,3.9004621191168924,0,0
5242,1752,224,10,4.5524796447791545,3.8535857874045716,0,0
5243,1752,226,10,4.549697681323303,3.840984099679184,0,0
5244,1752,228,10,4.363584669026072,3.6893698492008657,0,0
5245,1752,230,10,3.9514460975584282,3.4689862970352725,0,0
5246,1752,232,10,3.7770986898254786,3.391125735495938,0,0
5247,1752,234,10,,,17,17
5248,1752,236,10,3.414389506086195,3.132200899431638,0,0
5249,1752,238,10,3.576718950363667,3.228605043461844,0,0
5250,1752,240,10,3.890666212681561,3.4339763468634334,0,0
5251,1752,242,10,4.298649511117919,3.6683109566995493,0,0
5252,1752,244,10,4.11765234783566,3.539315839244994,0,0
5253,1752,246,10,3.982282869911823,3.4904052916641444,0,0
5254,1752,248,10,4.035216414471044,3.547885166050378,0,0
5255,1752,250,10,4.061836851616109,3.5831197710836986,0,0
5256,1752,252,10,4.126842231503444,3.6086901465477186,0,0
5257,1752,254,10,4.320209904508745,3.7323120168576547,0,0
5258,1752,256,10,4.3886326003557,3.7830670724331807,0,0
5259,1752,258,10,4.409726539852475,3.7898825762187913,0,0
5260,1752,260,10,4.551643005101707,3.8631651819875277,0,0
5261,1752,262,10,4.760383294274772,3.9835071434977922,0,0
5262,1752,264,10,4.982452397980978,4.168813170202247,0,0
5263,1752,266,10,5.044694029033475,4.253721688359871,0,0
5264,1752,268,10,5.173217663549678,4.343442881428136,0,0
5265,1752,270,10,4.985514293808495,4.208520724839235,0,0
5266,1752,272,10,4.793122535811106,4.062140352956103,0,0
5267,1752,274,10,4.668944914753294,3.9744746553594927,0,0
5268,1752,276,10,4.615524239194122,3.9306572070143844,0,0
5269,1754,214,10,3.869030967262168,3.4082766804467783,0,0
5270,1754,216,10,4.068596165157436,3.541184156166983,0,0
5271,1754,218,10,4.316341563374476,3.6854475885595277,0,0
5272,1754,220,10,4.438348425437204,3.7646104833697964,0,0
5273,1754,222,10,4.395910313078273,3.7114909447577533,0,0
5274,1754,224,10,4.427428685753891,3.718082398235067,0,0
5275,1754,226,10,4.626143681185627,3.8542976562808584,0,0
5276,1754,228,10,4.590299397412803,3.8461667796598418,0,0
5277,1754,230,10,4.65838311162727,3.8987703139443806,0,0
5278,1754,232,10,4.226193386444743,3.639021328852679,0,0
5279,1754,234,10,3.7650792823384793,3.3529568807177363,0,0
5280,1754,236,10,3.5473469942892932,3.221747861656449,0,0
5281,1754,238,10,,,17,17
5282,1754,240,10,3.6415758743296114,3.300901697750554,0,0
5283,1754,242,10,3.9073917862870635,3.45755021913057,0,0
5284,1754,244,10,4.278858922959425,3.6881051268515024,0,0
5285,1754,246,10,4.379075311455612,3.73697607016223,0,0
5286,1754,248,10,4.120181355803403,3.5614700417124148,0,0
5287,1754,250,10,4.133352241524453,3.5888464080837426,0,0
5288,1754,252,10,4.2603379709274245,3.6853593344479356,0,0
5289,1754,254,10,4.472606513753203,3.813580710744196,0,0
5290,1754,256,10,4.562499053351744,3.8671897942669693,0,0
5291,1754,258,10,4.68249230428199,3.9542077743672883,0,0
5292,1754,260,10,4.655318938226755,3.9375508779085746,0,0
5293,1754,262,10,4.6629554429473705,3.93528318021616,0,0
5294,1754,264,10,4.735403415833865,3.9978003833623843,0,0
5295,1754,266,10,4.859875670582608,4.1046811050591945,0,0
5296,1754,268,10,4.997865684915707,4.214507320864667,0,0
5297,1754,270,10,5.091363814845982,4.279972665973834,0,0
5298,1754,272,10,4.855955446023357,4.124101108742838,0,0
5299,1754,274,10,4.695214049121182,4.007090553509826,0,0
5300,1756,218,10,4.2764704603763315,3.7050959283387024,0,0
5301,1756,220,10,4.394499775775884,3.78872746259931,0,0
5302,1756,222,10,4.2378456807919935,3.6354721131152337,0,0
5303,1756,224,10,4.356602027005035,3.6714205346818134,0,0
5304,1756,226,10,4.4634496428628365,3.760401488771279,0,0
5305,1756,228,10,4.532879810621824,3.828223001324511,0,0
5306,1756,230,10,4.543633937835693,3.8672994152286506,0,0
5307,1756,232,10,4.309783506079542,3.6956324393439988,0,0
5308,1756,234,10,4.250781905502739,3.6426467831780545,0,0
5309,1756,236,10,3.9773902049762517,3.5007079149516387,0,0
5310,1756,238,10,3.738134252026387,3.353706089017863,0,0
5311,1756,240,10,3.8680334958401916,3.4823254501126573,0,0
5312,1756,242,10,3.855742561936556,3.465133785212155,0,0
5313,1756,244,10,3.9376356056824813,3.4965478577905538,0,0
5314,1756,246,10,4.420262639355042,3.8203336773685095,0,0
5315,1756,248,10,4.442348737256343,3.8161452781539875,0,0
5316,1756,250,10,4.356636734374839,3.7709547208069583,0,0
5317,1756,252,10,4.38362056535401,3.799883649995804,0,0
5318,1756,254,10,4.262664163565452,3.7249752128419815,0,0
5319,1756,256,10,4.344051859349953,3.7731224521815867,0,0
5320,1756,258,10,4.450923351091253,3.8438637709201626,0,0
5321,1756,260,10,4.479097143803173,3.8560990989267396,0,0
5322,1756,262,10,4.463541934245754,3.831239000140277,0,0
5323,1756,264,10,4.500530481021381,3.866852823874298,0,0
5324,1756,266,10,4.635267055412131,3.969341826223437,0,0
5325,1756,268,10,4.74219866320823,4.053658319467199,0,0
5326,1756,270,10,4.88402894413775,4.1526276166640645,0,0
5327,1756,272,10,4.9125615046779885,4.180985507294277,0,0
5328,1758,230,10,4.392268422572607,3.77354354116798,0,0
5329,1758,232,10,4.177633846303468,3.6076254240911396,0,0
5330,1758,234,10,4.264739146212959,3.65198879354088,0,0
5331,1758,236,10,4.348249332397448,3.71214422292887,0,0
5332,1758,238,10,4.10762416544962,3.561958715611113,0,0
5333,1758,240,10,3.855155168020872,3.4364073467912744,0,0
5334,1758,242,10,4.0884852765195285,3.6139147671358356,0,0
5335,1758,244,10,4.0729919342120295,3.5976305804421473,0,0
5336,1758,246,10,4.261545205867438,3.717133241998788,0,0
5337,1758,248,10,4.365563573960831,3.766809272025377,0,0
5338,1758,250,10,4.26756107465013,3.7139403277365264,0,0
5339,1758,252,10,4.251862050970691,3.726755233029386,0,0
5340,1758,254,10,4.203554968608671,3.7072826869034596,0,0
5341,1758,256,10,4.090341831934366,3.6323314673589926,0,0
5342,1758,258,10,4.066466771167844,3.603544946738036,0,0
5343,1758,260,10,4.105337656074902,3.619905091316831,0,0
5344,1758,262,10,4.150463180281069,3.6388507078628605,0,0
5345,1758,264,10,4.269975742735723,3.7255570240694738,0,0
5346,1758,266,10,4.41952453405571,3.838579695974653,0,0
5347,1758,268,10,4.5923524046156805,3.9523647739766514,0,0
5348,1760,246,10,4.0565427087849555,3.5694875422483885,0,0
5349,1760,248,10,3.9972751714776704,3.530096809396886,0,0
5350,1760,250,10,4.040719016724283,3.553338735001079,0,0
5351,1760,252,10,4.041801308101163,3.5583854667289394,0,0
5352,1760,254,10,4.012944088282759,3.5601693435052955,0,0
5353,1760,256,10,4.042117742945994,3.6005012588829,0,0
5354,1760,258,10,4.023837916522959,3.599258034277506,0,0
5355,1760,260,10,3.8350177521422806,3.452189639794671,0,0
5356,1760,262,10,3.897756656797684,3.481427378582857,0,0
5357,1760,264,10,3.9287362836567086,3.5083187309597332,0,0
5358,1760,266,10,4.01045370382746,3.56961618101346,0,0
5359,1762,262,10,,,17,17
5360,1762,264,10,3.668088579757778,3.327561589077816,0,0
